日期,美元,欧元,日元,港元,英镑,澳元,新西兰元,新加坡元,瑞士法郎,加元,澳门元,林吉特,卢布,兰特,韩元,迪拉姆,里亚尔,福林,兹罗提,丹麦克朗,瑞典克朗,挪威克朗,里拉,比索,泰铢
1994-01-01,870.0,,7.78,112.66,,,,,,,,,,,,,,,,,,,,,
1994-01-03,870.0,,7.78,112.66,,,,,,,,,,,,,,,,,,,,,
1994-01-04,870.0,,7.7196,112.66,,,,,,,,,,,,,,,,,,,,,
1994-01-05,870.0,,7.7196,112.66,,,,,,,,,,,,,,,,,,,,,
1994-01-06,870.0,,7.7196,112.66,,,,,,,,,,,,,,,,,,,,,
1994-01-07,869.0,,7.7196,112.66,,,,,,,,,,,,,,,,,,,,,
1994-01-08,870.0,,7.7196,112.66,,,,,,,,,,,,,,,,,,,,,
1994-01-10,870.0,,7.7196,112.66,,,,,,,,,,,,,,,,,,,,,
1994-01-11,870.0,,7.7196,112.66,,,,,,,,,,,,,,,,,,,,,
1994-01-12,870.0,,7.7196,112.66,,,,,,,,,,,,,,,,,,,,,
1994-01-13,870.0,,7.7196,112.66,,,,,,,,,,,,,,,,,,,,,
1994-01-14,870.0,,7.7196,112.66,,,,,,,,,,,,,,,,,,,,,
1994-01-15,870.0,,7.8414,112.66,,,,,,,,,,,,,,,,,,,,,
1994-01-17,870.0,,7.8414,112.66,,,,,,,,,,,,,,,,,,,,,
1994-01-18,870.0,,7.8414,112.66,,,,,,,,,,,,,,,,,,,,,
1994-01-19,870.0,,7.8414,112.66,,,,,,,,,,,,,,,,,,,,,
1994-01-20,870.0,,7.8414,112.66,,,,,,,,,,,,,,,,,,,,,
1994-01-21,870.0,,7.8414,112.66,,,,,,,,,,,,,,,,,,,,,
1994-01-22,870.0,,7.7957,112.66,,,,,,,,,,,,,,,,,,,,,
1994-01-24,870.0,,7.7957,112.66,,,,,,,,,,,,,,,,,,,,,
1994-01-25,871.0,,7.7957,112.66,,,,,,,,,,,,,,,,,,,,,
1994-01-26,870.0,,7.8424,112.66,,,,,,,,,,,,,,,,,,,,,
1994-01-27,870.0,,7.9023,112.66,,,,,,,,,,,,,,,,,,,,,
1994-01-28,870.0,,8.0111,112.66,,,,,,,,,,,,,,,,,,,,,
1994-01-29,870.0,,7.9235,112.66,,,,,,,,,,,,,,,,,,,,,
1994-01-31,870.0,,7.9235,112.66,,,,,,,,,,,,,,,,,,,,,
1994-02-01,869.94,,8.0142,112.66,,,,,,,,,,,,,,,,,,,,,
1994-02-02,870.1,,8.0831,112.66,,,,,,,,,,,,,,,,,,,,,
1994-02-03,870.34,,8.0831,112.66,,,,,,,,,,,,,,,,,,,,,
1994-02-04,870.1,,8.0831,112.63,,,,,,,,,,,,,,,,,,,,,
1994-02-05,870.05,,7.9638,112.64,,,,,,,,,,,,,,,,,,,,,
1994-02-07,870.05,,7.9638,112.64,,,,,,,,,,,,,,,,,,,,,
1994-02-08,870.74,,8.0179,112.64,,,,,,,,,,,,,,,,,,,,,
1994-02-09,870.74,,8.0179,112.64,,,,,,,,,,,,,,,,,,,,,
1994-02-15,870.74,,8.52,112.64,,,,,,,,,,,,,,,,,,,,,
1994-02-16,870.24,,8.3822,112.53,,,,,,,,,,,,,,,,,,,,,
1994-02-17,870.65,,8.3822,112.58,,,,,,,,,,,,,,,,,,,,,
1994-02-18,870.2,,8.3822,112.52,,,,,,,,,,,,,,,,,,,,,
1994-02-19,869.88,,8.3138,112.48,,,,,,,,,,,,,,,,,,,,,
1994-02-21,869.88,,8.3138,112.49,,,,,,,,,,,,,,,,,,,,,
1994-02-22,869.95,,8.3138,112.49,,,,,,,,,,,,,,,,,,,,,
1994-02-23,869.66,,8.2397,112.53,,,,,,,,,,,,,,,,,,,,,
1994-02-24,870.22,,8.2397,112.58,,,,,,,,,,,,,,,,,,,,,
1994-02-25,869.47,,8.2886,112.5,,,,,,,,,,,,,,,,,,,,,
1994-02-26,870.44,,8.2886,112.57,,,,,,,,,,,,,,,,,,,,,
1994-02-28,870.44,,8.2886,112.57,,,,,,,,,,,,,,,,,,,,,
1994-03-01,870.2,,8.2886,112.6,,,,,,,,,,,,,,,,,,,,,
1994-03-02,870.5,,8.2886,112.65,,,,,,,,,,,,,,,,,,,,,
1994-03-03,870.6,,8.2886,112.66,,,,,,,,,,,,,,,,,,,,,
1994-03-04,870.62,,8.3794,112.66,,,,,,,,,,,,,,,,,,,,,
1994-03-05,870.66,,8.2449,112.67,,,,,,,,,,,,,,,,,,,,,
1994-03-07,870.66,,8.2449,112.67,,,,,,,,,,,,,,,,,,,,,
1994-03-08,870.5,,8.2449,112.65,,,,,,,,,,,,,,,,,,,,,
1994-03-09,870.38,,8.2449,112.63,,,,,,,,,,,,,,,,,,,,,
1994-03-10,870.03,,8.2449,112.59,,,,,,,,,,,,,,,,,,,,,
1994-03-11,870.38,,8.2449,112.65,,,,,,,,,,,,,,,,,,,,,
1994-03-12,870.05,,8.2862,112.6,,,,,,,,,,,,,,,,,,,,,
1994-03-14,870.05,,8.2862,112.6,,,,,,,,,,,,,,,,,,,,,
1994-03-15,870.0,,8.194,112.6,,,,,,,,,,,,,,,,,,,,,
1994-03-16,870.07,,8.194,112.62,,,,,,,,,,,,,,,,,,,,,
1994-03-17,870.02,,8.194,112.62,,,,,,,,,,,,,,,,,,,,,
1994-03-18,869.91,,8.194,112.6,,,,,,,,,,,,,,,,,,,,,
1994-03-19,869.92,,8.194,112.6,,,,,,,,,,,,,,,,,,,,,
1994-03-21,869.92,,8.194,112.6,,,,,,,,,,,,,,,,,,,,,
1994-03-22,869.78,,8.194,112.54,,,,,,,,,,,,,,,,,,,,,
1994-03-23,869.93,,8.194,112.58,,,,,,,,,,,,,,,,,,,,,
1994-03-24,870.55,,8.194,112.69,,,,,,,,,,,,,,,,,,,,,
1994-03-25,870.12,,8.3225,112.64,,,,,,,,,,,,,,,,,,,,,
1994-03-26,870.16,,8.3225,112.65,,,,,,,,,,,,,,,,,,,,,
1994-03-28,870.16,,8.3225,112.65,,,,,,,,,,,,,,,,,,,,,
1994-03-29,870.24,,8.3637,112.65,,,,,,,,,,,,,,,,,,,,,
1994-03-30,870.02,,8.4366,112.62,,,,,,,,,,,,,,,,,,,,,
1994-03-31,870.8,,8.4366,112.71,,,,,,,,,,,,,,,,,,,,,
1994-04-01,869.87,,8.4589,112.59,,,,,,,,,,,,,,,,,,,,,
1994-04-04,869.88,,8.4701,112.58,,,,,,,,,,,,,,,,,,,,,
1994-04-05,869.67,,8.3884,112.56,,,,,,,,,,,,,,,,,,,,,
1994-04-06,869.99,,8.4346,112.75,,,,,,,,,,,,,,,,,,,,,
1994-04-07,869.82,,8.3368,112.58,,,,,,,,,,,,,,,,,,,,,
1994-04-08,869.99,,8.3213,112.56,,,,,,,,,,,,,,,,,,,,,
1994-04-11,870.01,,8.3368,112.58,,,,,,,,,,,,,,,,,,,,,
1994-04-12,869.91,,8.2648,112.58,,,,,,,,,,,,,,,,,,,,,
1994-04-13,869.92,,8.4091,112.58,,,,,,,,,,,,,,,,,,,,,
1994-04-14,869.82,,8.3899,112.58,,,,,,,,,,,,,,,,,,,,,
1994-04-15,869.71,,8.4193,112.55,,,,,,,,,,,,,,,,,,,,,
1994-04-18,869.61,,8.3404,112.56,,,,,,,,,,,,,,,,,,,,,
1994-04-19,869.52,,8.4056,112.56,,,,,,,,,,,,,,,,,,,,,
1994-04-20,869.45,,8.4249,112.54,,,,,,,,,,,,,,,,,,,,,
1994-04-21,869.37,,8.4282,112.54,,,,,,,,,,,,,,,,,,,,,
1994-04-22,869.25,,8.4447,112.55,,,,,,,,,,,,,,,,,,,,,
1994-04-25,869.25,,8.384,112.55,,,,,,,,,,,,,,,,,,,,,
1994-04-26,869.09,,8.3824,112.51,,,,,,,,,,,,,,,,,,,,,
1994-04-27,868.94,,8.4322,112.5,,,,,,,,,,,,,,,,,,,,,
1994-04-28,868.77,,8.4507,112.5,,,,,,,,,,,,,,,,,,,,,
1994-04-29,868.72,,8.4894,112.49,,,,,,,,,,,,,,,,,,,,,
1994-05-03,868.47,,8.5754,112.43,,,,,,,,,,,,,,,,,,,,,
1994-05-04,867.84,,8.5388,112.22,,,,,,,,,,,,,,,,,,,,,
1994-05-05,867.36,,8.5877,112.27,,,,,,,,,,,,,,,,,,,,,
1994-05-06,866.82,,8.5112,112.25,,,,,,,,,,,,,,,,,,,,,
1994-05-09,866.64,,8.4275,112.15,,,,,,,,,,,,,,,,,,,,,
1994-05-10,866.53,,8.4568,112.16,,,,,,,,,,,,,,,,,,,,,
1994-05-11,866.4,,8.4239,112.11,,,,,,,,,,,,,,,,,,,,,
1994-05-12,866.29,,8.2966,112.11,,,,,,,,,,,,,,,,,,,,,
1994-05-13,866.2,,8.3089,112.1,,,,,,,,,,,,,,,,,,,,,
1994-05-16,866.1,,8.3099,112.12,,,,,,,,,,,,,,,,,,,,,
1994-05-17,866.06,,8.2454,112.1,,,,,,,,,,,,,,,,,,,,,
1994-05-18,866.07,,8.268,112.1,,,,,,,,,,,,,,,,,,,,,
1994-05-19,866.05,,8.2856,112.09,,,,,,,,,,,,,,,,,,,,,
1994-05-20,866.04,,8.3675,112.1,,,,,,,,,,,,,,,,,,,,,
1994-05-23,866.02,,8.3072,112.1,,,,,,,,,,,,,,,,,,,,,
1994-05-24,866.04,,8.3153,112.1,,,,,,,,,,,,,,,,,,,,,
1994-05-25,866.02,,8.2964,112.11,,,,,,,,,,,,,,,,,,,,,
1994-05-26,866.02,,8.2703,112.1,,,,,,,,,,,,,,,,,,,,,
1994-05-27,866.0,,8.2911,112.1,,,,,,,,,,,,,,,,,,,,,
1994-05-30,865.98,,8.2774,112.09,,,,,,,,,,,,,,,,,,,,,
1994-05-31,865.97,,8.3047,112.06,,,,,,,,,,,,,,,,,,,,,
1994-06-01,865.96,,8.2855,112.08,,,,,,,,,,,,,,,,,,,,,
1994-06-02,865.94,,8.2644,112.07,,,,,,,,,,,,,,,,,,,,,
1994-06-03,865.91,,8.2862,112.04,,,,,,,,,,,,,,,,,,,,,
1994-06-06,865.91,,8.2625,112.07,,,,,,,,,,,,,,,,,,,,,
1994-06-07,865.9,,8.2165,112.05,,,,,,,,,,,,,,,,,,,,,
1994-06-08,865.9,,8.2232,112.05,,,,,,,,,,,,,,,,,,,,,
1994-06-09,865.88,,8.3078,112.04,,,,,,,,,,,,,,,,,,,,,
1994-06-10,865.85,,8.3295,112.03,,,,,,,,,,,,,,,,,,,,,
1994-06-13,865.83,,8.3265,112.02,,,,,,,,,,,,,,,,,,,,,
1994-06-14,865.81,,8.3633,112.02,,,,,,,,,,,,,,,,,,,,,
1994-06-15,865.79,,8.4221,111.99,,,,,,,,,,,,,,,,,,,,,
1994-06-16,865.75,,8.4274,111.98,,,,,,,,,,,,,,,,,,,,,
1994-06-17,865.73,,8.4297,111.93,,,,,,,,,,,,,,,,,,,,,
1994-07-01,865.17,,8.7612,111.96,,,,,,,,,,,,,,,,,,,,,
1994-07-04,865.1,,8.785,111.95,,,,,,,,,,,,,,,,,,,,,
1994-07-05,865.0,,8.7684,111.94,,,,,,,,,,,,,,,,,,,,,
1994-07-06,864.96,,8.768,111.93,,,,,,,,,,,,,,,,,,,,,
1994-07-07,864.9,,8.743,111.93,,,,,,,,,,,,,,,,,,,,,
1994-07-08,864.81,,8.7443,111.92,,,,,,,,,,,,,,,,,,,,,
1994-07-11,864.74,,8.7702,111.91,,,,,,,,,,,,,,,,,,,,,
1994-07-12,864.66,,8.8181,111.89,,,,,,,,,,,,,,,,,,,,,
1994-07-13,864.58,,8.8471,111.88,,,,,,,,,,,,,,,,,,,,,
1994-07-14,864.47,,8.8823,111.85,,,,,,,,,,,,,,,,,,,,,
1994-07-15,864.37,,8.7999,111.84,,,,,,,,,,,,,,,,,,,,,
1994-07-18,864.29,,8.7661,111.83,,,,,,,,,,,,,,,,,,,,,
1994-07-19,864.18,,8.8348,111.84,,,,,,,,,,,,,,,,,,,,,
1994-07-20,864.08,,8.7804,111.85,,,,,,,,,,,,,,,,,,,,,
1994-07-21,863.89,,8.7086,111.81,,,,,,,,,,,,,,,,,,,,,
1994-07-22,863.64,,8.7515,111.8,,,,,,,,,,,,,,,,,,,,,
1994-07-25,863.35,,8.7075,111.77,,,,,,,,,,,,,,,,,,,,,
1994-07-26,862.95,,8.7211,111.71,,,,,,,,,,,,,,,,,,,,,
1994-07-27,862.64,,8.7533,111.67,,,,,,,,,,,,,,,,,,,,,
1994-07-28,862.38,,8.7774,111.62,,,,,,,,,,,,,,,,,,,,,
1994-07-29,862.14,,8.7594,111.63,,,,,,,,,,,,,,,,,,,,,
1994-08-01,861.97,,8.6154,111.58,,,,,,,,,,,,,,,,,,,,,
1994-08-02,861.69,,8.6212,111.53,,,,,,,,,,,,,,,,,,,,,
1994-08-03,861.41,,8.6622,111.5,,,,,,,,,,,,,,,,,,,,,
1994-08-04,861.14,,8.5822,111.45,,,,,,,,,,,,,,,,,,,,,
1994-08-05,860.88,,8.5852,111.41,,,,,,,,,,,,,,,,,,,,,
1994-08-08,860.55,,8.5648,111.39,,,,,,,,,,,,,,,,,,,,,
1994-08-09,860.23,,8.5851,111.36,,,,,,,,,,,,,,,,,,,,,
1994-08-10,860.03,,8.4732,111.32,,,,,,,,,,,,,,,,,,,,,
1994-08-11,859.82,,8.4883,111.28,,,,,,,,,,,,,,,,,,,,,
1994-08-12,859.62,,8.4754,111.27,,,,,,,,,,,,,,,,,,,,,
1994-08-15,859.38,,8.5831,111.24,,,,,,,,,,,,,,,,,,,,,
1994-08-16,859.12,,8.5766,111.19,,,,,,,,,,,,,,,,,,,,,
1994-08-17,858.87,,8.5776,111.15,,,,,,,,,,,,,,,,,,,,,
1994-08-18,858.56,,8.5442,111.12,,,,,,,,,,,,,,,,,,,,,
1994-08-19,858.31,,8.5617,111.08,,,,,,,,,,,,,,,,,,,,,
1994-08-22,858.01,,8.7024,111.03,,,,,,,,,,,,,,,,,,,,,
1994-08-23,857.74,,8.6926,110.98,,,,,,,,,,,,,,,,,,,,,
1994-08-24,857.58,,8.7642,110.98,,,,,,,,,,,,,,,,,,,,,
1994-08-25,857.35,,8.765,110.92,,,,,,,,,,,,,,,,,,,,,
1994-08-26,857.08,,8.6587,110.9,,,,,,,,,,,,,,,,,,,,,
1994-08-29,856.75,,8.5868,110.83,,,,,,,,,,,,,,,,,,,,,
1994-08-30,856.43,,8.5259,110.77,,,,,,,,,,,,,,,,,,,,,
1994-08-31,856.16,,8.5616,110.77,,,,,,,,,,,,,,,,,,,,,
1994-09-01,855.91,,8.5922,110.72,,,,,,,,,,,,,,,,,,,,,
1994-09-02,855.65,,8.5407,110.72,,,,,,,,,,,,,,,,,,,,,
1994-09-05,855.4,,8.5759,110.71,,,,,,,,,,,,,,,,,,,,,
1994-09-06,855.11,,8.6266,110.69,,,,,,,,,,,,,,,,,,,,,
1994-09-07,854.91,,8.6246,110.7,,,,,,,,,,,,,,,,,,,,,
1994-09-08,854.7,,8.6639,110.66,,,,,,,,,,,,,,,,,,,,,
1994-09-09,854.48,,8.5921,110.59,,,,,,,,,,,,,,,,,,,,,
1994-09-12,854.22,,8.5765,110.54,,,,,,,,,,,,,,,,,,,,,
1994-09-13,854.07,,8.6118,110.52,,,,,,,,,,,,,,,,,,,,,
1994-09-14,853.96,,8.6128,110.5,,,,,,,,,,,,,,,,,,,,,
1994-09-15,853.81,,8.6387,110.5,,,,,,,,,,,,,,,,,,,,,
1994-09-16,853.65,,8.6053,110.45,,,,,,,,,,,,,,,,,,,,,
1994-09-19,853.52,,8.5824,110.45,,,,,,,,,,,,,,,,,,,,,
1994-10-05,853.0,,8.6511,110.4,,,,,,,,,,,,,,,,,,,,,
1994-10-06,853.01,,8.5618,110.4,,,,,,,,,,,,,,,,,,,,,
1994-10-07,853.0,,8.5638,110.39,,,,,,,,,,,,,,,,,,,,,
1994-10-10,853.0,,8.5441,110.39,,,,,,,,,,,,,,,,,,,,,
1994-10-11,852.97,,8.4784,110.38,,,,,,,,,,,,,,,,,,,,,
1994-10-12,852.97,,8.4978,110.38,,,,,,,,,,,,,,,,,,,,,
1994-10-13,852.98,,8.5128,110.37,,,,,,,,,,,,,,,,,,,,,
1994-10-14,852.97,,8.5511,110.38,,,,,,,,,,,,,,,,,,,,,
1994-10-17,852.97,,8.5816,110.38,,,,,,,,,,,,,,,,,,,,,
1994-10-18,852.96,,8.6992,110.38,,,,,,,,,,,,,,,,,,,,,
1994-10-19,852.96,,8.7349,110.38,,,,,,,,,,,,,,,,,,,,,
1994-10-20,852.95,,8.7281,110.38,,,,,,,,,,,,,,,,,,,,,
1994-10-21,852.95,,8.7639,110.39,,,,,,,,,,,,,,,,,,,,,
1994-10-24,852.95,,8.7888,110.39,,,,,,,,,,,,,,,,,,,,,
1994-10-25,852.91,,8.7715,110.38,,,,,,,,,,,,,,,,,,,,,
1994-10-26,852.85,,8.7787,110.36,,,,,,,,,,,,,,,,,,,,,
1994-10-27,852.79,,8.8079,110.35,,,,,,,,,,,,,,,,,,,,,
1994-10-28,852.73,,8.8065,110.35,,,,,,,,,,,,,,,,,,,,,
1994-10-31,852.66,,8.7903,110.34,,,,,,,,,,,,,,,,,,,,,
1994-11-01,852.6,,8.7644,110.34,,,,,,,,,,,,,,,,,,,,,
1994-11-02,852.55,,8.7981,110.3,,,,,,,,,,,,,,,,,,,,,
1994-11-03,852.48,,8.8203,110.31,,,,,,,,,,,,,,,,,,,,,
1994-11-04,852.38,,8.7289,110.29,,,,,,,,,,,,,,,,,,,,,
1994-11-07,852.27,,8.7202,110.28,,,,,,,,,,,,,,,,,,,,,
1994-11-08,852.18,,8.7448,110.25,,,,,,,,,,,,,,,,,,,,,
1994-11-09,852.08,,8.7532,110.25,,,,,,,,,,,,,,,,,,,,,
1994-11-10,852.0,,8.7745,110.24,,,,,,,,,,,,,,,,,,,,,
1994-11-11,851.9,,8.7128,110.24,,,,,,,,,,,,,,,,,,,,,
1994-11-14,851.8,,8.714,110.23,,,,,,,,,,,,,,,,,,,,,
1994-11-15,851.74,,8.7157,110.22,,,,,,,,,,,,,,,,,,,,,
1994-11-16,851.63,,8.6636,110.19,,,,,,,,,,,,,,,,,,,,,
1994-11-17,851.53,,8.6231,110.17,,,,,,,,,,,,,,,,,,,,,
1994-11-18,851.4,,8.6231,110.15,,,,,,,,,,,,,,,,,,,,,
1994-11-21,851.36,,8.6586,110.14,,,,,,,,,,,,,,,,,,,,,
1994-11-22,851.31,,8.6362,110.12,,,,,,,,,,,,,,,,,,,,,
1994-11-23,851.26,,8.6357,110.11,,,,,,,,,,,,,,,,,,,,,
1994-11-24,851.2,,8.6588,110.09,,,,,,,,,,,,,,,,,,,,,
1994-11-25,851.11,,8.6447,110.1,,,,,,,,,,,,,,,,,,,,,
1994-11-28,851.05,,8.6441,110.07,,,,,,,,,,,,,,,,,,,,,
1994-11-29,851.01,,8.6156,110.07,,,,,,,,,,,,,,,,,,,,,
1994-11-30,850.93,,8.6236,110.07,,,,,,,,,,,,,,,,,,,,,
1994-12-01,850.9,,8.5971,110.05,,,,,,,,,,,,,,,,,,,,,
1994-12-02,850.84,,8.5965,110.03,,,,,,,,,,,,,,,,,,,,,
1994-12-05,850.79,,8.564,110.0,,,,,,,,,,,,,,,,,,,,,
1994-12-06,850.74,,8.4562,109.97,,,,,,,,,,,,,,,,,,,,,
1994-12-07,850.7,,8.4769,109.96,,,,,,,,,,,,,,,,,,,,,
1994-12-08,850.41,,8.4956,109.94,,,,,,,,,,,,,,,,,,,,,
1994-12-09,850.25,,8.5067,109.92,,,,,,,,,,,,,,,,,,,,,
1994-12-12,849.92,,8.4531,109.84,,,,,,,,,,,,,,,,,,,,,
1994-12-13,849.6,,8.4896,109.76,,,,,,,,,,,,,,,,,,,,,
1994-12-14,849.3,,8.4943,109.72,,,,,,,,,,,,,,,,,,,,,
1994-12-15,849.01,,8.466,109.68,,,,,,,,,,,,,,,,,,,,,
1994-12-16,848.74,,8.462,109.66,,,,,,,,,,,,,,,,,,,,,
1994-12-19,848.35,,8.4518,109.64,,,,,,,,,,,,,,,,,,,,,
1994-12-20,848.01,,8.4611,109.59,,,,,,,,,,,,,,,,,,,,,
1994-12-21,847.54,,8.4657,109.51,,,,,,,,,,,,,,,,,,,,,
1994-12-22,847.2,,8.4576,109.46,,,,,,,,,,,,,,,,,,,,,
1994-12-23,846.77,,8.4277,109.44,,,,,,,,,,,,,,,,,,,,,
1994-12-26,846.26,,8.4415,109.36,,,,,,,,,,,,,,,,,,,,,
1994-12-27,845.88,,8.4487,109.3,,,,,,,,,,,,,,,,,,,,,
1994-12-28,845.5,,8.4449,109.26,,,,,,,,,,,,,,,,,,,,,
1994-12-29,845.18,,8.4265,109.21,,,,,,,,,,,,,,,,,,,,,
1994-12-30,844.91,,8.513,109.19,,,,,,,,,,,,,,,,,,,,,
1995-01-03,844.62,,8.4759,109.15,,,,,,,,,,,,,,,,,,,,,
1995-01-04,844.47,,8.4659,109.12,,,,,,,,,,,,,,,,,,,,,
1995-01-05,844.37,,8.3879,109.13,,,,,,,,,,,,,,,,,,,,,
1995-01-06,844.3,,8.3285,109.11,,,,,,,,,,,,,,,,,,,,,
1995-01-09,844.26,,8.3694,109.05,,,,,,,,,,,,,,,,,,,,,
1995-01-10,844.22,,8.3277,108.99,,,,,,,,,,,,,,,,,,,,,
1995-01-11,844.17,,8.4502,108.93,,,,,,,,,,,,,,,,,,,,,
1995-01-12,844.15,,8.4327,108.77,,,,,,,,,,,,,,,,,,,,,
1995-01-13,844.12,,8.4374,108.7,,,,,,,,,,,,,,,,,,,,,
1995-01-16,844.11,,8.5605,108.8,,,,,,,,,,,,,,,,,,,,,
1995-01-17,844.1,,8.5652,108.89,,,,,,,,,,,,,,,,,,,,,
1995-01-18,844.07,,8.5788,108.99,,,,,,,,,,,,,,,,,,,,,
1995-01-19,844.05,,8.5167,109.01,,,,,,,,,,,,,,,,,,,,,
1995-01-20,844.02,,8.4728,109.04,,,,,,,,,,,,,,,,,,,,,
1995-01-23,844.0,,8.521,109.01,,,,,,,,,,,,,,,,,,,,,
1995-01-24,843.97,,8.4889,109.03,,,,,,,,,,,,,,,,,,,,,
1995-01-25,843.94,,8.4559,109.08,,,,,,,,,,,,,,,,,,,,,
1995-01-26,843.9,,8.4555,109.11,,,,,,,,,,,,,,,,,,,,,
1995-01-27,843.87,,8.479,109.11,,,,,,,,,,,,,,,,,,,,,
1995-02-06,843.84,,8.4855,109.15,,,,,,,,,,,,,,,,,,,,,
1995-02-07,843.8,,8.4507,109.13,,,,,,,,,,,,,,,,,,,,,
1995-02-08,843.75,,8.4842,109.13,,,,,,,,,,,,,,,,,,,,,
1995-02-09,843.7,,8.4858,109.13,,,,,,,,,,,,,,,,,,,,,
1995-02-10,843.64,,8.5281,109.12,,,,,,,,,,,,,,,,,,,,,
1995-02-13,843.6,,8.5303,109.11,,,,,,,,,,,,,,,,,,,,,
1995-02-14,843.55,,8.5293,109.09,,,,,,,,,,,,,,,,,,,,,
1995-02-15,843.52,,8.545,109.11,,,,,,,,,,,,,,,,,,,,,
1995-02-16,843.51,,8.5605,109.1,,,,,,,,,,,,,,,,,,,,,
1995-02-17,843.52,,8.5767,109.11,,,,,,,,,,,,,,,,,,,,,
1995-02-20,843.45,,8.6592,109.11,,,,,,,,,,,,,,,,,,,,,
1995-02-21,843.4,,8.668,109.1,,,,,,,,,,,,,,,,,,,,,
1995-02-22,843.37,,8.6677,109.09,,,,,,,,,,,,,,,,,,,,,
1995-02-23,843.29,,8.6848,109.1,,,,,,,,,,,,,,,,,,,,,
1995-02-24,843.24,,8.6887,109.08,,,,,,,,,,,,,,,,,,,,,
1995-02-27,843.2,,8.7134,109.07,,,,,,,,,,,,,,,,,,,,,
1995-02-28,843.16,,8.6969,109.06,,,,,,,,,,,,,,,,,,,,,
1995-03-01,843.11,,8.6851,109.05,,,,,,,,,,,,,,,,,,,,,
1995-03-02,843.08,,8.6832,109.04,,,,,,,,,,,,,,,,,,,,,
1995-03-03,842.99,,8.6888,109.04,,,,,,,,,,,,,,,,,,,,,
1995-03-06,842.94,,8.7145,108.99,,,,,,,,,,,,,,,,,,,,,
1995-03-07,842.82,,8.8584,109.0,,,,,,,,,,,,,,,,,,,,,
1995-03-08,842.73,,8.9707,109.01,,,,,,,,,,,,,,,,,,,,,
1995-03-09,842.65,,9.0936,109.0,,,,,,,,,,,,,,,,,,,,,
1995-03-10,842.59,,9.1207,109.0,,,,,,,,,,,,,,,,,,,,,
1995-03-13,842.61,,9.2219,108.99,,,,,,,,,,,,,,,,,,,,,
1995-03-14,842.64,,9.2788,108.99,,,,,,,,,,,,,,,,,,,,,
1995-03-15,842.65,,9.2691,109.0,,,,,,,,,,,,,,,,,,,,,
1995-03-16,842.74,,9.2864,108.99,,,,,,,,,,,,,,,,,,,,,
1995-03-17,842.8,,9.2958,109.0,,,,,,,,,,,,,,,,,,,,,
1995-03-20,842.73,,9.4193,109.0,,,,,,,,,,,,,,,,,,,,,
1995-03-21,842.7,,9.3581,109.01,,,,,,,,,,,,,,,,,,,,,
1995-03-22,842.62,,9.4573,109.0,,,,,,,,,,,,,,,,,,,,,
1995-03-23,842.68,,9.4458,109.0,,,,,,,,,,,,,,,,,,,,,
1995-03-24,842.72,,9.4612,108.99,,,,,,,,,,,,,,,,,,,,,
1995-03-27,842.76,,9.4882,109.0,,,,,,,,,,,,,,,,,,,,,
1995-03-28,842.77,,9.5479,108.99,,,,,,,,,,,,,,,,,,,,,
1995-03-29,842.77,,9.4733,108.98,,,,,,,,,,,,,,,,,,,,,
1995-03-30,842.75,,9.4425,108.99,,,,,,,,,,,,,,,,,,,,,
1995-03-31,842.69,,9.5007,108.99,,,,,,,,,,,,,,,,,,,,,
1995-04-03,842.64,,9.5376,108.97,,,,,,,,,,,,,,,,,,,,,
1995-04-04,842.6,,9.5492,108.97,,,,,,,,,,,,,,,,,,,,,
1995-04-05,842.57,,9.6537,108.97,,,,,,,,,,,,,,,,,,,,,
1995-04-06,842.56,,9.6838,108.97,,,,,,,,,,,,,,,,,,,,,
1995-04-07,842.52,,9.765,108.97,,,,,,,,,,,,,,,,,,,,,
1995-04-10,842.51,,9.8274,108.96,,,,,,,,,,,,,,,,,,,,,
1995-04-11,842.52,,9.9198,108.97,,,,,,,,,,,,,,,,,,,,,
1995-04-12,842.5,,10.0061,108.96,,,,,,,,,,,,,,,,,,,,,
1995-04-13,842.46,,10.0658,108.96,,,,,,,,,,,,,,,,,,,,,
1995-04-14,842.42,,10.1021,108.96,,,,,,,,,,,,,,,,,,,,,
1995-04-17,842.41,,10.0938,108.95,,,,,,,,,,,,,,,,,,,,,
1995-04-18,842.38,,10.1572,108.93,,,,,,,,,,,,,,,,,,,,,
1995-04-19,842.36,,10.2548,108.94,,,,,,,,,,,,,,,,,,,,,
1995-04-20,842.34,,10.3575,108.96,,,,,,,,,,,,,,,,,,,,,
1995-04-21,842.32,,10.3716,108.95,,,,,,,,,,,,,,,,,,,,,
1995-04-24,842.3,,10.1746,108.95,,,,,,,,,,,,,,,,,,,,,
1995-04-25,842.27,,10.1938,108.96,,,,,,,,,,,,,,,,,,,,,
1995-04-26,842.05,,10.1038,108.95,,,,,,,,,,,,,,,,,,,,,
1995-04-27,841.38,,10.1512,108.81,,,,,,,,,,,,,,,,,,,,,
1995-04-28,841.02,,10.0697,108.73,,,,,,,,,,,,,,,,,,,,,
1995-05-02,840.74,,10.0559,108.67,,,,,,,,,,,,,,,,,,,,,
1995-05-03,839.52,,10.0505,108.47,,,,,,,,,,,,,,,,,,,,,
1995-05-04,837.94,,9.9256,108.13,,,,,,,,,,,,,,,,,,,,,
1995-05-05,836.48,,9.9834,108.2,,,,,,,,,,,,,,,,,,,,,
1995-05-08,834.42,,9.9626,107.96,,,,,,,,,,,,,,,,,,,,,
1995-05-09,833.47,,9.9639,107.8,,,,,,,,,,,,,,,,,,,,,
1995-05-10,832.47,,9.9493,107.56,,,,,,,,,,,,,,,,,,,,,
1995-05-11,830.53,,9.9336,107.54,,,,,,,,,,,,,,,,,,,,,
1995-05-12,829.5,,9.8864,107.27,,,,,,,,,,,,,,,,,,,,,
1995-05-15,828.28,,9.7923,107.17,,,,,,,,,,,,,,,,,,,,,
1995-05-16,827.16,,9.6226,106.9,,,,,,,,,,,,,,,,,,,,,
1995-05-17,827.82,,9.4528,107.05,,,,,,,,,,,,,,,,,,,,,
1995-05-18,828.63,,9.5417,107.18,,,,,,,,,,,,,,,,,,,,,
1995-05-19,829.07,,9.5003,107.21,,,,,,,,,,,,,,,,,,,,,
1995-05-22,829.32,,9.512,107.35,,,,,,,,,,,,,,,,,,,,,
1995-05-23,829.59,,9.5154,107.34,,,,,,,,,,,,,,,,,,,,,
1995-05-24,829.88,,9.4852,107.4,,,,,,,,,,,,,,,,,,,,,
1995-05-25,830.22,,9.4772,107.4,,,,,,,,,,,,,,,,,,,,,
1995-05-26,830.41,,9.5223,107.38,,,,,,,,,,,,,,,,,,,,,
1995-05-29,830.63,,9.7046,107.43,,,,,,,,,,,,,,,,,,,,,
1995-05-30,830.86,,9.8643,107.48,,,,,,,,,,,,,,,,,,,,,
1995-05-31,830.77,,9.9747,107.54,,,,,,,,,,,,,,,,,,,,,
1995-06-01,830.55,,9.9536,107.47,,,,,,,,,,,,,,,,,,,,,
1995-06-02,830.36,,9.9159,107.43,,,,,,,,,,,,,,,,,,,,,
1995-06-05,830.18,,9.7458,107.36,,,,,,,,,,,,,,,,,,,,,
1995-06-06,829.98,,9.8483,107.24,,,,,,,,,,,,,,,,,,,,,
1995-06-07,830.04,,9.7719,107.44,,,,,,,,,,,,,,,,,,,,,
1995-06-08,829.83,,9.7638,107.39,,,,,,,,,,,,,,,,,,,,,
1995-06-09,829.66,,9.7391,107.29,,,,,,,,,,,,,,,,,,,,,
1995-06-12,830.0,,9.7568,107.33,,,,,,,,,,,,,,,,,,,,,
1995-06-13,830.06,,9.8219,107.35,,,,,,,,,,,,,,,,,,,,,
1995-06-14,830.03,,9.8928,107.35,,,,,,,,,,,,,,,,,,,,,
1995-06-15,830.0,,9.8207,107.38,,,,,,,,,,,,,,,,,,,,,
1995-06-16,830.19,,9.8339,107.41,,,,,,,,,,,,,,,,,,,,,
1995-06-19,830.04,,9.788,107.4,,,,,,,,,,,,,,,,,,,,,
1995-06-20,830.02,,9.813,107.38,,,,,,,,,,,,,,,,,,,,,
1995-06-21,830.0,,9.8049,107.38,,,,,,,,,,,,,,,,,,,,,
1995-06-22,830.09,,9.7972,107.37,,,,,,,,,,,,,,,,,,,,,
1995-06-23,830.18,,9.8705,107.39,,,,,,,,,,,,,,,,,,,,,
1995-06-26,830.15,,9.7992,107.32,,,,,,,,,,,,,,,,,,,,,
1995-06-27,830.13,,9.837,107.34,,,,,,,,,,,,,,,,,,,,,
1995-06-28,830.07,,9.8385,107.3,,,,,,,,,,,,,,,,,,,,,
1995-06-29,830.07,,9.8817,107.21,,,,,,,,,,,,,,,,,,,,,
1995-06-30,830.11,,9.7474,107.3,,,,,,,,,,,,,,,,,,,,,
1995-07-03,830.11,,9.7905,107.25,,,,,,,,,,,,,,,,,,,,,
1995-07-04,830.07,,9.7779,107.2,,,,,,,,,,,,,,,,,,,,,
1995-07-05,830.05,,9.7976,107.34,,,,,,,,,,,,,,,,,,,,,
1995-07-06,830.01,,9.7875,107.37,,,,,,,,,,,,,,,,,,,,,
1995-07-07,830.0,,9.7491,107.34,,,,,,,,,,,,,,,,,,,,,
1995-07-10,830.0,,9.7245,107.35,,,,,,,,,,,,,,,,,,,,,
1995-07-11,830.23,,9.5642,107.36,,,,,,,,,,,,,,,,,,,,,
1995-07-12,830.2,,9.5187,107.24,,,,,,,,,,,,,,,,,,,,,
1995-07-13,830.17,,9.4606,107.21,,,,,,,,,,,,,,,,,,,,,
1995-07-14,830.14,,9.4674,107.12,,,,,,,,,,,,,,,,,,,,,
1995-07-17,830.11,,9.4473,107.2,,,,,,,,,,,,,,,,,,,,,
1995-07-18,830.09,,9.3625,107.14,,,,,,,,,,,,,,,,,,,,,
1995-07-19,830.13,,9.3294,107.17,,,,,,,,,,,,,,,,,,,,,
1995-07-20,830.11,,9.4038,107.16,,,,,,,,,,,,,,,,,,,,,
1995-07-21,830.04,,9.4935,107.14,,,,,,,,,,,,,,,,,,,,,
1995-07-24,830.02,,9.3764,107.14,,,,,,,,,,,,,,,,,,,,,
1995-07-25,830.04,,9.386,107.16,,,,,,,,,,,,,,,,,,,,,
1995-07-26,830.03,,9.4656,107.14,,,,,,,,,,,,,,,,,,,,,
1995-07-27,830.02,,9.4447,107.14,,,,,,,,,,,,,,,,,,,,,
1995-07-28,830.05,,9.4238,107.18,,,,,,,,,,,,,,,,,,,,,
1995-07-31,830.03,,9.4146,107.09,,,,,,,,,,,,,,,,,,,,,
1995-08-01,830.0,,9.4063,107.17,,,,,,,,,,,,,,,,,,,,,
1995-08-02,830.0,,9.3759,107.18,,,,,,,,,,,,,,,,,,,,,
1995-08-03,830.02,,9.3397,107.15,,,,,,,,,,,,,,,,,,,,,
1995-08-04,830.04,,9.1591,107.19,,,,,,,,,,,,,,,,,,,,,
1995-08-07,830.02,,9.1193,107.18,,,,,,,,,,,,,,,,,,,,,
1995-08-08,830.0,,9.0943,107.17,,,,,,,,,,,,,,,,,,,,,
1995-08-09,830.14,,9.1058,107.17,,,,,,,,,,,,,,,,,,,,,
1995-08-10,830.16,,9.0931,107.19,,,,,,,,,,,,,,,,,,,,,
1995-08-11,830.23,,9.0021,107.19,,,,,,,,,,,,,,,,,,,,,
1995-08-14,830.25,,8.8459,107.17,,,,,,,,,,,,,,,,,,,,,
1995-08-15,830.38,,8.8219,107.23,,,,,,,,,,,,,,,,,,,,,
1995-08-16,830.57,,8.8502,107.24,,,,,,,,,,,,,,,,,,,,,
1995-08-17,830.94,,8.6903,107.24,,,,,,,,,,,,,,,,,,,,,
1995-08-18,831.06,,8.376,107.28,,,,,,,,,,,,,,,,,,,,,
1995-08-21,831.17,,8.5254,107.31,,,,,,,,,,,,,,,,,,,,,
1995-08-22,831.22,,8.5313,107.3,,,,,,,,,,,,,,,,,,,,,
1995-08-23,831.25,,8.5497,107.29,,,,,,,,,,,,,,,,,,,,,
1995-08-24,831.33,,8.5414,107.29,,,,,,,,,,,,,,,,,,,,,
1995-08-25,831.48,,8.6204,107.31,,,,,,,,,,,,,,,,,,,,,
1995-08-28,831.53,,8.6002,107.31,,,,,,,,,,,,,,,,,,,,,
1995-08-29,831.65,,8.6008,107.35,,,,,,,,,,,,,,,,,,,,,
1995-08-30,831.82,,8.6002,107.36,,,,,,,,,,,,,,,,,,,,,
1995-08-31,831.93,,8.4612,107.4,,,,,,,,,,,,,,,,,,,,,
1995-09-01,831.98,,8.3945,107.42,,,,,,,,,,,,,,,,,,,,,
1995-09-04,831.92,,8.5022,107.44,,,,,,,,,,,,,,,,,,,,,
1995-09-05,831.86,,8.5335,107.44,,,,,,,,,,,,,,,,,,,,,
1995-09-06,831.81,,8.5199,107.39,,,,,,,,,,,,,,,,,,,,,
1995-09-07,831.78,,8.4033,107.36,,,,,,,,,,,,,,,,,,,,,
1995-09-08,831.75,,8.409,107.34,,,,,,,,,,,,,,,,,,,,,
1995-09-11,831.71,,8.4173,107.38,,,,,,,,,,,,,,,,,,,,,
1995-09-12,831.77,,8.3525,107.46,,,,,,,,,,,,,,,,,,,,,
1995-09-13,831.8,,8.2642,107.41,,,,,,,,,,,,,,,,,,,,,
1995-09-14,831.84,,8.2406,107.45,,,,,,,,,,,,,,,,,,,,,
1995-09-15,831.9,,8.0413,107.49,,,,,,,,,,,,,,,,,,,,,
1995-09-18,831.94,,8.0676,107.49,,,,,,,,,,,,,,,,,,,,,
1995-09-19,831.97,,7.9728,107.51,,,,,,,,,,,,,,,,,,,,,
1995-09-20,831.92,,8.028,107.5,,,,,,,,,,,,,,,,,,,,,
1995-09-21,831.98,,7.9608,107.51,,,,,,,,,,,,,,,,,,,,,
1995-09-22,831.94,,8.0612,107.49,,,,,,,,,,,,,,,,,,,,,
1995-09-25,831.94,,8.2377,107.59,,,,,,,,,,,,,,,,,,,,,
1995-09-26,831.91,,8.2662,107.64,,,,,,,,,,,,,,,,,,,,,
1995-09-27,831.92,,8.301,107.63,,,,,,,,,,,,,,,,,,,,,
1995-09-28,831.9,,8.2846,107.69,,,,,,,,,,,,,,,,,,,,,
1995-09-29,831.89,,8.1654,107.61,,,,,,,,,,,,,,,,,,,,,
1995-10-04,831.85,,8.4341,107.64,,,,,,,,,,,,,,,,,,,,,
1995-10-05,831.85,,8.1911,107.6,,,,,,,,,,,,,,,,,,,,,
1995-10-06,831.8,,8.2492,107.61,,,,,,,,,,,,,,,,,,,,,
1995-10-09,831.74,,8.2762,107.64,,,,,,,,,,,,,,,,,,,,,
1995-10-10,831.67,,8.2586,107.55,,,,,,,,,,,,,,,,,,,,,
1995-10-11,831.58,,8.2631,107.59,,,,,,,,,,,,,,,,,,,,,
1995-10-12,831.5,,8.2447,107.57,,,,,,,,,,,,,,,,,,,,,
1995-10-13,831.44,,8.2249,107.57,,,,,,,,,,,,,,,,,,,,,
1995-10-16,831.42,,8.2575,107.57,,,,,,,,,,,,,,,,,,,,,
1995-10-17,831.48,,8.2363,107.58,,,,,,,,,,,,,,,,,,,,,
1995-10-18,831.48,,8.2589,107.57,,,,,,,,,,,,,,,,,,,,,
1995-10-19,831.41,,8.3123,107.55,,,,,,,,,,,,,,,,,,,,,
1995-10-20,831.42,,8.248,107.54,,,,,,,,,,,,,,,,,,,,,
1995-10-23,831.44,,8.2551,107.55,,,,,,,,,,,,,,,,,,,,,
1995-10-24,831.39,,8.3179,107.54,,,,,,,,,,,,,,,,,,,,,
1995-10-25,831.36,,8.2891,107.54,,,,,,,,,,,,,,,,,,,,,
1995-10-26,831.37,,8.2412,107.53,,,,,,,,,,,,,,,,,,,,,
1995-10-27,831.43,,8.2101,107.54,,,,,,,,,,,,,,,,,,,,,
1995-10-30,831.44,,8.2062,107.55,,,,,,,,,,,,,,,,,,,,,
1995-10-31,831.49,,8.1779,107.55,,,,,,,,,,,,,,,,,,,,,
1995-11-01,831.49,,8.1737,107.55,,,,,,,,,,,,,,,,,,,,,
1995-11-02,831.46,,8.1118,107.5,,,,,,,,,,,,,,,,,,,,,
1995-11-03,831.48,,8.0116,107.54,,,,,,,,,,,,,,,,,,,,,
1995-11-06,831.47,,7.9974,107.55,,,,,,,,,,,,,,,,,,,,,
1995-11-07,831.47,,7.997,107.52,,,,,,,,,,,,,,,,,,,,,
1995-11-08,831.49,,8.0557,107.54,,,,,,,,,,,,,,,,,,,,,
1995-11-09,831.48,,8.0412,107.52,,,,,,,,,,,,,,,,,,,,,
1995-11-10,831.46,,8.1053,107.54,,,,,,,,,,,,,,,,,,,,,
1995-11-13,831.4,,8.2083,107.52,,,,,,,,,,,,,,,,,,,,,
1995-11-14,831.39,,8.2282,107.5,,,,,,,,,,,,,,,,,,,,,
1995-11-15,831.36,,8.1609,107.52,,,,,,,,,,,,,,,,,,,,,
1995-11-16,831.31,,8.1926,107.49,,,,,,,,,,,,,,,,,,,,,
1995-11-17,831.35,,8.1776,107.53,,,,,,,,,,,,,,,,,,,,,
1995-11-20,831.32,,8.1437,107.53,,,,,,,,,,,,,,,,,,,,,
1995-11-21,831.3,,8.0808,107.54,,,,,,,,,,,,,,,,,,,,,
1995-11-22,831.29,,8.1722,107.53,,,,,,,,,,,,,,,,,,,,,
1995-11-23,831.28,,8.1826,107.51,,,,,,,,,,,,,,,,,,,,,
1995-11-24,831.26,,8.232,107.5,,,,,,,,,,,,,,,,,,,,,
1995-11-27,831.22,,8.2101,107.48,,,,,,,,,,,,,,,,,,,,,
1995-11-28,831.14,,8.1697,107.49,,,,,,,,,,,,,,,,,,,,,
1995-11-29,831.16,,8.1568,107.47,,,,,,,,,,,,,,,,,,,,,
1995-11-30,831.2,,8.1817,107.47,,,,,,,,,,,,,,,,,,,,,
1995-12-01,831.19,,8.1629,107.52,,,,,,,,,,,,,,,,,,,,,
1995-12-04,831.27,,8.1499,107.52,,,,,,,,,,,,,,,,,,,,,
1995-12-05,831.31,,8.1985,107.53,,,,,,,,,,,,,,,,,,,,,
1995-12-06,831.32,,8.1841,107.52,,,,,,,,,,,,,,,,,,,,,
1995-12-07,831.33,,8.1921,107.52,,,,,,,,,,,,,,,,,,,,,
1995-12-08,831.35,,8.1812,107.52,,,,,,,,,,,,,,,,,,,,,
1995-12-11,831.38,,8.1946,107.53,,,,,,,,,,,,,,,,,,,,,
1995-12-12,831.47,,8.2175,107.55,,,,,,,,,,,,,,,,,,,,,
1995-12-13,831.48,,8.2013,107.55,,,,,,,,,,,,,,,,,,,,,
1995-12-14,831.46,,8.1678,107.52,,,,,,,,,,,,,,,,,,,,,
1995-12-15,831.54,,8.1584,107.54,,,,,,,,,,,,,,,,,,,,,
1995-12-18,831.71,,8.1788,107.59,,,,,,,,,,,,,,,,,,,,,
1995-12-19,831.8,,8.1593,107.58,,,,,,,,,,,,,,,,,,,,,
1995-12-20,831.76,,8.1799,107.52,,,,,,,,,,,,,,,,,,,,,
1995-12-21,831.74,,8.1491,107.53,,,,,,,,,,,,,,,,,,,,,
1995-12-22,831.73,,8.1437,107.54,,,,,,,,,,,,,,,,,,,,,
1995-12-25,831.74,,8.1401,107.57,,,,,,,,,,,,,,,,,,,,,
1995-12-26,831.8,,8.1049,107.56,,,,,,,,,,,,,,,,,,,,,
1995-12-27,831.79,,8.0994,107.56,,,,,,,,,,,,,,,,,,,,,
1995-12-28,831.79,,8.0954,107.58,,,,,,,,,,,,,,,,,,,,,
1995-12-29,831.79,,8.0703,107.6,,,,,,,,,,,,,,,,,,,,,
1996-01-02,831.74,,8.0513,107.56,,,,,,,,,,,,,,,,,,,,,
1996-01-03,831.8,,8.0228,107.6,,,,,,,,,,,,,,,,,,,,,
1996-01-04,831.91,,7.9855,107.62,,,,,,,,,,,,,,,,,,,,,
1996-01-05,832.03,,7.904,107.64,,,,,,,,,,,,,,,,,,,,,
1996-01-08,832.04,,7.9136,107.64,,,,,,,,,,,,,,,,,,,,,
1996-01-09,832.15,,7.8913,107.65,,,,,,,,,,,,,,,,,,,,,
1996-01-10,832.14,,7.9041,107.64,,,,,,,,,,,,,,,,,,,,,
1996-01-11,832.08,,7.9684,107.62,,,,,,,,,,,,,,,,,,,,,
1996-01-12,832.04,,7.939,107.63,,,,,,,,,,,,,,,,,,,,,
1996-01-15,834.04,,7.9041,107.62,,,,,,,,,,,,,,,,,,,,,
1996-01-16,832.06,,7.9016,107.64,,,,,,,,,,,,,,,,,,,,,
1996-01-17,832.04,,7.8685,107.68,,,,,,,,,,,,,,,,,,,,,
1996-01-18,832.02,,7.8077,107.66,,,,,,,,,,,,,,,,,,,,,
1996-01-19,831.91,,7.8746,107.64,,,,,,,,,,,,,,,,,,,,,
1996-01-22,831.78,,7.853,107.62,,,,,,,,,,,,,,,,,,,,,
1996-01-23,831.74,,7.8375,107.67,,,,,,,,,,,,,,,,,,,,,
1996-01-24,831.7,,7.8623,107.66,,,,,,,,,,,,,,,,,,,,,
1996-01-25,831.63,,7.8258,107.67,,,,,,,,,,,,,,,,,,,,,
1996-01-26,831.67,,7.7332,107.61,,,,,,,,,,,,,,,,,,,,,
1996-01-29,831.57,,7.7545,107.55,,,,,,,,,,,,,,,,,,,,,
1996-01-30,831.5,,7.7532,107.5,,,,,,,,,,,,,,,,,,,,,
1996-01-31,831.47,,7.7712,107.56,,,,,,,,,,,,,,,,,,,,,
1996-02-01,831.38,,7.7379,107.55,,,,,,,,,,,,,,,,,,,,,
1996-02-02,831.32,,7.7636,107.57,,,,,,,,,,,,,,,,,,,,,
1996-02-05,831.27,,7.75,107.6,,,,,,,,,,,,,,,,,,,,,
1996-02-06,831.31,,7.788,107.61,,,,,,,,,,,,,,,,,,,,,
1996-02-07,831.2,,7.8753,107.56,,,,,,,,,,,,,,,,,,,,,
1996-02-08,831.11,,7.8581,107.51,,,,,,,,,,,,,,,,,,,,,
1996-02-09,831.0,,7.8139,107.48,,,,,,,,,,,,,,,,,,,,,
1996-02-12,830.94,,7.7559,107.46,,,,,,,,,,,,,,,,,,,,,
1996-02-13,830.92,,7.7393,107.52,,,,,,,,,,,,,,,,,,,,,
1996-02-14,831.04,,7.7502,107.46,,,,,,,,,,,,,,,,,,,,,
1996-02-15,831.0,,7.769,107.41,,,,,,,,,,,,,,,,,,,,,
1996-02-16,831.12,,7.7987,107.39,,,,,,,,,,,,,,,,,,,,,
1996-02-17,831.36,,7.8359,107.51,,,,,,,,,,,,,,,,,,,,,
1996-02-18,831.41,,7.8625,107.46,,,,,,,,,,,,,,,,,,,,,
1996-02-26,831.52,,7.9048,107.33,,,,,,,,,,,,,,,,,,,,,
1996-02-27,831.69,,7.9168,107.4,,,,,,,,,,,,,,,,,,,,,
1996-02-28,831.96,,7.9454,107.48,,,,,,,,,,,,,,,,,,,,,
1996-02-29,832.07,,7.9439,107.72,,,,,,,,,,,,,,,,,,,,,
1996-03-01,832.11,,7.9291,107.73,,,,,,,,,,,,,,,,,,,,,
1996-03-04,832.1,,7.8934,107.68,,,,,,,,,,,,,,,,,,,,,
1996-03-05,832.08,,7.8825,107.72,,,,,,,,,,,,,,,,,,,,,
1996-03-06,832.1,,7.8797,107.72,,,,,,,,,,,,,,,,,,,,,
1996-03-07,832.23,,7.8848,107.72,,,,,,,,,,,,,,,,,,,,,
1996-03-08,832.29,,7.8763,107.72,,,,,,,,,,,,,,,,,,,,,
1996-03-11,832.39,,7.8989,107.72,,,,,,,,,,,,,,,,,,,,,
1996-03-12,832.63,,7.8577,107.73,,,,,,,,,,,,,,,,,,,,,
1996-03-13,832.99,,7.8876,107.81,,,,,,,,,,,,,,,,,,,,,
1996-03-14,833.48,,7.9239,107.89,,,,,,,,,,,,,,,,,,,,,
1996-03-15,833.33,,7.9048,107.84,,,,,,,,,,,,,,,,,,,,,
1996-03-18,833.17,,7.8732,107.8,,,,,,,,,,,,,,,,,,,,,
1996-03-19,833.27,,7.8603,107.85,,,,,,,,,,,,,,,,,,,,,
1996-03-20,833.3,,7.848,107.84,,,,,,,,,,,,,,,,,,,,,
1996-03-21,833.2,,7.8353,107.8,,,,,,,,,,,,,,,,,,,,,
1996-03-22,833.18,,7.8233,107.84,,,,,,,,,,,,,,,,,,,,,
1996-03-25,833.33,,7.773,107.87,,,,,,,,,,,,,,,,,,,,,
1996-03-26,833.49,,7.805,107.87,,,,,,,,,,,,,,,,,,,,,
1996-03-27,833.42,,7.8328,107.83,,,,,,,,,,,,,,,,,,,,,
1996-03-28,833.33,,7.8149,107.87,,,,,,,,,,,,,,,,,,,,,
1996-03-29,833.55,,7.8316,107.88,,,,,,,,,,,,,,,,,,,,,
1996-04-01,833.39,,7.8276,107.81,,,,,,,,,,,,,,,,,,,,,
1996-04-02,833.39,,7.7476,107.84,,,,,,,,,,,,,,,,,,,,,
1996-04-03,833.39,,7.7475,107.84,,,,,,,,,,,,,,,,,,,,,
1996-04-04,833.38,,7.7191,107.79,,,,,,,,,,,,,,,,,,,,,
1996-04-05,833.25,,7.7744,107.78,,,,,,,,,,,,,,,,,,,,,
1996-04-08,833.11,,7.7463,107.64,,,,,,,,,,,,,,,,,,,,,
1996-04-09,833.12,,7.7321,107.74,,,,,,,,,,,,,,,,,,,,,
1996-04-10,833.15,,7.7279,107.75,,,,,,,,,,,,,,,,,,,,,
1996-04-11,833.18,,7.6812,107.75,,,,,,,,,,,,,,,,,,,,,
1996-04-12,833.24,,7.6593,107.8,,,,,,,,,,,,,,,,,,,,,
1996-04-15,833.22,,7.674,107.8,,,,,,,,,,,,,,,,,,,,,
1996-04-16,833.21,,7.6629,107.75,,,,,,,,,,,,,,,,,,,,,
1996-04-17,833.17,,7.6659,107.72,,,,,,,,,,,,,,,,,,,,,
1996-04-18,833.12,,7.6649,107.76,,,,,,,,,,,,,,,,,,,,,
1996-04-19,833.09,,7.6824,107.72,,,,,,,,,,,,,,,,,,,,,
1996-04-22,833.06,,7.7845,107.69,,,,,,,,,,,,,,,,,,,,,
1996-04-23,833.0,,7.7628,107.7,,,,,,,,,,,,,,,,,,,,,
1996-04-24,833.02,,7.7798,107.73,,,,,,,,,,,,,,,,,,,,,
1996-04-25,833.01,,7.8004,107.65,,,,,,,,,,,,,,,,,,,,,
1996-04-26,833.01,,7.8025,107.7,,,,,,,,,,,,,,,,,,,,,
1996-04-29,833.0,,7.7984,107.74,,,,,,,,,,,,,,,,,,,,,
1996-04-30,833.06,,7.8734,107.7,,,,,,,,,,,,,,,,,,,,,
1996-05-02,833.01,,7.9451,107.75,,,,,,,,,,,,,,,,,,,,,
1996-05-03,833.01,,7.8886,107.69,,,,,,,,,,,,,,,,,,,,,
1996-05-06,833.0,,7.9599,107.75,,,,,,,,,,,,,,,,,,,,,
1996-05-07,833.0,,7.9189,107.75,,,,,,,,,,,,,,,,,,,,,
1996-05-08,833.0,,7.9176,107.74,,,,,,,,,,,,,,,,,,,,,
1996-05-09,833.0,,7.8913,107.67,,,,,,,,,,,,,,,,,,,,,
1996-05-10,833.01,,7.9154,107.68,,,,,,,,,,,,,,,,,,,,,
1996-05-13,833.02,,7.9295,107.74,,,,,,,,,,,,,,,,,,,,,
1996-05-14,833.02,,7.8934,107.67,,,,,,,,,,,,,,,,,,,,,
1996-05-15,833.0,,7.9225,107.72,,,,,,,,,,,,,,,,,,,,,
1996-05-16,833.01,,7.8648,107.68,,,,,,,,,,,,,,,,,,,,,
1996-05-17,833.0,,7.8019,107.69,,,,,,,,,,,,,,,,,,,,,
1996-05-20,832.93,,7.804,107.59,,,,,,,,,,,,,,,,,,,,,
1996-05-21,832.84,,7.7707,107.6,,,,,,,,,,,,,,,,,,,,,
1996-05-22,832.73,,7.7715,107.62,,,,,,,,,,,,,,,,,,,,,
1996-05-23,832.72,,7.77,107.64,,,,,,,,,,,,,,,,,,,,,
1996-05-24,832.67,,7.7755,107.55,,,,,,,,,,,,,,,,,,,,,
1996-05-27,832.61,,7.7958,107.68,,,,,,,,,,,,,,,,,,,,,
1996-05-28,832.57,,7.7403,107.59,,,,,,,,,,,,,,,,,,,,,
1996-05-29,832.48,,7.6835,107.54,,,,,,,,,,,,,,,,,,,,,
1996-05-30,832.62,,7.6436,107.7,,,,,,,,,,,,,,,,,,,,,
1996-05-31,832.63,,7.6935,107.69,,,,,,,,,,,,,,,,,,,,,
1996-06-03,832.55,,7.6882,107.66,,,,,,,,,,,,,,,,,,,,,
1996-06-04,832.54,,7.6806,107.59,,,,,,,,,,,,,,,,,,,,,
1996-06-05,832.49,,7.6745,107.68,,,,,,,,,,,,,,,,,,,,,
1996-06-06,832.39,,7.6422,107.64,,,,,,,,,,,,,,,,,,,,,
1996-06-07,832.34,,7.6101,107.65,,,,,,,,,,,,,,,,,,,,,
1996-06-10,832.37,,7.6274,107.63,,,,,,,,,,,,,,,,,,,,,
1996-06-11,832.34,,7.6024,107.59,,,,,,,,,,,,,,,,,,,,,
1996-06-12,832.35,,7.6213,107.56,,,,,,,,,,,,,,,,,,,,,
1996-06-13,832.29,,7.5994,107.57,,,,,,,,,,,,,,,,,,,,,
1996-06-14,832.21,,7.6336,107.58,,,,,,,,,,,,,,,,,,,,,
1996-06-17,832.17,,7.6449,107.53,,,,,,,,,,,,,,,,,,,,,
1996-06-18,832.22,,7.6201,107.48,,,,,,,,,,,,,,,,,,,,,
1996-06-19,832.24,,7.6215,107.56,,,,,,,,,,,,,,,,,,,,,
1996-06-20,832.18,,7.6864,107.57,,,,,,,,,,,,,,,,,,,,,
1996-06-21,832.12,,7.6856,107.54,,,,,,,,,,,,,,,,,,,,,
1996-06-24,832.03,,7.6517,107.48,,,,,,,,,,,,,,,,,,,,,
1996-06-25,832.01,,7.6445,107.43,,,,,,,,,,,,,,,,,,,,,
1996-06-26,832.06,,7.6191,107.43,,,,,,,,,,,,,,,,,,,,,
1996-06-27,832.06,,7.6003,107.49,,,,,,,,,,,,,,,,,,,,,
1996-06-28,832.1,,7.5919,107.52,,,,,,,,,,,,,,,,,,,,,
1996-07-01,832.21,,7.599,107.53,,,,,,,,,,,,,,,,,,,,,
1996-07-02,832.17,,7.5728,107.49,,,,,,,,,,,,,,,,,,,,,
1996-07-03,832.11,,7.5717,107.45,,,,,,,,,,,,,,,,,,,,,
1996-07-04,832.01,,7.5449,107.44,,,,,,,,,,,,,,,,,,,,,
1996-07-05,832.02,,7.5361,107.38,,,,,,,,,,,,,,,,,,,,,
1996-07-08,832.0,,7.5052,107.4,,,,,,,,,,,,,,,,,,,,,
1996-07-09,831.87,,7.4883,107.43,,,,,,,,,,,,,,,,,,,,,
1996-07-10,831.72,,7.5138,107.48,,,,,,,,,,,,,,,,,,,,,
1996-07-11,831.61,,7.5369,107.43,,,,,,,,,,,,,,,,,,,,,
1996-07-12,831.6,,7.512,107.44,,,,,,,,,,,,,,,,,,,,,
1996-07-15,831.59,,7.5439,107.45,,,,,,,,,,,,,,,,,,,,,
1996-07-16,831.65,,7.5128,107.44,,,,,,,,,,,,,,,,,,,,,
1996-07-17,831.51,,7.5384,107.39,,,,,,,,,,,,,,,,,,,,,
1996-07-18,831.52,,7.6152,107.38,,,,,,,,,,,,,,,,,,,,,
1996-07-19,831.47,,7.6392,107.41,,,,,,,,,,,,,,,,,,,,,
1996-07-22,831.52,,7.6635,107.5,,,,,,,,,,,,,,,,,,,,,
1996-07-23,831.4,,7.7409,107.45,,,,,,,,,,,,,,,,,,,,,
1996-07-24,831.32,,7.7456,107.39,,,,,,,,,,,,,,,,,,,,,
1996-07-25,831.3,,7.686,107.37,,,,,,,,,,,,,,,,,,,,,
1996-07-26,831.27,,7.6542,107.41,,,,,,,,,,,,,,,,,,,,,
1996-07-29,831.14,,7.6668,107.47,,,,,,,,,,,,,,,,,,,,,
1996-07-30,831.11,,7.679,107.49,,,,,,,,,,,,,,,,,,,,,
1996-07-31,831.09,,7.675,107.44,,,,,,,,,,,,,,,,,,,,,
1996-08-01,831.07,,7.6954,107.37,,,,,,,,,,,,,,,,,,,,,
1996-08-02,831.05,,7.768,107.38,,,,,,,,,,,,,,,,,,,,,
1996-08-05,831.04,,7.7336,107.38,,,,,,,,,,,,,,,,,,,,,
1996-08-06,831.0,,7.7453,107.42,,,,,,,,,,,,,,,,,,,,,
1996-08-07,830.98,,7.7894,107.43,,,,,,,,,,,,,,,,,,,,,
1996-08-08,830.95,,7.7339,107.34,,,,,,,,,,,,,,,,,,,,,
1996-08-09,830.95,,7.6959,107.32,,,,,,,,,,,,,,,,,,,,,
1996-08-12,830.9,,7.671,107.3,,,,,,,,,,,,,,,,,,,,,
1996-08-13,830.86,,7.6893,107.33,,,,,,,,,,,,,,,,,,,,,
1996-08-14,830.8,,7.7063,107.3,,,,,,,,,,,,,,,,,,,,,
1996-08-15,830.74,,7.6922,107.33,,,,,,,,,,,,,,,,,,,,,
1996-08-16,830.72,,7.6761,107.35,,,,,,,,,,,,,,,,,,,,,
1996-08-19,830.69,,7.7019,107.4,,,,,,,,,,,,,,,,,,,,,
1996-08-20,830.66,,7.6935,107.39,,,,,,,,,,,,,,,,,,,,,
1996-08-21,830.65,,7.6804,107.35,,,,,,,,,,,,,,,,,,,,,
1996-08-22,830.71,,7.6557,107.4,,,,,,,,,,,,,,,,,,,,,
1996-08-23,830.69,,7.6603,107.38,,,,,,,,,,,,,,,,,,,,,
1996-08-26,830.71,,7.6646,107.44,,,,,,,,,,,,,,,,,,,,,
1996-08-27,830.71,,7.7156,107.4,,,,,,,,,,,,,,,,,,,,,
1996-08-28,830.69,,7.7056,107.38,,,,,,,,,,,,,,,,,,,,,
1996-08-29,830.66,,7.7121,107.35,,,,,,,,,,,,,,,,,,,,,
1996-08-30,830.64,,7.6587,107.52,,,,,,,,,,,,,,,,,,,,,
1996-09-02,830.63,,7.6509,107.46,,,,,,,,,,,,,,,,,,,,,
1996-09-03,830.61,,7.6186,107.45,,,,,,,,,,,,,,,,,,,,,
1996-09-04,830.6,,7.5987,107.4,,,,,,,,,,,,,,,,,,,,,
1996-09-05,830.61,,7.5909,107.35,,,,,,,,,,,,,,,,,,,,,
1996-09-06,830.59,,7.6103,107.36,,,,,,,,,,,,,,,,,,,,,
1996-09-09,830.57,,7.5972,107.42,,,,,,,,,,,,,,,,,,,,,
1996-09-10,830.55,,7.6194,107.39,,,,,,,,,,,,,,,,,,,,,
1996-09-11,830.54,,7.5866,107.43,,,,,,,,,,,,,,,,,,,,,
1996-09-12,830.53,,7.5513,107.43,,,,,,,,,,,,,,,,,,,,,
1996-09-13,830.52,,7.5343,107.42,,,,,,,,,,,,,,,,,,,,,
1996-09-16,830.5,,7.5327,107.37,,,,,,,,,,,,,,,,,,,,,
1996-09-17,830.46,,7.5119,107.41,,,,,,,,,,,,,,,,,,,,,
1996-09-18,830.43,,7.5384,107.37,,,,,,,,,,,,,,,,,,,,,
1996-09-19,830.41,,7.5249,107.37,,,,,,,,,,,,,,,,,,,,,
1996-09-20,830.36,,7.5843,107.38,,,,,,,,,,,,,,,,,,,,,
1996-09-23,830.3,,7.5689,107.36,,,,,,,,,,,,,,,,,,,,,
1996-09-24,830.24,,7.535,107.31,,,,,,,,,,,,,,,,,,,,,
1996-09-25,830.22,,7.5533,107.37,,,,,,,,,,,,,,,,,,,,,
1996-09-26,830.25,,7.5806,107.31,,,,,,,,,,,,,,,,,,,,,
1996-09-27,830.21,,7.5125,107.3,,,,,,,,,,,,,,,,,,,,,
1996-09-28,830.17,,7.4834,107.27,,,,,,,,,,,,,,,,,,,,,
1996-10-03,830.17,,7.4741,107.25,,,,,,,,,,,,,,,,,,,,,
1996-10-04,830.15,,7.4295,107.32,,,,,,,,,,,,,,,,,,,,,
1996-10-07,830.07,,7.4335,107.28,,,,,,,,,,,,,,,,,,,,,
1996-10-08,830.07,,7.4174,107.39,,,,,,,,,,,,,,,,,,,,,
1996-10-09,830.05,,7.4552,107.37,,,,,,,,,,,,,,,,,,,,,
1996-10-10,830.05,,7.4339,107.37,,,,,,,,,,,,,,,,,,,,,
1996-10-11,829.99,,7.4498,107.36,,,,,,,,,,,,,,,,,,,,,
1996-10-14,829.93,,7.4534,107.32,,,,,,,,,,,,,,,,,,,,,
1996-10-15,829.88,,7.4338,107.36,,,,,,,,,,,,,,,,,,,,,
1996-10-16,829.81,,7.4214,107.31,,,,,,,,,,,,,,,,,,,,,
1996-10-17,829.75,,7.3964,107.3,,,,,,,,,,,,,,,,,,,,,
1996-10-18,829.7,,7.3974,107.3,,,,,,,,,,,,,,,,,,,,,
1996-10-21,827.78,,7.389,107.35,,,,,,,,,,,,,,,,,,,,,
1996-10-22,829.91,,7.3494,107.35,,,,,,,,,,,,,,,,,,,,,
1996-10-23,830.01,,7.3616,107.36,,,,,,,,,,,,,,,,,,,,,
1996-10-24,830.01,,7.3698,107.39,,,,,,,,,,,,,,,,,,,,,
1996-10-25,830.06,,7.3413,107.45,,,,,,,,,,,,,,,,,,,,,
1996-10-28,830.1,,7.3456,107.4,,,,,,,,,,,,,,,,,,,,,
1996-10-29,830.12,,7.3047,107.36,,,,,,,,,,,,,,,,,,,,,
1996-10-30,830.07,,7.237,107.33,,,,,,,,,,,,,,,,,,,,,
1996-10-31,830.07,,7.2698,107.32,,,,,,,,,,,,,,,,,,,,,
1996-11-01,829.97,,7.2974,107.37,,,,,,,,,,,,,,,,,,,,,
1996-11-04,829.85,,7.2819,107.34,,,,,,,,,,,,,,,,,,,,,
1996-11-05,829.79,,7.3241,107.35,,,,,,,,,,,,,,,,,,,,,
1996-11-06,829.77,,7.2914,107.38,,,,,,,,,,,,,,,,,,,,,
1996-11-07,829.75,,7.272,107.36,,,,,,,,,,,,,,,,,,,,,
1996-11-08,829.73,,7.3648,107.38,,,,,,,,,,,,,,,,,,,,,
1996-11-11,829.7,,7.385,107.38,,,,,,,,,,,,,,,,,,,,,
1996-11-12,829.66,,7.4294,107.35,,,,,,,,,,,,,,,,,,,,,
1996-11-13,829.67,,7.4458,107.34,,,,,,,,,,,,,,,,,,,,,
1996-11-14,829.81,,7.4268,107.31,,,,,,,,,,,,,,,,,,,,,
1996-11-15,829.94,,7.425,107.39,,,,,,,,,,,,,,,,,,,,,
1996-11-18,830.0,,7.4422,107.39,,,,,,,,,,,,,,,,,,,,,
1996-11-19,830.02,,7.4499,107.36,,,,,,,,,,,,,,,,,,,,,
1996-11-20,830.02,,7.443,107.34,,,,,,,,,,,,,,,,,,,,,
1996-11-21,830.01,,7.4285,107.36,,,,,,,,,,,,,,,,,,,,,
1996-11-22,830.11,,7.4354,107.33,,,,,,,,,,,,,,,,,,,,,
1996-11-25,830.17,,7.4457,107.37,,,,,,,,,,,,,,,,,,,,,
1996-11-26,830.17,,7.43,107.36,,,,,,,,,,,,,,,,,,,,,
1996-11-27,830.12,,7.3768,107.36,,,,,,,,,,,,,,,,,,,,,
1996-11-28,830.1,,7.3432,107.35,,,,,,,,,,,,,,,,,,,,,
1996-11-29,830.07,,7.3287,107.38,,,,,,,,,,,,,,,,,,,,,
1996-12-02,830.12,,7.2957,107.37,,,,,,,,,,,,,,,,,,,,,
1996-12-03,830.12,,7.2962,107.34,,,,,,,,,,,,,,,,,,,,,
1996-12-04,830.11,,7.2627,107.38,,,,,,,,,,,,,,,,,,,,,
1996-12-05,830.13,,7.3271,107.37,,,,,,,,,,,,,,,,,,,,,
1996-12-06,830.13,,7.3612,107.43,,,,,,,,,,,,,,,,,,,,,
1996-12-09,830.02,,7.3537,107.37,,,,,,,,,,,,,,,,,,,,,
1996-12-10,829.96,,7.3389,107.37,,,,,,,,,,,,,,,,,,,,,
1996-12-11,829.94,,7.3081,107.38,,,,,,,,,,,,,,,,,,,,,
1996-12-12,829.92,,7.3216,107.37,,,,,,,,,,,,,,,,,,,,,
1996-12-13,829.95,,7.3578,107.36,,,,,,,,,,,,,,,,,,,,,
1996-12-16,829.9,,7.3309,107.3,,,,,,,,,,,,,,,,,,,,,
1996-12-17,829.86,,7.3268,107.27,,,,,,,,,,,,,,,,,,,,,
1996-12-18,829.83,,7.3052,107.24,,,,,,,,,,,,,,,,,,,,,
1996-12-19,829.79,,7.2965,107.28,,,,,,,,,,,,,,,,,,,,,
1996-12-20,829.75,,7.2981,107.23,,,,,,,,,,,,,,,,,,,,,
1996-12-23,829.7,,7.2626,107.23,,,,,,,,,,,,,,,,,,,,,
1996-12-24,829.77,,7.2462,107.21,,,,,,,,,,,,,,,,,,,,,
1996-12-25,829.8,,7.2484,107.15,,,,,,,,,,,,,,,,,,,,,
1996-12-26,829.79,,7.2359,107.16,,,,,,,,,,,,,,,,,,,,,
1996-12-27,829.77,,7.2041,107.14,,,,,,,,,,,,,,,,,,,,,
1996-12-30,829.82,,7.2087,107.18,,,,,,,,,,,,,,,,,,,,,
1996-12-31,829.82,,7.1633,107.19,,,,,,,,,,,,,,,,,,,,,
1997-01-02,829.84,,7.2,107.24,,,,,,,,,,,,,,,,,,,,,
1997-01-03,829.83,,7.1603,107.28,,,,,,,,,,,,,,,,,,,,,
1997-01-06,829.83,,7.1791,107.21,,,,,,,,,,,,,,,,,,,,,
1997-01-07,829.8,,7.1235,107.24,,,,,,,,,,,,,,,,,,,,,
1997-01-08,829.76,,7.1512,107.34,,,,,,,,,,,,,,,,,,,,,
1997-01-09,829.72,,7.1975,107.26,,,,,,,,,,,,,,,,,,,,,
1997-01-10,829.68,,7.1511,107.26,,,,,,,,,,,,,,,,,,,,,
1997-01-13,829.67,,7.1329,107.22,,,,,,,,,,,,,,,,,,,,,
1997-01-14,829.66,,7.135,107.23,,,,,,,,,,,,,,,,,,,,,
1997-01-15,829.64,,7.1213,107.27,,,,,,,,,,,,,,,,,,,,,
1997-01-16,829.62,,7.0775,107.25,,,,,,,,,,,,,,,,,,,,,
1997-01-17,829.58,,7.09,107.24,,,,,,,,,,,,,,,,,,,,,
1997-01-20,829.56,,7.0939,107.22,,,,,,,,,,,,,,,,,,,,,
1997-01-21,829.56,,7.0672,107.28,,,,,,,,,,,,,,,,,,,,,
1997-01-22,829.55,,7.033,107.22,,,,,,,,,,,,,,,,,,,,,
1997-01-23,829.54,,7.0271,107.24,,,,,,,,,,,,,,,,,,,,,
1997-01-24,829.54,,6.9617,107.25,,,,,,,,,,,,,,,,,,,,,
1997-01-27,829.51,,6.9568,107.22,,,,,,,,,,,,,,,,,,,,,
1997-01-28,829.48,,6.9469,107.18,,,,,,,,,,,,,,,,,,,,,
1997-01-29,829.44,,6.9146,107.13,,,,,,,,,,,,,,,,,,,,,
1997-01-30,829.4,,6.8286,107.09,,,,,,,,,,,,,,,,,,,,,
1997-01-31,829.38,,6.8025,107.08,,,,,,,,,,,,,,,,,,,,,
1997-02-03,829.34,,6.8028,107.04,,,,,,,,,,,,,,,,,,,,,
1997-02-04,829.31,,6.8227,106.99,,,,,,,,,,,,,,,,,,,,,
1997-02-05,829.27,,6.7906,106.97,,,,,,,,,,,,,,,,,,,,,
1997-02-06,829.25,,6.7468,106.9,,,,,,,,,,,,,,,,,,,,,
1997-02-12,829.16,,6.6643,106.8,,,,,,,,,,,,,,,,,,,,,
1997-02-13,829.16,,6.6811,107.03,,,,,,,,,,,,,,,,,,,,,
1997-02-14,829.22,,6.6779,107.04,,,,,,,,,,,,,,,,,,,,,
1997-02-17,829.25,,6.6453,107.06,,,,,,,,,,,,,,,,,,,,,
1997-02-18,829.24,,6.6434,107.0,,,,,,,,,,,,,,,,,,,,,
1997-02-19,829.21,,6.6534,107.03,,,,,,,,,,,,,,,,,,,,,
1997-02-20,829.38,,6.6811,107.1,,,,,,,,,,,,,,,,,,,,,
1997-02-21,829.39,,6.687,107.12,,,,,,,,,,,,,,,,,,,,,
1997-02-24,829.41,,6.7485,107.13,,,,,,,,,,,,,,,,,,,,,
1997-02-25,829.38,,6.7572,107.16,,,,,,,,,,,,,,,,,,,,,
1997-02-26,829.4,,6.7788,107.21,,,,,,,,,,,,,,,,,,,,,
1997-02-27,829.48,,6.8232,107.2,,,,,,,,,,,,,,,,,,,,,
1997-02-28,829.48,,6.8329,107.17,,,,,,,,,,,,,,,,,,,,,
1997-03-03,829.54,,6.8569,107.19,,,,,,,,,,,,,,,,,,,,,
1997-03-04,829.6,,6.8787,107.18,,,,,,,,,,,,,,,,,,,,,
1997-03-05,829.53,,6.8228,107.19,,,,,,,,,,,,,,,,,,,,,
1997-03-06,829.5,,6.7917,107.17,,,,,,,,,,,,,,,,,,,,,
1997-03-07,829.57,,6.8208,107.17,,,,,,,,,,,,,,,,,,,,,
1997-03-10,829.57,,6.8535,107.16,,,,,,,,,,,,,,,,,,,,,
1997-03-11,829.53,,6.8116,107.16,,,,,,,,,,,,,,,,,,,,,
1997-03-12,829.52,,6.8184,107.17,,,,,,,,,,,,,,,,,,,,,
1997-03-13,829.53,,6.7845,107.19,,,,,,,,,,,,,,,,,,,,,
1997-03-14,829.55,,6.7872,107.2,,,,,,,,,,,,,,,,,,,,,
1997-03-17,829.55,,6.7174,107.18,,,,,,,,,,,,,,,,,,,,,
1997-03-18,829.58,,6.7001,107.17,,,,,,,,,,,,,,,,,,,,,
1997-03-19,829.58,,6.7114,107.16,,,,,,,,,,,,,,,,,,,,,
1997-03-20,829.59,,6.7607,107.13,,,,,,,,,,,,,,,,,,,,,
1997-03-21,829.59,,6.731,107.17,,,,,,,,,,,,,,,,,,,,,
1997-03-24,829.56,,6.7076,107.12,,,,,,,,,,,,,,,,,,,,,
1997-03-25,829.56,,6.7676,107.11,,,,,,,,,,,,,,,,,,,,,
1997-03-26,829.68,,6.7359,107.1,,,,,,,,,,,,,,,,,,,,,
1997-03-27,829.66,,6.7006,107.1,,,,,,,,,,,,,,,,,,,,,
1997-03-28,829.64,,6.6839,107.14,,,,,,,,,,,,,,,,,,,,,
1997-03-31,829.64,,6.7098,107.07,,,,,,,,,,,,,,,,,,,,,
1997-04-01,829.55,,6.675,107.1,,,,,,,,,,,,,,,,,,,,,
1997-04-02,829.53,,6.6891,107.08,,,,,,,,,,,,,,,,,,,,,
1997-04-03,829.63,,6.7562,107.09,,,,,,,,,,,,,,,,,,,,,
1997-04-04,829.69,,6.7373,107.16,,,,,,,,,,,,,,,,,,,,,
1997-04-07,829.68,,6.732,107.18,,,,,,,,,,,,,,,,,,,,,
1997-04-08,829.66,,6.6564,107.17,,,,,,,,,,,,,,,,,,,,,
1997-04-09,829.66,,6.6073,107.16,,,,,,,,,,,,,,,,,,,,,
1997-04-10,829.65,,6.5488,107.16,,,,,,,,,,,,,,,,,,,,,
1997-04-11,829.65,,6.5267,107.17,,,,,,,,,,,,,,,,,,,,,
1997-04-14,829.69,,6.5652,107.15,,,,,,,,,,,,,,,,,,,,,
1997-04-15,829.65,,6.5709,107.16,,,,,,,,,,,,,,,,,,,,,
1997-04-16,829.61,,6.5585,107.13,,,,,,,,,,,,,,,,,,,,,
1997-04-17,829.56,,6.5805,107.14,,,,,,,,,,,,,,,,,,,,,
1997-04-18,829.51,,6.5977,107.11,,,,,,,,,,,,,,,,,,,,,
1997-04-21,829.51,,6.5832,107.1,,,,,,,,,,,,,,,,,,,,,
1997-04-22,829.48,,6.6049,107.12,,,,,,,,,,,,,,,,,,,,,
1997-04-23,829.49,,6.6018,107.05,,,,,,,,,,,,,,,,,,,,,
1997-04-24,829.46,,6.5574,107.07,,,,,,,,,,,,,,,,,,,,,
1997-04-25,829.48,,6.5615,107.08,,,,,,,,,,,,,,,,,,,,,
1997-04-28,829.43,,6.5639,107.08,,,,,,,,,,,,,,,,,,,,,
1997-04-29,829.49,,6.5403,107.11,,,,,,,,,,,,,,,,,,,,,
1997-04-30,829.46,,6.5361,107.09,,,,,,,,,,,,,,,,,,,,,
1997-05-04,829.45,,6.5311,107.08,,,,,,,,,,,,,,,,,,,,,
1997-05-05,829.49,,6.5387,107.14,,,,,,,,,,,,,,,,,,,,,
1997-05-06,829.47,,6.5417,107.11,,,,,,,,,,,,,,,,,,,,,
1997-05-07,829.43,,6.5722,107.09,,,,,,,,,,,,,,,,,,,,,
1997-05-08,829.38,,6.5953,107.11,,,,,,,,,,,,,,,,,,,,,
1997-05-09,829.34,,6.6278,107.09,,,,,,,,,,,,,,,,,,,,,
1997-05-12,829.31,,6.7368,107.13,,,,,,,,,,,,,,,,,,,,,
1997-05-13,829.3,,6.9832,107.13,,,,,,,,,,,,,,,,,,,,,
1997-05-14,829.28,,6.9294,107.13,,,,,,,,,,,,,,,,,,,,,
1997-05-15,829.25,,6.9635,107.17,,,,,,,,,,,,,,,,,,,,,
1997-05-16,829.21,,7.1153,107.19,,,,,,,,,,,,,,,,,,,,,
1997-05-19,829.18,,7.0966,107.21,,,,,,,,,,,,,,,,,,,,,
1997-05-20,829.23,,7.1541,107.17,,,,,,,,,,,,,,,,,,,,,
1997-05-21,829.19,,7.2675,107.18,,,,,,,,,,,,,,,,,,,,,
1997-05-22,829.21,,7.2763,107.21,,,,,,,,,,,,,,,,,,,,,
1997-05-23,829.23,,7.2143,107.24,,,,,,,,,,,,,,,,,,,,,
1997-05-26,829.23,,7.1845,107.17,,,,,,,,,,,,,,,,,,,,,
1997-05-27,829.18,,7.1539,107.2,,,,,,,,,,,,,,,,,,,,,
1997-05-28,829.16,,7.128,107.17,,,,,,,,,,,,,,,,,,,,,
1997-05-29,829.24,,7.1046,107.13,,,,,,,,,,,,,,,,,,,,,
1997-05-30,829.24,,7.1821,107.1,,,,,,,,,,,,,,,,,,,,,
1997-06-02,829.21,,7.1182,107.08,,,,,,,,,,,,,,,,,,,,,
1997-06-03,829.17,,7.1303,107.07,,,,,,,,,,,,,,,,,,,,,
1997-06-04,829.19,,7.1159,107.07,,,,,,,,,,,,,,,,,,,,,
1997-06-05,829.15,,7.1336,107.09,,,,,,,,,,,,,,,,,,,,,
1997-06-06,829.21,,7.1344,107.06,,,,,,,,,,,,,,,,,,,,,
1997-06-09,829.32,,7.1465,107.04,,,,,,,,,,,,,,,,,,,,,
1997-06-10,829.23,,7.3375,107.0,,,,,,,,,,,,,,,,,,,,,
1997-06-11,829.22,,7.3398,107.04,,,,,,,,,,,,,,,,,,,,,
1997-06-12,829.23,,7.429,107.07,,,,,,,,,,,,,,,,,,,,,
1997-06-13,829.35,,7.3726,107.07,,,,,,,,,,,,,,,,,,,,,
1997-06-16,829.3,,7.2506,107.1,,,,,,,,,,,,,,,,,,,,,
1997-06-17,829.31,,7.2483,107.1,,,,,,,,,,,,,,,,,,,,,
1997-06-18,829.28,,7.3176,107.15,,,,,,,,,,,,,,,,,,,,,
1997-06-19,829.25,,7.3208,107.18,,,,,,,,,,,,,,,,,,,,,
1997-06-20,829.15,,7.3014,107.17,,,,,,,,,,,,,,,,,,,,,
1997-06-23,829.15,,7.2502,107.09,,,,,,,,,,,,,,,,,,,,,
1997-06-24,829.16,,7.1779,107.03,,,,,,,,,,,,,,,,,,,,,
1997-06-25,829.14,,7.2414,107.03,,,,,,,,,,,,,,,,,,,,,
1997-06-26,829.1,,7.2892,107.0,,,,,,,,,,,,,,,,,,,,,
1997-06-27,829.1,,7.2515,106.96,,,,,,,,,,,,,,,,,,,,,
1997-06-28,829.08,,7.3024,106.94,,,,,,,,,,,,,,,,,,,,,
1997-07-02,829.07,,7.2379,106.91,,,,,,,,,,,,,,,,,,,,,
1997-07-03,829.1,,7.2388,106.91,,,,,,,,,,,,,,,,,,,,,
1997-07-06,829.14,,7.2326,106.97,,,,,,,,,,,,,,,,,,,,,
1997-07-07,829.17,,7.2773,107.03,,,,,,,,,,,,,,,,,,,,,
1997-07-08,829.18,,7.3393,107.08,,,,,,,,,,,,,,,,,,,,,
1997-07-09,829.19,,7.316,107.13,,,,,,,,,,,,,,,,,,,,,
1997-07-10,829.2,,7.3579,107.13,,,,,,,,,,,,,,,,,,,,,
1997-07-13,829.13,,7.3527,107.11,,,,,,,,,,,,,,,,,,,,,
1997-07-14,829.06,,7.2945,107.02,,,,,,,,,,,,,,,,,,,,,
1997-07-15,829.1,,7.2743,106.99,,,,,,,,,,,,,,,,,,,,,
1997-07-16,829.16,,7.2703,107.0,,,,,,,,,,,,,,,,,,,,,
1997-07-17,829.19,,7.1837,107.04,,,,,,,,,,,,,,,,,,,,,
1997-07-20,829.1,,7.14,107.07,,,,,,,,,,,,,,,,,,,,,
1997-07-21,829.15,,7.142,107.0,,,,,,,,,,,,,,,,,,,,,
1997-07-22,829.11,,7.1611,106.98,,,,,,,,,,,,,,,,,,,,,
1997-07-23,829.09,,7.1212,106.97,,,,,,,,,,,,,,,,,,,,,
1997-07-24,829.09,,7.1665,106.99,,,,,,,,,,,,,,,,,,,,,
1997-07-27,829.08,,7.166,106.98,,,,,,,,,,,,,,,,,,,,,
1997-07-28,829.05,,7.132,107.02,,,,,,,,,,,,,,,,,,,,,
1997-07-29,829.03,,7.0805,107.01,,,,,,,,,,,,,,,,,,,,,
1997-07-30,829.03,,7.0583,107.01,,,,,,,,,,,,,,,,,,,,,
1997-07-31,829.01,,7.0102,107.01,,,,,,,,,,,,,,,,,,,,,
1997-08-03,829.03,,7.0145,106.99,,,,,,,,,,,,,,,,,,,,,
1997-08-04,829.03,,6.9904,107.01,,,,,,,,,,,,,,,,,,,,,
1997-08-05,829.05,,6.9907,107.03,,,,,,,,,,,,,,,,,,,,,
1997-08-06,829.03,,7.0068,107.02,,,,,,,,,,,,,,,,,,,,,
1997-08-07,829.0,,6.9433,107.01,,,,,,,,,,,,,,,,,,,,,
1997-08-10,829.03,,6.989,107.04,,,,,,,,,,,,,,,,,,,,,
1997-08-11,828.97,,6.9921,107.01,,,,,,,,,,,,,,,,,,,,,
1997-08-12,828.96,,7.1709,106.99,,,,,,,,,,,,,,,,,,,,,
1997-08-13,828.91,,7.14,106.96,,,,,,,,,,,,,,,,,,,,,
1997-08-14,828.96,,7.1024,106.99,,,,,,,,,,,,,,,,,,,,,
1997-08-17,828.93,,7.1469,106.99,,,,,,,,,,,,,,,,,,,,,
1997-08-18,828.89,,7.0345,107.01,,,,,,,,,,,,,,,,,,,,,
1997-08-19,828.85,,7.0681,106.97,,,,,,,,,,,,,,,,,,,,,
1997-08-20,828.9,,7.039,107.05,,,,,,,,,,,,,,,,,,,,,
1997-08-21,829.0,,6.9962,107.07,,,,,,,,,,,,,,,,,,,,,
1997-08-24,828.91,,7.0408,107.06,,,,,,,,,,,,,,,,,,,,,
1997-08-25,828.9,,7.068,107.06,,,,,,,,,,,,,,,,,,,,,
1997-08-26,828.9,,7.0189,107.08,,,,,,,,,,,,,,,,,,,,,
1997-08-27,828.9,,6.9959,107.08,,,,,,,,,,,,,,,,,,,,,
1997-08-28,828.92,,6.9739,107.07,,,,,,,,,,,,,,,,,,,,,
1997-08-31,828.85,,6.9934,107.05,,,,,,,,,,,,,,,,,,,,,
1997-09-01,828.84,,6.9341,107.02,,,,,,,,,,,,,,,,,,,,,
1997-09-02,828.8,,6.8754,106.99,,,,,,,,,,,,,,,,,,,,,
1997-09-03,828.83,,6.8598,106.98,,,,,,,,,,,,,,,,,,,,,
1997-09-04,828.89,,6.8324,106.92,,,,,,,,,,,,,,,,,,,,,
1997-09-07,828.91,,6.8676,107.03,,,,,,,,,,,,,,,,,,,,,
1997-09-08,828.84,,6.8562,106.98,,,,,,,,,,,,,,,,,,,,,
1997-09-09,828.84,,6.8271,106.95,,,,,,,,,,,,,,,,,,,,,
1997-09-10,828.81,,6.9001,106.94,,,,,,,,,,,,,,,,,,,,,
1997-09-11,828.87,,6.9336,107.02,,,,,,,,,,,,,,,,,,,,,
1997-09-14,828.89,,6.9564,107.0,,,,,,,,,,,,,,,,,,,,,
1997-09-15,828.81,,6.9171,107.0,,,,,,,,,,,,,,,,,,,,,
1997-09-16,828.76,,6.8651,107.16,,,,,,,,,,,,,,,,,,,,,
1997-09-17,828.71,,6.8591,106.98,,,,,,,,,,,,,,,,,,,,,
1997-09-18,828.75,,6.8494,106.98,,,,,,,,,,,,,,,,,,,,,
1997-09-21,828.73,,6.8381,106.98,,,,,,,,,,,,,,,,,,,,,
1997-09-22,828.64,,6.7798,107.0,,,,,,,,,,,,,,,,,,,,,
1997-09-23,828.59,,6.7659,106.99,,,,,,,,,,,,,,,,,,,,,
1997-09-24,828.54,,6.7982,107.0,,,,,,,,,,,,,,,,,,,,,
1997-09-25,828.51,,6.8807,107.0,,,,,,,,,,,,,,,,,,,,,
1997-09-28,828.5,,6.8752,107.01,,,,,,,,,,,,,,,,,,,,,
1997-09-29,828.5,,6.8413,107.01,,,,,,,,,,,,,,,,,,,,,
1997-09-30,828.52,,6.8291,107.01,,,,,,,,,,,,,,,,,,,,,
1997-10-05,828.49,,6.8342,107.04,,,,,,,,,,,,,,,,,,,,,
1997-10-06,828.5,,6.7947,107.04,,,,,,,,,,,,,,,,,,,,,
1997-10-07,828.45,,6.7906,107.04,,,,,,,,,,,,,,,,,,,,,
1997-10-08,828.45,,6.7997,107.06,,,,,,,,,,,,,,,,,,,,,
1997-10-09,828.43,,6.7764,107.04,,,,,,,,,,,,,,,,,,,,,
1997-10-12,828.41,,6.8204,107.06,,,,,,,,,,,,,,,,,,,,,
1997-10-13,828.35,,6.8321,107.05,,,,,,,,,,,,,,,,,,,,,
1997-10-14,828.31,,6.8839,107.08,,,,,,,,,,,,,,,,,,,,,
1997-10-15,828.32,,6.824,107.12,,,,,,,,,,,,,,,,,,,,,
1997-10-16,828.39,,6.8261,107.1,,,,,,,,,,,,,,,,,,,,,
1997-10-19,828.42,,6.8578,107.08,,,,,,,,,,,,,,,,,,,,,
1997-10-20,828.39,,6.8764,107.05,,,,,,,,,,,,,,,,,,,,,
1997-10-21,828.35,,6.8287,107.03,,,,,,,,,,,,,,,,,,,,,
1997-10-22,828.32,,6.8532,106.98,,,,,,,,,,,,,,,,,,,,,
1997-10-23,828.3,,6.8486,107.0,,,,,,,,,,,,,,,,,,,,,
1997-10-26,828.36,,6.8449,107.02,,,,,,,,,,,,,,,,,,,,,
1997-10-27,828.33,,6.7897,107.47,,,,,,,,,,,,,,,,,,,,,
1997-10-28,828.34,,6.7706,107.19,,,,,,,,,,,,,,,,,,,,,
1997-10-29,828.3,,6.8531,107.19,,,,,,,,,,,,,,,,,,,,,
1997-10-30,828.32,,6.863,107.1,,,,,,,,,,,,,,,,,,,,,
1997-10-31,828.36,,6.8736,107.21,,,,,,,,,,,,,,,,,,,,,
1997-11-03,828.34,,6.8842,107.23,,,,,,,,,,,,,,,,,,,,,
1997-11-04,828.29,,6.8789,107.16,,,,,,,,,,,,,,,,,,,,,
1997-11-05,828.26,,6.8249,107.11,,,,,,,,,,,,,,,,,,,,,
1997-11-06,828.22,,6.7829,107.14,,,,,,,,,,,,,,,,,,,,,
1997-11-07,828.2,,6.7268,107.15,,,,,,,,,,,,,,,,,,,,,
1997-11-10,828.17,,6.6745,107.17,,,,,,,,,,,,,,,,,,,,,
1997-11-11,828.13,,6.6845,107.21,,,,,,,,,,,,,,,,,,,,,
1997-11-12,828.1,,6.6409,107.14,,,,,,,,,,,,,,,,,,,,,
1997-11-13,828.08,,6.6379,107.14,,,,,,,,,,,,,,,,,,,,,
1997-11-14,828.05,,6.5713,107.13,,,,,,,,,,,,,,,,,,,,,
1997-11-17,828.06,,6.5791,107.16,,,,,,,,,,,,,,,,,,,,,
1997-11-18,828.05,,6.6343,107.2,,,,,,,,,,,,,,,,,,,,,
1997-11-19,828.04,,6.5776,107.18,,,,,,,,,,,,,,,,,,,,,
1997-11-20,828.03,,6.5442,107.13,,,,,,,,,,,,,,,,,,,,,
1997-11-21,828.03,,6.542,107.16,,,,,,,,,,,,,,,,,,,,,
1997-11-24,828.02,,6.5747,107.17,,,,,,,,,,,,,,,,,,,,,
1997-11-25,828.01,,6.5308,107.17,,,,,,,,,,,,,,,,,,,,,
1997-11-26,828.02,,6.5026,107.16,,,,,,,,,,,,,,,,,,,,,
1997-11-27,828.01,,6.4868,107.17,,,,,,,,,,,,,,,,,,,,,
1997-11-28,828.01,,6.5019,107.16,,,,,,,,,,,,,,,,,,,,,
1997-12-01,827.96,,6.479,107.15,,,,,,,,,,,,,,,,,,,,,
1997-12-02,827.96,,6.4816,107.12,,,,,,,,,,,,,,,,,,,,,
1997-12-03,827.99,,6.423,107.12,,,,,,,,,,,,,,,,,,,,,
1997-12-04,828.01,,6.4329,107.1,,,,,,,,,,,,,,,,,,,,,
1997-12-07,828.0,,6.422,107.09,,,,,,,,,,,,,,,,,,,,,
1997-12-08,828.0,,6.3815,107.1,,,,,,,,,,,,,,,,,,,,,
1997-12-09,828.0,,6.3759,107.09,,,,,,,,,,,,,,,,,,,,,
1997-12-10,828.0,,6.3524,107.08,,,,,,,,,,,,,,,,,,,,,
1997-12-11,828.0,,6.3863,107.05,,,,,,,,,,,,,,,,,,,,,
1997-12-14,827.96,,6.4111,107.0,,,,,,,,,,,,,,,,,,,,,
1997-12-15,827.93,,6.3681,106.92,,,,,,,,,,,,,,,,,,,,,
1997-12-16,827.88,,6.3298,106.9,,,,,,,,,,,,,,,,,,,,,
1997-12-17,827.87,,6.3073,106.89,,,,,,,,,,,,,,,,,,,,,
1997-12-18,827.91,,6.4023,106.89,,,,,,,,,,,,,,,,,,,,,
1997-12-21,827.92,,6.4826,106.88,,,,,,,,,,,,,,,,,,,,,
1997-12-22,827.97,,6.4414,106.86,,,,,,,,,,,,,,,,,,,,,
1997-12-23,827.98,,6.4109,106.89,,,,,,,,,,,,,,,,,,,,,
1997-12-24,828.0,,6.3241,106.87,,,,,,,,,,,,,,,,,,,,,
1997-12-25,827.99,,6.3603,106.87,,,,,,,,,,,,,,,,,,,,,
1997-12-28,827.93,,6.3328,106.9,,,,,,,,,,,,,,,,,,,,,
1997-12-29,827.93,,6.3435,106.93,,,,,,,,,,,,,,,,,,,,,
1997-12-30,827.94,,6.3469,106.84,,,,,,,,,,,,,,,,,,,,,
1997-12-31,827.98,,6.3627,106.81,,,,,,,,,,,,,,,,,,,,,
1998-01-04,827.96,,6.3525,106.99,,,,,,,,,,,,,,,,,,,,,
1998-01-05,827.98,,6.292,106.94,,,,,,,,,,,,,,,,,,,,,
1998-01-06,828.0,,6.2499,106.84,,,,,,,,,,,,,,,,,,,,,
1998-01-07,827.99,,6.1851,106.85,,,,,,,,,,,,,,,,,,,,,
1998-01-08,828.0,,6.1824,106.94,,,,,,,,,,,,,,,,,,,,,
1998-01-09,827.97,,6.2625,106.99,,,,,,,,,,,,,,,,,,,,,
1998-01-12,827.96,,6.2526,107.01,,,,,,,,,,,,,,,,,,,,,
1998-01-13,827.94,,6.26,107.06,,,,,,,,,,,,,,,,,,,,,
1998-01-14,827.9,,6.2295,107.0,,,,,,,,,,,,,,,,,,,,,
1998-01-15,827.89,,6.3032,107.0,,,,,,,,,,,,,,,,,,,,,
1998-01-16,827.86,,6.3185,107.01,,,,,,,,,,,,,,,,,,,,,
1998-01-19,827.89,,6.3598,107.08,,,,,,,,,,,,,,,,,,,,,
1998-01-20,827.9,,6.4562,107.06,,,,,,,,,,,,,,,,,,,,,
1998-01-21,827.86,,6.377,107.04,,,,,,,,,,,,,,,,,,,,,
1998-01-22,827.86,,6.4335,107.03,,,,,,,,,,,,,,,,,,,,,
1998-01-23,827.84,,6.5215,107.05,,,,,,,,,,,,,,,,,,,,,
1998-01-24,827.82,,6.5174,107.01,,,,,,,,,,,,,,,,,,,,,
1998-01-25,827.83,,6.5749,107.05,,,,,,,,,,,,,,,,,,,,,
1998-01-26,827.82,,6.5847,107.07,,,,,,,,,,,,,,,,,,,,,
1998-01-27,827.89,,6.6206,107.04,,,,,,,,,,,,,,,,,,,,,
1998-02-04,827.85,,6.5634,107.04,,,,,,,,,,,,,,,,,,,,,
1998-02-05,827.89,,6.5727,107.08,,,,,,,,,,,,,,,,,,,,,
1998-02-06,827.86,,6.6795,107.07,,,,,,,,,,,,,,,,,,,,,
1998-02-09,827.85,,6.6661,107.1,,,,,,,,,,,,,,,,,,,,,
1998-02-10,827.85,,6.6242,107.06,,,,,,,,,,,,,,,,,,,,,
1998-02-11,827.89,,6.68,107.06,,,,,,,,,,,,,,,,,,,,,
1998-02-12,827.92,,6.701,107.09,,,,,,,,,,,,,,,,,,,,,
1998-02-13,827.95,,6.7182,107.05,,,,,,,,,,,,,,,,,,,,,
1998-02-16,827.96,,6.652,107.05,,,,,,,,,,,,,,,,,,,,,
1998-02-17,827.98,,6.5792,107.04,,,,,,,,,,,,,,,,,,,,,
1998-02-18,827.98,,6.5868,107.04,,,,,,,,,,,,,,,,,,,,,
1998-02-19,827.96,,6.5432,107.02,,,,,,,,,,,,,,,,,,,,,
1998-02-20,827.95,,6.5647,106.97,,,,,,,,,,,,,,,,,,,,,
1998-02-23,827.92,,6.5479,106.99,,,,,,,,,,,,,,,,,,,,,
1998-02-24,827.91,,6.4355,106.96,,,,,,,,,,,,,,,,,,,,,
1998-02-25,827.91,,6.461,106.94,,,,,,,,,,,,,,,,,,,,,
1998-02-26,827.9,,6.4917,106.95,,,,,,,,,,,,,,,,,,,,,
1998-02-27,827.9,,6.4483,106.98,,,,,,,,,,,,,,,,,,,,,
1998-03-02,827.89,,6.5268,106.99,,,,,,,,,,,,,,,,,,,,,
1998-03-03,827.89,,6.575,106.98,,,,,,,,,,,,,,,,,,,,,
1998-03-04,827.9,,6.6005,107.01,,,,,,,,,,,,,,,,,,,,,
1998-03-05,827.91,,6.5903,106.99,,,,,,,,,,,,,,,,,,,,,
1998-03-06,827.9,,6.5215,106.94,,,,,,,,,,,,,,,,,,,,,
1998-03-09,827.88,,6.4793,106.97,,,,,,,,,,,,,,,,,,,,,
1998-03-10,827.89,,6.4539,106.98,,,,,,,,,,,,,,,,,,,,,
1998-03-11,827.91,,6.4829,106.99,,,,,,,,,,,,,,,,,,,,,
1998-03-12,827.95,,6.4885,106.98,,,,,,,,,,,,,,,,,,,,,
1998-03-13,827.95,,6.4179,106.97,,,,,,,,,,,,,,,,,,,,,
1998-03-16,827.94,,6.4461,106.97,,,,,,,,,,,,,,,,,,,,,
1998-03-17,827.92,,6.4331,106.99,,,,,,,,,,,,,,,,,,,,,
1998-03-18,827.91,,6.411,106.95,,,,,,,,,,,,,,,,,,,,,
1998-03-19,827.9,,6.3621,106.94,,,,,,,,,,,,,,,,,,,,,
1998-03-20,827.92,,6.3676,106.93,,,,,,,,,,,,,,,,,,,,,
1998-03-23,827.91,,6.3616,106.9,,,,,,,,,,,,,,,,,,,,,
1998-03-24,827.95,,6.3358,106.93,,,,,,,,,,,,,,,,,,,,,
1998-03-25,827.97,,6.3573,106.92,,,,,,,,,,,,,,,,,,,,,
1998-03-26,827.97,,6.37,106.93,,,,,,,,,,,,,,,,,,,,,
1998-03-27,827.92,,6.4162,106.93,,,,,,,,,,,,,,,,,,,,,
1998-03-30,827.92,,6.4167,106.92,,,,,,,,,,,,,,,,,,,,,
1998-03-31,827.91,,6.3382,106.92,,,,,,,,,,,,,,,,,,,,,
1998-04-01,827.93,,6.2794,106.89,,,,,,,,,,,,,,,,,,,,,
1998-04-02,827.93,,6.2237,106.91,,,,,,,,,,,,,,,,,,,,,
1998-04-03,827.95,,6.2058,106.92,,,,,,,,,,,,,,,,,,,,,
1998-04-06,827.97,,6.1646,106.92,,,,,,,,,,,,,,,,,,,,,
1998-04-07,827.96,,6.1527,106.9,,,,,,,,,,,,,,,,,,,,,
1998-04-08,827.98,,6.1765,106.92,,,,,,,,,,,,,,,,,,,,,
1998-04-09,827.95,,6.2164,106.91,,,,,,,,,,,,,,,,,,,,,
1998-04-10,827.95,,6.2633,106.85,,,,,,,,,,,,,,,,,,,,,
1998-04-13,827.93,,6.3301,106.87,,,,,,,,,,,,,,,,,,,,,
1998-04-14,827.93,,6.438,106.86,,,,,,,,,,,,,,,,,,,,,
1998-04-15,827.91,,6.3597,106.78,,,,,,,,,,,,,,,,,,,,,
1998-04-16,827.94,,6.403,106.85,,,,,,,,,,,,,,,,,,,,,
1998-04-17,827.97,,6.3306,106.88,,,,,,,,,,,,,,,,,,,,,
1998-04-20,827.94,,6.265,106.87,,,,,,,,,,,,,,,,,,,,,
1998-04-21,827.94,,6.261,106.93,,,,,,,,,,,,,,,,,,,,,
1998-04-22,827.93,,6.2788,106.91,,,,,,,,,,,,,,,,,,,,,
1998-04-23,827.89,,6.2895,106.89,,,,,,,,,,,,,,,,,,,,,
1998-04-24,827.89,,6.3552,106.89,,,,,,,,,,,,,,,,,,,,,
1998-04-27,827.86,,6.3775,106.88,,,,,,,,,,,,,,,,,,,,,
1998-04-28,827.87,,6.2973,106.89,,,,,,,,,,,,,,,,,,,,,
1998-04-29,827.82,,6.2616,106.88,,,,,,,,,,,,,,,,,,,,,
1998-04-30,827.81,,6.254,106.83,,,,,,,,,,,,,,,,,,,,,
1998-05-04,827.79,,6.2661,106.87,,,,,,,,,,,,,,,,,,,,,
1998-05-05,827.85,,6.2125,106.87,,,,,,,,,,,,,,,,,,,,,
1998-05-06,827.81,,6.2309,106.9,,,,,,,,,,,,,,,,,,,,,
1998-05-07,827.83,,6.2685,106.89,,,,,,,,,,,,,,,,,,,,,
1998-05-08,827.86,,6.2061,106.9,,,,,,,,,,,,,,,,,,,,,
1998-05-11,827.88,,6.2085,106.9,,,,,,,,,,,,,,,,,,,,,
1998-05-12,827.82,,6.2277,106.88,,,,,,,,,,,,,,,,,,,,,
1998-05-13,827.86,,6.2189,106.88,,,,,,,,,,,,,,,,,,,,,
1998-05-14,827.89,,6.177,106.93,,,,,,,,,,,,,,,,,,,,,
1998-05-15,827.89,,6.1861,106.93,,,,,,,,,,,,,,,,,,,,,
1998-05-18,827.9,,6.1809,106.94,,,,,,,,,,,,,,,,,,,,,
1998-05-19,827.93,,6.1321,106.91,,,,,,,,,,,,,,,,,,,,,
1998-05-20,827.96,,6.087,106.91,,,,,,,,,,,,,,,,,,,,,
1998-05-21,827.97,,6.0701,106.84,,,,,,,,,,,,,,,,,,,,,
1998-05-22,827.95,,6.0926,106.87,,,,,,,,,,,,,,,,,,,,,
1998-05-25,827.96,,6.1097,106.87,,,,,,,,,,,,,,,,,,,,,
1998-05-26,827.94,,6.0604,106.93,,,,,,,,,,,,,,,,,,,,,
1998-05-27,827.96,,6.0273,106.93,,,,,,,,,,,,,,,,,,,,,
1998-05-28,827.97,,6.0207,106.93,,,,,,,,,,,,,,,,,,,,,
1998-05-29,827.95,,6.0504,106.94,,,,,,,,,,,,,,,,,,,,,
1998-06-01,827.93,,5.9681,106.92,,,,,,,,,,,,,,,,,,,,,
1998-06-02,827.95,,5.9632,106.93,,,,,,,,,,,,,,,,,,,,,
1998-06-03,827.98,,5.932,106.93,,,,,,,,,,,,,,,,,,,,,
1998-06-04,827.99,,5.9603,106.91,,,,,,,,,,,,,,,,,,,,,
1998-06-05,827.95,,5.9908,106.86,,,,,,,,,,,,,,,,,,,,,
1998-06-08,827.94,,5.9625,106.88,,,,,,,,,,,,,,,,,,,,,
1998-06-09,827.98,,5.8903,106.9,,,,,,,,,,,,,,,,,,,,,
1998-06-10,827.99,,5.8788,106.92,,,,,,,,,,,,,,,,,,,,,
1998-06-11,827.97,,5.8908,106.91,,,,,,,,,,,,,,,,,,,,,
1998-06-12,827.98,,5.8433,107.02,,,,,,,,,,,,,,,,,,,,,
1998-06-15,827.99,,5.7507,106.96,,,,,,,,,,,,,,,,,,,,,
1998-06-16,827.99,,5.7034,107.01,,,,,,,,,,,,,,,,,,,,,
1998-06-17,827.99,,5.7093,107.0,,,,,,,,,,,,,,,,,,,,,
1998-06-18,827.99,,5.7592,107.02,,,,,,,,,,,,,,,,,,,,,
1998-06-19,827.98,,6.0712,106.99,,,,,,,,,,,,,,,,,,,,,
1998-06-22,827.96,,6.0443,106.99,,,,,,,,,,,,,,,,,,,,,
1998-06-23,827.96,,6.021,107.0,,,,,,,,,,,,,,,,,,,,,
1998-06-24,827.98,,6.0006,107.01,,,,,,,,,,,,,,,,,,,,,
1998-06-25,827.98,,5.9138,106.98,,,,,,,,,,,,,,,,,,,,,
1998-06-26,827.99,,5.8531,106.94,,,,,,,,,,,,,,,,,,,,,
1998-06-29,827.97,,5.8096,106.94,,,,,,,,,,,,,,,,,,,,,
1998-06-30,827.98,,5.8413,106.89,,,,,,,,,,,,,,,,,,,,,
1998-07-01,827.97,,5.8737,106.83,,,,,,,,,,,,,,,,,,,,,
1998-07-02,827.99,,5.958,106.83,,,,,,,,,,,,,,,,,,,,,
1998-07-03,827.99,,5.9878,106.82,,,,,,,,,,,,,,,,,,,,,
1998-07-06,827.98,,5.8862,106.92,,,,,,,,,,,,,,,,,,,,,
1998-07-07,827.98,,5.8936,106.94,,,,,,,,,,,,,,,,,,,,,
1998-07-08,827.96,,5.9116,106.93,,,,,,,,,,,,,,,,,,,,,
1998-07-09,827.99,,5.9656,106.9,,,,,,,,,,,,,,,,,,,,,
1998-07-10,827.97,,5.9196,106.9,,,,,,,,,,,,,,,,,,,,,
1998-07-13,827.97,,5.8628,106.92,,,,,,,,,,,,,,,,,,,,,
1998-07-14,827.96,,5.8109,106.92,,,,,,,,,,,,,,,,,,,,,
1998-07-15,827.96,,5.856,106.8,,,,,,,,,,,,,,,,,,,,,
1998-07-16,827.98,,5.8698,106.78,,,,,,,,,,,,,,,,,,,,,
1998-07-17,827.98,,5.8781,106.79,,,,,,,,,,,,,,,,,,,,,
1998-07-20,827.97,,5.9335,106.8,,,,,,,,,,,,,,,,,,,,,
1998-07-21,827.98,,5.9442,106.81,,,,,,,,,,,,,,,,,,,,,
1998-07-22,827.98,,5.9525,106.87,,,,,,,,,,,,,,,,,,,,,
1998-07-23,827.97,,5.8861,106.86,,,,,,,,,,,,,,,,,,,,,
1998-07-24,827.96,,5.8477,106.84,,,,,,,,,,,,,,,,,,,,,
1998-07-27,827.96,,5.867,106.82,,,,,,,,,,,,,,,,,,,,,
1998-07-28,827.99,,5.837,106.81,,,,,,,,,,,,,,,,,,,,,
1998-07-29,827.99,,5.8215,106.86,,,,,,,,,,,,,,,,,,,,,
1998-07-30,827.99,,5.8697,106.83,,,,,,,,,,,,,,,,,,,,,
1998-07-31,827.99,,5.8227,106.81,,,,,,,,,,,,,,,,,,,,,
1998-08-03,827.99,,5.7627,106.81,,,,,,,,,,,,,,,,,,,,,
1998-08-04,827.99,,5.7163,106.82,,,,,,,,,,,,,,,,,,,,,
1998-08-05,828.0,,5.7204,106.81,,,,,,,,,,,,,,,,,,,,,
1998-08-06,827.99,,5.7465,106.82,,,,,,,,,,,,,,,,,,,,,
1998-08-07,827.98,,5.7207,106.82,,,,,,,,,,,,,,,,,,,,,
1998-08-10,828.01,,5.7139,106.82,,,,,,,,,,,,,,,,,,,,,
1998-08-11,827.99,,5.6606,106.9,,,,,,,,,,,,,,,,,,,,,
1998-08-12,827.99,,5.6521,106.85,,,,,,,,,,,,,,,,,,,,,
1998-08-13,827.98,,5.6581,106.9,,,,,,,,,,,,,,,,,,,,,
1998-08-14,827.99,,5.653,106.85,,,,,,,,,,,,,,,,,,,,,
1998-08-17,827.99,,5.6928,106.82,,,,,,,,,,,,,,,,,,,,,
1998-08-18,827.99,,5.6596,106.82,,,,,,,,,,,,,,,,,,,,,
1998-08-19,827.99,,5.686,106.81,,,,,,,,,,,,,,,,,,,,,
1998-08-20,827.99,,5.7375,106.88,,,,,,,,,,,,,,,,,,,,,
1998-08-21,827.99,,5.7489,106.86,,,,,,,,,,,,,,,,,,,,,
1998-08-24,828.0,,5.7965,106.9,,,,,,,,,,,,,,,,,,,,,
1998-08-25,827.99,,5.7239,106.88,,,,,,,,,,,,,,,,,,,,,
1998-08-26,828.0,,5.7545,106.87,,,,,,,,,,,,,,,,,,,,,
1998-08-27,827.99,,5.7179,106.93,,,,,,,,,,,,,,,,,,,,,
1998-08-28,828.0,,5.7651,106.91,,,,,,,,,,,,,,,,,,,,,
1998-08-31,828.0,,5.8721,106.92,,,,,,,,,,,,,,,,,,,,,
1998-09-01,827.99,,5.8416,106.87,,,,,,,,,,,,,,,,,,,,,
1998-09-02,828.0,,5.9203,106.83,,,,,,,,,,,,,,,,,,,,,
1998-09-03,828.0,,6.0331,106.87,,,,,,,,,,,,,,,,,,,,,
1998-09-04,827.96,,6.0291,106.88,,,,,,,,,,,,,,,,,,,,,
1998-09-07,827.99,,6.1629,106.83,,,,,,,,,,,,,,,,,,,,,
1998-09-08,828.0,,6.2438,106.8,,,,,,,,,,,,,,,,,,,,,
1998-09-09,827.98,,6.275,106.78,,,,,,,,,,,,,,,,,,,,,
1998-09-10,827.98,,6.2707,106.77,,,,,,,,,,,,,,,,,,,,,
1998-09-11,827.9,,6.121,106.77,,,,,,,,,,,,,,,,,,,,,
1998-09-14,827.88,,6.1644,106.73,,,,,,,,,,,,,,,,,,,,,
1998-09-15,827.85,,6.2601,106.74,,,,,,,,,,,,,,,,,,,,,
1998-09-16,827.84,,6.2205,106.79,,,,,,,,,,,,,,,,,,,,,
1998-09-17,827.83,,6.1513,106.79,,,,,,,,,,,,,,,,,,,,,
1998-09-18,827.82,,6.1607,106.75,,,,,,,,,,,,,,,,,,,,,
1998-09-21,827.85,,6.2604,106.76,,,,,,,,,,,,,,,,,,,,,
1998-09-22,827.86,,6.2085,106.75,,,,,,,,,,,,,,,,,,,,,
1998-09-23,827.85,,6.1629,106.74,,,,,,,,,,,,,,,,,,,,,
1998-09-24,827.83,,6.1173,106.72,,,,,,,,,,,,,,,,,,,,,
1998-09-25,827.82,,6.0662,106.71,,,,,,,,,,,,,,,,,,,,,
1998-09-28,827.83,,6.1099,106.74,,,,,,,,,,,,,,,,,,,,,
1998-09-29,827.82,,6.1176,106.72,,,,,,,,,,,,,,,,,,,,,
1998-09-30,827.8,,6.1141,106.73,,,,,,,,,,,,,,,,,,,,,
1998-10-05,827.8,,6.1247,106.72,,,,,,,,,,,,,,,,,,,,,
1998-10-06,827.8,,6.1272,106.77,,,,,,,,,,,,,,,,,,,,,
1998-10-07,827.79,,6.1876,106.73,,,,,,,,,,,,,,,,,,,,,
1998-10-08,827.78,,6.3424,106.72,,,,,,,,,,,,,,,,,,,,,
1998-10-09,827.77,,6.8126,106.73,,,,,,,,,,,,,,,,,,,,,
1998-10-12,827.77,,7.0409,106.72,,,,,,,,,,,,,,,,,,,,,
1998-10-13,827.75,,7.1149,106.73,,,,,,,,,,,,,,,,,,,,,
1998-10-14,827.76,,6.962,106.82,,,,,,,,,,,,,,,,,,,,,
1998-10-15,827.77,,6.9232,106.73,,,,,,,,,,,,,,,,,,,,,
1998-10-16,827.78,,6.9436,106.66,,,,,,,,,,,,,,,,,,,,,
1998-10-19,827.76,,7.0903,106.72,,,,,,,,,,,,,,,,,,,,,
1998-10-20,827.78,,7.2211,106.69,,,,,,,,,,,,,,,,,,,,,
1998-10-21,827.79,,7.2018,106.72,,,,,,,,,,,,,,,,,,,,,
1998-10-22,827.78,,7.1058,106.73,,,,,,,,,,,,,,,,,,,,,
1998-10-23,827.82,,7.0003,106.71,,,,,,,,,,,,,,,,,,,,,
1998-10-26,827.78,,6.9495,106.7,,,,,,,,,,,,,,,,,,,,,
1998-10-27,827.77,,6.966,106.71,,,,,,,,,,,,,,,,,,,,,
1998-10-28,827.76,,6.94,106.71,,,,,,,,,,,,,,,,,,,,,
1998-10-29,827.78,,7.0232,106.71,,,,,,,,,,,,,,,,,,,,,
1998-10-30,827.76,,7.034,106.73,,,,,,,,,,,,,,,,,,,,,
1998-11-02,827.78,,7.1426,106.73,,,,,,,,,,,,,,,,,,,,,
1998-11-03,827.77,,7.1874,106.73,,,,,,,,,,,,,,,,,,,,,
1998-11-04,827.8,,7.1554,106.79,,,,,,,,,,,,,,,,,,,,,
1998-11-05,827.78,,7.1306,106.81,,,,,,,,,,,,,,,,,,,,,
1998-11-06,827.77,,7.0253,106.83,,,,,,,,,,,,,,,,,,,,,
1998-11-09,827.79,,7.0134,106.81,,,,,,,,,,,,,,,,,,,,,
1998-11-10,827.77,,6.9324,106.8,,,,,,,,,,,,,,,,,,,,,
1998-11-11,827.76,,6.7445,106.86,,,,,,,,,,,,,,,,,,,,,
1998-11-12,827.77,,6.7841,106.88,,,,,,,,,,,,,,,,,,,,,
1998-11-13,827.75,,6.7752,106.78,,,,,,,,,,,,,,,,,,,,,
1998-11-16,827.8,,6.7357,106.8,,,,,,,,,,,,,,,,,,,,,
1998-11-17,827.78,,6.7498,106.81,,,,,,,,,,,,,,,,,,,,,
1998-11-18,827.78,,6.7874,106.81,,,,,,,,,,,,,,,,,,,,,
1998-11-19,827.79,,6.8037,106.81,,,,,,,,,,,,,,,,,,,,,
1998-11-20,827.79,,6.7786,106.8,,,,,,,,,,,,,,,,,,,,,
1998-11-23,827.77,,6.8966,106.81,,,,,,,,,,,,,,,,,,,,,
1998-11-24,827.77,,6.8753,106.82,,,,,,,,,,,,,,,,,,,,,
1998-11-25,827.78,,6.8071,106.81,,,,,,,,,,,,,,,,,,,,,
1998-11-26,827.77,,6.8474,106.8,,,,,,,,,,,,,,,,,,,,,
1998-11-27,827.78,,6.8059,106.81,,,,,,,,,,,,,,,,,,,,,
1998-11-30,827.82,,6.7469,106.83,,,,,,,,,,,,,,,,,,,,,
1998-12-01,827.82,,6.6942,106.82,,,,,,,,,,,,,,,,,,,,,
1998-12-02,827.82,,6.7371,106.83,,,,,,,,,,,,,,,,,,,,,
1998-12-03,827.8,,6.7895,106.8,,,,,,,,,,,,,,,,,,,,,
1998-12-04,827.79,,6.8758,106.79,,,,,,,,,,,,,,,,,,,,,
1998-12-07,827.77,,6.98,106.79,,,,,,,,,,,,,,,,,,,,,
1998-12-08,827.75,,6.9496,106.77,,,,,,,,,,,,,,,,,,,,,
1998-12-09,827.75,,6.8641,106.76,,,,,,,,,,,,,,,,,,,,,
1998-12-10,827.75,,6.9343,106.76,,,,,,,,,,,,,,,,,,,,,
1998-12-11,827.74,,7.0595,106.76,,,,,,,,,,,,,,,,,,,,,
1998-12-14,827.74,,7.0614,106.76,,,,,,,,,,,,,,,,,,,,,
1998-12-15,827.77,,7.0816,106.77,,,,,,,,,,,,,,,,,,,,,
1998-12-16,827.78,,7.108,106.76,,,,,,,,,,,,,,,,,,,,,
1998-12-17,827.78,,7.0955,106.76,,,,,,,,,,,,,,,,,,,,,
1998-12-18,827.77,,7.1234,106.78,,,,,,,,,,,,,,,,,,,,,
1998-12-21,827.76,,7.1097,107.05,,,,,,,,,,,,,,,,,,,,,
1998-12-22,827.79,,7.1757,106.78,,,,,,,,,,,,,,,,,,,,,
1998-12-23,827.82,,7.1263,106.78,,,,,,,,,,,,,,,,,,,,,
1998-12-24,827.81,,7.108,106.8,,,,,,,,,,,,,,,,,,,,,
1998-12-25,827.85,,7.1338,106.79,,,,,,,,,,,,,,,,,,,,,
1998-12-28,827.85,,7.1462,106.75,,,,,,,,,,,,,,,,,,,,,
1998-12-29,827.82,,7.079,106.8,,,,,,,,,,,,,,,,,,,,,
1998-12-30,827.86,,7.1632,106.85,,,,,,,,,,,,,,,,,,,,,
1998-12-31,827.87,,7.1719,106.78,,,,,,,,,,,,,,,,,,,,,
1999-01-04,827.89,,7.2053,106.81,,,,,,,,,,,,,,,,,,,,,
1999-01-05,827.93,,7.2793,106.81,,,,,,,,,,,,,,,,,,,,,
1999-01-06,827.95,,7.402,106.81,,,,,,,,,,,,,,,,,,,,,
1999-01-07,827.95,,7.3832,106.82,,,,,,,,,,,,,,,,,,,,,
1999-01-08,827.98,,7.3293,106.89,,,,,,,,,,,,,,,,,,,,,
1999-01-11,827.96,,7.4567,106.84,,,,,,,,,,,,,,,,,,,,,
1999-01-12,827.97,,7.4927,106.85,,,,,,,,,,,,,,,,,,,,,
1999-01-13,827.95,,7.4428,106.86,,,,,,,,,,,,,,,,,,,,,
1999-01-14,827.94,,7.3504,106.83,,,,,,,,,,,,,,,,,,,,,
1999-01-15,827.9,,7.2799,106.81,,,,,,,,,,,,,,,,,,,,,
1999-01-18,827.9,,7.2934,106.83,,,,,,,,,,,,,,,,,,,,,
1999-01-19,827.88,,7.2882,106.78,,,,,,,,,,,,,,,,,,,,,
1999-01-20,827.87,,7.227,106.8,,,,,,,,,,,,,,,,,,,,,
1999-01-21,827.91,,7.3053,106.79,,,,,,,,,,,,,,,,,,,,,
1999-01-22,827.89,,7.3025,106.84,,,,,,,,,,,,,,,,,,,,,
1999-01-25,827.87,,7.2779,106.77,,,,,,,,,,,,,,,,,,,,,
1999-01-26,827.84,,7.2388,106.88,,,,,,,,,,,,,,,,,,,,,
1999-01-27,827.8,,7.2756,106.78,,,,,,,,,,,,,,,,,,,,,
1999-01-28,827.78,,7.2797,106.77,,,,,,,,,,,,,,,,,,,,,
1999-01-29,827.78,,7.1653,106.76,,,,,,,,,,,,,,,,,,,,,
1999-02-01,827.78,,7.115,106.75,,,,,,,,,,,,,,,,,,,,,
1999-02-02,827.75,,7.1581,106.76,,,,,,,,,,,,,,,,,,,,,
1999-02-03,827.79,,7.1832,106.75,,,,,,,,,,,,,,,,,,,,,
1999-02-04,827.76,,7.3665,106.74,,,,,,,,,,,,,,,,,,,,,
1999-02-05,827.74,,7.2985,106.75,,,,,,,,,,,,,,,,,,,,,
1999-02-08,827.75,,7.368,106.74,,,,,,,,,,,,,,,,,,,,,
1999-02-09,827.75,,7.3261,106.74,,,,,,,,,,,,,,,,,,,,,
1999-02-10,827.74,,7.2324,106.73,,,,,,,,,,,,,,,,,,,,,
1999-02-11,827.76,,7.2387,106.74,,,,,,,,,,,,,,,,,,,,,
1999-02-12,827.78,,7.2425,106.86,,,,,,,,,,,,,,,,,,,,,
1999-02-13,827.84,,7.251,106.81,,,,,,,,,,,,,,,,,,,,,
1999-02-14,827.8,,7.253,106.85,,,,,,,,,,,,,,,,,,,,,
1999-02-15,827.82,,7.2503,106.86,,,,,,,,,,,,,,,,,,,,,
1999-02-23,827.87,,7.2528,106.92,,,,,,,,,,,,,,,,,,,,,
1999-02-24,827.88,,6.8384,106.87,,,,,,,,,,,,,,,,,,,,,
1999-02-25,827.91,,6.837,106.83,,,,,,,,,,,,,,,,,,,,,
1999-02-26,827.89,,6.8274,106.93,,,,,,,,,,,,,,,,,,,,,
1999-03-01,827.9,,6.932,106.74,,,,,,,,,,,,,,,,,,,,,
1999-03-02,827.92,,6.9458,106.92,,,,,,,,,,,,,,,,,,,,,
1999-03-03,827.89,,6.8857,106.89,,,,,,,,,,,,,,,,,,,,,
1999-03-04,827.86,,6.8491,106.83,,,,,,,,,,,,,,,,,,,,,
1999-03-05,827.83,,6.7661,106.77,,,,,,,,,,,,,,,,,,,,,
1999-03-08,827.84,,6.7157,106.77,,,,,,,,,,,,,,,,,,,,,
1999-03-09,827.86,,6.7407,106.89,,,,,,,,,,,,,,,,,,,,,
1999-03-10,827.91,,6.8251,106.79,,,,,,,,,,,,,,,,,,,,,
1999-03-11,827.88,,6.8446,106.84,,,,,,,,,,,,,,,,,,,,,
1999-03-12,827.89,,6.9165,106.82,,,,,,,,,,,,,,,,,,,,,
1999-03-15,827.89,,6.9175,106.85,,,,,,,,,,,,,,,,,,,,,
1999-03-16,827.89,,6.9445,106.83,,,,,,,,,,,,,,,,,,,,,
1999-03-17,827.89,,7.0007,106.85,,,,,,,,,,,,,,,,,,,,,
1999-03-18,827.88,,6.9833,106.86,,,,,,,,,,,,,,,,,,,,,
1999-03-19,827.88,,6.9893,106.8,,,,,,,,,,,,,,,,,,,,,
1999-03-22,827.93,,7.0459,106.79,,,,,,,,,,,,,,,,,,,,,
1999-03-23,827.92,,7.0498,106.77,,,,,,,,,,,,,,,,,,,,,
1999-03-24,827.95,,6.9728,106.76,,,,,,,,,,,,,,,,,,,,,
1999-03-25,827.96,,7.0333,106.78,,,,,,,,,,,,,,,,,,,,,
1999-03-26,827.98,,7.0209,106.8,,,,,,,,,,,,,,,,,,,,,
1999-03-29,828.0,,7.0016,106.79,,,,,,,,,,,,,,,,,,,,,
1999-03-30,827.97,,6.9101,106.79,,,,,,,,,,,,,,,,,,,,,
1999-03-31,828.0,,6.8707,106.85,,,,,,,,,,,,,,,,,,,,,
1999-04-01,828.0,,6.8636,106.79,,,,,,,,,,,,,,,,,,,,,
1999-04-02,827.96,,6.9637,106.8,,,,,,,,,,,,,,,,,,,,,
1999-04-05,827.94,,6.8581,106.8,,,,,,,,,,,,,,,,,,,,,
1999-04-06,827.95,,6.809,106.81,,,,,,,,,,,,,,,,,,,,,
1999-04-07,827.97,,6.8038,106.82,,,,,,,,,,,,,,,,,,,,,
1999-04-08,827.97,,6.8519,106.83,,,,,,,,,,,,,,,,,,,,,
1999-04-09,827.99,,6.8314,106.81,,,,,,,,,,,,,,,,,,,,,
1999-04-12,827.97,,6.8329,106.87,,,,,,,,,,,,,,,,,,,,,
1999-04-13,827.97,,6.86,106.8,,,,,,,,,,,,,,,,,,,,,
1999-04-14,827.97,,6.8684,106.83,,,,,,,,,,,,,,,,,,,,,
1999-04-15,827.94,,6.9287,106.76,,,,,,,,,,,,,,,,,,,,,
1999-04-16,827.89,,6.9535,106.83,,,,,,,,,,,,,,,,,,,,,
1999-04-19,827.87,,6.9682,106.76,,,,,,,,,,,,,,,,,,,,,
1999-04-20,827.87,,7.0031,106.79,,,,,,,,,,,,,,,,,,,,,
1999-04-21,827.83,,7.0201,106.84,,,,,,,,,,,,,,,,,,,,,
1999-04-22,827.83,,6.9707,106.83,,,,,,,,,,,,,,,,,,,,,
1999-04-23,827.83,,6.8705,106.8,,,,,,,,,,,,,,,,,,,,,
1999-04-26,827.84,,6.9295,106.83,,,,,,,,,,,,,,,,,,,,,
1999-04-27,827.93,,6.9574,106.86,,,,,,,,,,,,,,,,,,,,,
1999-04-28,827.94,,6.9283,106.86,,,,,,,,,,,,,,,,,,,,,
1999-04-29,827.91,,6.9277,106.84,,,,,,,,,,,,,,,,,,,,,
1999-04-30,827.94,,6.9532,106.83,,,,,,,,,,,,,,,,,,,,,
1999-05-04,827.9,,6.942,106.82,,,,,,,,,,,,,,,,,,,,,
1999-05-05,827.89,,6.8752,106.76,,,,,,,,,,,,,,,,,,,,,
1999-05-06,827.89,,6.8404,106.75,,,,,,,,,,,,,,,,,,,,,
1999-05-07,827.86,,6.8883,106.76,,,,,,,,,,,,,,,,,,,,,
1999-05-10,827.83,,6.8631,106.79,,,,,,,,,,,,,,,,,,,,,
1999-05-11,827.87,,6.8393,106.73,,,,,,,,,,,,,,,,,,,,,
1999-05-12,827.82,,6.8648,106.75,,,,,,,,,,,,,,,,,,,,,
1999-05-13,827.83,,6.8468,106.73,,,,,,,,,,,,,,,,,,,,,
1999-05-14,827.78,,6.8419,106.73,,,,,,,,,,,,,,,,,,,,,
1999-05-17,827.84,,6.7846,106.8,,,,,,,,,,,,,,,,,,,,,
1999-05-18,827.85,,6.7142,106.75,,,,,,,,,,,,,,,,,,,,,
1999-05-19,827.9,,6.7029,106.74,,,,,,,,,,,,,,,,,,,,,
1999-05-20,827.83,,6.6889,106.74,,,,,,,,,,,,,,,,,,,,,
1999-05-21,827.8,,6.6512,106.71,,,,,,,,,,,,,,,,,,,,,
1999-05-24,827.8,,6.692,106.73,,,,,,,,,,,,,,,,,,,,,
1999-05-25,827.85,,6.6772,106.76,,,,,,,,,,,,,,,,,,,,,
1999-05-26,827.89,,6.7308,106.75,,,,,,,,,,,,,,,,,,,,,
1999-05-27,827.9,,6.7915,106.75,,,,,,,,,,,,,,,,,,,,,
1999-05-28,827.88,,6.7581,106.73,,,,,,,,,,,,,,,,,,,,,
1999-05-31,827.86,,6.8511,106.73,,,,,,,,,,,,,,,,,,,,,
1999-06-01,827.84,,6.8124,106.76,,,,,,,,,,,,,,,,,,,,,
1999-06-02,827.81,,6.7872,106.79,,,,,,,,,,,,,,,,,,,,,
1999-06-03,827.87,,6.8577,106.69,,,,,,,,,,,,,,,,,,,,,
1999-06-04,827.84,,6.7911,106.68,,,,,,,,,,,,,,,,,,,,,
1999-06-07,827.81,,6.8095,106.68,,,,,,,,,,,,,,,,,,,,,
1999-06-08,827.81,,6.7927,106.64,,,,,,,,,,,,,,,,,,,,,
1999-06-09,827.79,,6.8253,106.66,,,,,,,,,,,,,,,,,,,,,
1999-06-10,827.78,,6.9369,106.66,,,,,,,,,,,,,,,,,,,,,
1999-06-11,827.77,,6.9757,106.7,,,,,,,,,,,,,,,,,,,,,
1999-06-14,827.77,,6.9669,106.69,,,,,,,,,,,,,,,,,,,,,
1999-06-15,827.76,,6.8972,106.79,,,,,,,,,,,,,,,,,,,,,
1999-06-16,827.81,,6.8702,106.72,,,,,,,,,,,,,,,,,,,,,
1999-06-17,827.76,,6.8617,106.7,,,,,,,,,,,,,,,,,,,,,
1999-06-18,827.75,,6.8907,106.69,,,,,,,,,,,,,,,,,,,,,
1999-06-21,827.74,,6.9229,106.66,,,,,,,,,,,,,,,,,,,,,
1999-06-22,827.78,,6.7705,106.65,,,,,,,,,,,,,,,,,,,,,
1999-06-23,827.81,,6.7782,106.66,,,,,,,,,,,,,,,,,,,,,
1999-06-24,827.84,,6.7786,106.66,,,,,,,,,,,,,,,,,,,,,
1999-06-25,827.79,,6.7856,106.67,,,,,,,,,,,,,,,,,,,,,
1999-06-28,827.75,,6.7898,106.76,,,,,,,,,,,,,,,,,,,,,
1999-06-29,827.8,,6.8292,106.66,,,,,,,,,,,,,,,,,,,,,
1999-06-30,827.86,,6.8196,106.66,,,,,,,,,,,,,,,,,,,,,
1999-07-01,827.87,,6.845,106.64,,,,,,,,,,,,,,,,,,,,,
1999-07-02,827.86,,6.8399,106.65,,,,,,,,,,,,,,,,,,,,,
1999-07-05,827.85,,6.8425,106.66,,,,,,,,,,,,,,,,,,,,,
1999-07-06,827.87,,6.7851,106.64,,,,,,,,,,,,,,,,,,,,,
1999-07-07,827.82,,6.7832,106.65,,,,,,,,,,,,,,,,,,,,,
1999-07-08,827.83,,6.7783,106.66,,,,,,,,,,,,,,,,,,,,,
1999-07-09,827.81,,6.7679,106.67,,,,,,,,,,,,,,,,,,,,,
1999-07-12,827.77,,6.747,106.64,,,,,,,,,,,,,,,,,,,,,
1999-07-13,827.76,,6.7736,106.65,,,,,,,,,,,,,,,,,,,,,
1999-07-14,827.75,,6.7745,106.62,,,,,,,,,,,,,,,,,,,,,
1999-07-15,827.78,,6.8235,106.64,,,,,,,,,,,,,,,,,,,,,
1999-07-16,827.75,,6.8602,106.63,,,,,,,,,,,,,,,,,,,,,
1999-07-19,827.73,,6.8369,106.62,,,,,,,,,,,,,,,,,,,,,
1999-07-20,827.73,,6.8737,106.62,,,,,,,,,,,,,,,,,,,,,
1999-07-21,827.77,,6.9698,106.62,,,,,,,,,,,,,,,,,,,,,
1999-07-22,827.73,,6.9428,106.61,,,,,,,,,,,,,,,,,,,,,
1999-07-23,827.73,,6.9955,106.65,,,,,,,,,,,,,,,,,,,,,
1999-07-26,827.72,,7.0537,106.67,,,,,,,,,,,,,,,,,,,,,
1999-07-27,827.7,,7.0643,106.61,,,,,,,,,,,,,,,,,,,,,
1999-07-28,827.7,,7.0958,106.59,,,,,,,,,,,,,,,,,,,,,
1999-07-29,827.7,,7.1057,106.59,,,,,,,,,,,,,,,,,,,,,
1999-07-30,827.73,,7.1451,106.58,,,,,,,,,,,,,,,,,,,,,
1999-08-02,827.74,,7.1703,106.58,,,,,,,,,,,,,,,,,,,,,
1999-08-03,827.72,,7.2278,106.59,,,,,,,,,,,,,,,,,,,,,
1999-08-04,827.73,,7.2122,106.59,,,,,,,,,,,,,,,,,,,,,
1999-08-05,827.74,,7.1848,106.58,,,,,,,,,,,,,,,,,,,,,
1999-08-06,827.74,,7.2383,106.58,,,,,,,,,,,,,,,,,,,,,
1999-08-09,827.73,,7.2208,106.58,,,,,,,,,,,,,,,,,,,,,
1999-08-10,827.74,,7.1762,106.6,,,,,,,,,,,,,,,,,,,,,
1999-08-11,827.72,,7.1767,106.57,,,,,,,,,,,,,,,,,,,,,
1999-08-12,827.71,,7.2055,106.57,,,,,,,,,,,,,,,,,,,,,
1999-08-13,827.71,,7.1605,106.56,,,,,,,,,,,,,,,,,,,,,
1999-08-16,827.7,,7.2102,106.57,,,,,,,,,,,,,,,,,,,,,
1999-08-17,827.74,,7.2099,106.55,,,,,,,,,,,,,,,,,,,,,
1999-08-18,827.7,,7.2039,106.62,,,,,,,,,,,,,,,,,,,,,
1999-08-19,827.72,,7.2565,106.62,,,,,,,,,,,,,,,,,,,,,
1999-08-20,827.74,,7.3993,106.57,,,,,,,,,,,,,,,,,,,,,
1999-08-23,827.74,,7.3929,106.55,,,,,,,,,,,,,,,,,,,,,
1999-08-24,827.72,,7.4511,106.61,,,,,,,,,,,,,,,,,,,,,
1999-08-25,827.75,,7.3429,106.6,,,,,,,,,,,,,,,,,,,,,
1999-08-26,827.73,,7.4486,106.56,,,,,,,,,,,,,,,,,,,,,
1999-08-27,827.73,,7.4447,106.56,,,,,,,,,,,,,,,,,,,,,
1999-08-30,827.73,,7.4088,106.55,,,,,,,,,,,,,,,,,,,,,
1999-08-31,827.71,,7.45,106.55,,,,,,,,,,,,,,,,,,,,,
1999-09-01,827.7,,7.4712,106.59,,,,,,,,,,,,,,,,,,,,,
1999-09-02,827.71,,7.5568,106.57,,,,,,,,,,,,,,,,,,,,,
1999-09-03,827.73,,7.5882,106.56,,,,,,,,,,,,,,,,,,,,,
1999-09-06,827.75,,7.5251,106.54,,,,,,,,,,,,,,,,,,,,,
1999-09-07,827.76,,7.5587,106.54,,,,,,,,,,,,,,,,,,,,,
1999-09-08,827.76,,7.5459,106.54,,,,,,,,,,,,,,,,,,,,,
1999-09-09,827.76,,7.4637,106.53,,,,,,,,,,,,,,,,,,,,,
1999-09-10,827.74,,7.5779,106.53,,,,,,,,,,,,,,,,,,,,,
1999-09-13,827.74,,7.5443,106.64,,,,,,,,,,,,,,,,,,,,,
1999-09-14,827.72,,7.6428,106.54,,,,,,,,,,,,,,,,,,,,,
1999-09-15,827.75,,7.7561,106.53,,,,,,,,,,,,,,,,,,,,,
1999-09-16,827.73,,7.8437,106.54,,,,,,,,,,,,,,,,,,,,,
1999-09-17,827.71,,7.8856,106.55,,,,,,,,,,,,,,,,,,,,,
1999-09-20,827.73,,7.852,106.56,,,,,,,,,,,,,,,,,,,,,
1999-09-21,827.75,,7.6691,106.56,,,,,,,,,,,,,,,,,,,,,
1999-09-22,827.75,,7.7178,106.59,,,,,,,,,,,,,,,,,,,,,
1999-09-24,827.76,,7.9592,106.52,,,,,,,,,,,,,,,,,,,,,
1999-09-27,827.75,,7.9438,106.55,,,,,,,,,,,,,,,,,,,,,
1999-09-28,827.75,,7.8922,106.59,,,,,,,,,,,,,,,,,,,,,
1999-09-29,827.75,,7.8314,106.58,,,,,,,,,,,,,,,,,,,,,
1999-09-30,827.75,,7.7881,106.54,,,,,,,,,,,,,,,,,,,,,
1999-10-08,827.78,,7.7444,106.53,,,,,,,,,,,,,,,,,,,,,
1999-10-09,827.8,,7.6845,106.52,,,,,,,,,,,,,,,,,,,,,
1999-10-10,827.77,,7.7162,106.51,,,,,,,,,,,,,,,,,,,,,
1999-10-11,827.74,,7.7382,106.51,,,,,,,,,,,,,,,,,,,,,
1999-10-12,827.72,,7.7353,106.52,,,,,,,,,,,,,,,,,,,,,
1999-10-13,827.73,,7.7652,106.55,,,,,,,,,,,,,,,,,,,,,
1999-10-14,827.77,,7.7792,106.5,,,,,,,,,,,,,,,,,,,,,
1999-10-15,827.74,,7.7578,106.49,,,,,,,,,,,,,,,,,,,,,
1999-10-18,827.75,,7.743,106.49,,,,,,,,,,,,,,,,,,,,,
1999-10-19,827.74,,7.8528,106.49,,,,,,,,,,,,,,,,,,,,,
1999-10-20,827.73,,7.8477,106.48,,,,,,,,,,,,,,,,,,,,,
1999-10-21,827.74,,7.795,106.48,,,,,,,,,,,,,,,,,,,,,
1999-10-22,827.72,,7.7942,106.48,,,,,,,,,,,,,,,,,,,,,
1999-10-25,827.73,,7.84,106.53,,,,,,,,,,,,,,,,,,,,,
1999-10-26,827.7,,7.8313,106.47,,,,,,,,,,,,,,,,,,,,,
1999-10-27,827.73,,7.877,106.51,,,,,,,,,,,,,,,,,,,,,
1999-10-28,827.75,,7.9454,106.52,,,,,,,,,,,,,,,,,,,,,
1999-10-29,827.76,,7.9527,106.56,,,,,,,,,,,,,,,,,,,,,
1999-11-01,827.78,,7.8785,106.53,,,,,,,,,,,,,,,,,,,,,
1999-11-02,827.79,,7.9507,106.52,,,,,,,,,,,,,,,,,,,,,
1999-11-03,827.81,,7.9256,106.51,,,,,,,,,,,,,,,,,,,,,
1999-11-04,827.81,,7.9551,106.54,,,,,,,,,,,,,,,,,,,,,
1999-11-05,827.8,,7.8642,106.57,,,,,,,,,,,,,,,,,,,,,
1999-11-08,827.79,,7.8913,106.45,,,,,,,,,,,,,,,,,,,,,
1999-11-09,827.79,,7.7966,106.48,,,,,,,,,,,,,,,,,,,,,
1999-11-10,827.8,,7.8632,106.48,,,,,,,,,,,,,,,,,,,,,
1999-11-11,827.81,,7.8995,106.52,,,,,,,,,,,,,,,,,,,,,
1999-11-12,827.82,,7.8745,106.52,,,,,,,,,,,,,,,,,,,,,
1999-11-15,827.8,,7.8931,106.53,,,,,,,,,,,,,,,,,,,,,
1999-11-16,827.81,,7.9025,106.46,,,,,,,,,,,,,,,,,,,,,
1999-11-17,827.81,,7.8701,106.45,,,,,,,,,,,,,,,,,,,,,
1999-11-18,827.81,,7.8209,106.52,,,,,,,,,,,,,,,,,,,,,
1999-11-19,827.84,,7.835,106.46,,,,,,,,,,,,,,,,,,,,,
1999-11-22,827.85,,7.8109,106.49,,,,,,,,,,,,,,,,,,,,,
1999-11-23,827.85,,7.7832,106.45,,,,,,,,,,,,,,,,,,,,,
1999-11-24,827.84,,7.9032,106.46,,,,,,,,,,,,,,,,,,,,,
1999-11-25,827.85,,7.9211,106.48,,,,,,,,,,,,,,,,,,,,,
1999-11-26,827.85,,7.9368,106.54,,,,,,,,,,,,,,,,,,,,,
1999-11-29,827.85,,7.9435,106.49,,,,,,,,,,,,,,,,,,,,,
1999-11-30,827.89,,8.0203,106.51,,,,,,,,,,,,,,,,,,,,,
1999-12-01,827.89,,8.1049,106.56,,,,,,,,,,,,,,,,,,,,,
1999-12-02,827.89,,8.0939,106.5,,,,,,,,,,,,,,,,,,,,,
1999-12-03,827.88,,8.0768,106.5,,,,,,,,,,,,,,,,,,,,,
1999-12-06,827.87,,8.0636,106.49,,,,,,,,,,,,,,,,,,,,,
1999-12-07,827.9,,8.0715,106.41,,,,,,,,,,,,,,,,,,,,,
1999-12-08,827.9,,8.036,106.43,,,,,,,,,,,,,,,,,,,,,
1999-12-09,827.95,,8.0662,106.44,,,,,,,,,,,,,,,,,,,,,
1999-12-10,827.95,,8.036,106.48,,,,,,,,,,,,,,,,,,,,,
1999-12-13,827.95,,8.073,106.44,,,,,,,,,,,,,,,,,,,,,
1999-12-14,827.95,,8.0755,106.47,,,,,,,,,,,,,,,,,,,,,
1999-12-15,827.94,,8.0342,106.43,,,,,,,,,,,,,,,,,,,,,
1999-12-16,827.94,,7.9987,106.44,,,,,,,,,,,,,,,,,,,,,
1999-12-17,827.94,,7.9951,106.45,,,,,,,,,,,,,,,,,,,,,
1999-12-21,827.94,,8.0271,106.44,,,,,,,,,,,,,,,,,,,,,
1999-12-22,827.96,,8.072,106.53,,,,,,,,,,,,,,,,,,,,,
1999-12-23,827.96,,8.1011,106.5,,,,,,,,,,,,,,,,,,,,,
1999-12-24,827.95,,8.1667,106.53,,,,,,,,,,,,,,,,,,,,,
1999-12-27,827.94,,8.0928,106.52,,,,,,,,,,,,,,,,,,,,,
1999-12-28,827.96,,8.0506,106.62,,,,,,,,,,,,,,,,,,,,,
1999-12-29,827.97,,8.1066,106.5,,,,,,,,,,,,,,,,,,,,,
1999-12-30,827.93,,8.0933,106.51,,,,,,,,,,,,,,,,,,,,,
2000-01-03,827.95,,8.0358,106.49,,,,,,,,,,,,,,,,,,,,,
2000-01-04,827.98,,8.1176,106.47,,,,,,,,,,,,,,,,,,,,,
2000-01-05,827.99,,8.0744,106.44,,,,,,,,,,,,,,,,,,,,,
2000-01-06,827.98,,8.0452,106.5,,,,,,,,,,,,,,,,,,,,,
2000-01-07,827.97,,7.9343,106.44,,,,,,,,,,,,,,,,,,,,,
2000-01-10,827.94,,7.8605,106.41,,,,,,,,,,,,,,,,,,,,,
2000-01-11,827.94,,7.8995,106.4,,,,,,,,,,,,,,,,,,,,,
2000-01-12,827.95,,7.8633,106.4,,,,,,,,,,,,,,,,,,,,,
2000-01-13,827.96,,7.8169,106.38,,,,,,,,,,,,,,,,,,,,,
2000-01-14,827.98,,7.8452,106.39,,,,,,,,,,,,,,,,,,,,,
2000-01-17,827.97,,7.7899,106.4,,,,,,,,,,,,,,,,,,,,,
2000-01-18,827.93,,7.8578,106.39,,,,,,,,,,,,,,,,,,,,,
2000-01-19,827.93,,7.8819,106.47,,,,,,,,,,,,,,,,,,,,,
2000-01-20,827.97,,7.8329,106.45,,,,,,,,,,,,,,,,,,,,,
2000-01-21,827.94,,7.8563,106.49,,,,,,,,,,,,,,,,,,,,,
2000-01-24,827.95,,7.8738,106.45,,,,,,,,,,,,,,,,,,,,,
2000-01-25,827.89,,7.8716,106.38,,,,,,,,,,,,,,,,,,,,,
2000-01-26,827.86,,7.835,106.43,,,,,,,,,,,,,,,,,,,,,
2000-01-27,827.82,,7.8229,106.42,,,,,,,,,,,,,,,,,,,,,
2000-01-28,827.83,,7.8341,106.36,,,,,,,,,,,,,,,,,,,,,
2000-01-31,827.81,,7.8758,106.35,,,,,,,,,,,,,,,,,,,,,
2000-02-01,827.77,,7.7585,106.41,,,,,,,,,,,,,,,,,,,,,
2000-02-02,827.74,,7.7082,106.37,,,,,,,,,,,,,,,,,,,,,
2000-02-03,827.73,,7.6218,106.32,,,,,,,,,,,,,,,,,,,,,
2000-02-04,827.81,,7.6627,105.3,,,,,,,,,,,,,,,,,,,,,
2000-02-12,827.88,,7.6629,105.3,,,,,,,,,,,,,,,,,,,,,
2000-02-13,827.84,,7.5863,105.3,,,,,,,,,,,,,,,,,,,,,
2000-02-14,827.81,,7.5653,106.18,,,,,,,,,,,,,,,,,,,,,
2000-02-15,827.79,,7.6011,106.31,,,,,,,,,,,,,,,,,,,,,
2000-02-16,827.77,,7.6044,106.31,,,,,,,,,,,,,,,,,,,,,
2000-02-17,827.77,,7.5733,106.33,,,,,,,,,,,,,,,,,,,,,
2000-02-18,827.72,,7.5442,106.31,,,,,,,,,,,,,,,,,,,,,
2000-02-21,827.72,,7.4671,106.33,,,,,,,,,,,,,,,,,,,,,
2000-02-22,827.75,,7.4791,106.34,,,,,,,,,,,,,,,,,,,,,
2000-02-23,827.73,,7.4194,106.34,,,,,,,,,,,,,,,,,,,,,
2000-02-24,827.8,,7.4909,106.33,,,,,,,,,,,,,,,,,,,,,
2000-02-25,827.8,,7.4357,106.39,,,,,,,,,,,,,,,,,,,,,
2000-02-28,827.86,,7.4741,106.33,,,,,,,,,,,,,,,,,,,,,
2000-02-29,827.86,,7.5442,106.38,,,,,,,,,,,,,,,,,,,,,
2000-03-01,827.86,,7.5138,106.32,,,,,,,,,,,,,,,,,,,,,
2000-03-02,827.86,,7.5823,106.32,,,,,,,,,,,,,,,,,,,,,
2000-03-03,827.87,,7.6992,106.32,,,,,,,,,,,,,,,,,,,,,
2000-03-06,827.89,,7.7051,106.32,,,,,,,,,,,,,,,,,,,,,
2000-03-07,827.85,,7.704,106.37,,,,,,,,,,,,,,,,,,,,,
2000-03-08,827.84,,7.6832,106.32,,,,,,,,,,,,,,,,,,,,,
2000-03-09,827.86,,7.7119,106.32,,,,,,,,,,,,,,,,,,,,,
2000-03-10,827.87,,7.7444,106.35,,,,,,,,,,,,,,,,,,,,,
2000-03-13,827.85,,7.7641,106.31,,,,,,,,,,,,,,,,,,,,,
2000-03-14,827.81,,7.8163,106.29,,,,,,,,,,,,,,,,,,,,,
2000-03-15,827.8,,7.831,106.32,,,,,,,,,,,,,,,,,,,,,
2000-03-16,827.78,,7.8821,106.31,,,,,,,,,,,,,,,,,,,,,
2000-03-17,827.77,,7.8477,106.25,,,,,,,,,,,,,,,,,,,,,
2000-03-20,827.85,,7.8122,106.27,,,,,,,,,,,,,,,,,,,,,
2000-03-21,827.86,,7.7657,106.27,,,,,,,,,,,,,,,,,,,,,
2000-03-22,827.83,,7.7626,106.27,,,,,,,,,,,,,,,,,,,,,
2000-03-23,827.83,,7.7502,106.28,,,,,,,,,,,,,,,,,,,,,
2000-03-24,827.87,,7.7047,106.32,,,,,,,,,,,,,,,,,,,,,
2000-03-27,827.89,,7.7034,106.33,,,,,,,,,,,,,,,,,,,,,
2000-03-28,827.92,,7.7428,106.04,,,,,,,,,,,,,,,,,,,,,
2000-03-29,827.95,,7.7791,106.34,,,,,,,,,,,,,,,,,,,,,
2000-03-30,827.89,,7.8065,106.31,,,,,,,,,,,,,,,,,,,,,
2000-03-31,827.88,,7.8373,106.37,,,,,,,,,,,,,,,,,,,,,
2000-04-03,827.87,,7.8464,106.31,,,,,,,,,,,,,,,,,,,,,
2000-04-04,827.86,,7.8585,106.27,,,,,,,,,,,,,,,,,,,,,
2000-04-05,827.91,,7.8768,106.34,,,,,,,,,,,,,,,,,,,,,
2000-04-06,827.95,,7.8693,106.32,,,,,,,,,,,,,,,,,,,,,
2000-04-07,827.95,,7.8984,106.26,,,,,,,,,,,,,,,,,,,,,
2000-04-10,827.95,,7.8879,106.28,,,,,,,,,,,,,,,,,,,,,
2000-04-11,827.98,,7.8021,106.29,,,,,,,,,,,,,,,,,,,,,
2000-04-12,827.91,,7.7702,106.27,,,,,,,,,,,,,,,,,,,,,
2000-04-13,827.96,,7.7541,106.27,,,,,,,,,,,,,,,,,,,,,
2000-04-14,827.94,,7.8158,106.28,,,,,,,,,,,,,,,,,,,,,
2000-04-17,827.94,,7.8153,106.28,,,,,,,,,,,,,,,,,,,,,
2000-04-18,827.94,,7.9461,106.25,,,,,,,,,,,,,,,,,,,,,
2000-04-19,827.9,,7.9218,106.28,,,,,,,,,,,,,,,,,,,,,
2000-04-20,827.93,,7.8853,106.29,,,,,,,,,,,,,,,,,,,,,
2000-04-21,827.91,,7.8977,106.32,,,,,,,,,,,,,,,,,,,,,
2000-04-24,827.85,,7.8265,106.21,,,,,,,,,,,,,,,,,,,,,
2000-04-25,827.86,,7.8159,106.2,,,,,,,,,,,,,,,,,,,,,
2000-04-26,827.91,,7.8582,106.27,,,,,,,,,,,,,,,,,,,,,
2000-04-27,827.95,,7.8293,106.27,,,,,,,,,,,,,,,,,,,,,
2000-04-28,827.98,,7.7991,106.27,,,,,,,,,,,,,,,,,,,,,
2000-04-29,827.99,,7.778,106.26,,,,,,,,,,,,,,,,,,,,,
2000-04-30,827.95,,7.7166,106.26,,,,,,,,,,,,,,,,,,,,,
2000-05-08,827.99,,7.7474,106.27,,,,,,,,,,,,,,,,,,,,,
2000-05-09,827.98,,7.5995,106.21,,,,,,,,,,,,,,,,,,,,,
2000-05-10,827.9,,7.6059,106.21,,,,,,,,,,,,,,,,,,,,,
2000-05-11,827.85,,7.5821,106.19,,,,,,,,,,,,,,,,,,,,,
2000-05-12,827.82,,7.567,106.2,,,,,,,,,,,,,,,,,,,,,
2000-05-15,827.78,,7.6528,106.21,,,,,,,,,,,,,,,,,,,,,
2000-05-16,827.77,,7.6041,106.2,,,,,,,,,,,,,,,,,,,,,
2000-05-17,827.72,,7.5718,106.2,,,,,,,,,,,,,,,,,,,,,
2000-05-18,827.68,,7.5453,106.18,,,,,,,,,,,,,,,,,,,,,
2000-05-19,827.73,,7.5839,106.16,,,,,,,,,,,,,,,,,,,,,
2000-05-22,827.68,,7.6079,106.18,,,,,,,,,,,,,,,,,,,,,
2000-05-23,827.7,,7.7248,106.24,,,,,,,,,,,,,,,,,,,,,
2000-05-24,827.68,,7.7164,106.16,,,,,,,,,,,,,,,,,,,,,
2000-05-25,827.69,,7.7622,106.16,,,,,,,,,,,,,,,,,,,,,
2000-05-26,827.73,,7.6928,106.13,,,,,,,,,,,,,,,,,,,,,
2000-05-29,827.71,,7.6641,106.13,,,,,,,,,,,,,,,,,,,,,
2000-05-30,827.68,,7.7393,106.14,,,,,,,,,,,,,,,,,,,,,
2000-05-31,827.72,,7.7442,106.15,,,,,,,,,,,,,,,,,,,,,
2000-06-01,827.73,,7.7736,106.14,,,,,,,,,,,,,,,,,,,,,
2000-06-02,827.71,,7.6698,106.15,,,,,,,,,,,,,,,,,,,,,
2000-06-05,827.71,,7.6127,106.17,,,,,,,,,,,,,,,,,,,,,
2000-06-06,827.7,,7.6709,106.15,,,,,,,,,,,,,,,,,,,,,
2000-06-07,827.73,,7.6956,106.14,,,,,,,,,,,,,,,,,,,,,
2000-06-08,827.73,,7.7904,106.14,,,,,,,,,,,,,,,,,,,,,
2000-06-09,827.75,,7.8249,106.24,,,,,,,,,,,,,,,,,,,,,
2000-06-12,827.72,,7.7939,106.26,,,,,,,,,,,,,,,,,,,,,
2000-06-13,827.71,,7.7371,106.15,,,,,,,,,,,,,,,,,,,,,
2000-06-14,827.7,,7.7375,106.16,,,,,,,,,,,,,,,,,,,,,
2000-06-15,827.68,,7.7331,106.22,,,,,,,,,,,,,,,,,,,,,
2000-06-16,827.68,,7.8251,106.14,,,,,,,,,,,,,,,,,,,,,
2000-06-19,827.68,,7.7654,106.14,,,,,,,,,,,,,,,,,,,,,
2000-06-20,827.68,,7.79,106.15,,,,,,,,,,,,,,,,,,,,,
2000-06-21,827.7,,7.8201,106.12,,,,,,,,,,,,,,,,,,,,,
2000-06-22,827.72,,7.8351,106.15,,,,,,,,,,,,,,,,,,,,,
2000-06-23,827.71,,7.8575,106.14,,,,,,,,,,,,,,,,,,,,,
2000-06-26,827.69,,7.9003,106.14,,,,,,,,,,,,,,,,,,,,,
2000-06-27,827.73,,7.9198,106.15,,,,,,,,,,,,,,,,,,,,,
2000-06-28,827.74,,7.845,106.12,,,,,,,,,,,,,,,,,,,,,
2000-06-29,827.75,,7.8528,106.58,,,,,,,,,,,,,,,,,,,,,
2000-06-30,827.8,,7.8791,106.24,,,,,,,,,,,,,,,,,,,,,
2000-07-03,827.82,,7.8406,106.14,,,,,,,,,,,,,,,,,,,,,
2000-07-04,827.86,,7.8062,106.13,,,,,,,,,,,,,,,,,,,,,
2000-07-05,827.89,,7.7771,106.12,,,,,,,,,,,,,,,,,,,,,
2000-07-06,827.87,,7.7985,106.12,,,,,,,,,,,,,,,,,,,,,
2000-07-07,827.91,,7.7366,106.15,,,,,,,,,,,,,,,,,,,,,
2000-07-10,827.93,,7.7026,106.19,,,,,,,,,,,,,,,,,,,,,
2000-07-11,827.95,,7.6985,106.14,,,,,,,,,,,,,,,,,,,,,
2000-07-12,827.94,,7.7293,106.2,,,,,,,,,,,,,,,,,,,,,
2000-07-13,827.95,,7.7123,106.2,,,,,,,,,,,,,,,,,,,,,
2000-07-14,827.91,,7.6507,106.17,,,,,,,,,,,,,,,,,,,,,
2000-07-17,827.96,,7.6455,106.15,,,,,,,,,,,,,,,,,,,,,
2000-07-18,827.91,,7.6546,106.2,,,,,,,,,,,,,,,,,,,,,
2000-07-19,827.96,,7.6539,106.13,,,,,,,,,,,,,,,,,,,,,
2000-07-20,827.96,,7.6449,106.22,,,,,,,,,,,,,,,,,,,,,
2000-07-21,827.96,,7.6543,106.18,,,,,,,,,,,,,,,,,,,,,
2000-07-24,827.95,,7.6778,106.19,,,,,,,,,,,,,,,,,,,,,
2000-07-25,827.98,,7.6034,106.19,,,,,,,,,,,,,,,,,,,,,
2000-07-26,827.97,,7.6138,106.18,,,,,,,,,,,,,,,,,,,,,
2000-07-27,827.96,,7.5923,106.19,,,,,,,,,,,,,,,,,,,,,
2000-07-28,827.93,,7.5753,106.16,,,,,,,,,,,,,,,,,,,,,
2000-07-31,827.94,,7.5995,106.16,,,,,,,,,,,,,,,,,,,,,
2000-08-01,827.92,,7.5624,106.16,,,,,,,,,,,,,,,,,,,,,
2000-08-02,827.88,,7.5459,106.12,,,,,,,,,,,,,,,,,,,,,
2000-08-03,827.91,,7.6027,106.11,,,,,,,,,,,,,,,,,,,,,
2000-08-04,827.96,,7.5844,106.12,,,,,,,,,,,,,,,,,,,,,
2000-08-07,827.98,,7.6287,106.14,,,,,,,,,,,,,,,,,,,,,
2000-08-08,827.99,,7.6105,106.11,,,,,,,,,,,,,,,,,,,,,
2000-08-09,827.99,,7.5875,106.11,,,,,,,,,,,,,,,,,,,,,
2000-08-10,827.98,,7.6204,106.07,,,,,,,,,,,,,,,,,,,,,
2000-08-11,827.99,,7.6834,106.14,,,,,,,,,,,,,,,,,,,,,
2000-08-14,827.96,,7.6247,106.11,,,,,,,,,,,,,,,,,,,,,
2000-08-15,827.95,,7.6046,106.09,,,,,,,,,,,,,,,,,,,,,
2000-08-16,827.88,,7.5545,106.1,,,,,,,,,,,,,,,,,,,,,
2000-08-17,827.97,,7.5876,106.14,,,,,,,,,,,,,,,,,,,,,
2000-08-18,827.99,,7.6288,106.11,,,,,,,,,,,,,,,,,,,,,
2000-08-21,827.97,,7.601,106.16,,,,,,,,,,,,,,,,,,,,,
2000-08-22,827.99,,7.6526,106.14,,,,,,,,,,,,,,,,,,,,,
2000-08-23,827.99,,7.6318,106.17,,,,,,,,,,,,,,,,,,,,,
2000-08-24,827.93,,7.7038,106.12,,,,,,,,,,,,,,,,,,,,,
2000-08-25,827.99,,7.7253,106.16,,,,,,,,,,,,,,,,,,,,,
2000-08-28,827.99,,7.7426,106.16,,,,,,,,,,,,,,,,,,,,,
2000-08-29,827.99,,7.7791,106.1,,,,,,,,,,,,,,,,,,,,,
2000-08-30,827.99,,7.7697,106.1,,,,,,,,,,,,,,,,,,,,,
2000-08-31,827.88,,7.7767,106.09,,,,,,,,,,,,,,,,,,,,,
2000-09-01,827.86,,7.7831,106.1,,,,,,,,,,,,,,,,,,,,,
2000-09-04,827.87,,7.7717,106.1,,,,,,,,,,,,,,,,,,,,,
2000-09-05,827.86,,7.8135,106.12,,,,,,,,,,,,,,,,,,,,,
2000-09-06,827.9,,7.7792,106.12,,,,,,,,,,,,,,,,,,,,,
2000-09-07,827.94,,7.8291,106.11,,,,,,,,,,,,,,,,,,,,,
2000-09-08,827.9,,7.8098,106.11,,,,,,,,,,,,,,,,,,,,,
2000-09-11,827.94,,7.8537,106.1,,,,,,,,,,,,,,,,,,,,,
2000-09-12,827.86,,7.7878,106.08,,,,,,,,,,,,,,,,,,,,,
2000-09-13,827.87,,7.7838,106.07,,,,,,,,,,,,,,,,,,,,,
2000-09-14,827.77,,7.7415,106.11,,,,,,,,,,,,,,,,,,,,,
2000-09-15,827.73,,7.7245,106.09,,,,,,,,,,,,,,,,,,,,,
2000-09-18,827.71,,7.7146,106.04,,,,,,,,,,,,,,,,,,,,,
2000-09-19,827.72,,7.7185,106.05,,,,,,,,,,,,,,,,,,,,,
2000-09-20,827.79,,7.7404,106.08,,,,,,,,,,,,,,,,,,,,,
2000-09-21,827.75,,7.7396,106.11,,,,,,,,,,,,,,,,,,,,,
2000-09-22,827.78,,7.7571,106.14,,,,,,,,,,,,,,,,,,,,,
2000-09-25,827.87,,7.7441,106.17,,,,,,,,,,,,,,,,,,,,,
2000-09-26,827.93,,7.6952,106.1,,,,,,,,,,,,,,,,,,,,,
2000-09-27,827.91,,7.7051,106.15,,,,,,,,,,,,,,,,,,,,,
2000-09-28,827.95,,7.7057,106.14,,,,,,,,,,,,,,,,,,,,,
2000-09-29,827.99,,7.7125,106.15,,,,,,,,,,,,,,,,,,,,,
2000-09-30,827.98,,7.6825,106.14,,,,,,,,,,,,,,,,,,,,,
2000-10-08,827.9,,7.5648,106.1,,,,,,,,,,,,,,,,,,,,,
2000-10-09,827.96,,7.5405,106.07,,,,,,,,,,,,,,,,,,,,,
2000-10-10,827.9,,7.5894,106.12,,,,,,,,,,,,,,,,,,,,,
2000-10-11,827.89,,7.6173,106.11,,,,,,,,,,,,,,,,,,,,,
2000-10-12,827.86,,7.6608,106.1,,,,,,,,,,,,,,,,,,,,,
2000-10-13,827.86,,7.6703,106.11,,,,,,,,,,,,,,,,,,,,,
2000-10-16,827.84,,7.6811,106.12,,,,,,,,,,,,,,,,,,,,,
2000-10-17,827.81,,7.6828,106.12,,,,,,,,,,,,,,,,,,,,,
2000-10-18,827.84,,7.6569,106.1,,,,,,,,,,,,,,,,,,,,,
2000-10-19,827.81,,7.6581,106.11,,,,,,,,,,,,,,,,,,,,,
2000-10-20,827.8,,7.6832,106.16,,,,,,,,,,,,,,,,,,,,,
2000-10-23,827.78,,7.6269,106.1,,,,,,,,,,,,,,,,,,,,,
2000-10-24,827.84,,7.592,106.1,,,,,,,,,,,,,,,,,,,,,
2000-10-25,827.84,,7.6315,106.11,,,,,,,,,,,,,,,,,,,,,
2000-10-26,827.82,,7.6635,106.12,,,,,,,,,,,,,,,,,,,,,
2000-10-27,827.85,,7.6417,106.12,,,,,,,,,,,,,,,,,,,,,
2000-10-30,827.88,,7.644,106.11,,,,,,,,,,,,,,,,,,,,,
2000-10-31,827.8,,7.6146,106.07,,,,,,,,,,,,,,,,,,,,,
2000-11-01,827.75,,7.5983,106.09,,,,,,,,,,,,,,,,,,,,,
2000-11-02,827.73,,7.6002,106.1,,,,,,,,,,,,,,,,,,,,,
2000-11-03,827.7,,7.643,106.09,,,,,,,,,,,,,,,,,,,,,
2000-11-06,827.68,,7.651,106.1,,,,,,,,,,,,,,,,,,,,,
2000-11-07,827.71,,7.7199,106.1,,,,,,,,,,,,,,,,,,,,,
2000-11-08,827.69,,7.6929,106.05,,,,,,,,,,,,,,,,,,,,,
2000-11-09,827.72,,7.7235,106.14,,,,,,,,,,,,,,,,,,,,,
2000-11-10,827.68,,7.7022,106.04,,,,,,,,,,,,,,,,,,,,,
2000-11-13,827.72,,7.6715,106.04,,,,,,,,,,,,,,,,,,,,,
2000-11-14,827.68,,7.6574,106.07,,,,,,,,,,,,,,,,,,,,,
2000-11-15,827.73,,7.6782,106.11,,,,,,,,,,,,,,,,,,,,,
2000-11-16,827.68,,7.6578,106.08,,,,,,,,,,,,,,,,,,,,,
2000-11-17,827.73,,7.6089,106.06,,,,,,,,,,,,,,,,,,,,,
2000-11-20,827.69,,7.6086,106.06,,,,,,,,,,,,,,,,,,,,,
2000-11-21,827.79,,7.5873,106.07,,,,,,,,,,,,,,,,,,,,,
2000-11-22,827.86,,7.525,106.08,,,,,,,,,,,,,,,,,,,,,
2000-11-23,827.82,,7.5167,106.07,,,,,,,,,,,,,,,,,,,,,
2000-11-24,827.8,,7.5076,106.08,,,,,,,,,,,,,,,,,,,,,
2000-11-27,827.79,,7.4837,106.07,,,,,,,,,,,,,,,,,,,,,
2000-11-28,827.8,,7.4381,106.08,,,,,,,,,,,,,,,,,,,,,
2000-11-29,827.77,,7.4961,106.08,,,,,,,,,,,,,,,,,,,,,
2000-11-30,827.74,,7.5158,106.11,,,,,,,,,,,,,,,,,,,,,
2000-12-01,827.77,,7.4521,106.1,,,,,,,,,,,,,,,,,,,,,
2000-12-04,827.75,,7.4967,106.1,,,,,,,,,,,,,,,,,,,,,
2000-12-05,827.71,,7.4495,106.1,,,,,,,,,,,,,,,,,,,,,
2000-12-06,827.7,,7.4481,106.09,,,,,,,,,,,,,,,,,,,,,
2000-12-07,827.7,,7.4635,106.07,,,,,,,,,,,,,,,,,,,,,
2000-12-08,827.7,,7.4868,106.08,,,,,,,,,,,,,,,,,,,,,
2000-12-11,827.69,,7.4789,106.07,,,,,,,,,,,,,,,,,,,,,
2000-12-12,827.73,,7.4561,106.08,,,,,,,,,,,,,,,,,,,,,
2000-12-13,827.71,,7.4513,106.09,,,,,,,,,,,,,,,,,,,,,
2000-12-14,827.7,,7.4037,106.08,,,,,,,,,,,,,,,,,,,,,
2000-12-15,827.68,,7.3612,106.09,,,,,,,,,,,,,,,,,,,,,
2000-12-18,827.68,,7.3502,106.09,,,,,,,,,,,,,,,,,,,,,
2000-12-19,827.74,,7.3564,106.09,,,,,,,,,,,,,,,,,,,,,
2000-12-20,827.72,,7.3743,106.07,,,,,,,,,,,,,,,,,,,,,
2000-12-21,827.69,,7.3433,106.07,,,,,,,,,,,,,,,,,,,,,
2000-12-22,827.68,,7.3034,106.06,,,,,,,,,,,,,,,,,,,,,
2000-12-25,827.77,,7.3542,106.06,,,,,,,,,,,,,,,,,,,,,
2000-12-26,827.7,,7.3283,106.05,,,,,,,,,,,,,,,,,,,,,
2000-12-27,827.69,,7.2902,106.05,,,,,,,,,,,,,,,,,,,,,
2000-12-28,827.7,,7.2505,106.06,,,,,,,,,,,,,,,,,,,,,
2000-12-29,827.81,,7.2422,106.06,,,,,,,,,,,,,,,,,,,,,
2001-01-02,827.74,,7.1879,106.06,,,,,,,,,,,,,,,,,,,,,
2001-01-03,827.79,,7.224,106.06,,,,,,,,,,,,,,,,,,,,,
2001-01-04,827.73,,7.2317,106.06,,,,,,,,,,,,,,,,,,,,,
2001-01-05,827.81,,7.2638,106.11,,,,,,,,,,,,,,,,,,,,,
2001-01-08,827.75,,7.0887,106.1,,,,,,,,,,,,,,,,,,,,,
2001-01-09,827.78,,7.1006,106.1,,,,,,,,,,,,,,,,,,,,,
2001-01-10,827.71,,7.1332,106.11,,,,,,,,,,,,,,,,,,,,,
2001-01-11,827.69,,7.0826,106.08,,,,,,,,,,,,,,,,,,,,,
2001-01-12,827.67,,7.0809,106.05,,,,,,,,,,,,,,,,,,,,,
2001-01-15,827.68,,7.0344,106.06,,,,,,,,,,,,,,,,,,,,,
2001-01-16,827.67,,6.9668,106.07,,,,,,,,,,,,,,,,,,,,,
2001-01-17,827.66,,6.9884,106.08,,,,,,,,,,,,,,,,,,,,,
2001-01-18,827.64,,7.0466,106.08,,,,,,,,,,,,,,,,,,,,,
2001-01-19,827.64,,6.9336,106.07,,,,,,,,,,,,,,,,,,,,,
2001-01-20,827.64,,7.0399,106.03,,,,,,,,,,,,,,,,,,,,,
2001-01-21,827.62,,7.0329,106.04,,,,,,,,,,,,,,,,,,,,,
2001-01-22,827.62,,7.0705,106.04,,,,,,,,,,,,,,,,,,,,,
2001-01-23,827.82,,7.0948,106.04,,,,,,,,,,,,,,,,,,,,,
2001-01-31,827.86,,7.0936,106.04,,,,,,,,,,,,,,,,,,,,,
2001-02-01,827.81,,7.1148,106.05,,,,,,,,,,,,,,,,,,,,,
2001-02-02,827.72,,7.0908,106.12,,,,,,,,,,,,,,,,,,,,,
2001-02-05,827.74,,7.1613,106.06,,,,,,,,,,,,,,,,,,,,,
2001-02-06,827.7,,7.1382,106.06,,,,,,,,,,,,,,,,,,,,,
2001-02-07,827.66,,7.1817,106.06,,,,,,,,,,,,,,,,,,,,,
2001-02-08,827.65,,7.1976,106.04,,,,,,,,,,,,,,,,,,,,,
2001-02-09,827.63,,7.1066,106.05,,,,,,,,,,,,,,,,,,,,,
2001-02-12,827.64,,7.1041,106.06,,,,,,,,,,,,,,,,,,,,,
2001-02-13,827.74,,7.0273,106.06,,,,,,,,,,,,,,,,,,,,,
2001-02-14,827.65,,7.0577,106.09,,,,,,,,,,,,,,,,,,,,,
2001-02-15,827.64,,7.0891,106.07,,,,,,,,,,,,,,,,,,,,,
2001-02-16,827.72,,7.1183,106.11,,,,,,,,,,,,,,,,,,,,,
2001-02-19,827.7,,7.1427,106.11,,,,,,,,,,,,,,,,,,,,,
2001-02-20,827.66,,7.1469,106.08,,,,,,,,,,,,,,,,,,,,,
2001-02-21,827.67,,7.126,106.26,,,,,,,,,,,,,,,,,,,,,
2001-02-22,827.72,,7.161,106.16,,,,,,,,,,,,,,,,,,,,,
2001-02-23,827.69,,7.1041,106.08,,,,,,,,,,,,,,,,,,,,,
2001-02-26,827.74,,7.0928,106.09,,,,,,,,,,,,,,,,,,,,,
2001-02-27,827.76,,7.139,106.07,,,,,,,,,,,,,,,,,,,,,
2001-02-28,827.81,,7.1331,106.13,,,,,,,,,,,,,,,,,,,,,
2001-03-01,827.83,,7.1154,106.12,,,,,,,,,,,,,,,,,,,,,
2001-03-02,827.78,,7.0504,106.1,,,,,,,,,,,,,,,,,,,,,
2001-03-05,827.82,,7.0489,106.13,,,,,,,,,,,,,,,,,,,,,
2001-03-06,827.77,,6.946,106.12,,,,,,,,,,,,,,,,,,,,,
2001-03-07,827.78,,6.9632,106.14,,,,,,,,,,,,,,,,,,,,,
2001-03-08,827.73,,6.9693,106.12,,,,,,,,,,,,,,,,,,,,,
2001-03-09,827.7,,6.8793,106.1,,,,,,,,,,,,,,,,,,,,,
2001-03-12,827.74,,6.9253,106.15,,,,,,,,,,,,,,,,,,,,,
2001-03-13,827.84,,6.8615,106.13,,,,,,,,,,,,,,,,,,,,,
2001-03-14,827.83,,6.8831,106.13,,,,,,,,,,,,,,,,,,,,,
2001-03-15,827.78,,6.9027,106.09,,,,,,,,,,,,,,,,,,,,,
2001-03-16,827.76,,6.8499,106.15,,,,,,,,,,,,,,,,,,,,,
2001-03-19,827.71,,6.7681,106.12,,,,,,,,,,,,,,,,,,,,,
2001-03-20,827.72,,6.7144,106.13,,,,,,,,,,,,,,,,,,,,,
2001-03-21,827.72,,6.7355,106.13,,,,,,,,,,,,,,,,,,,,,
2001-03-22,827.71,,6.7195,106.12,,,,,,,,,,,,,,,,,,,,,
2001-03-23,827.68,,6.6956,106.15,,,,,,,,,,,,,,,,,,,,,
2001-03-26,827.73,,6.7008,106.14,,,,,,,,,,,,,,,,,,,,,
2001-03-27,827.71,,6.6999,106.11,,,,,,,,,,,,,,,,,,,,,
2001-03-28,827.73,,6.7459,106.13,,,,,,,,,,,,,,,,,,,,,
2001-03-29,827.77,,6.7833,106.15,,,,,,,,,,,,,,,,,,,,,
2001-03-30,827.79,,6.7682,106.14,,,,,,,,,,,,,,,,,,,,,
2001-04-02,827.77,,6.6532,106.14,,,,,,,,,,,,,,,,,,,,,
2001-04-03,827.76,,6.5893,106.1,,,,,,,,,,,,,,,,,,,,,
2001-04-04,827.72,,6.5468,106.13,,,,,,,,,,,,,,,,,,,,,
2001-04-05,827.71,,6.5744,106.11,,,,,,,,,,,,,,,,,,,,,
2001-04-06,827.68,,6.6241,106.11,,,,,,,,,,,,,,,,,,,,,
2001-04-09,827.67,,6.6069,106.1,,,,,,,,,,,,,,,,,,,,,
2001-04-10,827.7,,6.6376,106.08,,,,,,,,,,,,,,,,,,,,,
2001-04-11,827.69,,6.6337,106.08,,,,,,,,,,,,,,,,,,,,,
2001-04-12,827.69,,6.6717,106.12,,,,,,,,,,,,,,,,,,,,,
2001-04-13,827.72,,6.6416,106.07,,,,,,,,,,,,,,,,,,,,,
2001-04-16,827.69,,6.6668,105.53,,,,,,,,,,,,,,,,,,,,,
2001-04-17,827.69,,6.6418,106.06,,,,,,,,,,,,,,,,,,,,,
2001-04-18,827.75,,6.6541,106.14,,,,,,,,,,,,,,,,,,,,,
2001-04-19,827.68,,6.726,106.13,,,,,,,,,,,,,,,,,,,,,
2001-04-20,827.73,,6.7653,106.16,,,,,,,,,,,,,,,,,,,,,
2001-04-23,827.75,,6.7804,106.17,,,,,,,,,,,,,,,,,,,,,
2001-04-24,827.7,,6.7602,106.07,,,,,,,,,,,,,,,,,,,,,
2001-04-25,827.69,,6.7889,106.12,,,,,,,,,,,,,,,,,,,,,
2001-04-26,827.67,,6.7794,106.13,,,,,,,,,,,,,,,,,,,,,
2001-04-27,827.69,,6.7834,106.11,,,,,,,,,,,,,,,,,,,,,
2001-04-28,827.73,,6.7105,106.11,,,,,,,,,,,,,,,,,,,,,
2001-04-29,827.78,,6.7401,106.11,,,,,,,,,,,,,,,,,,,,,
2001-04-30,827.73,,6.7222,106.15,,,,,,,,,,,,,,,,,,,,,
2001-05-08,827.74,,6.7009,106.1,,,,,,,,,,,,,,,,,,,,,
2001-05-09,827.85,,6.797,106.13,,,,,,,,,,,,,,,,,,,,,
2001-05-10,827.75,,6.7994,106.11,,,,,,,,,,,,,,,,,,,,,
2001-05-11,827.71,,6.7621,106.1,,,,,,,,,,,,,,,,,,,,,
2001-05-14,827.71,,6.7473,106.1,,,,,,,,,,,,,,,,,,,,,
2001-05-15,827.71,,6.7449,106.1,,,,,,,,,,,,,,,,,,,,,
2001-05-16,827.69,,6.7124,106.05,,,,,,,,,,,,,,,,,,,,,
2001-05-17,827.69,,6.6743,106.06,,,,,,,,,,,,,,,,,,,,,
2001-05-18,827.67,,6.7179,106.1,,,,,,,,,,,,,,,,,,,,,
2001-05-21,827.68,,6.7395,106.12,,,,,,,,,,,,,,,,,,,,,
2001-05-22,827.78,,6.6932,106.13,,,,,,,,,,,,,,,,,,,,,
2001-05-23,827.74,,6.7418,106.04,,,,,,,,,,,,,,,,,,,,,
2001-05-24,827.71,,6.7721,106.06,,,,,,,,,,,,,,,,,,,,,
2001-05-25,827.7,,6.9051,106.1,,,,,,,,,,,,,,,,,,,,,
2001-05-28,827.71,,6.8904,106.1,,,,,,,,,,,,,,,,,,,,,
2001-05-29,827.68,,6.8605,106.08,,,,,,,,,,,,,,,,,,,,,
2001-05-30,827.68,,6.8343,106.1,,,,,,,,,,,,,,,,,,,,,
2001-05-31,827.77,,6.8701,106.12,,,,,,,,,,,,,,,,,,,,,
2001-06-01,827.7,,6.8985,106.08,,,,,,,,,,,,,,,,,,,,,
2001-06-04,827.77,,6.9711,106.06,,,,,,,,,,,,,,,,,,,,,
2001-06-05,827.7,,6.9343,106.05,,,,,,,,,,,,,,,,,,,,,
2001-06-06,827.69,,6.9329,106.04,,,,,,,,,,,,,,,,,,,,,
2001-06-07,827.72,,6.8628,106.07,,,,,,,,,,,,,,,,,,,,,
2001-06-08,827.67,,6.898,106.08,,,,,,,,,,,,,,,,,,,,,
2001-06-11,827.67,,6.8845,106.08,,,,,,,,,,,,,,,,,,,,,
2001-06-12,827.67,,6.8488,106.07,,,,,,,,,,,,,,,,,,,,,
2001-06-13,827.71,,6.7982,106.08,,,,,,,,,,,,,,,,,,,,,
2001-06-14,827.79,,6.7836,106.18,,,,,,,,,,,,,,,,,,,,,
2001-06-15,827.73,,6.7859,106.1,,,,,,,,,,,,,,,,,,,,,
2001-06-18,827.7,,6.8114,106.15,,,,,,,,,,,,,,,,,,,,,
2001-06-19,827.7,,6.7246,106.15,,,,,,,,,,,,,,,,,,,,,
2001-06-20,827.79,,6.7163,106.1,,,,,,,,,,,,,,,,,,,,,
2001-06-21,827.7,,6.7195,106.08,,,,,,,,,,,,,,,,,,,,,
2001-06-22,827.69,,6.6802,106.1,,,,,,,,,,,,,,,,,,,,,
2001-06-25,827.67,,6.6527,106.1,,,,,,,,,,,,,,,,,,,,,
2001-06-26,827.68,,6.6596,106.08,,,,,,,,,,,,,,,,,,,,,
2001-06-27,827.68,,6.6968,106.08,,,,,,,,,,,,,,,,,,,,,
2001-06-28,827.68,,6.6796,106.08,,,,,,,,,,,,,,,,,,,,,
2001-06-29,827.7,,6.6548,106.12,,,,,,,,,,,,,,,,,,,,,
2001-07-02,827.67,,6.6996,106.12,,,,,,,,,,,,,,,,,,,,,
2001-07-03,827.7,,6.6335,106.07,,,,,,,,,,,,,,,,,,,,,
2001-07-04,827.67,,6.6671,106.04,,,,,,,,,,,,,,,,,,,,,
2001-07-05,827.69,,6.6517,106.07,,,,,,,,,,,,,,,,,,,,,
2001-07-06,827.67,,6.6381,106.06,,,,,,,,,,,,,,,,,,,,,
2001-07-09,827.68,,6.5918,106.07,,,,,,,,,,,,,,,,,,,,,
2001-07-10,827.67,,6.5804,106.06,,,,,,,,,,,,,,,,,,,,,
2001-07-11,827.7,,6.5802,106.07,,,,,,,,,,,,,,,,,,,,,
2001-07-12,827.69,,6.5817,106.07,,,,,,,,,,,,,,,,,,,,,
2001-07-13,827.69,,6.6572,106.09,,,,,,,,,,,,,,,,,,,,,
2001-07-16,827.67,,6.6617,106.07,,,,,,,,,,,,,,,,,,,,,
2001-07-17,827.67,,6.6241,106.05,,,,,,,,,,,,,,,,,,,,,
2001-07-18,827.69,,6.5913,106.04,,,,,,,,,,,,,,,,,,,,,
2001-07-19,827.7,,6.6223,106.05,,,,,,,,,,,,,,,,,,,,,
2001-07-20,827.68,,6.6672,106.09,,,,,,,,,,,,,,,,,,,,,
2001-07-23,827.68,,6.7166,106.1,,,,,,,,,,,,,,,,,,,,,
2001-07-24,827.7,,6.6952,106.05,,,,,,,,,,,,,,,,,,,,,
2001-07-25,827.73,,6.6615,106.06,,,,,,,,,,,,,,,,,,,,,
2001-07-26,827.7,,6.6501,106.05,,,,,,,,,,,,,,,,,,,,,
2001-07-27,827.71,,6.6986,106.08,,,,,,,,,,,,,,,,,,,,,
2001-07-30,827.7,,6.6911,106.06,,,,,,,,,,,,,,,,,,,,,
2001-07-31,827.67,,6.647,106.04,,,,,,,,,,,,,,,,,,,,,
2001-08-01,827.7,,6.6263,106.05,,,,,,,,,,,,,,,,,,,,,
2001-08-02,827.69,,6.6245,106.05,,,,,,,,,,,,,,,,,,,,,
2001-08-03,827.68,,6.6363,106.05,,,,,,,,,,,,,,,,,,,,,
2001-08-06,827.68,,6.6726,106.04,,,,,,,,,,,,,,,,,,,,,
2001-08-07,827.7,,6.674,106.05,,,,,,,,,,,,,,,,,,,,,
2001-08-08,827.72,,6.6844,106.1,,,,,,,,,,,,,,,,,,,,,
2001-08-09,827.73,,6.6926,106.06,,,,,,,,,,,,,,,,,,,,,
2001-08-10,827.7,,6.693,106.07,,,,,,,,,,,,,,,,,,,,,
2001-08-13,827.68,,6.7628,106.06,,,,,,,,,,,,,,,,,,,,,
2001-08-14,827.71,,6.7586,106.05,,,,,,,,,,,,,,,,,,,,,
2001-08-15,827.73,,6.7561,106.08,,,,,,,,,,,,,,,,,,,,,
2001-08-16,827.71,,6.8053,106.09,,,,,,,,,,,,,,,,,,,,,
2001-08-17,827.7,,6.8939,106.07,,,,,,,,,,,,,,,,,,,,,
2001-08-20,827.68,,6.8734,106.06,,,,,,,,,,,,,,,,,,,,,
2001-08-21,827.68,,6.8687,106.06,,,,,,,,,,,,,,,,,,,,,
2001-08-22,827.68,,6.844,106.07,,,,,,,,,,,,,,,,,,,,,
2001-08-23,827.69,,6.8988,106.08,,,,,,,,,,,,,,,,,,,,,
2001-08-24,827.68,,6.8667,106.06,,,,,,,,,,,,,,,,,,,,,
2001-08-27,827.73,,6.9114,106.14,,,,,,,,,,,,,,,,,,,,,
2001-08-28,827.7,,6.8828,106.07,,,,,,,,,,,,,,,,,,,,,
2001-08-29,827.68,,6.9017,106.11,,,,,,,,,,,,,,,,,,,,,
2001-08-30,827.69,,6.8976,106.09,,,,,,,,,,,,,,,,,,,,,
2001-08-31,827.67,,6.9019,106.12,,,,,,,,,,,,,,,,,,,,,
2001-09-03,827.69,,6.9542,106.08,,,,,,,,,,,,,,,,,,,,,
2001-09-04,827.7,,6.9465,106.06,,,,,,,,,,,,,,,,,,,,,
2001-09-05,827.68,,6.957,106.08,,,,,,,,,,,,,,,,,,,,,
2001-09-06,827.7,,6.9025,106.1,,,,,,,,,,,,,,,,,,,,,
2001-09-07,827.68,,6.8465,106.06,,,,,,,,,,,,,,,,,,,,,
2001-09-10,827.67,,6.8249,106.06,,,,,,,,,,,,,,,,,,,,,
2001-09-11,827.67,,6.8961,106.06,,,,,,,,,,,,,,,,,,,,,
2001-09-12,827.69,,6.8218,106.06,,,,,,,,,,,,,,,,,,,,,
2001-09-13,827.69,,6.9065,106.05,,,,,,,,,,,,,,,,,,,,,
2001-09-14,827.68,,6.9182,106.06,,,,,,,,,,,,,,,,,,,,,
2001-09-17,827.66,,6.9566,106.09,,,,,,,,,,,,,,,,,,,,,
2001-09-18,827.67,,7.0619,106.07,,,,,,,,,,,,,,,,,,,,,
2001-09-19,827.68,,7.002,106.06,,,,,,,,,,,,,,,,,,,,,
2001-09-20,827.66,,7.0131,106.06,,,,,,,,,,,,,,,,,,,,,
2001-09-21,827.66,,7.0385,106.06,,,,,,,,,,,,,,,,,,,,,
2001-09-24,827.67,,7.0578,106.06,,,,,,,,,,,,,,,,,,,,,
2001-09-25,827.7,,7.1018,106.06,,,,,,,,,,,,,,,,,,,,,
2001-09-26,827.72,,7.0492,106.07,,,,,,,,,,,,,,,,,,,,,
2001-09-27,827.69,,7.064,106.12,,,,,,,,,,,,,,,,,,,,,
2001-09-28,827.69,,7.0321,106.11,,,,,,,,,,,,,,,,,,,,,
2001-09-29,827.68,,6.9398,106.04,,,,,,,,,,,,,,,,,,,,,
2001-09-30,827.69,,6.8541,105.99,,,,,,,,,,,,,,,,,,,,,
2001-10-08,827.68,,6.7861,105.94,,,,,,,,,,,,,,,,,,,,,
2001-10-09,827.67,,6.8953,106.07,,,,,,,,,,,,,,,,,,,,,
2001-10-10,827.69,,6.8862,106.06,,,,,,,,,,,,,,,,,,,,,
2001-10-11,827.68,,6.8668,106.07,,,,,,,,,,,,,,,,,,,,,
2001-10-12,827.66,,6.8871,106.06,,,,,,,,,,,,,,,,,,,,,
2001-10-15,827.65,,6.8187,106.05,,,,,,,,,,,,,,,,,,,,,
2001-10-16,827.66,,6.8327,106.06,,,,,,,,,,,,,,,,,,,,,
2001-10-17,827.67,,6.8552,106.07,,,,,,,,,,,,,,,,,,,,,
2001-10-18,827.69,,6.8046,106.06,,,,,,,,,,,,,,,,,,,,,
2001-10-19,827.7,,6.8368,106.05,,,,,,,,,,,,,,,,,,,,,
2001-10-22,827.68,,6.8264,106.06,,,,,,,,,,,,,,,,,,,,,
2001-10-23,827.7,,6.8109,106.05,,,,,,,,,,,,,,,,,,,,,
2001-10-24,827.68,,6.7508,106.07,,,,,,,,,,,,,,,,,,,,,
2001-10-25,827.67,,6.7156,106.07,,,,,,,,,,,,,,,,,,,,,
2001-10-26,827.69,,6.7258,106.06,,,,,,,,,,,,,,,,,,,,,
2001-10-29,827.7,,6.7252,106.06,,,,,,,,,,,,,,,,,,,,,
2001-10-30,827.7,,6.7582,106.05,,,,,,,,,,,,,,,,,,,,,
2001-10-31,827.68,,6.7929,106.06,,,,,,,,,,,,,,,,,,,,,
2001-11-01,827.68,,6.7896,106.06,,,,,,,,,,,,,,,,,,,,,
2001-11-02,827.69,,6.761,106.05,,,,,,,,,,,,,,,,,,,,,
2001-11-05,827.69,,6.7855,106.06,,,,,,,,,,,,,,,,,,,,,
2001-11-06,827.68,,6.7879,106.05,,,,,,,,,,,,,,,,,,,,,
2001-11-07,827.67,,6.802,106.05,,,,,,,,,,,,,,,,,,,,,
2001-11-08,827.66,,6.8345,106.04,,,,,,,,,,,,,,,,,,,,,
2001-11-09,827.66,,6.8296,106.05,,,,,,,,,,,,,,,,,,,,,
2001-11-12,827.66,,6.8628,106.05,,,,,,,,,,,,,,,,,,,,,
2001-11-13,827.65,,6.8679,106.05,,,,,,,,,,,,,,,,,,,,,
2001-11-14,827.65,,6.8381,106.04,,,,,,,,,,,,,,,,,,,,,
2001-11-15,827.67,,6.8043,106.04,,,,,,,,,,,,,,,,,,,,,
2001-11-16,827.7,,6.798,106.05,,,,,,,,,,,,,,,,,,,,,
2001-11-19,827.71,,6.7722,106.08,,,,,,,,,,,,,,,,,,,,,
2001-11-20,827.7,,6.718,106.07,,,,,,,,,,,,,,,,,,,,,
2001-11-21,827.69,,6.7235,106.05,,,,,,,,,,,,,,,,,,,,,
2001-11-22,827.69,,6.7315,106.03,,,,,,,,,,,,,,,,,,,,,
2001-11-23,827.69,,6.7207,106.06,,,,,,,,,,,,,,,,,,,,,
2001-11-26,827.69,,6.6756,106.07,,,,,,,,,,,,,,,,,,,,,
2001-11-27,827.7,,6.6715,106.08,,,,,,,,,,,,,,,,,,,,,
2001-11-28,827.7,,6.6556,106.12,,,,,,,,,,,,,,,,,,,,,
2001-11-29,827.72,,6.6926,106.11,,,,,,,,,,,,,,,,,,,,,
2001-11-30,827.74,,6.7303,106.12,,,,,,,,,,,,,,,,,,,,,
2001-12-03,827.72,,6.6773,106.12,,,,,,,,,,,,,,,,,,,,,
2001-12-04,827.7,,6.7003,106.11,,,,,,,,,,,,,,,,,,,,,
2001-12-05,827.71,,6.6614,106.07,,,,,,,,,,,,,,,,,,,,,
2001-12-06,827.72,,6.659,106.08,,,,,,,,,,,,,,,,,,,,,
2001-12-07,827.73,,6.6726,106.08,,,,,,,,,,,,,,,,,,,,,
2001-12-10,827.72,,6.6303,106.09,,,,,,,,,,,,,,,,,,,,,
2001-12-11,827.7,,6.5968,106.06,,,,,,,,,,,,,,,,,,,,,
2001-12-12,827.68,,6.5806,106.06,,,,,,,,,,,,,,,,,,,,,
2001-12-13,827.68,,6.57,106.05,,,,,,,,,,,,,,,,,,,,,
2001-12-14,827.67,,6.5641,106.08,,,,,,,,,,,,,,,,,,,,,
2001-12-17,827.68,,6.537,106.04,,,,,,,,,,,,,,,,,,,,,
2001-12-18,827.69,,6.4791,106.04,,,,,,,,,,,,,,,,,,,,,
2001-12-19,827.68,,6.4493,106.06,,,,,,,,,,,,,,,,,,,,,
2001-12-20,827.67,,6.4573,106.07,,,,,,,,,,,,,,,,,,,,,
2001-12-21,827.66,,6.4386,106.07,,,,,,,,,,,,,,,,,,,,,
2001-12-24,827.67,,6.3901,106.05,,,,,,,,,,,,,,,,,,,,,
2001-12-25,827.66,,6.3859,106.08,,,,,,,,,,,,,,,,,,,,,
2001-12-26,827.67,,6.3316,106.07,,,,,,,,,,,,,,,,,,,,,
2001-12-27,827.66,,6.3294,106.08,,,,,,,,,,,,,,,,,,,,,
2001-12-28,827.67,,6.3115,106.11,,,,,,,,,,,,,,,,,,,,,
2001-12-29,827.68,,6.3113,106.11,,,,,,,,,,,,,,,,,,,,,
2001-12-30,827.67,,6.2492,106.05,,,,,,,,,,,,,,,,,,,,,
2001-12-31,827.66,,6.3005,106.06,,,,,,,,,,,,,,,,,,,,,
2002-01-04,827.66,,6.3012,106.05,,,,,,,,,,,,,,,,,,,,,
2002-01-07,827.68,,6.3095,106.05,,,,,,,,,,,,,,,,,,,,,
2002-01-08,827.67,,6.3261,106.06,,,,,,,,,,,,,,,,,,,,,
2002-01-09,827.66,,6.2731,106.05,,,,,,,,,,,,,,,,,,,,,
2002-01-10,827.67,,6.2267,106.05,,,,,,,,,,,,,,,,,,,,,
2002-01-11,827.66,,6.2381,106.06,,,,,,,,,,,,,,,,,,,,,
2002-01-14,827.68,,6.2502,106.06,,,,,,,,,,,,,,,,,,,,,
2002-01-15,827.67,,6.272,106.06,,,,,,,,,,,,,,,,,,,,,
2002-01-16,827.68,,6.282,106.06,,,,,,,,,,,,,,,,,,,,,
2002-01-17,827.67,,6.3025,106.06,,,,,,,,,,,,,,,,,,,,,
2002-01-18,827.68,,6.2703,106.07,,,,,,,,,,,,,,,,,,,,,
2002-01-21,827.67,,6.2274,106.05,,,,,,,,,,,,,,,,,,,,,
2002-01-22,827.68,,6.255,106.09,,,,,,,,,,,,,,,,,,,,,
2002-01-23,827.67,,6.2067,106.06,,,,,,,,,,,,,,,,,,,,,
2002-01-24,827.65,,6.1709,106.06,,,,,,,,,,,,,,,,,,,,,
2002-01-25,827.67,,6.1489,106.07,,,,,,,,,,,,,,,,,,,,,
2002-01-28,827.65,,6.1331,106.08,,,,,,,,,,,,,,,,,,,,,
2002-01-29,827.67,,6.1769,106.06,,,,,,,,,,,,,,,,,,,,,
2002-01-30,827.66,,6.194,106.1,,,,,,,,,,,,,,,,,,,,,
2002-01-31,827.65,,6.2257,106.08,,,,,,,,,,,,,,,,,,,,,
2002-02-01,827.65,,6.2408,106.09,,,,,,,,,,,,,,,,,,,,,
2002-02-04,827.66,,6.1503,106.07,,,,,,,,,,,,,,,,,,,,,
2002-02-05,827.66,,6.2132,106.04,,,,,,,,,,,,,,,,,,,,,
2002-02-06,827.65,,6.2565,106.05,,,,,,,,,,,,,,,,,,,,,
2002-02-07,827.67,,6.1769,106.05,,,,,,,,,,,,,,,,,,,,,
2002-02-08,827.66,,6.1761,106.09,,,,,,,,,,,,,,,,,,,,,
2002-02-09,827.67,,6.1668,106.07,,,,,,,,,,,,,,,,,,,,,
2002-02-10,827.66,,6.2163,106.07,,,,,,,,,,,,,,,,,,,,,
2002-02-11,827.67,,6.2001,106.05,,,,,,,,,,,,,,,,,,,,,
2002-02-19,827.68,,6.1421,106.05,,,,,,,,,,,,,,,,,,,,,
2002-02-20,827.7,,6.1908,106.06,,,,,,,,,,,,,,,,,,,,,
2002-02-21,827.68,,6.1956,106.08,,,,,,,,,,,,,,,,,,,,,
2002-02-22,827.66,,6.1801,106.09,,,,,,,,,,,,,,,,,,,,,
2002-02-25,827.65,,6.1655,106.09,,,,,,,,,,,,,,,,,,,,,
2002-02-26,827.65,,6.1861,106.06,,,,,,,,,,,,,,,,,,,,,
2002-02-27,827.67,,6.1857,106.07,,,,,,,,,,,,,,,,,,,,,
2002-02-28,827.66,,6.1557,106.07,,,,,,,,,,,,,,,,,,,,,
2002-03-01,827.65,,6.179,106.07,,,,,,,,,,,,,,,,,,,,,
2002-03-04,827.66,,6.1919,106.06,,,,,,,,,,,,,,,,,,,,,
2002-03-05,827.67,,6.2144,106.06,,,,,,,,,,,,,,,,,,,,,
2002-03-06,827.65,,6.2452,106.06,,,,,,,,,,,,,,,,,,,,,
2002-03-07,827.66,,6.2583,106.08,,,,,,,,,,,,,,,,,,,,,
2002-03-08,827.71,,6.3318,106.09,,,,,,,,,,,,,,,,,,,,,
2002-03-11,827.71,,6.4681,106.08,,,,,,,,,,,,,,,,,,,,,
2002-03-12,827.69,,6.4145,106.08,,,,,,,,,,,,,,,,,,,,,
2002-03-13,827.67,,6.427,106.09,,,,,,,,,,,,,,,,,,,,,
2002-03-14,827.71,,6.4005,106.08,,,,,,,,,,,,,,,,,,,,,
2002-03-15,827.74,,6.4204,106.07,,,,,,,,,,,,,,,,,,,,,
2002-03-18,827.75,,6.4039,106.1,,,,,,,,,,,,,,,,,,,,,
2002-03-19,827.73,,6.3813,106.07,,,,,,,,,,,,,,,,,,,,,
2002-03-20,827.75,,6.3144,106.09,,,,,,,,,,,,,,,,,,,,,
2002-03-21,827.74,,6.2593,106.09,,,,,,,,,,,,,,,,,,,,,
2002-03-22,827.72,,6.2912,106.09,,,,,,,,,,,,,,,,,,,,,
2002-03-25,827.7,,6.2765,106.09,,,,,,,,,,,,,,,,,,,,,
2002-03-26,827.69,,6.2307,106.1,,,,,,,,,,,,,,,,,,,,,
2002-03-27,827.71,,6.2198,106.06,,,,,,,,,,,,,,,,,,,,,
2002-03-28,827.72,,6.2368,106.07,,,,,,,,,,,,,,,,,,,,,
2002-03-29,827.74,,6.257,106.1,,,,,,,,,,,,,,,,,,,,,
2002-04-01,827.74,,6.225,106.07,,,,,,,,,,,,,,,,,,,,,
2002-04-02,827.72,722.24,6.2102,106.08,,,,,,,,,,,,,,,,,,,,,
2002-04-03,827.72,727.61,6.1994,106.07,,,,,,,,,,,,,,,,,,,,,
2002-04-04,827.73,726.57,6.2232,106.07,,,,,,,,,,,,,,,,,,,,,
2002-04-05,827.71,729.07,6.2509,106.06,,,,,,,,,,,,,,,,,,,,,
2002-04-08,827.7,727.06,6.2544,106.06,,,,,,,,,,,,,,,,,,,,,
2002-04-09,827.7,726.58,6.2925,106.06,,,,,,,,,,,,,,,,,,,,,
2002-04-10,827.69,723.58,6.2818,106.06,,,,,,,,,,,,,,,,,,,,,
2002-04-11,827.71,729.69,6.3346,106.05,,,,,,,,,,,,,,,,,,,,,
2002-04-12,827.71,728.03,6.2985,106.05,,,,,,,,,,,,,,,,,,,,,
2002-04-15,827.72,729.76,6.2684,106.05,,,,,,,,,,,,,,,,,,,,,
2002-04-16,827.71,729.0,6.2646,106.05,,,,,,,,,,,,,,,,,,,,,
2002-04-17,827.72,728.85,6.2784,106.05,,,,,,,,,,,,,,,,,,,,,
2002-04-18,827.72,730.35,6.3064,106.06,,,,,,,,,,,,,,,,,,,,,
2002-04-19,827.72,737.13,6.3329,106.05,,,,,,,,,,,,,,,,,,,,,
2002-04-22,827.75,737.13,6.3623,106.07,,,,,,,,,,,,,,,,,,,,,
2002-04-23,827.72,736.17,6.3461,106.06,,,,,,,,,,,,,,,,,,,,,
2002-04-24,827.73,735.38,6.3723,106.06,,,,,,,,,,,,,,,,,,,,,
2002-04-25,827.74,735.38,6.3466,106.06,,,,,,,,,,,,,,,,,,,,,
2002-04-26,827.74,738.4,6.3908,106.06,,,,,,,,,,,,,,,,,,,,,
2002-04-27,827.73,738.4,6.4252,106.06,,,,,,,,,,,,,,,,,,,,,
2002-04-28,827.74,738.4,6.4601,106.05,,,,,,,,,,,,,,,,,,,,,
2002-04-29,827.71,740.78,6.4561,106.06,,,,,,,,,,,,,,,,,,,,,
2002-04-30,827.7,746.66,6.4709,106.06,,,,,,,,,,,,,,,,,,,,,
2002-05-08,827.73,748.08,6.4596,106.06,,,,,,,,,,,,,,,,,,,,,
2002-05-09,827.73,755.84,6.4594,106.06,,,,,,,,,,,,,,,,,,,,,
2002-05-10,827.72,749.37,6.4274,106.06,,,,,,,,,,,,,,,,,,,,,
2002-05-13,827.71,755.75,6.4322,106.06,,,,,,,,,,,,,,,,,,,,,
2002-05-14,827.71,756.31,6.4943,106.07,,,,,,,,,,,,,,,,,,,,,
2002-05-15,827.7,753.01,6.4582,106.07,,,,,,,,,,,,,,,,,,,,,
2002-05-16,827.69,745.78,6.4454,106.06,,,,,,,,,,,,,,,,,,,,,
2002-05-17,827.68,754.59,6.4775,106.06,,,,,,,,,,,,,,,,,,,,,
2002-05-20,827.68,755.9,6.4824,106.06,,,,,,,,,,,,,,,,,,,,,
2002-05-21,827.68,755.9,6.5675,106.06,,,,,,,,,,,,,,,,,,,,,
2002-05-22,827.69,759.2,6.5704,106.07,,,,,,,,,,,,,,,,,,,,,
2002-05-23,827.7,762.65,6.6752,106.06,,,,,,,,,,,,,,,,,,,,,
2002-05-24,827.7,765.5,6.6556,106.05,,,,,,,,,,,,,,,,,,,,,
2002-05-27,827.71,761.14,6.6097,106.05,,,,,,,,,,,,,,,,,,,,,
2002-05-28,827.69,762.57,6.6323,106.06,,,,,,,,,,,,,,,,,,,,,
2002-05-29,827.66,761.65,6.636,106.05,,,,,,,,,,,,,,,,,,,,,
2002-05-30,827.66,768.7,6.6523,106.05,,,,,,,,,,,,,,,,,,,,,
2002-05-31,827.66,768.7,6.6616,106.05,,,,,,,,,,,,,,,,,,,,,
2002-06-03,827.65,776.03,6.7078,106.04,,,,,,,,,,,,,,,,,,,,,
2002-06-04,827.67,771.23,6.6567,106.05,,,,,,,,,,,,,,,,,,,,,
2002-06-05,827.68,778.17,6.6877,106.06,,,,,,,,,,,,,,,,,,,,,
2002-06-06,827.69,778.65,6.6681,106.06,,,,,,,,,,,,,,,,,,,,,
2002-06-07,827.7,777.05,6.6509,106.05,,,,,,,,,,,,,,,,,,,,,
2002-06-10,827.7,783.61,6.6505,106.07,,,,,,,,,,,,,,,,,,,,,
2002-06-11,827.7,778.5,6.6311,106.05,,,,,,,,,,,,,,,,,,,,,
2002-06-12,827.68,778.5,6.6344,106.05,,,,,,,,,,,,,,,,,,,,,
2002-06-13,827.69,784.23,6.594,106.06,,,,,,,,,,,,,,,,,,,,,
2002-06-14,827.69,781.25,6.5835,106.07,,,,,,,,,,,,,,,,,,,,,
2002-06-17,827.69,780.44,6.6308,106.07,,,,,,,,,,,,,,,,,,,,,
2002-06-18,827.73,782.4,6.6568,106.07,,,,,,,,,,,,,,,,,,,,,
2002-06-19,827.75,782.94,6.6578,106.06,,,,,,,,,,,,,,,,,,,,,
2002-06-20,827.74,788.82,6.657,106.06,,,,,,,,,,,,,,,,,,,,,
2002-06-21,827.72,788.82,6.6754,106.07,,,,,,,,,,,,,,,,,,,,,
2002-06-24,827.71,798.69,6.7046,106.05,,,,,,,,,,,,,,,,,,,,,
2002-06-25,827.7,804.24,6.8202,106.05,,,,,,,,,,,,,,,,,,,,,
2002-06-26,827.71,804.24,6.7899,106.06,,,,,,,,,,,,,,,,,,,,,
2002-06-27,827.72,815.52,6.8687,106.06,,,,,,,,,,,,,,,,,,,,,
2002-06-28,827.71,815.37,6.8905,106.06,,,,,,,,,,,,,,,,,,,,,
2002-07-01,827.71,818.4,6.9256,106.06,,,,,,,,,,,,,,,,,,,,,
2002-07-02,827.7,822.74,6.9145,106.06,,,,,,,,,,,,,,,,,,,,,
2002-07-03,827.69,822.74,6.9023,106.06,,,,,,,,,,,,,,,,,,,,,
2002-07-04,827.68,812.8,6.8877,106.05,,,,,,,,,,,,,,,,,,,,,
2002-07-05,827.67,809.4,6.8817,106.05,,,,,,,,,,,,,,,,,,,,,
2002-07-08,827.66,806.74,6.8735,106.05,,,,,,,,,,,,,,,,,,,,,
2002-07-09,827.67,806.74,6.9376,106.05,,,,,,,,,,,,,,,,,,,,,
2002-07-10,827.66,818.43,6.9761,106.05,,,,,,,,,,,,,,,,,,,,,
2002-07-11,827.66,818.74,6.9981,106.05,,,,,,,,,,,,,,,,,,,,,
2002-07-12,827.68,817.83,7.0262,106.05,,,,,,,,,,,,,,,,,,,,,
2002-07-15,827.67,816.53,7.0764,106.05,,,,,,,,,,,,,,,,,,,,,
2002-07-16,827.68,822.4,7.1017,106.06,,,,,,,,,,,,,,,,,,,,,
2002-07-17,827.68,833.67,7.1161,106.05,,,,,,,,,,,,,,,,,,,,,
2002-07-18,827.69,834.88,7.124,106.06,,,,,,,,,,,,,,,,,,,,,
2002-07-19,827.68,833.1,7.0952,106.07,,,,,,,,,,,,,,,,,,,,,
2002-07-22,827.69,833.1,7.141,106.08,,,,,,,,,,,,,,,,,,,,,
2002-07-23,827.7,835.95,7.1279,106.08,,,,,,,,,,,,,,,,,,,,,
2002-07-24,827.7,827.25,7.0769,106.08,,,,,,,,,,,,,,,,,,,,,
2002-07-25,827.69,820.58,7.0524,106.08,,,,,,,,,,,,,,,,,,,,,
2002-07-26,827.69,827.0,7.1083,106.08,,,,,,,,,,,,,,,,,,,,,
2002-07-29,827.68,828.92,7.0534,106.07,,,,,,,,,,,,,,,,,,,,,
2002-07-30,827.67,816.5,6.9466,106.08,,,,,,,,,,,,,,,,,,,,,
2002-07-31,827.66,811.19,6.8906,106.08,,,,,,,,,,,,,,,,,,,,,
2002-08-01,827.67,814.0,6.9021,106.08,,,,,,,,,,,,,,,,,,,,,
2002-08-02,827.66,809.0,6.9135,106.07,,,,,,,,,,,,,,,,,,,,,
2002-08-05,827.68,816.75,6.9559,106.08,,,,,,,,,,,,,,,,,,,,,
2002-08-06,827.67,814.5,6.9617,106.08,,,,,,,,,,,,,,,,,,,,,
2002-08-07,827.68,809.31,6.9094,106.07,,,,,,,,,,,,,,,,,,,,,
2002-08-08,827.69,809.0,6.8464,106.07,,,,,,,,,,,,,,,,,,,,,
2002-08-09,827.67,809.0,6.8806,106.08,,,,,,,,,,,,,,,,,,,,,
2002-08-12,827.66,799.68,6.8335,106.09,,,,,,,,,,,,,,,,,,,,,
2002-08-13,827.68,803.47,6.9033,106.09,,,,,,,,,,,,,,,,,,,,,
2002-08-14,827.67,810.5,6.9619,106.07,,,,,,,,,,,,,,,,,,,,,
2002-08-15,827.66,816.5,7.0044,106.08,,,,,,,,,,,,,,,,,,,,,
2002-08-16,827.68,808.34,7.0275,106.08,,,,,,,,,,,,,,,,,,,,,
2002-08-19,827.68,811.9,7.0339,106.08,,,,,,,,,,,,,,,,,,,,,
2002-08-20,827.67,816.35,7.0207,106.07,,,,,,,,,,,,,,,,,,,,,
2002-08-21,827.68,807.98,6.9586,106.07,,,,,,,,,,,,,,,,,,,,,
2002-08-22,827.66,813.14,7.0041,106.08,,,,,,,,,,,,,,,,,,,,,
2002-08-23,827.66,808.86,6.9512,106.07,,,,,,,,,,,,,,,,,,,,,
2002-08-26,827.67,800.61,6.8865,106.08,,,,,,,,,,,,,,,,,,,,,
2002-08-27,827.66,803.59,6.9136,106.07,,,,,,,,,,,,,,,,,,,,,
2002-08-28,827.67,807.15,6.952,106.07,,,,,,,,,,,,,,,,,,,,,
2002-08-29,827.68,812.82,6.9895,106.09,,,,,,,,,,,,,,,,,,,,,
2002-08-30,827.67,811.66,6.9746,106.08,,,,,,,,,,,,,,,,,,,,,
2002-09-02,827.68,815.23,7.0067,106.07,,,,,,,,,,,,,,,,,,,,,
2002-09-03,827.69,812.1,6.9672,106.08,,,,,,,,,,,,,,,,,,,,,
2002-09-04,827.7,814.7,7.0147,106.08,,,,,,,,,,,,,,,,,,,,,
2002-09-05,827.71,824.3,7.0518,106.08,,,,,,,,,,,,,,,,,,,,,
2002-09-06,827.72,821.58,7.0106,106.08,,,,,,,,,,,,,,,,,,,,,
2002-09-09,827.7,822.19,6.9938,106.07,,,,,,,,,,,,,,,,,,,,,
2002-09-10,827.7,812.47,6.9944,106.08,,,,,,,,,,,,,,,,,,,,,
2002-09-11,827.69,812.12,6.974,106.09,,,,,,,,,,,,,,,,,,,,,
2002-09-12,827.69,806.97,6.9011,106.07,,,,,,,,,,,,,,,,,,,,,
2002-09-13,827.68,809.12,6.8843,106.07,,,,,,,,,,,,,,,,,,,,,
2002-09-16,827.68,812.53,6.9063,106.08,,,,,,,,,,,,,,,,,,,,,
2002-09-17,827.68,802.04,6.7791,106.09,,,,,,,,,,,,,,,,,,,,,
2002-09-18,827.69,800.01,6.7432,106.08,,,,,,,,,,,,,,,,,,,,,
2002-09-19,827.69,805.44,6.7725,106.08,,,,,,,,,,,,,,,,,,,,,
2002-09-20,827.68,809.35,6.7969,106.07,,,,,,,,,,,,,,,,,,,,,
2002-09-23,827.7,816.67,6.7789,106.08,,,,,,,,,,,,,,,,,,,,,
2002-09-24,827.7,812.9,6.7174,106.08,,,,,,,,,,,,,,,,,,,,,
2002-09-25,827.69,809.22,6.6896,106.07,,,,,,,,,,,,,,,,,,,,,
2002-09-26,827.7,813.0,6.746,106.07,,,,,,,,,,,,,,,,,,,,,
2002-09-27,827.71,809.6,6.7284,106.08,,,,,,,,,,,,,,,,,,,,,
2002-09-28,827.71,809.26,6.7618,106.09,,,,,,,,,,,,,,,,,,,,,
2002-09-29,827.71,809.26,6.7613,106.08,,,,,,,,,,,,,,,,,,,,,
2002-09-30,827.71,809.26,6.7917,106.07,,,,,,,,,,,,,,,,,,,,,
2002-10-08,827.72,809.26,6.813,106.08,,,,,,,,,,,,,,,,,,,,,
2002-10-09,827.72,813.83,6.6548,106.07,,,,,,,,,,,,,,,,,,,,,
2002-10-10,827.71,810.62,6.6606,106.08,,,,,,,,,,,,,,,,,,,,,
2002-10-11,827.7,818.32,6.6983,106.08,,,,,,,,,,,,,,,,,,,,,
2002-10-14,827.69,816.11,6.6664,106.08,,,,,,,,,,,,,,,,,,,,,
2002-10-15,827.68,818.59,6.6799,106.08,,,,,,,,,,,,,,,,,,,,,
2002-10-16,827.67,817.8,6.649,106.08,,,,,,,,,,,,,,,,,,,,,
2002-10-17,827.67,812.23,6.6324,106.08,,,,,,,,,,,,,,,,,,,,,
2002-10-18,827.68,809.7,6.6505,106.08,,,,,,,,,,,,,,,,,,,,,
2002-10-21,827.67,804.48,6.613,106.09,,,,,,,,,,,,,,,,,,,,,
2002-10-22,827.68,805.07,6.6224,106.09,,,,,,,,,,,,,,,,,,,,,
2002-10-23,827.68,805.51,6.6088,106.11,,,,,,,,,,,,,,,,,,,,,
2002-10-24,827.68,808.66,6.616,106.1,,,,,,,,,,,,,,,,,,,,,
2002-10-25,827.7,807.49,6.6612,106.09,,,,,,,,,,,,,,,,,,,,,
2002-10-28,827.71,809.85,6.6826,106.09,,,,,,,,,,,,,,,,,,,,,
2002-10-29,827.71,807.66,6.6409,106.1,,,,,,,,,,,,,,,,,,,,,
2002-10-30,827.72,814.12,6.6983,106.1,,,,,,,,,,,,,,,,,,,,,
2002-10-31,827.71,813.28,6.7229,106.11,,,,,,,,,,,,,,,,,,,,,
2002-11-01,827.71,817.2,6.7341,106.12,,,,,,,,,,,,,,,,,,,,,
2002-11-04,827.71,819.2,6.7392,106.11,,,,,,,,,,,,,,,,,,,,,
2002-11-05,827.72,819.2,6.7674,106.1,,,,,,,,,,,,,,,,,,,,,
2002-11-06,827.7,825.89,6.7922,106.1,,,,,,,,,,,,,,,,,,,,,
2002-11-07,827.71,826.93,6.7661,106.08,,,,,,,,,,,,,,,,,,,,,
2002-11-08,827.71,831.29,6.7856,106.09,,,,,,,,,,,,,,,,,,,,,
2002-11-11,827.72,834.13,6.8125,106.03,,,,,,,,,,,,,,,,,,,,,
2002-11-12,827.7,837.74,6.9049,106.09,,,,,,,,,,,,,,,,,,,,,
2002-11-13,827.71,835.0,6.9073,106.08,,,,,,,,,,,,,,,,,,,,,
2002-11-14,827.73,836.9,6.9049,106.09,,,,,,,,,,,,,,,,,,,,,
2002-11-15,827.72,833.3,6.8697,106.08,,,,,,,,,,,,,,,,,,,,,
2002-11-18,827.73,830.82,6.85,106.08,,,,,,,,,,,,,,,,,,,,,
2002-11-19,827.73,835.33,6.8461,106.08,,,,,,,,,,,,,,,,,,,,,
2002-11-20,827.72,835.12,6.8355,106.08,,,,,,,,,,,,,,,,,,,,,
2002-11-21,827.7,830.4,6.769,106.08,,,,,,,,,,,,,,,,,,,,,
2002-11-22,827.7,828.46,6.7664,106.09,,,,,,,,,,,,,,,,,,,,,
2002-11-25,827.72,830.2,6.7396,106.09,,,,,,,,,,,,,,,,,,,,,
2002-11-26,827.72,823.13,6.7474,106.1,,,,,,,,,,,,,,,,,,,,,
2002-11-27,827.7,820.1,6.7773,106.1,,,,,,,,,,,,,,,,,,,,,
2002-11-28,827.71,821.89,6.7858,106.09,,,,,,,,,,,,,,,,,,,,,
2002-11-29,827.72,819.2,6.7688,106.1,,,,,,,,,,,,,,,,,,,,,
2002-12-02,827.72,822.08,6.7661,106.09,,,,,,,,,,,,,,,,,,,,,
2002-12-03,827.72,821.7,6.7084,106.11,,,,,,,,,,,,,,,,,,,,,
2002-12-04,827.71,825.48,6.6486,106.1,,,,,,,,,,,,,,,,,,,,,
2002-12-05,827.72,826.32,6.6391,106.1,,,,,,,,,,,,,,,,,,,,,
2002-12-06,827.7,827.56,6.6027,106.1,,,,,,,,,,,,,,,,,,,,,
2002-12-09,827.72,828.57,6.6012,106.1,,,,,,,,,,,,,,,,,,,,,
2002-12-10,827.73,836.49,6.717,106.11,,,,,,,,,,,,,,,,,,,,,
2002-12-11,827.7,835.47,6.696,106.1,,,,,,,,,,,,,,,,,,,,,
2002-12-12,827.72,833.72,6.6859,106.1,,,,,,,,,,,,,,,,,,,,,
2002-12-13,827.72,834.7,6.6981,106.1,,,,,,,,,,,,,,,,,,,,,
2002-12-16,827.7,842.7,6.7419,106.09,,,,,,,,,,,,,,,,,,,,,
2002-12-17,827.72,844.74,6.859,106.11,,,,,,,,,,,,,,,,,,,,,
2002-12-18,827.73,847.91,6.8259,106.1,,,,,,,,,,,,,,,,,,,,,
2002-12-19,827.73,850.86,6.8138,106.1,,,,,,,,,,,,,,,,,,,,,
2002-12-20,827.73,848.61,6.8347,106.11,,,,,,,,,,,,,,,,,,,,,
2002-12-23,827.74,848.61,6.8521,106.12,,,,,,,,,,,,,,,,,,,,,
2002-12-24,827.75,850.01,6.8772,106.12,,,,,,,,,,,,,,,,,,,,,
2002-12-25,827.75,849.41,6.8663,106.1,,,,,,,,,,,,,,,,,,,,,
2002-12-26,827.74,853.08,6.8691,106.09,,,,,,,,,,,,,,,,,,,,,
2002-12-27,827.72,854.9,6.8821,106.11,,,,,,,,,,,,,,,,,,,,,
2002-12-30,827.72,859.16,6.8962,106.12,,,,,,,,,,,,,,,,,,,,,
2002-12-31,827.73,863.6,6.9035,106.11,,,,,,,,,,,,,,,,,,,,,
2003-01-02,827.7,867.87,6.9719,106.09,,,,,,,,,,,,,,,,,,,,,
2003-01-03,827.7,867.44,6.9549,106.1,,,,,,,,,,,,,,,,,,,,,
2003-01-06,827.68,858.56,6.9006,106.1,,,,,,,,,,,,,,,,,,,,,
2003-01-07,827.68,863.79,6.926,106.09,,,,,,,,,,,,,,,,,,,,,
2003-01-08,827.67,864.1,6.919,106.09,,,,,,,,,,,,,,,,,,,,,
2003-01-09,827.66,862.1,6.8888,106.09,,,,,,,,,,,,,,,,,,,,,
2003-01-10,827.66,869.73,6.9389,106.1,,,,,,,,,,,,,,,,,,,,,
2003-01-13,827.66,867.59,6.9142,106.09,,,,,,,,,,,,,,,,,,,,,
2003-01-14,827.68,874.61,6.9402,106.08,,,,,,,,,,,,,,,,,,,,,
2003-01-15,827.68,872.36,6.9554,106.08,,,,,,,,,,,,,,,,,,,,,
2003-01-16,827.7,874.02,7.0044,106.09,,,,,,,,,,,,,,,,,,,,,
2003-01-17,827.7,873.38,6.9942,106.08,,,,,,,,,,,,,,,,,,,,,
2003-01-20,827.7,878.22,7.007,106.09,,,,,,,,,,,,,,,,,,,,,
2003-01-21,827.72,880.35,6.9936,106.09,,,,,,,,,,,,,,,,,,,,,
2003-01-22,827.7,882.05,6.9644,106.11,,,,,,,,,,,,,,,,,,,,,
2003-01-23,827.7,887.81,7.0014,106.09,,,,,,,,,,,,,,,,,,,,,
2003-01-24,827.7,886.75,6.9673,106.08,,,,,,,,,,,,,,,,,,,,,
2003-01-27,827.68,890.99,7.0129,106.09,,,,,,,,,,,,,,,,,,,,,
2003-01-28,827.68,896.25,7.0202,106.09,,,,,,,,,,,,,,,,,,,,,
2003-01-29,827.67,897.28,6.997,106.09,,,,,,,,,,,,,,,,,,,,,
2003-01-30,827.67,898.54,7.0078,106.08,,,,,,,,,,,,,,,,,,,,,
2003-01-31,827.66,895.54,6.9761,106.08,,,,,,,,,,,,,,,,,,,,,
2003-02-08,827.68,895.4,6.9516,106.08,,,,,,,,,,,,,,,,,,,,,
2003-02-09,827.7,896.0,6.9095,106.09,,,,,,,,,,,,,,,,,,,,,
2003-02-10,827.7,897.47,6.8716,106.09,,,,,,,,,,,,,,,,,,,,,
2003-02-11,827.73,894.67,6.8688,106.13,,,,,,,,,,,,,,,,,,,,,
2003-02-12,827.75,887.77,6.8258,106.13,,,,,,,,,,,,,,,,,,,,,
2003-02-13,827.75,889.44,6.8499,106.1,,,,,,,,,,,,,,,,,,,,,
2003-02-14,827.73,889.62,6.8388,106.09,,,,,,,,,,,,,,,,,,,,,
2003-02-17,827.73,897.34,6.8668,106.08,,,,,,,,,,,,,,,,,,,,,
2003-02-18,827.74,888.01,6.8611,106.11,,,,,,,,,,,,,,,,,,,,,
2003-02-19,827.72,888.95,6.9312,106.08,,,,,,,,,,,,,,,,,,,,,
2003-02-20,827.75,886.35,6.951,106.09,,,,,,,,,,,,,,,,,,,,,
2003-02-21,827.75,890.91,6.9582,106.09,,,,,,,,,,,,,,,,,,,,,
2003-02-24,827.75,895.76,6.9848,106.09,,,,,,,,,,,,,,,,,,,,,
2003-02-25,827.75,887.88,6.9852,106.1,,,,,,,,,,,,,,,,,,,,,
2003-02-26,827.75,892.82,7.028,106.11,,,,,,,,,,,,,,,,,,,,,
2003-02-27,827.74,890.07,7.0471,106.11,,,,,,,,,,,,,,,,,,,,,
2003-02-28,827.74,893.56,7.0689,106.11,,,,,,,,,,,,,,,,,,,,,
2003-03-03,827.75,889.65,7.0303,106.11,,,,,,,,,,,,,,,,,,,,,
2003-03-04,827.73,891.91,7.0095,106.1,,,,,,,,,,,,,,,,,,,,,
2003-03-05,827.73,901.74,7.0375,106.1,,,,,,,,,,,,,,,,,,,,,
2003-03-06,827.75,907.73,7.0533,106.09,,,,,,,,,,,,,,,,,,,,,
2003-03-07,827.75,907.4,7.0522,106.1,,,,,,,,,,,,,,,,,,,,,
2003-03-10,827.74,910.59,7.0468,106.1,,,,,,,,,,,,,,,,,,,,,
2003-03-11,827.72,912.05,7.0812,106.1,,,,,,,,,,,,,,,,,,,,,
2003-03-12,827.7,913.68,7.0702,106.09,,,,,,,,,,,,,,,,,,,,,
2003-03-13,827.7,912.75,7.0549,106.09,,,,,,,,,,,,,,,,,,,,,
2003-03-14,827.7,902.29,7.0012,106.09,,,,,,,,,,,,,,,,,,,,,
2003-03-17,827.7,893.62,7.0011,106.1,,,,,,,,,,,,,,,,,,,,,
2003-03-18,827.7,896.3,7.0219,106.09,,,,,,,,,,,,,,,,,,,,,
2003-03-19,827.72,880.86,6.982,106.09,,,,,,,,,,,,,,,,,,,,,
2003-03-20,827.71,880.18,6.968,106.1,,,,,,,,,,,,,,,,,,,,,
2003-03-21,827.71,877.16,6.9252,106.09,,,,,,,,,,,,,,,,,,,,,
2003-03-24,827.73,878.03,6.8772,106.12,,,,,,,,,,,,,,,,,,,,,
2003-03-25,827.73,877.84,6.8404,106.12,,,,,,,,,,,,,,,,,,,,,
2003-03-26,827.71,885.27,6.9042,106.13,,,,,,,,,,,,,,,,,,,,,
2003-03-27,827.74,881.52,6.8974,106.11,,,,,,,,,,,,,,,,,,,,,
2003-03-28,827.72,886.19,6.9121,106.11,,,,,,,,,,,,,,,,,,,,,
2003-03-31,827.71,884.71,6.8906,106.11,,,,,,,,,,,,,,,,,,,,,
2003-04-01,827.74,896.08,6.9225,106.1,,,,,,,,,,,,,,,,,,,,,
2003-04-02,827.73,902.13,6.9977,106.1,,,,,,,,,,,,,,,,,,,,,
2003-04-03,827.7,901.97,6.9931,106.09,,,,,,,,,,,,,,,,,,,,,
2003-04-04,827.7,892.43,6.9709,106.09,,,,,,,,,,,,,,,,,,,,,
2003-04-07,827.7,887.41,6.9029,106.09,,,,,,,,,,,,,,,,,,,,,
2003-04-08,827.72,879.78,6.8507,106.08,,,,,,,,,,,,,,,,,,,,,
2003-04-09,827.72,881.81,6.8901,106.09,,,,,,,,,,,,,,,,,,,,,
2003-04-10,827.74,889.95,6.8998,106.1,,,,,,,,,,,,,,,,,,,,,
2003-04-11,827.73,891.83,6.8991,106.09,,,,,,,,,,,,,,,,,,,,,
2003-04-14,827.72,891.74,6.9116,106.09,,,,,,,,,,,,,,,,,,,,,
2003-04-15,827.74,888.63,6.8694,106.1,,,,,,,,,,,,,,,,,,,,,
2003-04-16,827.72,890.76,6.8806,106.09,,,,,,,,,,,,,,,,,,,,,
2003-04-17,827.72,893.73,6.8742,106.09,,,,,,,,,,,,,,,,,,,,,
2003-04-18,827.71,904.54,6.9367,106.09,,,,,,,,,,,,,,,,,,,,,
2003-04-21,827.7,901.07,6.9125,106.07,,,,,,,,,,,,,,,,,,,,,
2003-04-22,827.69,901.27,6.8948,106.09,,,,,,,,,,,,,,,,,,,,,
2003-04-23,827.7,899.36,6.8635,106.1,,,,,,,,,,,,,,,,,,,,,
2003-04-24,827.72,906.8,6.889,106.1,,,,,,,,,,,,,,,,,,,,,
2003-04-25,827.72,911.05,6.8992,106.09,,,,,,,,,,,,,,,,,,,,,
2003-04-28,827.7,912.67,6.8763,106.09,,,,,,,,,,,,,,,,,,,,,
2003-04-29,827.7,915.18,6.8939,106.1,,,,,,,,,,,,,,,,,,,,,
2003-04-30,827.7,908.36,6.887,106.11,,,,,,,,,,,,,,,,,,,,,
2003-05-06,827.71,921.07,6.9241,106.1,,,,,,,,,,,,,,,,,,,,,
2003-05-07,827.7,934.45,6.9744,106.1,,,,,,,,,,,,,,,,,,,,,
2003-05-08,827.69,944.48,7.0287,106.12,,,,,,,,,,,,,,,,,,,,,
2003-05-09,827.68,937.8,7.0919,106.1,,,,,,,,,,,,,,,,,,,,,
2003-05-12,827.68,951.34,7.0586,106.1,,,,,,,,,,,,,,,,,,,,,
2003-05-13,827.7,957.5,7.0829,106.09,,,,,,,,,,,,,,,,,,,,,
2003-05-14,827.7,951.02,7.0653,106.09,,,,,,,,,,,,,,,,,,,,,
2003-05-15,827.69,950.96,7.0879,106.09,,,,,,,,,,,,,,,,,,,,,
2003-05-16,827.68,947.51,7.12,106.09,,,,,,,,,,,,,,,,,,,,,
2003-05-19,827.7,943.46,7.1106,106.09,,,,,,,,,,,,,,,,,,,,,
2003-05-20,827.68,967.79,7.1797,106.1,,,,,,,,,,,,,,,,,,,,,
2003-05-21,827.68,964.96,7.0642,106.1,,,,,,,,,,,,,,,,,,,,,
2003-05-22,827.69,969.76,7.0888,106.1,,,,,,,,,,,,,,,,,,,,,
2003-05-23,827.68,963.06,7.034,106.09,,,,,,,,,,,,,,,,,,,,,
2003-05-26,827.68,967.18,7.0549,106.08,,,,,,,,,,,,,,,,,,,,,
2003-05-27,827.7,977.97,7.0807,106.1,,,,,,,,,,,,,,,,,,,,,
2003-05-28,827.68,979.78,7.0867,106.1,,,,,,,,,,,,,,,,,,,,,
2003-05-29,827.7,979.19,7.0649,106.09,,,,,,,,,,,,,,,,,,,,,
2003-05-30,827.7,972.0,6.9634,106.11,,,,,,,,,,,,,,,,,,,,,
2003-06-02,827.68,982.64,6.9904,106.11,,,,,,,,,,,,,,,,,,,,,
2003-06-03,827.68,968.56,6.9556,106.1,,,,,,,,,,,,,,,,,,,,,
2003-06-04,827.69,970.57,6.9841,106.11,,,,,,,,,,,,,,,,,,,,,
2003-06-05,827.7,970.46,6.9599,106.11,,,,,,,,,,,,,,,,,,,,,
2003-06-06,827.7,963.96,6.9837,106.12,,,,,,,,,,,,,,,,,,,,,
2003-06-09,827.7,980.99,7.0236,106.12,,,,,,,,,,,,,,,,,,,,,
2003-06-10,827.7,966.94,6.9879,106.12,,,,,,,,,,,,,,,,,,,,,
2003-06-11,827.68,970.06,6.9991,106.11,,,,,,,,,,,,,,,,,,,,,
2003-06-12,827.7,968.69,7.008,106.11,,,,,,,,,,,,,,,,,,,,,
2003-06-13,827.7,973.03,7.0267,106.09,,,,,,,,,,,,,,,,,,,,,
2003-06-16,827.68,973.42,7.0315,106.09,,,,,,,,,,,,,,,,,,,,,
2003-06-17,827.69,983.22,7.0388,106.1,,,,,,,,,,,,,,,,,,,,,
2003-06-18,827.68,980.86,7.0293,106.1,,,,,,,,,,,,,,,,,,,,,
2003-06-19,827.68,974.91,6.9998,106.11,,,,,,,,,,,,,,,,,,,,,
2003-06-20,827.7,963.81,6.9744,106.1,,,,,,,,,,,,,,,,,,,,,
2003-06-23,827.72,970.16,6.9976,106.09,,,,,,,,,,,,,,,,,,,,,
2003-06-24,827.73,957.56,6.9952,106.1,,,,,,,,,,,,,,,,,,,,,
2003-06-25,827.73,955.67,7.0239,106.11,,,,,,,,,,,,,,,,,,,,,
2003-06-26,827.75,952.54,7.0309,106.1,,,,,,,,,,,,,,,,,,,,,
2003-06-27,827.75,953.45,7.0019,106.11,,,,,,,,,,,,,,,,,,,,,
2003-06-30,827.74,946.49,6.928,106.12,,,,,,,,,,,,,,,,,,,,,
2003-07-01,827.74,946.49,6.9083,106.12,,,,,,,,,,,,,,,,,,,,,
2003-07-02,827.74,953.49,6.9081,106.11,,,,,,,,,,,,,,,,,,,,,
2003-07-03,827.75,955.7,6.9297,106.11,,,,,,,,,,,,,,,,,,,,,
2003-07-04,827.75,953.24,6.985,106.09,,,,,,,,,,,,,,,,,,,,,
2003-07-07,827.76,948.87,6.999,106.11,,,,,,,,,,,,,,,,,,,,,
2003-07-08,827.73,947.46,7.0119,106.1,,,,,,,,,,,,,,,,,,,,,
2003-07-09,827.73,936.87,7.0086,106.1,,,,,,,,,,,,,,,,,,,,,
2003-07-10,827.75,937.64,6.9935,106.1,,,,,,,,,,,,,,,,,,,,,
2003-07-11,827.73,938.66,7.0216,106.1,,,,,,,,,,,,,,,,,,,,,
2003-07-12,827.72,937.11,7.0147,106.09,,,,,,,,,,,,,,,,,,,,,
2003-07-15,827.71,932.67,7.0278,106.09,,,,,,,,,,,,,,,,,,,,,
2003-07-16,827.71,934.02,7.0289,106.09,,,,,,,,,,,,,,,,,,,,,
2003-07-17,827.7,923.3,7.0002,106.08,,,,,,,,,,,,,,,,,,,,,
2003-07-18,827.7,928.51,7.0007,106.09,,,,,,,,,,,,,,,,,,,,,
2003-07-21,827.7,929.97,6.9553,106.08,,,,,,,,,,,,,,,,,,,,,
2003-07-22,827.68,933.35,6.9965,106.1,,,,,,,,,,,,,,,,,,,,,
2003-07-23,827.7,937.12,6.9416,106.12,,,,,,,,,,,,,,,,,,,,,
2003-07-24,827.7,939.81,6.9532,106.09,,,,,,,,,,,,,,,,,,,,,
2003-07-25,827.72,950.09,6.9682,106.11,,,,,,,,,,,,,,,,,,,,,
2003-07-28,827.74,949.0,6.9476,106.1,,,,,,,,,,,,,,,,,,,,,
2003-07-29,827.75,949.44,6.9475,106.11,,,,,,,,,,,,,,,,,,,,,
2003-07-30,827.75,951.15,6.9409,106.12,,,,,,,,,,,,,,,,,,,,,
2003-07-31,827.73,946.76,6.9049,106.1,,,,,,,,,,,,,,,,,,,,,
2003-08-01,827.73,938.42,6.8919,106.09,,,,,,,,,,,,,,,,,,,,,
2003-08-04,827.72,928.11,6.8748,106.09,,,,,,,,,,,,,,,,,,,,,
2003-08-05,827.75,932.21,6.8968,106.11,,,,,,,,,,,,,,,,,,,,,
2003-08-06,827.75,940.26,6.874,106.1,,,,,,,,,,,,,,,,,,,,,
2003-08-07,827.73,944.39,6.8981,106.09,,,,,,,,,,,,,,,,,,,,,
2003-08-08,827.73,937.49,6.8868,106.1,,,,,,,,,,,,,,,,,,,,,
2003-08-11,827.72,940.79,6.9505,106.09,,,,,,,,,,,,,,,,,,,,,
2003-08-12,827.72,933.73,6.9657,106.1,,,,,,,,,,,,,,,,,,,,,
2003-08-13,827.7,939.93,6.9709,106.09,,,,,,,,,,,,,,,,,,,,,
2003-08-14,827.7,931.73,6.9447,106.09,,,,,,,,,,,,,,,,,,,,,
2003-08-15,827.7,936.41,6.9372,106.09,,,,,,,,,,,,,,,,,,,,,
2003-08-18,827.68,931.93,6.9552,106.09,,,,,,,,,,,,,,,,,,,,,
2003-08-19,827.68,930.19,6.9275,106.1,,,,,,,,,,,,,,,,,,,,,
2003-08-20,827.67,919.78,6.9326,106.09,,,,,,,,,,,,,,,,,,,,,
2003-08-21,827.68,919.13,6.9804,106.09,,,,,,,,,,,,,,,,,,,,,
2003-08-22,827.66,914.66,7.0046,106.1,,,,,,,,,,,,,,,,,,,,,
2003-08-25,827.66,903.81,7.0199,106.09,,,,,,,,,,,,,,,,,,,,,
2003-08-26,827.68,900.65,7.0374,106.1,,,,,,,,,,,,,,,,,,,,,
2003-08-27,827.68,897.56,7.0395,106.11,,,,,,,,,,,,,,,,,,,,,
2003-08-28,827.7,899.22,7.0402,106.12,,,,,,,,,,,,,,,,,,,,,
2003-08-29,827.71,898.77,7.0469,106.12,,,,,,,,,,,,,,,,,,,,,
2003-09-01,827.71,900.75,7.0626,106.08,,,,,,,,,,,,,,,,,,,,,
2003-09-02,827.7,909.0,7.0929,106.09,,,,,,,,,,,,,,,,,,,,,
2003-09-03,827.7,902.5,7.0855,106.09,,,,,,,,,,,,,,,,,,,,,
2003-09-04,827.68,892.96,7.1142,106.08,,,,,,,,,,,,,,,,,,,,,
2003-09-05,827.7,896.07,7.081,106.08,,,,,,,,,,,,,,,,,,,,,
2003-09-08,827.7,905.52,7.0782,106.09,,,,,,,,,,,,,,,,,,,,,
2003-09-09,827.69,916.85,7.0527,106.1,,,,,,,,,,,,,,,,,,,,,
2003-09-10,827.7,919.4,7.0957,106.09,,,,,,,,,,,,,,,,,,,,,
2003-09-11,827.7,928.91,7.0874,106.08,,,,,,,,,,,,,,,,,,,,,
2003-09-12,827.72,931.89,7.0602,106.08,,,,,,,,,,,,,,,,,,,,,
2003-09-15,827.72,925.3,7.0645,106.08,,,,,,,,,,,,,,,,,,,,,
2003-09-16,827.74,933.5,7.0496,106.09,,,,,,,,,,,,,,,,,,,,,
2003-09-17,827.74,934.06,7.0812,106.09,,,,,,,,,,,,,,,,,,,,,
2003-09-18,827.75,924.27,7.1186,106.09,,,,,,,,,,,,,,,,,,,,,
2003-09-19,827.75,934.09,7.1317,106.09,,,,,,,,,,,,,,,,,,,,,
2003-09-22,827.73,932.2,7.1724,106.1,,,,,,,,,,,,,,,,,,,,,
2003-09-23,827.73,947.0,7.3681,106.11,,,,,,,,,,,,,,,,,,,,,
2003-09-24,827.72,949.79,7.3888,106.47,,,,,,,,,,,,,,,,,,,,,
2003-09-25,827.7,946.77,7.3736,106.72,,,,,,,,,,,,,,,,,,,,,
2003-09-26,827.7,949.96,7.3905,106.55,,,,,,,,,,,,,,,,,,,,,
2003-09-27,827.73,949.47,7.382,106.58,,,,,,,,,,,,,,,,,,,,,
2003-09-28,827.73,945.0,7.3843,106.81,,,,,,,,,,,,,,,,,,,,,
2003-09-29,827.71,950.18,7.4081,106.86,,,,,,,,,,,,,,,,,,,,,
2003-09-30,827.7,947.62,7.4309,106.83,,,,,,,,,,,,,,,,,,,,,
2003-10-08,827.7,961.97,7.4576,106.82,,,,,,,,,,,,,,,,,,,,,
2003-10-09,827.71,974.28,7.5435,107.14,,,,,,,,,,,,,,,,,,,,,
2003-10-10,827.7,979.74,7.5768,106.93,,,,,,,,,,,,,,,,,,,,,
2003-10-13,827.7,969.95,7.5854,107.04,,,,,,,,,,,,,,,,,,,,,
2003-10-14,827.68,975.22,7.6283,106.96,,,,,,,,,,,,,,,,,,,,,
2003-10-15,827.67,961.64,7.5543,106.81,,,,,,,,,,,,,,,,,,,,,
2003-10-16,827.67,969.39,7.5875,106.87,,,,,,,,,,,,,,,,,,,,,
2003-10-17,827.66,961.7,7.5413,106.83,,,,,,,,,,,,,,,,,,,,,
2003-10-20,827.66,959.16,7.5257,106.83,,,,,,,,,,,,,,,,,,,,,
2003-10-21,827.66,962.43,7.552,106.75,,,,,,,,,,,,,,,,,,,,,
2003-10-22,827.65,962.96,7.5314,106.7,,,,,,,,,,,,,,,,,,,,,
2003-10-23,827.66,967.85,7.554,106.71,,,,,,,,,,,,,,,,,,,,,
2003-10-24,827.66,977.73,7.5618,106.71,,,,,,,,,,,,,,,,,,,,,
2003-10-27,827.68,977.0,7.5426,106.71,,,,,,,,,,,,,,,,,,,,,
2003-10-28,827.67,975.14,7.6105,106.68,,,,,,,,,,,,,,,,,,,,,
2003-10-29,827.66,969.41,7.6394,106.66,,,,,,,,,,,,,,,,,,,,,
2003-10-30,827.66,967.32,7.6531,106.61,,,,,,,,,,,,,,,,,,,,,
2003-10-31,827.67,965.49,7.6485,106.62,,,,,,,,,,,,,,,,,,,,,
2003-11-03,827.66,961.54,7.5969,106.55,,,,,,,,,,,,,,,,,,,,,
2003-11-04,827.66,957.77,7.514,106.54,,,,,,,,,,,,,,,,,,,,,
2003-11-05,827.67,946.96,7.5047,106.53,,,,,,,,,,,,,,,,,,,,,
2003-11-06,827.67,950.69,7.5416,106.51,,,,,,,,,,,,,,,,,,,,,
2003-11-07,827.69,947.06,7.5232,106.51,,,,,,,,,,,,,,,,,,,,,
2003-11-10,827.7,945.18,7.5136,106.49,,,,,,,,,,,,,,,,,,,,,
2003-11-11,827.7,954.0,7.5611,106.48,,,,,,,,,,,,,,,,,,,,,
2003-11-12,827.69,949.94,7.5919,106.78,,,,,,,,,,,,,,,,,,,,,
2003-11-13,827.7,954.18,7.6092,106.62,,,,,,,,,,,,,,,,,,,,,
2003-11-14,827.7,963.9,7.6322,106.53,,,,,,,,,,,,,,,,,,,,,
2003-11-17,827.7,974.71,7.6577,106.57,,,,,,,,,,,,,,,,,,,,,
2003-11-18,827.69,976.04,7.5578,106.64,,,,,,,,,,,,,,,,,,,,,
2003-11-19,827.67,974.52,7.6003,106.59,,,,,,,,,,,,,,,,,,,,,
2003-11-20,827.67,990.04,7.6516,106.66,,,,,,,,,,,,,,,,,,,,,
2003-11-21,827.69,985.8,7.5981,106.65,,,,,,,,,,,,,,,,,,,,,
2003-11-24,827.7,984.77,7.5868,106.6,,,,,,,,,,,,,,,,,,,,,
2003-11-25,827.71,985.88,7.5988,106.59,,,,,,,,,,,,,,,,,,,,,
2003-11-26,827.7,976.16,7.5626,106.51,,,,,,,,,,,,,,,,,,,,,
2003-11-27,827.72,976.22,7.556,106.51,,,,,,,,,,,,,,,,,,,,,
2003-11-28,827.72,987.36,7.5952,106.51,,,,,,,,,,,,,,,,,,,,,
2003-12-01,827.7,986.23,7.5644,106.53,,,,,,,,,,,,,,,,,,,,,
2003-12-02,827.72,994.6,7.5628,106.57,,,,,,,,,,,,,,,,,,,,,
2003-12-03,827.72,990.52,7.5535,106.58,,,,,,,,,,,,,,,,,,,,,
2003-12-04,827.71,999.31,7.6092,106.59,,,,,,,,,,,,,,,,,,,,,
2003-12-05,827.7,1000.85,7.6383,106.56,,,,,,,,,,,,,,,,,,,,,
2003-12-08,827.69,1000.01,7.6328,106.52,,,,,,,,,,,,,,,,,,,,,
2003-12-09,827.71,1006.61,7.685,106.57,,,,,,,,,,,,,,,,,,,,,
2003-12-10,827.71,1011.73,7.7122,106.55,,,,,,,,,,,,,,,,,,,,,
2003-12-11,827.7,1011.99,7.7032,106.59,,,,,,,,,,,,,,,,,,,,,
2003-12-12,827.71,1009.52,7.6452,106.57,,,,,,,,,,,,,,,,,,,,,
2003-12-15,827.72,1011.53,7.6653,106.58,,,,,,,,,,,,,,,,,,,,,
2003-12-16,827.72,1009.07,7.6564,106.61,,,,,,,,,,,,,,,,,,,,,
2003-12-17,827.71,1018.94,7.6772,106.61,,,,,,,,,,,,,,,,,,,,,
2003-12-18,827.69,1019.87,7.6924,106.58,,,,,,,,,,,,,,,,,,,,,
2003-12-19,827.69,1026.36,7.6965,106.56,,,,,,,,,,,,,,,,,,,,,
2003-12-22,827.7,1026.78,7.6867,106.54,,,,,,,,,,,,,,,,,,,,,
2003-12-23,827.69,1025.75,7.6853,106.55,,,,,,,,,,,,,,,,,,,,,
2003-12-24,827.7,1026.72,7.7016,106.57,,,,,,,,,,,,,,,,,,,,,
2003-12-25,827.7,1026.92,7.7025,106.55,,,,,,,,,,,,,,,,,,,,,
2003-12-26,827.68,1030.59,7.7175,106.53,,,,,,,,,,,,,,,,,,,,,
2003-12-29,827.68,1031.1,7.7254,106.52,,,,,,,,,,,,,,,,,,,,,
2003-12-30,827.69,1029.67,7.7309,106.55,,,,,,,,,,,,,,,,,,,,,
2003-12-31,827.67,1033.83,7.7263,106.57,,,,,,,,,,,,,,,,,,,,,
2004-01-02,827.67,1040.36,7.741,106.57,,,,,,,,,,,,,,,,,,,,,
2004-01-05,827.69,1039.51,7.7345,106.56,,,,,,,,,,,,,,,,,,,,,
2004-01-06,827.7,1047.61,7.7344,106.57,,,,,,,,,,,,,,,,,,,,,
2004-01-07,827.71,1049.18,7.7938,106.58,,,,,,,,,,,,,,,,,,,,,
2004-01-08,827.72,1052.24,7.7812,106.58,,,,,,,,,,,,,,,,,,,,,
2004-01-09,827.72,1043.0,7.7918,106.58,,,,,,,,,,,,,,,,,,,,,
2004-01-12,827.7,1053.49,7.7295,106.58,,,,,,,,,,,,,,,,,,,,,
2004-01-13,827.7,1062.37,7.775,106.58,,,,,,,,,,,,,,,,,,,,,
2004-01-14,827.68,1056.53,7.7654,106.58,,,,,,,,,,,,,,,,,,,,,
2004-01-15,827.68,1055.59,7.7874,106.57,,,,,,,,,,,,,,,,,,,,,
2004-01-16,827.67,1047.4,7.7907,106.56,,,,,,,,,,,,,,,,,,,,,
2004-01-17,827.67,1041.63,7.7911,106.57,,,,,,,,,,,,,,,,,,,,,
2004-01-18,827.67,1028.97,7.7543,106.48,,,,,,,,,,,,,,,,,,,,,
2004-01-19,827.66,1026.52,7.7146,106.15,,,,,,,,,,,,,,,,,,,,,
2004-01-20,827.68,1023.69,7.7656,106.54,,,,,,,,,,,,,,,,,,,,,
2004-01-21,827.7,1023.68,7.6986,106.52,,,,,,,,,,,,,,,,,,,,,
2004-01-29,827.71,1040.48,7.7211,106.51,,,,,,,,,,,,,,,,,,,,,
2004-01-30,827.7,1032.01,7.8068,106.49,,,,,,,,,,,,,,,,,,,,,
2004-02-02,827.68,1026.94,7.8052,106.42,,,,,,,,,,,,,,,,,,,,,
2004-02-03,827.7,1030.65,7.8332,106.41,,,,,,,,,,,,,,,,,,,,,
2004-02-04,827.72,1032.7,7.8418,106.4,,,,,,,,,,,,,,,,,,,,,
2004-02-05,827.72,1037.8,7.849,106.41,,,,,,,,,,,,,,,,,,,,,
2004-02-06,827.73,1037.24,7.8416,106.42,,,,,,,,,,,,,,,,,,,,,
2004-02-09,827.73,1038.2,7.7987,106.43,,,,,,,,,,,,,,,,,,,,,
2004-02-10,827.73,1050.19,7.8234,106.48,,,,,,,,,,,,,,,,,,,,,
2004-02-11,827.72,1051.59,7.8335,106.5,,,,,,,,,,,,,,,,,,,,,
2004-02-12,827.71,1050.55,7.8427,106.49,,,,,,,,,,,,,,,,,,,,,
2004-02-13,827.72,1061.31,7.8523,106.49,,,,,,,,,,,,,,,,,,,,,
2004-02-16,827.7,1059.89,7.844,106.47,,,,,,,,,,,,,,,,,,,,,
2004-02-17,827.72,1053.41,7.8416,106.5,,,,,,,,,,,,,,,,,,,,,
2004-02-18,827.7,1057.11,7.8411,106.54,,,,,,,,,,,,,,,,,,,,,
2004-02-19,827.7,1065.56,7.8352,106.47,,,,,,,,,,,,,,,,,,,,,
2004-02-20,827.71,1052.24,7.7612,106.46,,,,,,,,,,,,,,,,,,,,,
2004-02-23,827.72,1051.85,7.7098,106.44,,,,,,,,,,,,,,,,,,,,,
2004-02-24,827.72,1035.38,7.6182,106.41,,,,,,,,,,,,,,,,,,,,,
2004-02-25,827.71,1037.38,7.6171,106.42,,,,,,,,,,,,,,,,,,,,,
2004-02-26,827.7,1050.26,7.6512,106.39,,,,,,,,,,,,,,,,,,,,,
2004-02-27,827.7,1035.39,7.601,106.34,,,,,,,,,,,,,,,,,,,,,
2004-03-01,827.69,1030.12,7.5617,106.31,,,,,,,,,,,,,,,,,,,,,
2004-03-02,827.68,1037.03,7.5697,106.3,,,,,,,,,,,,,,,,,,,,,
2004-03-03,827.68,1029.54,7.5854,106.3,,,,,,,,,,,,,,,,,,,,,
2004-03-04,827.68,1011.05,7.5113,106.22,,,,,,,,,,,,,,,,,,,,,
2004-03-05,827.7,1007.88,7.5101,106.18,,,,,,,,,,,,,,,,,,,,,
2004-03-08,827.71,1010.36,7.4365,106.18,,,,,,,,,,,,,,,,,,,,,
2004-03-09,827.71,1023.6,7.3865,106.23,,,,,,,,,,,,,,,,,,,,,
2004-03-10,827.71,1029.98,7.4387,106.2,,,,,,,,,,,,,,,,,,,,,
2004-03-11,827.71,1019.61,7.4308,106.19,,,,,,,,,,,,,,,,,,,,,
2004-03-12,827.72,1010.54,7.4733,106.16,,,,,,,,,,,,,,,,,,,,,
2004-03-15,827.71,1018.68,7.4617,106.14,,,,,,,,,,,,,,,,,,,,,
2004-03-16,827.73,1011.61,7.4609,106.18,,,,,,,,,,,,,,,,,,,,,
2004-03-17,827.73,1014.76,7.5172,106.18,,,,,,,,,,,,,,,,,,,,,
2004-03-18,827.74,1014.46,7.6297,106.2,,,,,,,,,,,,,,,,,,,,,
2004-03-19,827.74,1013.84,7.7206,106.2,,,,,,,,,,,,,,,,,,,,,
2004-03-22,827.72,1025.35,7.7169,106.19,,,,,,,,,,,,,,,,,,,,,
2004-03-23,827.73,1014.27,7.704,106.19,,,,,,,,,,,,,,,,,,,,,
2004-03-24,827.74,1021.37,7.7543,106.17,,,,,,,,,,,,,,,,,,,,,
2004-03-25,827.72,1020.86,7.752,106.16,,,,,,,,,,,,,,,,,,,,,
2004-03-26,827.71,1004.98,7.8057,106.13,,,,,,,,,,,,,,,,,,,,,
2004-03-29,827.7,1004.45,7.8027,106.12,,,,,,,,,,,,,,,,,,,,,
2004-03-30,827.71,1000.47,7.8388,106.13,,,,,,,,,,,,,,,,,,,,,
2004-03-31,827.71,1008.65,7.8383,106.14,,,,,,,,,,,,,,,,,,,,,
2004-04-01,827.7,1012.18,7.9304,106.14,,,,,,,,,,,,,,,,,,,,,
2004-04-02,827.69,1015.52,7.9353,106.18,,,,,,,,,,,,,,,,,,,,,
2004-04-05,827.69,1021.68,7.9422,106.24,,,,,,,,,,,,,,,,,,,,,
2004-04-06,827.69,1001.98,7.9072,106.24,,,,,,,,,,,,,,,,,,,,,
2004-04-07,827.69,994.86,7.7969,106.18,,,,,,,,,,,,,,,,,,,,,
2004-04-08,827.69,999.21,7.822,106.15,,,,,,,,,,,,,,,,,,,,,
2004-04-09,827.69,1010.11,7.8389,106.13,,,,,,,,,,,,,,,,,,,,,
2004-04-12,827.69,1000.07,7.7833,106.12,,,,,,,,,,,,,,,,,,,,,
2004-04-13,827.7,999.14,7.7888,106.13,,,,,,,,,,,,,,,,,,,,,
2004-04-14,827.69,994.29,7.8509,106.16,,,,,,,,,,,,,,,,,,,,,
2004-04-15,827.72,987.28,7.7193,106.13,,,,,,,,,,,,,,,,,,,,,
2004-04-16,827.71,990.1,7.6153,106.1,,,,,,,,,,,,,,,,,,,,,
2004-04-19,827.69,991.85,7.6227,106.1,,,,,,,,,,,,,,,,,,,,,
2004-04-20,827.68,994.81,7.6696,106.1,,,,,,,,,,,,,,,,,,,,,
2004-04-21,827.68,990.8,7.6405,106.09,,,,,,,,,,,,,,,,,,,,,
2004-04-22,827.69,979.84,7.6033,106.08,,,,,,,,,,,,,,,,,,,,,
2004-04-23,827.7,978.88,7.575,106.07,,,,,,,,,,,,,,,,,,,,,
2004-04-26,827.69,984.73,7.5506,106.07,,,,,,,,,,,,,,,,,,,,,
2004-04-27,827.68,976.0,7.5882,106.09,,,,,,,,,,,,,,,,,,,,,
2004-04-28,827.68,980.9,7.6261,106.09,,,,,,,,,,,,,,,,,,,,,
2004-04-29,827.68,985.7,7.5839,106.09,,,,,,,,,,,,,,,,,,,,,
2004-04-30,827.69,978.8,7.5031,106.08,,,,,,,,,,,,,,,,,,,,,
2004-05-08,827.71,989.98,7.4994,106.09,,,,,,,,,,,,,,,,,,,,,
2004-05-09,827.71,985.12,7.3636,106.06,,,,,,,,,,,,,,,,,,,,,
2004-05-10,827.7,984.65,7.3673,106.05,,,,,,,,,,,,,,,,,,,,,
2004-05-11,827.69,981.56,7.3461,106.08,,,,,,,,,,,,,,,,,,,,,
2004-05-12,827.73,981.76,7.3001,106.09,,,,,,,,,,,,,,,,,,,,,
2004-05-13,827.73,980.88,7.3367,106.08,,,,,,,,,,,,,,,,,,,,,
2004-05-14,827.72,984.07,7.27,106.07,,,,,,,,,,,,,,,,,,,,,
2004-05-17,827.72,978.09,7.2253,106.09,,,,,,,,,,,,,,,,,,,,,
2004-05-18,827.72,989.3,7.277,106.09,,,,,,,,,,,,,,,,,,,,,
2004-05-19,827.71,991.95,7.2475,106.1,,,,,,,,,,,,,,,,,,,,,
2004-05-20,827.69,990.62,7.2953,106.1,,,,,,,,,,,,,,,,,,,,,
2004-05-21,827.71,991.55,7.3015,106.15,,,,,,,,,,,,,,,,,,,,,
2004-05-24,827.71,991.29,7.3626,106.27,,,,,,,,,,,,,,,,,,,,,
2004-05-25,827.7,989.34,7.3462,106.18,,,,,,,,,,,,,,,,,,,,,
2004-05-26,827.69,996.48,7.3284,106.16,,,,,,,,,,,,,,,,,,,,,
2004-05-27,827.68,1003.44,7.4058,106.16,,,,,,,,,,,,,,,,,,,,,
2004-05-28,827.68,1006.13,7.4234,106.15,,,,,,,,,,,,,,,,,,,,,
2004-05-31,827.69,1015.84,7.4789,106.16,,,,,,,,,,,,,,,,,,,,,
2004-06-01,827.68,1010.78,7.5473,106.17,,,,,,,,,,,,,,,,,,,,,
2004-06-02,827.67,1012.8,7.5473,106.15,,,,,,,,,,,,,,,,,,,,,
2004-06-03,827.67,1014.28,7.4775,106.13,,,,,,,,,,,,,,,,,,,,,
2004-06-04,827.68,1009.88,7.4886,106.14,,,,,,,,,,,,,,,,,,,,,
2004-06-07,827.67,1010.16,7.4505,106.13,,,,,,,,,,,,,,,,,,,,,
2004-06-08,827.67,1020.01,7.5073,106.14,,,,,,,,,,,,,,,,,,,,,
2004-06-09,827.67,1019.26,7.5336,106.15,,,,,,,,,,,,,,,,,,,,,
2004-06-10,827.67,1012.0,7.5854,106.14,,,,,,,,,,,,,,,,,,,,,
2004-06-11,827.68,997.22,7.5184,106.11,,,,,,,,,,,,,,,,,,,,,
2004-06-14,827.67,997.75,7.5224,106.1,,,,,,,,,,,,,,,,,,,,,
2004-06-15,827.66,990.48,7.4564,106.12,,,,,,,,,,,,,,,,,,,,,
2004-06-16,827.66,998.94,7.4694,106.1,,,,,,,,,,,,,,,,,,,,,
2004-06-17,827.66,1005.14,7.55,106.1,,,,,,,,,,,,,,,,,,,,,
2004-06-18,827.66,992.84,7.533,106.09,,,,,,,,,,,,,,,,,,,,,
2004-06-21,827.66,993.43,7.5585,106.1,,,,,,,,,,,,,,,,,,,,,
2004-06-22,827.66,1001.96,7.6129,106.11,,,,,,,,,,,,,,,,,,,,,
2004-06-23,827.66,1002.89,7.617,106.08,,,,,,,,,,,,,,,,,,,,,
2004-06-24,827.67,1003.81,7.616,106.08,,,,,,,,,,,,,,,,,,,,,
2004-06-25,827.66,998.19,7.6474,106.08,,,,,,,,,,,,,,,,,,,,,
2004-06-28,827.67,1005.8,7.696,106.12,,,,,,,,,,,,,,,,,,,,,
2004-06-29,827.66,1004.23,7.6731,106.12,,,,,,,,,,,,,,,,,,,,,
2004-06-30,827.66,1007.38,7.6367,106.09,,,,,,,,,,,,,,,,,,,,,
2004-07-01,827.66,1000.21,7.6176,106.07,,,,,,,,,,,,,,,,,,,,,
2004-07-02,827.67,1007.89,7.6524,106.06,,,,,,,,,,,,,,,,,,,,,
2004-07-05,827.66,1006.57,7.5919,106.07,,,,,,,,,,,,,,,,,,,,,
2004-07-06,827.68,1019.58,7.6128,106.08,,,,,,,,,,,,,,,,,,,,,
2004-07-07,827.68,1017.5,7.5597,106.09,,,,,,,,,,,,,,,,,,,,,
2004-07-08,827.68,1017.39,7.5949,106.07,,,,,,,,,,,,,,,,,,,,,
2004-07-09,827.69,1022.87,7.6071,106.08,,,,,,,,,,,,,,,,,,,,,
2004-07-12,827.69,1027.26,7.6388,106.09,,,,,,,,,,,,,,,,,,,,,
2004-07-13,827.68,1025.59,7.6686,106.08,,,,,,,,,,,,,,,,,,,,,
2004-07-14,827.68,1024.42,7.6079,106.09,,,,,,,,,,,,,,,,,,,,,
2004-07-15,827.67,1021.23,7.5834,106.07,,,,,,,,,,,,,,,,,,,,,
2004-07-16,827.67,1022.54,7.5614,106.08,,,,,,,,,,,,,,,,,,,,,
2004-07-19,827.66,1022.78,7.5448,106.08,,,,,,,,,,,,,,,,,,,,,
2004-07-20,827.66,1030.26,7.6315,106.08,,,,,,,,,,,,,,,,,,,,,
2004-07-21,827.67,1028.0,7.6213,106.08,,,,,,,,,,,,,,,,,,,,,
2004-07-22,827.66,1019.33,7.6154,106.07,,,,,,,,,,,,,,,,,,,,,
2004-07-23,827.66,1014.72,7.5401,106.07,,,,,,,,,,,,,,,,,,,,,
2004-07-26,827.66,1013.66,7.5325,106.09,,,,,,,,,,,,,,,,,,,,,
2004-07-27,827.67,1003.92,7.5437,106.07,,,,,,,,,,,,,,,,,,,,,
2004-07-28,827.67,1004.28,7.5282,106.07,,,,,,,,,,,,,,,,,,,,,
2004-07-29,827.68,998.05,7.4591,106.08,,,,,,,,,,,,,,,,,,,,,
2004-07-30,827.69,998.34,7.4098,106.08,,,,,,,,,,,,,,,,,,,,,
2004-08-02,827.69,996.81,7.3921,106.1,,,,,,,,,,,,,,,,,,,,,
2004-08-03,827.7,997.41,7.4412,106.09,,,,,,,,,,,,,,,,,,,,,
2004-08-04,827.7,995.61,7.4548,106.09,,,,,,,,,,,,,,,,,,,,,
2004-08-05,827.7,997.46,7.4328,106.08,,,,,,,,,,,,,,,,,,,,,
2004-08-06,827.69,997.78,7.4544,106.07,,,,,,,,,,,,,,,,,,,,,
2004-08-09,827.69,998.61,7.4072,106.08,,,,,,,,,,,,,,,,,,,,,
2004-08-10,827.69,1015.45,7.5,106.1,,,,,,,,,,,,,,,,,,,,,
2004-08-11,827.7,1016.05,7.4778,106.09,,,,,,,,,,,,,,,,,,,,,
2004-08-12,827.69,1013.06,7.4342,106.09,,,,,,,,,,,,,,,,,,,,,
2004-08-13,827.69,1012.52,7.4739,106.1,,,,,,,,,,,,,,,,,,,,,
2004-08-16,827.68,1012.39,7.401,106.08,,,,,,,,,,,,,,,,,,,,,
2004-08-17,827.68,1023.49,7.4731,106.08,,,,,,,,,,,,,,,,,,,,,
2004-08-18,827.67,1022.71,7.4932,106.08,,,,,,,,,,,,,,,,,,,,,
2004-08-19,827.67,1021.36,7.5273,106.08,,,,,,,,,,,,,,,,,,,,,
2004-08-20,827.68,1020.99,7.555,106.07,,,,,,,,,,,,,,,,,,,,,
2004-08-23,827.67,1023.51,7.5749,106.08,,,,,,,,,,,,,,,,,,,,,
2004-08-24,827.67,1017.38,7.5717,106.08,,,,,,,,,,,,,,,,,,,,,
2004-08-25,827.67,1005.68,7.525,106.07,,,,,,,,,,,,,,,,,,,,,
2004-08-26,827.66,998.9,7.5492,106.07,,,,,,,,,,,,,,,,,,,,,
2004-08-27,827.66,999.6,7.5132,106.07,,,,,,,,,,,,,,,,,,,,,
2004-08-30,827.67,1002.5,7.5731,106.08,,,,,,,,,,,,,,,,,,,,,
2004-08-31,827.67,993.13,7.509,106.07,,,,,,,,,,,,,,,,,,,,,
2004-09-01,827.66,998.75,7.5422,106.07,,,,,,,,,,,,,,,,,,,,,
2004-09-02,827.66,1007.45,7.5668,106.08,,,,,,,,,,,,,,,,,,,,,
2004-09-03,827.67,1008.75,7.5552,106.07,,,,,,,,,,,,,,,,,,,,,
2004-09-06,827.67,1007.19,7.5424,106.08,,,,,,,,,,,,,,,,,,,,,
2004-09-07,827.66,997.64,7.4995,106.07,,,,,,,,,,,,,,,,,,,,,
2004-09-08,827.67,997.82,7.5179,106.07,,,,,,,,,,,,,,,,,,,,,
2004-09-09,827.67,1001.28,7.559,106.07,,,,,,,,,,,,,,,,,,,,,
2004-09-10,827.68,1008.4,7.5621,106.07,,,,,,,,,,,,,,,,,,,,,
2004-09-13,827.66,1012.99,7.5232,106.07,,,,,,,,,,,,,,,,,,,,,
2004-09-14,827.66,1014.73,7.5509,106.08,,,,,,,,,,,,,,,,,,,,,
2004-09-15,827.67,1015.48,7.5274,106.08,,,,,,,,,,,,,,,,,,,,,
2004-09-16,827.68,1013.15,7.5458,106.09,,,,,,,,,,,,,,,,,,,,,
2004-09-17,827.66,1005.64,7.5227,106.07,,,,,,,,,,,,,,,,,,,,,
2004-09-20,827.67,1008.52,7.546,106.07,,,,,,,,,,,,,,,,,,,,,
2004-09-21,827.67,1006.28,7.5226,106.08,,,,,,,,,,,,,,,,,,,,,
2004-09-22,827.66,1007.61,7.5162,106.07,,,,,,,,,,,,,,,,,,,,,
2004-09-23,827.66,1019.67,7.5333,106.08,,,,,,,,,,,,,,,,,,,,,
2004-09-24,827.66,1015.27,7.4642,106.08,,,,,,,,,,,,,,,,,,,,,
2004-09-27,827.66,1015.36,7.4795,106.09,,,,,,,,,,,,,,,,,,,,,
2004-09-28,827.66,1016.07,7.4803,106.08,,,,,,,,,,,,,,,,,,,,,
2004-09-29,827.66,1017.38,7.4286,106.07,,,,,,,,,,,,,,,,,,,,,
2004-09-30,827.66,1019.7,7.4519,106.11,,,,,,,,,,,,,,,,,,,,,
2004-10-08,827.66,1020.2,7.4632,106.12,,,,,,,,,,,,,,,,,,,,,
2004-10-09,827.68,1019.68,7.4788,106.17,,,,,,,,,,,,,,,,,,,,,
2004-10-10,827.67,1027.3,7.5247,106.12,,,,,,,,,,,,,,,,,,,,,
2004-10-11,827.66,1024.96,7.538,106.1,,,,,,,,,,,,,,,,,,,,,
2004-10-12,827.65,1026.43,7.5559,106.2,,,,,,,,,,,,,,,,,,,,,
2004-10-13,827.65,1022.89,7.5385,106.19,,,,,,,,,,,,,,,,,,,,,
2004-10-14,827.65,1019.03,7.5322,106.16,,,,,,,,,,,,,,,,,,,,,
2004-10-15,827.65,1020.17,7.5453,106.16,,,,,,,,,,,,,,,,,,,,,
2004-10-16,827.65,1026.06,7.5524,106.23,,,,,,,,,,,,,,,,,,,,,
2004-10-19,827.65,1032.52,7.5706,106.24,,,,,,,,,,,,,,,,,,,,,
2004-10-20,827.65,1031.04,7.5612,106.18,,,,,,,,,,,,,,,,,,,,,
2004-10-21,827.65,1036.96,7.6221,106.24,,,,,,,,,,,,,,,,,,,,,
2004-10-22,827.65,1041.56,7.6622,106.26,,,,,,,,,,,,,,,,,,,,,
2004-10-25,827.65,1044.92,7.6858,106.24,,,,,,,,,,,,,,,,,,,,,
2004-10-26,827.65,1055.86,7.7474,106.26,,,,,,,,,,,,,,,,,,,,,
2004-10-27,827.65,1059.66,7.7499,106.38,,,,,,,,,,,,,,,,,,,,,
2004-10-28,827.65,1055.84,7.7317,106.33,,,,,,,,,,,,,,,,,,,,,
2004-10-29,827.65,1052.54,7.7859,106.38,,,,,,,,,,,,,,,,,,,,,
2004-11-01,827.65,1054.56,7.793,106.36,,,,,,,,,,,,,,,,,,,,,
2004-11-02,827.65,1057.74,7.7854,106.34,,,,,,,,,,,,,,,,,,,,,
2004-11-03,827.65,1054.56,7.7698,106.35,,,,,,,,,,,,,,,,,,,,,
2004-11-04,827.65,1051.54,7.7744,106.31,,,,,,,,,,,,,,,,,,,,,
2004-11-05,827.65,1061.27,7.782,106.34,,,,,,,,,,,,,,,,,,,,,
2004-11-08,827.65,1066.09,7.8015,106.45,,,,,,,,,,,,,,,,,,,,,
2004-11-09,827.65,1072.37,7.8421,106.46,,,,,,,,,,,,,,,,,,,,,
2004-11-10,827.65,1068.96,7.8333,106.37,,,,,,,,,,,,,,,,,,,,,
2004-11-11,827.65,1068.88,7.8143,106.36,,,,,,,,,,,,,,,,,,,,,
2004-11-12,827.65,1066.11,7.7321,106.3,,,,,,,,,,,,,,,,,,,,,
2004-11-15,827.65,1069.17,7.8034,106.36,,,,,,,,,,,,,,,,,,,,,
2004-11-16,827.65,1073.38,7.8521,106.4,,,,,,,,,,,,,,,,,,,,,
2004-11-17,827.65,1070.55,7.8438,106.39,,,,,,,,,,,,,,,,,,,,,
2004-11-18,827.65,1074.03,7.8473,106.4,,,,,,,,,,,,,,,,,,,,,
2004-11-19,827.65,1079.64,7.9695,106.43,,,,,,,,,,,,,,,,,,,,,
2004-11-20,827.65,1072.54,7.9463,106.37,,,,,,,,,,,,,,,,,,,,,
2004-11-23,827.65,1079.06,8.0016,106.42,,,,,,,,,,,,,,,,,,,,,
2004-11-24,827.65,1076.68,7.9971,106.38,,,,,,,,,,,,,,,,,,,,,
2004-11-25,827.65,1083.54,7.9888,106.4,,,,,,,,,,,,,,,,,,,,,
2004-11-26,827.65,1090.17,8.0497,106.45,,,,,,,,,,,,,,,,,,,,,
2004-11-29,827.65,1097.34,8.0733,106.44,,,,,,,,,,,,,,,,,,,,,
2004-11-30,827.65,1097.64,8.0372,106.4,,,,,,,,,,,,,,,,,,,,,
2004-12-01,827.65,1096.07,8.0217,106.39,,,,,,,,,,,,,,,,,,,,,
2004-12-02,827.65,1102.51,8.0481,106.42,,,,,,,,,,,,,,,,,,,,,
2004-12-03,827.65,1106.3,8.0878,106.45,,,,,,,,,,,,,,,,,,,,,
2004-12-04,827.65,1098.78,7.9945,106.43,,,,,,,,,,,,,,,,,,,,,
2004-12-07,827.65,1111.38,8.0899,106.46,,,,,,,,,,,,,,,,,,,,,
2004-12-08,827.65,1112.43,8.0578,106.46,,,,,,,,,,,,,,,,,,,,,
2004-12-09,827.65,1109.54,8.0052,106.47,,,,,,,,,,,,,,,,,,,,,
2004-12-10,827.65,1102.06,7.9459,106.47,,,,,,,,,,,,,,,,,,,,,
2004-12-13,827.65,1097.19,7.8562,106.38,,,,,,,,,,,,,,,,,,,,,
2004-12-14,827.65,1098.03,7.8801,106.4,,,,,,,,,,,,,,,,,,,,,
2004-12-15,827.65,1101.36,7.8862,106.39,,,,,,,,,,,,,,,,,,,,,
2004-12-16,827.65,1102.0,7.8646,106.4,,,,,,,,,,,,,,,,,,,,,
2004-12-17,827.65,1109.95,7.9288,106.41,,,,,,,,,,,,,,,,,,,,,
2004-12-20,827.65,1096.81,7.9118,106.37,,,,,,,,,,,,,,,,,,,,,
2004-12-21,827.65,1105.94,7.9261,106.34,,,,,,,,,,,,,,,,,,,,,
2004-12-22,827.65,1108.69,7.9663,106.33,,,,,,,,,,,,,,,,,,,,,
2004-12-23,827.65,1104.83,7.9225,106.33,,,,,,,,,,,,,,,,,,,,,
2004-12-24,827.65,1110.67,7.9601,106.3,,,,,,,,,,,,,,,,,,,,,
2004-12-27,827.65,1117.48,7.9713,106.3,,,,,,,,,,,,,,,,,,,,,
2004-12-28,827.65,1119.0,7.9713,106.31,,,,,,,,,,,,,,,,,,,,,
2004-12-29,827.65,1125.55,8.0305,106.3,,,,,,,,,,,,,,,,,,,,,
2004-12-30,827.65,1124.77,8.0071,106.4,,,,,,,,,,,,,,,,,,,,,
2004-12-31,827.65,1126.27,7.9701,106.37,,,,,,,,,,,,,,,,,,,,,
2005-01-04,827.65,1125.88,8.0573,106.41,,,,,,,,,,,,,,,,,,,,,
2005-01-05,827.65,1114.74,8.0535,106.31,,,,,,,,,,,,,,,,,,,,,
2005-01-06,827.65,1100.17,7.9298,106.22,,,,,,,,,,,,,,,,,,,,,
2005-01-07,827.65,1097.65,7.9285,106.22,,,,,,,,,,,,,,,,,,,,,
2005-01-10,827.65,1091.3,7.8967,106.17,,,,,,,,,,,,,,,,,,,,,
2005-01-11,827.65,1081.9,7.9032,106.15,,,,,,,,,,,,,,,,,,,,,
2005-01-12,827.65,1085.06,7.9567,106.15,,,,,,,,,,,,,,,,,,,,,
2005-01-13,827.65,1085.88,8.0026,106.13,,,,,,,,,,,,,,,,,,,,,
2005-01-14,827.65,1096.59,8.0742,106.17,,,,,,,,,,,,,,,,,,,,,
2005-01-17,827.65,1088.31,8.0347,106.11,,,,,,,,,,,,,,,,,,,,,
2005-01-18,827.65,1085.15,8.0997,106.12,,,,,,,,,,,,,,,,,,,,,
2005-01-19,827.65,1078.47,8.0888,106.11,,,,,,,,,,,,,,,,,,,,,
2005-01-20,827.65,1077.83,8.0752,106.09,,,,,,,,,,,,,,,,,,,,,
2005-01-21,827.65,1076.63,8.0598,106.1,,,,,,,,,,,,,,,,,,,,,
2005-01-24,827.65,1072.78,7.9934,106.09,,,,,,,,,,,,,,,,,,,,,
2005-01-25,827.65,1080.24,8.0414,106.09,,,,,,,,,,,,,,,,,,,,,
2005-01-26,827.65,1078.38,8.0413,106.07,,,,,,,,,,,,,,,,,,,,,
2005-01-27,827.65,1074.25,7.9897,106.08,,,,,,,,,,,,,,,,,,,,,
2005-01-28,827.65,1082.72,8.0105,106.07,,,,,,,,,,,,,,,,,,,,,
2005-01-31,827.65,1078.33,8.0188,106.09,,,,,,,,,,,,,,,,,,,,,
2005-02-01,827.65,1077.84,7.9862,106.07,,,,,,,,,,,,,,,,,,,,,
2005-02-02,827.65,1079.67,7.9683,106.07,,,,,,,,,,,,,,,,,,,,,
2005-02-03,827.65,1081.8,7.9794,106.08,,,,,,,,,,,,,,,,,,,,,
2005-02-04,827.65,1077.68,7.9422,106.06,,,,,,,,,,,,,,,,,,,,,
2005-02-05,827.65,1072.93,7.9161,106.09,,,,,,,,,,,,,,,,,,,,,
2005-02-06,827.65,1065.22,7.9856,106.06,,,,,,,,,,,,,,,,,,,,,
2005-02-07,827.65,1062.01,7.9954,106.07,,,,,,,,,,,,,,,,,,,,,
2005-02-08,827.65,1063.74,7.9419,106.06,,,,,,,,,,,,,,,,,,,,,
2005-02-16,827.65,1056.2,7.879,106.08,,,,,,,,,,,,,,,,,,,,,
2005-02-17,827.65,1076.96,7.884,106.08,,,,,,,,,,,,,,,,,,,,,
2005-02-18,827.65,1079.24,7.8556,106.06,,,,,,,,,,,,,,,,,,,,,
2005-02-21,827.65,1081.47,7.8462,106.07,,,,,,,,,,,,,,,,,,,,,
2005-02-22,827.65,1080.82,7.8237,106.07,,,,,,,,,,,,,,,,,,,,,
2005-02-23,827.65,1081.81,7.8935,106.07,,,,,,,,,,,,,,,,,,,,,
2005-02-24,827.65,1096.19,7.9072,106.07,,,,,,,,,,,,,,,,,,,,,
2005-02-25,827.65,1094.96,7.8959,106.07,,,,,,,,,,,,,,,,,,,,,
2005-02-28,827.65,1092.08,7.8503,106.07,,,,,,,,,,,,,,,,,,,,,
2005-03-01,827.65,1097.58,7.9049,106.08,,,,,,,,,,,,,,,,,,,,,
2005-03-02,827.65,1091.34,7.9157,106.08,,,,,,,,,,,,,,,,,,,,,
2005-03-03,827.65,1089.64,7.9001,106.08,,,,,,,,,,,,,,,,,,,,,
2005-03-04,827.65,1087.25,7.8819,106.08,,,,,,,,,,,,,,,,,,,,,
2005-03-07,827.65,1084.98,7.844,106.08,,,,,,,,,,,,,,,,,,,,,
2005-03-08,827.65,1095.0,7.8898,106.07,,,,,,,,,,,,,,,,,,,,,
2005-03-09,827.65,1094.06,7.8702,106.07,,,,,,,,,,,,,,,,,,,,,
2005-03-10,827.65,1104.04,7.9098,106.07,,,,,,,,,,,,,,,,,,,,,
2005-03-11,827.65,1109.1,7.9569,106.08,,,,,,,,,,,,,,,,,,,,,
2005-03-14,827.65,1111.28,7.9494,106.07,,,,,,,,,,,,,,,,,,,,,
2005-03-15,827.65,1111.7,7.9125,106.08,,,,,,,,,,,,,,,,,,,,,
2005-03-16,827.65,1105.39,7.8913,106.07,,,,,,,,,,,,,,,,,,,,,
2005-03-17,827.65,1101.01,7.9248,106.07,,,,,,,,,,,,,,,,,,,,,
2005-03-18,827.65,1109.41,7.9369,106.07,,,,,,,,,,,,,,,,,,,,,
2005-03-21,827.65,1106.7,7.9024,106.08,,,,,,,,,,,,,,,,,,,,,
2005-03-22,827.65,1099.7,7.8858,106.09,,,,,,,,,,,,,,,,,,,,,
2005-03-23,827.65,1089.31,7.8638,106.08,,,,,,,,,,,,,,,,,,,,,
2005-03-24,827.65,1081.78,7.8494,106.07,,,,,,,,,,,,,,,,,,,,,
2005-03-25,827.65,1074.64,7.7835,106.07,,,,,,,,,,,,,,,,,,,,,
2005-03-28,827.65,1071.05,7.7809,106.07,,,,,,,,,,,,,,,,,,,,,
2005-03-29,827.65,1067.97,7.7449,106.07,,,,,,,,,,,,,,,,,,,,,
2005-03-30,827.65,1070.71,7.7323,106.07,,,,,,,,,,,,,,,,,,,,,
2005-03-31,827.65,1071.8,7.7231,106.08,,,,,,,,,,,,,,,,,,,,,
2005-04-01,827.65,1069.18,7.7149,106.08,,,,,,,,,,,,,,,,,,,,,
2005-04-04,827.65,1072.75,7.6965,106.08,,,,,,,,,,,,,,,,,,,,,
2005-04-05,827.65,1067.16,7.6844,106.08,,,,,,,,,,,,,,,,,,,,,
2005-04-06,827.65,1061.18,7.6085,106.07,,,,,,,,,,,,,,,,,,,,,
2005-04-07,827.65,1065.36,7.6598,106.09,,,,,,,,,,,,,,,,,,,,,
2005-04-08,827.65,1066.65,7.6329,106.1,,,,,,,,,,,,,,,,,,,,,
2005-04-11,827.65,1061.75,7.6151,106.08,,,,,,,,,,,,,,,,,,,,,
2005-04-12,827.65,1069.86,7.6381,106.08,,,,,,,,,,,,,,,,,,,,,
2005-04-13,827.65,1073.55,7.6856,106.08,,,,,,,,,,,,,,,,,,,,,
2005-04-14,827.65,1069.88,7.7061,106.08,,,,,,,,,,,,,,,,,,,,,
2005-04-15,827.65,1065.45,7.676,106.08,,,,,,,,,,,,,,,,,,,,,
2005-04-18,827.65,1060.1,7.6344,106.09,,,,,,,,,,,,,,,,,,,,,
2005-04-19,827.65,1069.96,7.6664,106.09,,,,,,,,,,,,,,,,,,,,,
2005-04-20,827.65,1077.54,7.7147,106.09,,,,,,,,,,,,,,,,,,,,,
2005-04-21,827.65,1081.15,7.7355,106.08,,,,,,,,,,,,,,,,,,,,,
2005-04-22,827.65,1083.99,7.7411,106.07,,,,,,,,,,,,,,,,,,,,,
2005-04-25,827.65,1079.73,7.7422,106.08,,,,,,,,,,,,,,,,,,,,,
2005-04-26,827.65,1077.35,7.8136,106.11,,,,,,,,,,,,,,,,,,,,,
2005-04-27,827.65,1075.48,7.8132,106.11,,,,,,,,,,,,,,,,,,,,,
2005-04-28,827.65,1071.67,7.7876,106.08,,,,,,,,,,,,,,,,,,,,,
2005-04-29,827.65,1069.53,7.8172,106.09,,,,,,,,,,,,,,,,,,,,,
2005-04-30,827.65,1069.55,7.8489,106.11,,,,,,,,,,,,,,,,,,,,,
2005-05-08,827.65,1066.88,7.8737,106.09,,,,,,,,,,,,,,,,,,,,,
2005-05-09,827.65,1063.31,7.8865,106.09,,,,,,,,,,,,,,,,,,,,,
2005-05-10,827.65,1060.07,7.8558,106.14,,,,,,,,,,,,,,,,,,,,,
2005-05-11,827.65,1062.7,7.8228,106.09,,,,,,,,,,,,,,,,,,,,,
2005-05-12,827.65,1065.39,7.8351,106.09,,,,,,,,,,,,,,,,,,,,,
2005-05-13,827.65,1058.34,7.789,106.1,,,,,,,,,,,,,,,,,,,,,
2005-05-16,827.65,1049.28,7.743,106.09,,,,,,,,,,,,,,,,,,,,,
2005-05-17,827.65,1042.22,7.6849,106.08,,,,,,,,,,,,,,,,,,,,,
2005-05-18,827.65,1044.82,7.7247,106.08,,,,,,,,,,,,,,,,,,,,,
2005-05-19,827.65,1043.7,7.6876,106.09,,,,,,,,,,,,,,,,,,,,,
2005-05-20,827.65,1048.78,7.7239,106.16,,,,,,,,,,,,,,,,,,,,,
2005-05-23,827.65,1046.22,7.6919,106.18,,,,,,,,,,,,,,,,,,,,,
2005-05-24,827.65,1039.25,7.6567,106.23,,,,,,,,,,,,,,,,,,,,,
2005-05-25,827.65,1040.93,7.6942,106.29,,,,,,,,,,,,,,,,,,,,,
2005-05-26,827.65,1040.98,7.704,106.38,,,,,,,,,,,,,,,,,,,,,
2005-05-27,827.65,1042.19,7.6614,106.36,,,,,,,,,,,,,,,,,,,,,
2005-05-28,827.65,1036.06,7.6711,106.35,,,,,,,,,,,,,,,,,,,,,
2005-05-31,827.65,1037.22,7.6696,106.36,,,,,,,,,,,,,,,,,,,,,
2005-06-01,827.65,1025.75,7.6431,106.37,,,,,,,,,,,,,,,,,,,,,
2005-06-02,827.65,1020.31,7.6385,106.31,,,,,,,,,,,,,,,,,,,,,
2005-06-03,827.65,1013.01,7.629,106.29,,,,,,,,,,,,,,,,,,,,,
2005-06-06,827.65,1015.92,7.6656,106.32,,,,,,,,,,,,,,,,,,,,,
2005-06-07,827.65,1014.25,7.6966,106.32,,,,,,,,,,,,,,,,,,,,,
2005-06-08,827.65,1016.04,7.7415,106.32,,,,,,,,,,,,,,,,,,,,,
2005-06-09,827.65,1018.78,7.7418,106.33,,,,,,,,,,,,,,,,,,,,,
2005-06-10,827.65,1012.47,7.7175,106.32,,,,,,,,,,,,,,,,,,,,,
2005-06-13,827.65,1011.79,7.7017,106.35,,,,,,,,,,,,,,,,,,,,,
2005-06-14,827.65,1000.8,7.6486,106.37,,,,,,,,,,,,,,,,,,,,,
2005-06-15,827.65,1003.89,7.5667,106.41,,,,,,,,,,,,,,,,,,,,,
2005-06-16,827.65,996.81,7.573,106.45,,,,,,,,,,,,,,,,,,,,,
2005-06-17,827.65,999.4,7.5736,106.47,,,,,,,,,,,,,,,,,,,,,
2005-06-20,827.65,1002.06,7.5992,106.45,,,,,,,,,,,,,,,,,,,,,
2005-06-21,827.65,1011.53,7.6053,106.43,,,,,,,,,,,,,,,,,,,,,
2005-06-22,827.65,1004.7,7.5684,106.44,,,,,,,,,,,,,,,,,,,,,
2005-06-23,827.65,1007.16,7.6223,106.49,,,,,,,,,,,,,,,,,,,,,
2005-06-24,827.65,1003.13,7.611,106.52,,,,,,,,,,,,,,,,,,,,,
2005-06-27,827.65,995.0,7.5914,106.48,,,,,,,,,,,,,,,,,,,,,
2005-06-28,827.65,1003.59,7.5769,106.45,,,,,,,,,,,,,,,,,,,,,
2005-06-29,827.65,1004.66,7.5396,106.48,,,,,,,,,,,,,,,,,,,,,
2005-06-30,827.65,996.1,7.5149,106.49,,,,,,,,,,,,,,,,,,,,,
2005-07-01,827.65,1000.07,7.504,106.45,,,,,,,,,,,,,,,,,,,,,
2005-07-04,827.65,995.62,7.4373,106.4,,,,,,,,,,,,,,,,,,,,,
2005-07-05,827.65,986.95,7.4112,106.43,,,,,,,,,,,,,,,,,,,,,
2005-07-06,827.65,984.56,7.4077,106.44,,,,,,,,,,,,,,,,,,,,,
2005-07-07,827.65,986.75,7.4132,106.42,,,,,,,,,,,,,,,,,,,,,
2005-07-08,827.65,986.77,7.3716,106.42,,,,,,,,,,,,,,,,,,,,,
2005-07-11,827.65,986.56,7.3633,106.43,,,,,,,,,,,,,,,,,,,,,
2005-07-12,827.65,992.87,7.3909,106.41,,,,,,,,,,,,,,,,,,,,,
2005-07-13,827.65,1004.65,7.4316,106.35,,,,,,,,,,,,,,,,,,,,,
2005-07-14,827.65,1010.32,7.4396,106.38,,,,,,,,,,,,,,,,,,,,,
2005-07-15,827.65,999.26,7.3977,106.37,,,,,,,,,,,,,,,,,,,,,
2005-07-18,827.65,1000.54,7.3804,106.4,,,,,,,,,,,,,,,,,,,,,
2005-07-19,827.65,997.43,7.3865,106.38,,,,,,,,,,,,,,,,,,,,,
2005-07-20,827.65,994.81,7.3777,106.4,,,,,,,,,,,,,,,,,,,,,
2005-07-21,827.65,999.14,7.3133,106.37,,,,,,,,,,,,,,,,,,,,,
2005-07-22,811.0,1006.71,7.3455,106.38,,,,,,,,,,,,,,,,,,,,,
2005-07-25,811.11,1001.41,7.3059,104.78,,,,,,,,,,,,,,,,,,,,,
2005-07-26,810.97,988.22,7.2421,104.25,,,,,,,,,,,,,,,,,,,,,
2005-07-27,810.99,977.09,7.2496,104.25,,,,,,,,,,,,,,,,,,,,,
2005-07-28,811.28,974.31,7.1954,104.23,,,,,,,,,,,,,,,,,,,,,
2005-07-29,810.8,977.78,7.198,104.22,,,,,,,,,,,,,,,,,,,,,
2005-08-01,810.56,982.21,7.2327,104.23,,,,,,,,,,,,,,,,,,,,,
2005-08-02,810.46,986.28,7.2266,104.22,,,,,,,,,,,,,,,,,,,,,
2005-08-03,810.32,988.88,7.2669,104.22,,,,,,,,,,,,,,,,,,,,,
2005-08-04,810.51,986.55,7.2555,104.23,,,,,,,,,,,,,,,,,,,,,
2005-08-05,810.27,999.4,7.2929,104.21,,,,,,,,,,,,,,,,,,,,,
2005-08-08,810.37,1002.17,7.2876,104.22,,,,,,,,,,,,,,,,,,,,,
2005-08-09,810.9,999.37,7.2243,104.31,,,,,,,,,,,,,,,,,,,,,
2005-08-10,810.7,1003.63,7.2493,104.33,,,,,,,,,,,,,,,,,,,,,
2005-08-11,810.62,1003.61,7.2922,104.29,,,,,,,,,,,,,,,,,,,,,
2005-08-12,810.02,1004.55,7.3395,104.2,,,,,,,,,,,,,,,,,,,,,
2005-08-15,809.8,1010.36,7.3859,104.21,,,,,,,,,,,,,,,,,,,,,
2005-08-16,809.71,1005.35,7.3859,104.2,,,,,,,,,,,,,,,,,,,,,
2005-08-17,810.02,1000.35,7.4297,104.22,,,,,,,,,,,,,,,,,,,,,
2005-08-18,809.97,995.16,7.3699,104.19,,,,,,,,,,,,,,,,,,,,,
2005-08-19,810.07,993.41,7.351,104.21,,,,,,,,,,,,,,,,,,,,,
2005-08-22,810.47,987.06,7.3257,104.23,,,,,,,,,,,,,,,,,,,,,
2005-08-23,810.56,987.03,7.3617,104.26,,,,,,,,,,,,,,,,,,,,,
2005-08-24,810.12,988.38,7.3641,104.18,,,,,,,,,,,,,,,,,,,,,
2005-08-25,810.05,987.21,7.3235,104.18,,,,,,,,,,,,,,,,,,,,,
2005-08-26,810.02,966.61,7.3709,104.2,,,,,,,,,,,,,,,,,,,,,
2005-08-29,809.65,996.17,7.3835,104.17,,,,,,,,,,,,,,,,,,,,,
2005-08-30,809.54,997.51,7.3388,104.16,,,,,,,,,,,,,,,,,,,,,
2005-08-31,809.73,988.7,7.297,104.18,,,,,,,,,,,,,,,,,,,,,
2005-09-01,809.98,986.74,7.2654,104.17,,,,,,,,,,,,,,,,,,,,,
2005-09-02,809.49,998.15,7.2991,104.12,,,,,,,,,,,,,,,,,,,,,
2005-09-05,809.35,1012.04,7.3689,104.14,,,,,,,,,,,,,,,,,,,,,
2005-09-06,809.16,1014.27,7.3938,104.14,,,,,,,,,,,,,,,,,,,,,
2005-09-07,809.13,1010.4,7.3879,104.13,,,,,,,,,,,,,,,,,,,,,
2005-09-08,809.25,1013.4,7.3778,104.15,,,,,,,,,,,,,,,,,,,,,
2005-09-09,809.45,1006.28,7.334,104.16,,,,,,,,,,,,,,,,,,,,,
2005-09-12,809.56,1005.37,7.3278,104.26,,,,,,,,,,,,,,,,,,,,,
2005-09-13,809.24,996.69,7.3624,104.25,,,,,,,,,,,,,,,,,,,,,
2005-09-14,809.4,995.47,7.316,104.22,,,,,,,,,,,,,,,,,,,,,
2005-09-15,809.12,994.69,7.3113,104.24,,,,,,,,,,,,,,,,,,,,,
2005-09-16,808.87,989.21,7.3065,104.21,,,,,,,,,,,,,,,,,,,,,
2005-09-19,808.71,992.98,7.3101,104.2,,,,,,,,,,,,,,,,,,,,,
2005-09-20,809.08,981.81,7.2548,104.2,,,,,,,,,,,,,,,,,,,,,
2005-09-21,808.9,983.08,7.2697,104.2,,,,,,,,,,,,,,,,,,,,,
2005-09-22,809.11,984.03,7.2346,104.2,,,,,,,,,,,,,,,,,,,,,
2005-09-23,808.81,987.69,7.2613,104.21,,,,,,,,,,,,,,,,,,,,,
2005-09-26,809.1,982.04,7.2347,104.27,,,,,,,,,,,,,,,,,,,,,
2005-09-27,809.29,974.11,7.1966,104.28,,,,,,,,,,,,,,,,,,,,,
2005-09-28,809.2,972.34,7.1716,104.3,,,,,,,,,,,,,,,,,,,,,
2005-09-29,809.39,972.85,7.1662,104.3,,,,,,,,,,,,,,,,,,,,,
2005-09-30,809.3,975.93,7.1656,104.3,,,,,,,,,,,,,,,,,,,,,
2005-10-08,809.2,973.88,7.1529,104.27,,,,,,,,,,,,,,,,,,,,,
2005-10-09,808.96,980.83,7.0827,104.15,,,,,,,,,,,,,,,,,,,,,
2005-10-10,808.76,978.48,7.0862,103.9,,,,,,,,,,,,,,,,,,,,,
2005-10-11,808.64,981.2,7.1166,104.2,,,,,,,,,,,,,,,,,,,,,
2005-10-12,808.79,972.57,7.0877,104.23,,,,,,,,,,,,,,,,,,,,,
2005-10-13,808.95,967.76,7.0522,104.25,,,,,,,,,,,,,,,,,,,,,
2005-10-14,808.85,970.2,7.0437,104.23,,,,,,,,,,,,,,,,,,,,,
2005-10-17,808.96,972.05,7.0559,104.24,,,,,,,,,,,,,,,,,,,,,
2005-10-18,808.77,978.61,7.0799,104.24,,,,,,,,,,,,,,,,,,,,,
2005-10-19,809.1,971.08,7.0118,104.27,,,,,,,,,,,,,,,,,,,,,
2005-10-20,809.24,961.38,6.9844,104.24,,,,,,,,,,,,,,,,,,,,,
2005-10-21,809.05,967.84,6.9973,104.23,,,,,,,,,,,,,,,,,,,,,
2005-10-24,808.85,974.01,7.0176,104.24,,,,,,,,,,,,,,,,,,,,,
2005-10-25,809.16,966.26,6.9943,104.3,,,,,,,,,,,,,,,,,,,,,
2005-10-26,809.01,966.81,6.9899,104.3,,,,,,,,,,,,,,,,,,,,,
2005-10-27,808.67,979.57,7.0204,104.25,,,,,,,,,,,,,,,,,,,,,
2005-10-28,808.62,979.02,7.0002,104.26,,,,,,,,,,,,,,,,,,,,,
2005-10-31,808.4,982.56,7.0197,104.25,,,,,,,,,,,,,,,,,,,,,
2005-11-01,808.45,974.69,6.9826,104.25,,,,,,,,,,,,,,,,,,,,,
2005-11-02,808.6,968.67,6.9309,104.27,,,,,,,,,,,,,,,,,,,,,
2005-11-03,808.51,973.2,6.9148,104.25,,,,,,,,,,,,,,,,,,,,,
2005-11-04,808.41,974.7,6.9122,104.22,,,,,,,,,,,,,,,,,,,,,
2005-11-07,808.56,965.6,6.8675,104.25,,,,,,,,,,,,,,,,,,,,,
2005-11-08,808.77,956.76,6.858,104.28,,,,,,,,,,,,,,,,,,,,,
2005-11-09,808.67,946.41,6.8548,104.25,,,,,,,,,,,,,,,,,,,,,
2005-11-10,808.57,950.91,6.8852,104.2,,,,,,,,,,,,,,,,,,,,,
2005-11-11,808.47,950.36,6.8602,104.17,,,,,,,,,,,,,,,,,,,,,
2005-11-14,808.56,947.39,6.8635,104.24,,,,,,,,,,,,,,,,,,,,,
2005-11-15,808.31,947.75,6.8485,104.17,,,,,,,,,,,,,,,,,,,,,
2005-11-16,808.45,945.05,6.7993,104.17,,,,,,,,,,,,,,,,,,,,,
2005-11-17,808.35,946.51,6.7765,104.17,,,,,,,,,,,,,,,,,,,,,
2005-11-18,808.45,944.06,6.795,104.2,,,,,,,,,,,,,,,,,,,,,
2005-11-21,808.32,945.69,6.7823,104.21,,,,,,,,,,,,,,,,,,,,,
2005-11-22,808.33,951.55,6.7681,104.23,,,,,,,,,,,,,,,,,,,,,
2005-11-23,808.39,948.24,6.7851,104.21,,,,,,,,,,,,,,,,,,,,,
2005-11-24,808.16,956.38,6.8123,104.19,,,,,,,,,,,,,,,,,,,,,
2005-11-25,808.05,953.07,6.7919,104.18,,,,,,,,,,,,,,,,,,,,,
2005-11-28,808.15,951.01,6.7784,104.17,,,,,,,,,,,,,,,,,,,,,
2005-11-29,808.25,945.04,6.7419,104.19,,,,,,,,,,,,,,,,,,,,,
2005-11-30,807.96,954.53,6.7866,104.16,,,,,,,,,,,,,,,,,,,,,
2005-12-01,808.04,952.25,6.7673,104.17,,,,,,,,,,,,,,,,,,,,,
2005-12-02,807.98,951.55,6.735,104.15,,,,,,,,,,,,,,,,,,,,,
2005-12-05,808.06,947.27,6.6954,104.16,,,,,,,,,,,,,,,,,,,,,
2005-12-06,808.08,945.23,6.6565,104.15,,,,,,,,,,,,,,,,,,,,,
2005-12-07,807.8,951.71,6.678,104.12,,,,,,,,,,,,,,,,,,,,,
2005-12-08,807.71,950.69,6.6662,104.15,,,,,,,,,,,,,,,,,,,,,
2005-12-09,807.8,946.2,6.6861,104.15,,,,,,,,,,,,,,,,,,,,,
2005-12-12,807.65,953.11,6.7135,104.13,,,,,,,,,,,,,,,,,,,,,
2005-12-13,807.7,955.75,6.6809,104.15,,,,,,,,,,,,,,,,,,,,,
2005-12-14,807.51,965.15,6.7399,104.1,,,,,,,,,,,,,,,,,,,,,
2005-12-15,807.46,968.06,6.7934,104.09,,,,,,,,,,,,,,,,,,,,,
2005-12-16,807.4,967.21,6.9019,104.12,,,,,,,,,,,,,,,,,,,,,
2005-12-19,807.35,966.19,6.9509,104.08,,,,,,,,,,,,,,,,,,,,,
2005-12-20,807.3,969.61,6.9245,104.09,,,,,,,,,,,,,,,,,,,,,
2005-12-21,807.4,967.66,6.9081,104.11,,,,,,,,,,,,,,,,,,,,,
2005-12-22,807.65,958.77,6.8984,104.12,,,,,,,,,,,,,,,,,,,,,
2005-12-23,807.75,954.84,6.8597,104.14,,,,,,,,,,,,,,,,,,,,,
2005-12-26,807.62,959.0,6.9222,104.12,,,,,,,,,,,,,,,,,,,,,
2005-12-27,807.55,957.35,6.9231,104.09,,,,,,,,,,,,,,,,,,,,,
2005-12-28,807.4,955.71,6.884,104.09,,,,,,,,,,,,,,,,,,,,,
2005-12-29,807.25,958.26,6.8913,104.07,,,,,,,,,,,,,,,,,,,,,
2005-12-30,807.09,956.24,6.8466,104.05,,,,,,,,,,,,,,,,,,,,,
2005-12-31,807.02,957.97,6.8716,104.03,,,,,,,,,,,,,,,,,,,,,
2006-01-04,807.02,970.91,6.9535,104.08,,,,,,,,,,,,,,,,,,,,,
2006-01-05,806.78,976.97,6.9377,104.05,,,,,,,,,,,,,,,,,,,,,
2006-01-06,806.75,976.93,6.9571,104.04,,,,,,,,,,,,,,,,,,,,,
2006-01-09,806.65,980.25,7.0883,104.04,,,,,,,,,,,,,,,,,,,,,
2006-01-10,806.91,973.82,7.0393,104.09,,,,,,,,,,,,,,,,,,,,,
2006-01-11,807.05,973.29,7.0509,104.11,,,,,,,,,,,,,,,,,,,,,
2006-01-12,806.85,979.31,7.0609,104.09,,,,,,,,,,,,,,,,,,,,,
2006-01-13,806.98,970.98,7.0368,104.11,,,,,,,,,,,,,,,,,,,,,
2006-01-16,806.73,981.3,7.0797,104.07,,,,,,,,,,,,,,,,,,,,,
2006-01-17,806.76,974.82,7.0013,104.05,,,,,,,,,,,,,,,,,,,,,
2006-01-18,807.04,976.1,6.9765,104.08,,,,,,,,,,,,,,,,,,,,,
2006-01-19,806.87,975.9,6.9919,104.06,,,,,,,,,,,,,,,,,,,,,
2006-01-20,806.48,974.83,6.9807,103.99,,,,,,,,,,,,,,,,,,,,,
2006-01-23,806.45,985.64,7.0053,103.99,,,,,,,,,,,,,,,,,,,,,
2006-01-24,806.25,991.58,7.0427,103.97,,,,,,,,,,,,,,,,,,,,,
2006-01-25,806.3,989.57,7.0101,103.95,,,,,,,,,,,,,,,,,,,,,
2006-01-26,806.2,988.35,6.9771,103.95,,,,,,,,,,,,,,,,,,,,,
2006-01-27,806.08,984.47,6.9388,103.94,,,,,,,,,,,,,,,,,,,,,
2006-02-06,805.6,969.67,6.7851,103.85,,,,,,,,,,,,,,,,,,,,,
2006-02-07,805.66,963.94,6.7663,103.84,,,,,,,,,,,,,,,,,,,,,
2006-02-08,805.45,964.38,6.8235,103.8,,,,,,,,,,,,,,,,,,,,,
2006-02-09,805.58,965.92,6.8062,103.78,,,,,,,,,,,,,,,,,,,,,
2006-02-10,805.16,964.03,6.7752,103.73,,,,,,,,,,,,,,,,,,,,,
2006-02-13,804.72,957.32,6.837,103.71,,,,,,,,,,,,,,,,,,,,,
2006-02-14,804.77,957.38,6.845,103.7,,,,,,,,,,,,,,,,,,,,,
2006-02-15,804.81,959.02,6.8442,103.69,,,,,,,,,,,,,,,,,,,,,
2006-02-16,804.95,956.34,6.8239,103.71,,,,,,,,,,,,,,,,,,,,,
2006-02-17,804.93,957.91,6.8307,103.72,,,,,,,,,,,,,,,,,,,,,
2006-02-20,804.83,961.45,6.8154,103.71,,,,,,,,,,,,,,,,,,,,,
2006-02-21,804.85,960.44,6.7983,103.7,,,,,,,,,,,,,,,,,,,,,
2006-02-22,804.97,958.75,6.7753,103.71,,,,,,,,,,,,,,,,,,,,,
2006-02-23,804.9,958.44,6.797,103.71,,,,,,,,,,,,,,,,,,,,,
2006-02-24,804.32,958.89,6.8898,103.67,,,,,,,,,,,,,,,,,,,,,
2006-02-27,804.2,952.51,6.9184,103.65,,,,,,,,,,,,,,,,,,,,,
2006-02-28,804.15,951.88,6.9168,103.65,,,,,,,,,,,,,,,,,,,,,
2006-03-01,803.9,959.54,6.9344,103.63,,,,,,,,,,,,,,,,,,,,,
2006-03-02,803.94,957.98,6.9251,103.63,,,,,,,,,,,,,,,,,,,,,
2006-03-03,803.8,965.87,6.8913,103.61,,,,,,,,,,,,,,,,,,,,,
2006-03-06,803.82,971.15,6.8997,103.6,,,,,,,,,,,,,,,,,,,,,
2006-03-07,804.25,964.33,6.8336,103.65,,,,,,,,,,,,,,,,,,,,,
2006-03-08,804.75,955.65,6.8419,103.69,,,,,,,,,,,,,,,,,,,,,
2006-03-09,804.8,960.73,6.8348,103.69,,,,,,,,,,,,,,,,,,,,,
2006-03-10,804.92,957.33,6.8006,103.7,,,,,,,,,,,,,,,,,,,,,
2006-03-13,805.03,960.08,6.7672,103.71,,,,,,,,,,,,,,,,,,,,,
2006-03-14,804.75,964.12,6.7946,103.71,,,,,,,,,,,,,,,,,,,,,
2006-03-15,803.88,966.2,6.8311,103.61,,,,,,,,,,,,,,,,,,,,,
2006-03-16,803.5,968.89,6.829,103.55,,,,,,,,,,,,,,,,,,,,,
2006-03-17,802.86,977.9,6.8844,103.49,,,,,,,,,,,,,,,,,,,,,
2006-03-20,802.5,977.35,6.908,103.44,,,,,,,,,,,,,,,,,,,,,
2006-03-21,802.72,974.88,6.8962,103.46,,,,,,,,,,,,,,,,,,,,,
2006-03-22,803.06,970.93,6.8427,103.49,,,,,,,,,,,,,,,,,,,,,
2006-03-23,802.96,968.36,6.8723,103.48,,,,,,,,,,,,,,,,,,,,,
2006-03-24,803.38,961.67,6.81,103.53,,,,,,,,,,,,,,,,,,,,,
2006-03-27,802.45,965.41,6.8574,103.41,,,,,,,,,,,,,,,,,,,,,
2006-03-28,802.12,963.28,6.8852,103.37,,,,,,,,,,,,,,,,,,,,,
2006-03-29,802.8,963.28,6.8051,103.45,,,,,,,,,,,,,,,,,,,,,
2006-03-30,802.7,966.18,6.8216,103.43,,,,,,,,,,,,,,,,,,,,,
2006-03-31,801.7,975.07,6.8265,103.31,,,,,,,,,,,,,,,,,,,,,
2006-04-03,802.1,970.13,6.7871,103.366,,,,,,,,,,,,,,,,,,,,,
2006-04-04,801.94,972.76,6.8007,103.349,,,,,,,,,,,,,,,,,,,,,
2006-04-05,801.16,981.33,6.8242,103.252,,,,,,,,,,,,,,,,,,,,,
2006-04-06,800.98,983.52,6.807,103.23,,,,,,,,,,,,,,,,,,,,,
2006-04-07,801.3,978.03,6.7987,103.279,,,,,,,,,,,,,,,,,,,,,
2006-04-10,800.4,969.59,6.775,103.187,,,,,,,,,,,,,,,,,,,,,
2006-04-11,801.1,968.92,6.7581,103.276,,,,,,,,,,,,,,,,,,,,,
2006-04-12,801.2,974.46,6.7979,103.275,,,,,,,,,,,,,,,,,,,,,
2006-04-13,802.48,970.59,6.7726,103.436,,,,,,,,,,,,,,,,,,,,,
2006-04-14,801.63,970.5,6.7551,103.34,,,,,,,,,,,,,,,,,,,,,
2006-04-17,801.58,975.4,6.7798,103.327,,,,,,,,,,,,,,,,,,,,,
2006-04-18,801.4,982.59,6.799,103.302,,,,,,,,,,,,,,,,,,,,,
2006-04-19,801.28,990.46,6.8579,103.307,,,,,,,,,,,,,,,,,,,,,
2006-04-20,801.26,990.07,6.8204,103.331,,,,,,,,,,,,,,,,,,,,,
2006-04-21,802.1,987.2,6.8194,103.426,,,,,,,,,,,,,,,,,,,,,
2006-04-24,801.85,990.67,6.9298,103.412,,,,,,,,,,,,,,,,,,,,,
2006-04-25,801.6,992.08,7.0052,103.388,,,,,,,,,,,,,,,,,,,,,
2006-04-26,802.2,997.14,6.9835,103.45,,,,,,,,,,,,,,,,,,,,,
2006-04-27,802.05,999.44,6.9902,103.429,,,,,,,,,,,,,,,,,,,,,
2006-04-28,801.65,1005.2,7.0197,103.387,,,,,,,,,,,,,,,,,,,,,
2006-05-08,800.9,1018.96,7.1611,103.313,,,,,,,,,,,,,,,,,,,,,
2006-05-09,800.65,1016.57,7.1891,103.29,,,,,,,,,,,,,,,,,,,,,
2006-05-10,800.48,1021.15,7.1986,103.257,,,,,,,,,,,,,,,,,,,,,
2006-05-11,800.62,1021.2,7.2063,103.278,,,,,,,,,,,,,,,,,,,,,
2006-05-12,800.82,1029.46,7.2558,103.296,,,,,,,,,,,,,,,,,,,,,
2006-05-15,799.82,1033.49,7.2784,103.159,,,,,,,,,,,,,,,,,,,,,
2006-05-16,801.5,1026.51,7.256,103.377,,,,,,,,,,,,,,,,,,,,,
2006-05-17,800.6,1027.99,7.3034,103.261,,,,,,,,,,,,,,,,,,,,,
2006-05-18,801.8,1021.92,7.2319,103.409,,,,,,,,,,,,,,,,,,,,,
2006-05-19,801.5,1029.81,7.2357,103.365,,,,,,,,,,,,,,,,,,,,,
2006-05-22,802.26,1022.51,7.163,103.455,,,,,,,,,,,,,,,,,,,,,
2006-05-23,801.76,1030.27,7.1739,103.39,,,,,,,,,,,,,,,,,,,,,
2006-05-24,802.3,1024.65,7.1347,103.444,,,,,,,,,,,,,,,,,,,,,
2006-05-25,802.68,1024.48,7.1179,103.483,,,,,,,,,,,,,,,,,,,,,
2006-05-26,802.16,1026.31,7.1814,103.422,,,,,,,,,,,,,,,,,,,,,
2006-05-29,802.82,1023.09,7.1463,103.506,,,,,,,,,,,,,,,,,,,,,
2006-05-30,802.84,1023.9,7.1269,103.503,,,,,,,,,,,,,,,,,,,,,
2006-05-31,801.88,1030.16,7.1437,103.364,,,,,,,,,,,,,,,,,,,,,
2006-06-01,802.1,1025.97,7.1222,103.39,,,,,,,,,,,,,,,,,,,,,
2006-06-02,802.14,1027.99,7.1263,103.398,,,,,,,,,,,,,,,,,,,,,
2006-06-05,800.96,1036.3,7.1764,103.242,,,,,,,,,,,,,,,,,,,,,
2006-06-06,801.48,1033.5,7.1319,103.301,,,,,,,,,,,,,,,,,,,,,
2006-06-07,801.68,1028.19,7.0895,103.44,,,,,,,,,,,,,,,,,,,,,
2006-06-08,801.74,1025.24,7.0588,103.297,,,,,,,,,,,,,,,,,,,,,
2006-06-09,801.8,1013.65,7.0364,103.297,,,,,,,,,,,,,,,,,,,,,
2006-06-12,801.61,1012.13,7.0206,103.284,,,,,,,,,,,,,,,,,,,,,
2006-06-13,800.73,1007.84,6.9994,103.164,,,,,,,,,,,,,,,,,,,,,
2006-06-14,800.51,1004.15,6.9495,103.117,,,,,,,,,,,,,,,,,,,,,
2006-06-15,799.99,1007.67,6.9522,103.074,,,,,,,,,,,,,,,,,,,,,
2006-06-16,799.76,1011.33,6.9714,103.045,,,,,,,,,,,,,,,,,,,,,
2006-06-19,800.18,1009.18,6.9292,103.059,,,,,,,,,,,,,,,,,,,,,
2006-06-20,800.36,1005.22,6.9247,103.054,,,,,,,,,,,,,,,,,,,,,
2006-06-21,799.9,1007.56,6.9708,102.976,,,,,,,,,,,,,,,,,,,,,
2006-06-22,799.75,1012.85,6.9677,102.985,,,,,,,,,,,,,,,,,,,,,
2006-06-23,800.26,1006.36,6.8934,103.037,,,,,,,,,,,,,,,,,,,,,
2006-06-26,800.38,1001.48,6.8773,103.026,,,,,,,,,,,,,,,,,,,,,
2006-06-27,799.91,1008.84,6.8934,103.025,,,,,,,,,,,,,,,,,,,,,
2006-06-28,799.95,1006.23,6.8831,102.999,,,,,,,,,,,,,,,,,,,,,
2006-06-29,800.01,1003.52,6.8682,103.004,,,,,,,,,,,,,,,,,,,,,
2006-06-30,799.56,1013.13,6.9467,102.942,,,,,,,,,,,,,,,,,,,,,
2006-07-03,799.24,1021.65,6.9851,102.906,,,,,,,,,,,,,,,,,,,,,
2006-07-04,799.35,1023.23,6.9757,102.899,,,,,,,,,,,,,,,,,,,,,
2006-07-05,799.44,1021.91,6.9541,102.905,,,,,,,,,,,,,,,,,,,,,
2006-07-06,799.6,1017.17,6.9122,102.893,,,,,,,,,,,,,,,,,,,,,
2006-07-07,799.36,1020.89,6.9353,102.872,,,,,,,,,,,,,,,,,,,,,
2006-07-10,799.08,1022.1,7.0113,102.868,,,,,,,,,,,,,,,,,,,,,
2006-07-11,799.25,1018.28,7.0018,102.838,,,,,,,,,,,,,,,,,,,,,
2006-07-12,799.16,1020.38,6.9985,102.79,,,,,,,,,,,,,,,,,,,,,
2006-07-13,799.48,1015.73,6.9279,102.82,,,,,,,,,,,,,,,,,,,,,
2006-07-14,799.56,1013.64,6.919,102.807,,,,,,,,,,,,,,,,,,,,,
2006-07-17,799.7,1010.62,6.8821,102.847,,,,,,,,,,,,,,,,,,,,,
2006-07-18,800.16,1001.58,6.8372,102.917,,,,,,,,,,,,,,,,,,,,,
2006-07-19,800.24,998.8,6.8222,102.925,,,,,,,,,,,,,,,,,,,,,
2006-07-20,799.18,1007.54,6.8405,102.795,,,,,,,,,,,,,,,,,,,,,
2006-07-21,798.97,1009.57,6.8335,102.747,,,,,,,,,,,,,,,,,,,,,
2006-07-24,798.45,1010.82,6.8513,102.676,,,,,,,,,,,,,,,,,,,,,
2006-07-25,798.7,1007.19,6.8347,102.691,,,,,,,,,,,,,,,,,,,,,
2006-07-26,798.77,1004.36,6.8207,102.692,,,,,,,,,,,,,,,,,,,,,
2006-07-27,798.08,1014.72,6.8611,102.623,,,,,,,,,,,,,,,,,,,,,
2006-07-28,797.92,1011.95,6.8816,102.69,,,,,,,,,,,,,,,,,,,,,
2006-07-31,797.32,1016.99,6.9477,102.59,,,,,,,,,,,,,,,,,,,,,
2006-08-01,797.3,1016.83,6.956,102.601,1488.33,,,,,,,,,,,,,,,,,,,,
2006-08-02,797.2,1022.31,6.9649,102.544,1495.97,,,,,,,,,,,,,,,,,,,,
2006-08-03,797.62,1017.63,6.9503,102.619,1496.47,,,,,,,,,,,,,,,,,,,,
2006-08-04,797.72,1021.15,6.9265,102.622,1505.42,,,,,,,,,,,,,,,,,,,,
2006-08-07,796.99,1026.78,6.9697,102.534,1520.1,,,,,,,,,,,,,,,,,,,,
2006-08-08,797.4,1022.7,6.9357,102.542,1519.73,,,,,,,,,,,,,,,,,,,,
2006-08-09,797.75,1019.62,6.8998,102.575,1515.48,,,,,,,,,,,,,,,,,,,,
2006-08-10,796.88,1025.32,6.9084,102.474,1517.87,,,,,,,,,,,,,,,,,,,,
2006-08-11,797.25,1019.24,6.9116,102.515,1510.23,,,,,,,,,,,,,,,,,,,,
2006-08-14,799.28,1018.32,6.8761,102.774,1513.21,,,,,,,,,,,,,,,,,,,,
2006-08-15,799.5,1017.31,6.858,102.765,1510.49,,,,,,,,,,,,,,,,,,,,
2006-08-16,798.27,1020.81,6.8769,102.612,1511.59,,,,,,,,,,,,,,,,,,,,
2006-08-17,797.48,1025.3,6.8927,102.55,1513.24,,,,,,,,,,,,,,,,,,,,
2006-08-18,797.36,1022.78,6.8744,102.544,1503.03,,,,,,,,,,,,,,,,,,,,
2006-08-21,796.98,1024.0,6.886,102.523,1501.19,,,,,,,,,,,,,,,,,,,,
2006-08-22,796.72,1025.25,6.8612,102.456,1506.66,,,,,,,,,,,,,,,,,,,,
2006-08-23,797.03,1020.13,6.8497,102.483,1504.68,,,,,,,,,,,,,,,,,,,,
2006-08-24,797.08,1018.5,6.8454,102.496,1507.62,,,,,,,,,,,,,,,,,,,,
2006-08-25,797.15,1017.81,6.8337,102.505,1504.62,,,,,,,,,,,,,,,,,,,,
2006-08-28,797.19,1018.12,6.7985,102.471,1505.55,,,,,,,,,,,,,,,,,,,,
2006-08-29,796.69,1020.48,6.8116,102.438,1511.46,,,,,,,,,,,,,,,,,,,,
2006-08-30,795.98,1022.19,6.8196,102.34,1511.83,,,,,,,,,,,,,,,,,,,,
2006-08-31,795.85,1021.37,6.7894,102.334,1516.19,,,,,,,,,,,,,,,,,,,,
2006-09-01,795.9,1019.73,6.7823,102.328,1515.42,,,,,,,,,,,,,,,,,,,,
2006-09-04,794.99,1021.84,6.8029,102.217,1516.0,,,,,,,,,,,,,,,,,,,,
2006-09-05,794.25,1019.71,6.8576,102.125,1511.71,,,,,,,,,,,,,,,,,,,,
2006-09-06,794.71,1018.34,6.8397,102.185,1505.42,,,,,,,,,,,,,,,,,,,,
2006-09-07,795.08,1019.46,6.8113,102.241,1499.3,,,,,,,,,,,,,,,,,,,,
2006-09-08,795.68,1012.19,6.831,102.319,1490.32,,,,,,,,,,,,,,,,,,,,
2006-09-11,796.08,1007.31,6.8146,102.353,1483.84,,,,,,,,,,,,,,,,,,,,
2006-09-12,795.52,1011.6,6.7606,102.264,1486.12,,,,,,,,,,,,,,,,,,,,
2006-09-13,795.55,1009.07,6.7534,102.261,1489.52,,,,,,,,,,,,,,,,,,,,
2006-09-14,794.76,1008.96,6.7622,102.132,1491.95,,,,,,,,,,,,,,,,,,,,
2006-09-15,794.59,1010.67,6.7487,102.097,1498.38,,,,,,,,,,,,,,,,,,,,
2006-09-18,794.31,1004.18,6.7377,102.047,1492.5,,,,,,,,,,,,,,,,,,,,
2006-09-19,793.42,1008.67,6.7245,101.919,1492.23,,,,,,,,,,,,,,,,,,,,
2006-09-20,792.99,1005.18,6.7534,101.839,1492.27,,,,,,,,,,,,,,,,,,,,
2006-09-21,792.64,1007.68,6.7637,101.823,1498.66,,,,,,,,,,,,,,,,,,,,
2006-09-22,791.88,1011.99,6.8048,101.766,1506.05,,,,,,,,,,,,,,,,,,,,
2006-09-25,791.96,1012.35,6.7921,101.747,1505.06,,,,,,,,,,,,,,,,,,,,
2006-09-26,791.5,1009.7,6.8004,101.684,1505.9,,,,,,,,,,,,,,,,,,,,
2006-09-27,790.72,1003.83,6.7583,101.529,1498.14,,,,,,,,,,,,,,,,,,,,
2006-09-28,789.98,1005.19,6.7284,101.426,1494.19,,,,,,,,,,,,,,,,,,,,
2006-09-29,790.87,1005.56,6.7274,101.541,1484.09,,,,,,,,,,,,,,,,,,,,
2006-10-09,791.03,996.13,6.6563,101.589,1479.67,,,,,,,,,,,,,,,,,,,,
2006-10-10,791.28,996.07,6.6483,101.586,1476.54,,,,,,,,,,,,,,,,,,,,
2006-10-11,791.64,992.65,6.6135,101.56,1467.9,,,,,,,,,,,,,,,,,,,,
2006-10-12,791.74,991.29,6.6133,101.613,1468.91,,,,,,,,,,,,,,,,,,,,
2006-10-13,791.16,993.42,6.6311,101.579,1470.56,,,,,,,,,,,,,,,,,,,,
2006-10-16,791.48,988.98,6.6111,101.631,1467.06,,,,,,,,,,,,,,,,,,,,
2006-10-17,791.1,992.22,6.6496,101.66,1474.01,,,,,,,,,,,,,,,,,,,,
2006-10-18,790.85,992.16,6.6637,101.626,1479.05,,,,,,,,,,,,,,,,,,,,
2006-10-19,790.9,991.35,6.6512,101.594,1476.39,,,,,,,,,,,,,,,,,,,,
2006-10-20,789.95,998.17,6.6736,101.426,1482.92,,,,,,,,,,,,,,,,,,,,
2006-10-23,789.98,996.69,6.6564,101.495,1486.88,,,,,,,,,,,,,,,,,,,,
2006-10-24,790.49,991.71,6.6244,101.573,1480.32,,,,,,,,,,,,,,,,,,,,
2006-10-25,790.07,992.55,6.6231,101.49,1480.36,,,,,,,,,,,,,,,,,,,,
2006-10-26,789.4,995.96,6.637,101.435,1483.56,,,,,,,,,,,,,,,,,,,,
2006-10-27,788.71,1001.92,6.6513,101.34,1490.95,,,,,,,,,,,,,,,,,,,,
2006-10-30,787.81,1002.56,6.7036,101.323,1494.61,,,,,,,,,,,,,,,,,,,,
2006-10-31,787.92,1001.68,6.6983,101.335,1496.81,,,,,,,,,,,,,,,,,,,,
2006-11-01,787.2,1004.85,6.7368,101.223,1502.0,,,,,,,,,,,,,,,,,,,,
2006-11-02,787.5,1003.7,6.7113,101.261,1501.43,,,,,,,,,,,,,,,,,,,,
2006-11-03,787.29,1005.86,6.7181,101.229,1501.89,,,,,,,,,,,,,,,,,,,,
2006-11-06,788.04,1002.09,6.6755,101.31,1498.17,,,,,,,,,,,,,,,,,,,,
2006-11-07,788.29,1003.3,6.6674,101.265,1496.94,,,,,,,,,,,,,,,,,,,,
2006-11-08,787.19,1005.61,6.6898,101.102,1500.27,,,,,,,,,,,,,,,,,,,,
2006-11-09,786.97,1003.53,6.6704,101.102,1497.85,,,,,,,,,,,,,,,,,,,,
2006-11-10,786.67,1010.11,6.6797,101.06,1499.85,,,,,,,,,,,,,,,,,,,,
2006-11-13,786.44,1011.76,6.6988,101.042,1505.15,,,,,,,,,,,,,,,,,,,,
2006-11-14,787.03,1008.24,6.6822,101.098,1497.39,,,,,,,,,,,,,,,,,,,,
2006-11-15,787.15,1008.39,6.6895,101.105,1492.51,,,,,,,,,,,,,,,,,,,,
2006-11-16,787.33,1009.66,6.6717,101.112,1486.93,,,,,,,,,,,,,,,,,,,,
2006-11-17,787.45,1007.36,6.6598,101.131,1487.16,,,,,,,,,,,,,,,,,,,,
2006-11-20,786.9,1009.23,6.6732,101.043,1490.62,,,,,,,,,,,,,,,,,,,,
2006-11-21,786.95,1009.17,6.6685,101.059,1493.83,,,,,,,,,,,,,,,,,,,,
2006-11-22,786.55,1010.21,6.6725,101.007,1493.92,,,,,,,,,,,,,,,,,,,,
2006-11-23,785.96,1017.03,6.7331,100.966,1504.52,,,,,,,,,,,,,,,,,,,,
2006-11-24,785.26,1017.04,6.7456,100.897,1504.04,,,,,,,,,,,,,,,,,,,,
2006-11-27,784.02,1029.71,6.7787,100.797,1520.01,,,,,,,,,,,,,,,,,,,,
2006-11-28,784.87,1031.1,6.7644,100.932,1521.66,,,,,,,,,,,,,,,,,,,,
2006-11-29,783.94,1034.9,6.7704,100.823,1531.13,,,,,,,,,,,,,,,,,,,,
2006-11-30,784.36,1031.37,6.7373,100.872,1526.29,,,,,,,,,,,,,,,,,,,,
2006-12-01,783.31,1038.05,6.7743,100.715,1540.74,,,,,,,,,,,,,,,,,,,,
2006-12-04,782.4,1044.04,6.7875,100.643,1549.92,,,,,,,,,,,,,,,,,,,,
2006-12-05,782.79,1044.14,6.7897,100.709,1548.85,,,,,,,,,,,,,,,,,,,,
2006-12-06,782.26,1041.76,6.81,100.669,1543.53,,,,,,,,,,,,,,,,,,,,
2006-12-07,783.05,1040.6,6.8044,100.788,1539.92,,,,,,,,,,,,,,,,,,,,
2006-12-08,782.66,1039.67,6.791,100.76,1536.13,,,,,,,,,,,,,,,,,,,,
2006-12-11,783.77,1032.23,6.7317,100.834,1529.01,,,,,,,,,,,,,,,,,,,,
2006-12-12,783.24,1037.68,6.7041,100.756,1534.56,,,,,,,,,,,,,,,,,,,,
2006-12-13,782.54,1038.4,6.693,100.679,1541.95,,,,,,,,,,,,,,,,,,,,
2006-12-14,781.97,1032.71,6.6545,100.627,1537.8,,,,,,,,,,,,,,,,,,,,
2006-12-15,781.85,1027.53,6.6236,100.602,1532.74,,,,,,,,,,,,,,,,,,,,
2006-12-18,782.55,1024.68,6.6323,100.666,1529.31,,,,,,,,,,,,,,,,,,,,
2006-12-19,782.7,1025.55,6.6314,100.68,1525.43,,,,,,,,,,,,,,,,,,,,
2006-12-20,781.98,1034.23,6.6152,100.57,1542.67,,,,,,,,,,,,,,,,,,,,
2006-12-21,781.9,1030.99,6.605,100.576,1537.36,,,,,,,,,,,,,,,,,,,,
2006-12-22,781.89,1031.11,6.6049,100.567,1534.62,,,,,,,,,,,,,,,,,,,,
2006-12-25,782.21,1026.79,6.5859,100.598,1531.94,,,,,,,,,,,,,,,,,,,,
2006-12-26,782.2,1027.59,6.5753,100.53,1532.52,,,,,,,,,,,,,,,,,,,,
2006-12-27,782.3,1025.97,6.5717,100.558,1529.72,,,,,,,,,,,,,,,,,,,,
2006-12-28,781.49,1025.04,6.5765,100.507,1529.63,,,,,,,,,,,,,,,,,,,,
2006-12-29,780.87,1026.65,6.563,100.467,1532.32,,,,,,,,,,,,,,,,,,,,
2007-01-04,780.73,1027.82,6.5432,100.239,1523.08,,,,,,,,,,,,,,,,,,,,
2007-01-05,780.97,1021.54,6.5955,100.268,1514.98,,,,,,,,,,,,,,,,,,,,
2007-01-08,781.35,1015.4,6.6009,100.281,1506.65,,,,,,,,,,,,,,,,,,,,
2007-01-09,780.78,1018.63,6.5706,100.151,1517.26,,,,,,,,,,,,,,,,,,,,
2007-01-10,780.81,1012.59,6.5394,100.122,1511.73,,,,,,,,,,,,,,,,,,,,
2007-01-11,779.77,1009.67,6.516,100.004,1507.09,,,,,,,,,,,,,,,,,,,,
2007-01-12,780.12,1005.05,6.467,100.037,1515.97,,,,,,,,,,,,,,,,,,,,
2007-01-15,779.38,1006.69,6.49,99.945,1525.5,,,,,,,,,,,,,,,,,,,,
2007-01-16,778.95,1006.92,6.4616,99.886,1528.85,,,,,,,,,,,,,,,,,,,,
2007-01-17,777.98,1005.4,6.4376,99.698,1525.75,,,,,,,,,,,,,,,,,,,,
2007-01-18,777.58,1005.92,6.4471,99.634,1531.57,,,,,,,,,,,,,,,,,,,,
2007-01-19,777.88,1008.66,6.4139,99.574,1535.79,,,,,,,,,,,,,,,,,,,,
2007-01-22,778.0,1009.08,6.4112,99.639,1536.03,,,,,,,,,,,,,,,,,,,,
2007-01-23,778.15,1007.05,6.3972,99.792,1539.67,,,,,,,,,,,,,,,,,,,,
2007-01-24,777.55,1012.83,6.387,99.687,1541.23,,,,,,,,,,,,,,,,,,,,
2007-01-25,777.35,1007.06,6.4254,99.599,1529.61,,,,,,,,,,,,,,,,,,,,
2007-01-26,778.17,1006.56,6.401,99.652,1529.42,,,,,,,,,,,,,,,,,,,,
2007-01-29,778.36,1004.47,6.3963,99.656,1524.4,,,,,,,,,,,,,,,,,,,,
2007-01-30,777.96,1007.33,6.3945,99.587,1525.71,,,,,,,,,,,,,,,,,,,,
2007-01-31,777.76,1007.98,6.3924,99.62,1526.52,,,,,,,,,,,,,,,,,,,,
2007-02-01,776.15,1011.27,6.424,99.431,1524.25,,,,,,,,,,,,,,,,,,,,
2007-02-02,776.13,1010.45,6.4233,99.444,1527.21,,,,,,,,,,,,,,,,,,,,
2007-02-05,776.4,1005.83,6.4144,99.434,1525.94,,,,,,,,,,,,,,,,,,,,
2007-02-06,775.95,1003.43,6.4593,99.383,1521.17,,,,,,,,,,,,,,,,,,,,
2007-02-07,774.96,1005.53,6.4478,99.246,1526.41,,,,,,,,,,,,,,,,,,,,
2007-02-08,775.26,1009.45,6.4246,99.209,1527.91,,,,,,,,,,,,,,,,,,,,
2007-02-09,775.75,1011.28,6.3995,99.268,1518.99,,,,,,,,,,,,,,,,,,,,
2007-02-12,776.32,1010.44,6.3659,99.349,1515.95,,,,,,,,,,,,,,,,,,,,
2007-02-13,776.62,1006.38,6.3799,99.393,1512.41,,,,,,,,,,,,,,,,,,,,
2007-02-14,775.52,1011.11,6.3971,99.241,1509.67,,,,,,,,,,,,,,,,,,,,
2007-02-15,775.02,1018.16,6.4472,99.248,1520.84,,,,,,,,,,,,,,,,,,,,
2007-02-16,774.08,1016.39,6.4766,99.132,1510.99,,,,,,,,,,,,,,,,,,,,
2007-02-26,774.98,1022.13,6.4096,99.253,1522.55,,,,,,,,,,,,,,,,,,,,
2007-02-27,774.71,1021.1,6.427,99.17,1520.53,,,,,,,,,,,,,,,,,,,,
2007-02-28,774.09,1023.66,6.5363,99.072,1519.31,,,,,,,,,,,,,,,,,,,,
2007-03-01,774.72,1025.44,6.5289,99.174,1521.74,,,,,,,,,,,,,,,,,,,,
2007-03-02,774.53,1020.06,6.58,99.15,1516.01,,,,,,,,,,,,,,,,,,,,
2007-03-05,774.03,1019.8,6.683,99.061,1492.83,,,,,,,,,,,,,,,,,,,,
2007-03-06,774.53,1014.31,6.6822,99.122,1488.62,,,,,,,,,,,,,,,,,,,,
2007-03-07,774.36,1017.02,6.64,99.076,1498.08,,,,,,,,,,,,,,,,,,,,
2007-03-08,773.86,1019.04,6.6816,99.0,1492.21,,,,,,,,,,,,,,,,,,,,
2007-03-09,774.36,1017.56,6.5942,99.124,1494.33,,,,,,,,,,,,,,,,,,,,
2007-03-12,774.74,1016.59,6.5573,99.143,1498.82,,,,,,,,,,,,,,,,,,,,
2007-03-13,773.97,1020.4,6.5791,99.043,1494.15,,,,,,,,,,,,,,,,,,,,
2007-03-14,773.87,1021.07,6.6621,99.017,1493.67,,,,,,,,,,,,,,,,,,,,
2007-03-15,774.2,1024.07,6.6075,99.08,1499.81,,,,,,,,,,,,,,,,,,,,
2007-03-16,773.9,1028.3,6.6066,99.073,1499.23,,,,,,,,,,,,,,,,,,,,
2007-03-19,773.51,1030.52,6.6282,99.021,1502.54,,,,,,,,,,,,,,,,,,,,
2007-03-20,773.95,1029.87,6.5684,99.054,1506.33,,,,,,,,,,,,,,,,,,,,
2007-03-21,773.55,1030.03,6.5958,99.014,1517.36,,,,,,,,,,,,,,,,,,,,
2007-03-22,773.1,1035.91,6.5813,98.976,1521.85,,,,,,,,,,,,,,,,,,,,
2007-03-23,773.59,1030.9,6.5531,99.044,1520.12,,,,,,,,,,,,,,,,,,,,
2007-03-26,773.93,1027.11,6.5637,99.063,1516.91,,,,,,,,,,,,,,,,,,,,
2007-03-27,773.43,1030.97,6.5467,98.986,1522.5,,,,,,,,,,,,,,,,,,,,
2007-03-28,773.18,1032.56,6.5602,98.972,1520.21,,,,,,,,,,,,,,,,,,,,
2007-03-29,773.03,1029.06,6.6195,98.942,1517.83,,,,,,,,,,,,,,,,,,,,
2007-03-30,773.42,1030.68,6.5539,98.993,1518.0,,,,,,,,,,,,,,,,,,,,
2007-04-02,773.06,1031.3,6.5525,98.925,1520.87,,,,,,,,,,,,,,,,,,,,
2007-04-03,772.77,1032.98,6.5611,98.892,1529.03,,,,,,,,,,,,,,,,,,,,
2007-04-04,773.49,1031.6,6.507,98.955,1526.83,,,,,,,,,,,,,,,,,,,,
2007-04-05,772.68,1033.27,6.5101,98.85,1527.04,,,,,,,,,,,,,,,,,,,,
2007-04-06,772.51,1036.93,6.5026,98.831,1522.19,,,,,,,,,,,,,,,,,,,,
2007-04-09,772.9,1032.79,6.4748,98.874,1518.05,,,,,,,,,,,,,,,,,,,,
2007-04-10,773.04,1033.4,6.4877,98.893,1518.21,,,,,,,,,,,,,,,,,,,,
2007-04-11,772.7,1037.08,6.4799,98.909,1523.84,,,,,,,,,,,,,,,,,,,,
2007-04-12,772.64,1038.2,6.4759,98.885,1525.81,,,,,,,,,,,,,,,,,,,,
2007-04-13,772.44,1042.91,6.4941,98.837,1529.66,,,,,,,,,,,,,,,,,,,,
2007-04-16,772.2,1047.26,6.4795,98.833,1534.55,,,,,,,,,,,,,,,,,,,,
2007-04-17,773.08,1046.25,6.4647,98.964,1538.27,,,,,,,,,,,,,,,,,,,,
2007-04-18,772.38,1049.16,6.5048,98.887,1551.05,,,,,,,,,,,,,,,,,,,,
2007-04-19,771.99,1050.1,6.5257,98.823,1548.11,,,,,,,,,,,,,,,,,,,,
2007-04-20,772.3,1052.07,6.5091,98.83,1547.38,,,,,,,,,,,,,,,,,,,,
2007-04-23,772.9,1050.64,6.4974,98.904,1548.31,,,,,,,,,,,,,,,,,,,,
2007-04-24,772.93,1049.18,6.5298,98.895,1546.4,,,,,,,,,,,,,,,,,,,,
2007-04-25,772.03,1051.81,6.5158,98.769,1545.22,,,,,,,,,,,,,,,,,,,,
2007-04-26,771.99,1053.19,6.5067,98.733,1545.6,,,,,,,,,,,,,,,,,,,,
2007-04-27,771.39,1049.13,6.4484,98.625,1535.84,,,,,,,,,,,,,,,,,,,,
2007-04-30,770.55,1049.99,6.4441,98.518,1536.78,,,,,,,,,,,,,,,,,,,,
2007-05-08,769.51,1046.3,6.408,98.417,1533.48,,,,,,,,,,,,,,,,,,,,
2007-05-09,769.71,1042.34,6.4247,98.443,1531.42,,,,,,,,,,,,,,,,,,,,
2007-05-10,769.65,1041.53,6.4063,98.424,1534.1,,,,,,,,,,,,,,,,,,,,
2007-05-11,768.35,1034.7,6.4099,98.225,1520.87,,,,,,,,,,,,,,,,,,,,
2007-05-14,767.39,1038.66,6.3861,98.161,1521.5,,,,,,,,,,,,,,,,,,,,
2007-05-15,769.48,1042.03,6.3844,98.524,1522.72,,,,,,,,,,,,,,,,,,,,
2007-05-16,768.4,1044.45,6.3903,98.339,1525.77,,,,,,,,,,,,,,,,,,,,
2007-05-17,767.85,1038.75,6.3545,98.218,1518.58,,,,,,,,,,,,,,,,,,,,
2007-05-18,768.04,1036.43,6.3291,98.206,1516.57,,,,,,,,,,,,,,,,,,,,
2007-05-21,766.52,1036.49,6.3226,98.027,1513.49,,,,,,,,,,,,,,,,,,,,
2007-05-22,765.51,1030.3,6.3046,97.871,1509.43,,,,,,,,,,,,,,,,,,,,
2007-05-23,765.4,1029.42,6.2918,97.838,1511.51,,,,,,,,,,,,,,,,,,,,
2007-05-24,765.25,1029.53,6.296,97.816,1520.02,,,,,,,,,,,,,,,,,,,,
2007-05-25,765.23,1026.98,6.3179,97.78,1518.68,,,,,,,,,,,,,,,,,,,,
2007-05-28,765.12,1028.97,6.2882,97.794,1518.15,,,,,,,,,,,,,,,,,,,,
2007-05-29,765.38,1028.86,6.2893,97.878,1517.29,,,,,,,,,,,,,,,,,,,,
2007-05-30,764.88,1028.19,6.2922,97.826,1514.96,,,,,,,,,,,,,,,,,,,,
2007-05-31,765.06,1027.55,6.2911,97.997,1511.87,,,,,,,,,,,,,,,,,,,,
2007-06-01,764.97,1029.04,6.2826,97.93,1513.8,,,,,,,,,,,,,,,,,,,,
2007-06-04,765.22,1028.91,6.2713,97.97,1517.05,,,,,,,,,,,,,,,,,,,,
2007-06-05,764.27,1031.65,6.2781,97.899,1522.39,,,,,,,,,,,,,,,,,,,,
2007-06-06,763.98,1032.37,6.2887,97.843,1522.38,,,,,,,,,,,,,,,,,,,,
2007-06-07,765.02,1032.85,6.3256,97.943,1524.3,,,,,,,,,,,,,,,,,,,,
2007-06-08,766.56,1028.95,6.3211,98.089,1516.95,,,,,,,,,,,,,,,,,,,,
2007-06-11,767.85,1024.93,6.3127,98.262,1510.13,,,,,,,,,,,,,,,,,,,,
2007-06-12,764.75,1021.59,6.2821,97.864,1507.9,,,,,,,,,,,,,,,,,,,,
2007-06-13,762.82,1013.9,6.2701,97.589,1505.54,,,,,,,,,,,,,,,,,,,,
2007-06-14,762.58,1014.69,6.2137,97.572,1504.65,,,,,,,,,,,,,,,,,,,,
2007-06-15,762.38,1015.03,6.1949,97.524,1501.35,,,,,,,,,,,,,,,,,,,,
2007-06-18,762.13,1020.61,6.1708,97.482,1506.77,,,,,,,,,,,,,,,,,,,,
2007-06-19,761.95,1023.15,6.1609,97.461,1512.2,,,,,,,,,,,,,,,,,,,,
2007-06-20,761.8,1022.98,6.1732,97.459,1514.46,,,,,,,,,,,,,,,,,,,,
2007-06-21,762.08,1019.97,6.1642,97.512,1517.23,,,,,,,,,,,,,,,,,,,,
2007-06-22,762.24,1020.41,6.1533,97.564,1518.23,,,,,,,,,,,,,,,,,,,,
2007-06-25,761.92,1026.31,6.151,97.505,1523.61,,,,,,,,,,,,,,,,,,,,
2007-06-26,761.84,1025.17,6.1732,97.514,1522.04,,,,,,,,,,,,,,,,,,,,
2007-06-27,761.65,1024.04,6.193,97.483,1521.55,,,,,,,,,,,,,,,,,,,,
2007-06-28,761.78,1024.97,6.1913,97.479,1523.1,,,,,,,,,,,,,,,,,,,,
2007-06-29,761.55,1023.37,6.1824,97.436,1524.55,,,,,,,,,,,,,,,,,,,,
2007-07-02,760.75,1029.75,6.1719,97.304,1528.08,,,,,,,,,,,,,,,,,,,,
2007-07-03,759.51,1034.45,6.2044,97.164,1532.46,,,,,,,,,,,,,,,,,,,,
2007-07-04,760.07,1034.27,6.2079,97.305,1532.99,,,,,,,,,,,,,,,,,,,,
2007-07-05,760.6,1034.95,6.1941,97.337,1532.99,,,,,,,,,,,,,,,,,,,,
2007-07-06,761.35,1035.02,6.1921,97.403,1531.49,,,,,,,,,,,,,,,,,,,,
2007-07-09,760.85,1036.47,6.1617,97.328,1530.45,,,,,,,,,,,,,,,,,,,,
2007-07-10,758.45,1033.24,6.154,97.036,1528.96,,,,,,,,,,,,,,,,,,,,
2007-07-11,757.12,1040.62,6.2179,96.854,1534.46,,,,,,,,,,,,,,,,,,,,
2007-07-12,757.62,1041.61,6.1968,96.931,1539.45,,,,,,,,,,,,,,,,,,,,
2007-07-13,757.31,1043.5,6.1771,96.88,1536.28,,,,,,,,,,,,,,,,,,,,
2007-07-16,756.81,1042.96,6.2003,96.766,1539.35,,,,,,,,,,,,,,,,,,,,
2007-07-17,756.51,1041.98,6.2014,96.734,1540.41,,,,,,,,,,,,,,,,,,,,
2007-07-18,756.61,1045.03,6.2043,96.739,1550.03,,,,,,,,,,,,,,,,,,,,
2007-07-19,756.36,1044.08,6.2007,96.716,1551.6,,,,,,,,,,,,,,,,,,,,
2007-07-20,757.12,1044.67,6.1945,96.798,1550.96,,,,,,,,,,,,,,,,,,,,
2007-07-23,756.42,1046.58,6.2426,96.741,1555.09,,,,,,,,,,,,,,,,,,,,
2007-07-24,757.25,1047.2,6.279,96.817,1562.74,,,,,,,,,,,,,,,,,,,,
2007-07-25,755.96,1043.68,6.3031,96.637,1554.86,,,,,,,,,,,,,,,,,,,,
2007-07-26,757.89,1039.11,6.2828,96.875,1555.49,,,,,,,,,,,,,,,,,,,,
2007-07-27,756.97,1040.27,6.3664,96.771,1549.9,,,,,,,,,,,,,,,,,,,,
2007-07-30,758.24,1033.52,6.3984,96.911,1533.46,,,,,,,,,,,,,,,,,,,,
2007-07-31,757.37,1038.39,6.3693,96.805,1538.45,,,,,,,,,,,,,,,,,,,,
2007-08-01,756.6,1033.48,6.3837,96.67,1535.07,,,,,,,,,,,,,,,,,,,,
2007-08-02,757.23,1034.19,6.3745,96.725,1536.8,,,,,,,,,,,,,,,,,,,,
2007-08-03,756.83,1037.05,6.3453,96.685,1540.53,,,,,,,,,,,,,,,,,,,,
2007-08-06,755.98,1044.42,6.4292,96.557,1545.45,,,,,,,,,,,,,,,,,,,,
2007-08-07,756.9,1044.98,6.3763,96.682,1538.17,,,,,,,,,,,,,,,,,,,,
2007-08-08,757.59,1041.99,6.3687,96.767,1531.92,,,,,,,,,,,,,,,,,,,,
2007-08-09,756.48,1044.06,6.3182,96.645,1540.95,,,,,,,,,,,,,,,,,,,,
2007-08-10,756.98,1034.3,6.4203,96.775,1530.05,,,,,,,,,,,,,,,,,,,,
2007-08-13,757.87,1038.55,6.4099,96.91,1533.47,,,,,,,,,,,,,,,,,,,,
2007-08-14,758.45,1032.55,6.4294,96.959,1526.23,,,,,,,,,,,,,,,,,,,,
2007-08-15,759.21,1026.87,6.4677,97.07,1513.33,,,,,,,,,,,,,,,,,,,,
2007-08-16,759.81,1019.1,6.5195,97.216,1508.22,,,,,,,,,,,,,,,,,,,,
2007-08-17,760.03,1020.0,6.6789,97.206,1506.34,,,,,,,,,,,,,,,,,,,,
2007-08-20,759.73,1025.07,6.6424,97.232,1503.05,,,,,,,,,,,,,,,,,,,,
2007-08-21,759.7,1023.05,6.6242,97.185,1508.31,,,,,,,,,,,,,,,,,,,,
2007-08-22,759.87,1022.67,6.6413,97.316,1506.25,,,,,,,,,,,,,,,,,,,,
2007-08-23,758.47,1028.14,6.536,97.091,1513.6,,,,,,,,,,,,,,,,,,,,
2007-08-24,756.91,1026.63,6.5125,96.921,1517.68,,,,,,,,,,,,,,,,,,,,
2007-08-27,756.29,1034.79,6.4881,96.922,1526.8,,,,,,,,,,,,,,,,,,,,
2007-08-28,755.45,1029.49,6.5407,96.823,1515.51,,,,,,,,,,,,,,,,,,,,
2007-08-29,755.05,1024.75,6.6206,96.827,1509.16,,,,,,,,,,,,,,,,,,,,
2007-08-30,755.67,1031.72,6.5327,96.863,1522.07,,,,,,,,,,,,,,,,,,,,
2007-08-31,756.07,1033.21,6.5184,96.985,1522.27,,,,,,,,,,,,,,,,,,,,
2007-09-03,755.46,1029.65,6.5283,96.877,1522.21,,,,,,,,,,,,,,,,,,,,
2007-09-04,755.56,1028.43,6.516,96.939,1524.57,,,,,,,,,,,,,,,,,,,,
2007-09-05,755.46,1029.05,6.4972,96.92,1522.29,,,,,,,,,,,,,,,,,,,,
2007-09-06,754.1,1028.86,6.5537,96.778,1522.53,,,,,,,,,,,,,,,,,,,,
2007-09-07,754.11,1031.74,6.5362,96.833,1522.81,,,,,,,,,,,,,,,,,,,,
2007-09-10,752.52,1036.86,6.6736,96.722,1526.98,,,,,,,,,,,,,,,,,,,,
2007-09-11,752.98,1037.87,6.633,96.811,1525.76,,,,,,,,,,,,,,,,,,,,
2007-09-12,752.63,1040.96,6.5919,96.67,1527.99,,,,,,,,,,,,,,,,,,,,
2007-09-13,751.69,1044.21,6.5727,96.489,1524.28,,,,,,,,,,,,,,,,,,,,
2007-09-14,752.22,1043.44,6.5416,96.577,1518.47,,,,,,,,,,,,,,,,,,,,
2007-09-17,752.3,1043.29,6.5239,96.603,1510.39,,,,,,,,,,,,,,,,,,,,
2007-09-18,752.66,1043.98,6.5449,96.623,1497.94,,,,,,,,,,,,,,,,,,,,
2007-09-19,751.7,1049.64,6.4874,96.518,1511.86,,,,,,,,,,,,,,,,,,,,
2007-09-20,751.75,1050.46,6.484,96.582,1504.93,,,,,,,,,,,,,,,,,,,,
2007-09-21,750.5,1056.37,6.5247,96.394,1508.84,,,,,,,,,,,,,,,,,,,,
2007-09-24,751.09,1058.55,6.521,96.505,1519.15,,,,,,,,,,,,,,,,,,,,
2007-09-25,751.35,1057.11,6.552,96.618,1513.18,,,,,,,,,,,,,,,,,,,,
2007-09-26,750.89,1062.02,6.5491,96.684,1514.92,,,,,,,,,,,,,,,,,,,,
2007-09-27,751.57,1061.56,6.5096,96.769,1514.6,,,,,,,,,,,,,,,,,,,,
2007-09-28,751.08,1063.12,6.5091,96.834,1523.68,,,,,,,,,,,,,,,,,,,,
2007-10-08,751.02,1061.83,6.4162,96.835,1533.09,,,,,,,,,,,,,,,,,,,,
2007-10-09,752.32,1056.67,6.4128,96.952,1531.16,,,,,,,,,,,,,,,,,,,,
2007-10-10,751.76,1060.51,6.4102,96.861,1533.29,,,,,,,,,,,,,,,,,,,,
2007-10-11,751.43,1062.71,6.4151,96.893,1532.05,,,,,,,,,,,,,,,,,,,,
2007-10-12,751.14,1066.66,6.3981,96.875,1526.92,,,,,,,,,,,,,,,,,,,,
2007-10-15,751.53,1064.62,6.3857,96.922,1527.3,,,,,,,,,,,,,,,,,,,,
2007-10-16,751.36,1066.74,6.4085,96.904,1533.98,,,,,,,,,,,,,,,,,,,,
2007-10-17,751.56,1065.37,6.4387,96.928,1526.72,,,,,,,,,,,,,,,,,,,,
2007-10-18,751.13,1067.32,6.4475,96.887,1532.57,,,,,,,,,,,,,,,,,,,,
2007-10-19,750.74,1072.58,6.5109,96.86,1535.38,,,,,,,,,,,,,,,,,,,,
2007-10-22,750.55,1075.99,6.5922,96.83,1539.64,,,,,,,,,,,,,,,,,,,,
2007-10-23,750.1,1064.5,6.5585,96.782,1526.6,,,,,,,,,,,,,,,,,,,,
2007-10-24,749.38,1067.79,6.53,96.679,1535.82,,,,,,,,,,,,,,,,,,,,
2007-10-25,748.67,1067.15,6.565,96.588,1533.16,,,,,,,,,,,,,,,,,,,,
2007-10-26,748.1,1071.62,6.5514,96.523,1535.21,,,,,,,,,,,,,,,,,,,,
2007-10-29,747.18,1076.31,6.5433,96.403,1534.18,,,,,,,,,,,,,,,,,,,,
2007-10-30,747.2,1075.18,6.5238,96.41,1538.48,,,,,,,,,,,,,,,,,,,,
2007-10-31,746.92,1078.29,6.5094,96.375,1545.34,,,,,,,,,,,,,,,,,,,,
2007-11-01,745.52,1078.88,6.4564,96.189,1550.31,,,,,,,,,,,,,,,,,,,,
2007-11-02,746.24,1076.97,6.5094,96.173,1551.51,,,,,,,,,,,,,,,,,,,,
2007-11-05,745.62,1081.45,6.5071,96.035,1557.26,,,,,,,,,,,,,,,,,,,,
2007-11-06,745.77,1080.06,6.5164,96.048,1552.32,,,,,,,,,,,,,,,,,,,,
2007-11-07,744.76,1084.15,6.4911,95.924,1554.54,,,,,,,,,,,,,,,,,,,,
2007-11-08,742.51,1087.63,6.5793,95.622,1561.24,,,,,,,,,,,,,,,,,,,,
2007-11-09,741.62,1089.88,6.5738,95.425,1563.89,,,,,,,,,,,,,,,,,,,,
2007-11-12,741.4,1085.63,6.7083,95.242,1545.56,,,,,,,,,,,,,,,,,,,,
2007-11-13,743.09,1081.64,6.7587,95.404,1528.31,,,,,,,,,,,,,,,,,,,,
2007-11-14,743.21,1087.39,6.6808,95.459,1542.38,,,,,,,,,,,,,,,,,,,,
2007-11-15,743.07,1088.41,6.6688,95.429,1526.53,,,,,,,,,,,,,,,,,,,,
2007-11-16,743.36,1087.24,6.723,95.551,1519.09,,,,,,,,,,,,,,,,,,,,
2007-11-19,743.03,1091.07,6.6937,95.449,1527.78,,,,,,,,,,,,,,,,,,,,
2007-11-20,742.55,1088.8,6.7538,95.453,1521.26,,,,,,,,,,,,,,,,,,,,
2007-11-21,741.5,1099.16,6.7556,95.261,1532.24,,,,,,,,,,,,,,,,,,,,
2007-11-22,741.19,1100.7,6.8303,95.266,1528.22,,,,,,,,,,,,,,,,,,,,
2007-11-23,739.92,1099.56,6.8155,95.128,1527.79,,,,,,,,,,,,,,,,,,,,
2007-11-26,739.42,1097.0,6.8043,95.101,1525.24,,,,,,,,,,,,,,,,,,,,
2007-11-27,738.72,1097.59,6.8817,94.93,1529.19,,,,,,,,,,,,,,,,,,,,
2007-11-28,738.99,1096.14,6.8081,94.929,1527.38,,,,,,,,,,,,,,,,,,,,
2007-11-29,739.83,1097.35,6.7276,95.029,1536.52,,,,,,,,,,,,,,,,,,,,
2007-11-30,739.97,1092.75,6.7242,95.009,1528.11,,,,,,,,,,,,,,,,,,,,
2007-12-03,741.43,1086.27,6.6883,95.214,1524.16,,,,,,,,,,,,,,,,,,,,
2007-12-04,740.94,1085.48,6.7132,95.126,1529.11,,,,,,,,,,,,,,,,,,,,
2007-12-05,739.82,1091.49,6.7293,94.948,1521.25,,,,,,,,,,,,,,,,,,,,
2007-12-06,742.05,1084.39,6.6872,95.18,1505.51,,,,,,,,,,,,,,,,,,,,
2007-12-07,740.91,1084.69,6.6479,95.043,1501.34,,,,,,,,,,,,,,,,,,,,
2007-12-10,739.53,1083.04,6.6257,94.861,1502.24,,,,,,,,,,,,,,,,,,,,
2007-12-11,737.97,1085.66,6.5958,94.646,1510.18,,,,,,,,,,,,,,,,,,,,
2007-12-12,736.47,1080.0,6.6405,94.438,1500.26,,,,,,,,,,,,,,,,,,,,
2007-12-13,735.68,1083.25,6.5724,94.332,1503.95,,,,,,,,,,,,,,,,,,,,
2007-12-14,735.89,1075.76,6.5421,94.385,1502.69,,,,,,,,,,,,,,,,,,,,
2007-12-17,737.9,1065.16,6.5137,94.618,1488.64,,,,,,,,,,,,,,,,,,,,
2007-12-18,737.51,1062.35,6.5281,94.587,1489.81,,,,,,,,,,,,,,,,,,,,
2007-12-19,736.98,1061.99,6.5009,94.465,1484.68,,,,,,,,,,,,,,,,,,,,
2007-12-20,736.49,1059.37,6.5006,94.414,1471.43,,,,,,,,,,,,,,,,,,,,
2007-12-21,735.72,1054.36,6.5048,94.305,1460.18,,,,,,,,,,,,,,,,,,,,
2007-12-24,733.15,1054.34,6.4216,93.966,1453.07,,,,,,,,,,,,,,,,,,,,
2007-12-25,732.61,1054.52,6.4205,93.858,1448.08,,,,,,,,,,,,,,,,,,,,
2007-12-26,732.98,1055.56,6.4263,93.903,1450.86,,,,,,,,,,,,,,,,,,,,
2007-12-27,730.79,1058.0,6.3917,93.617,1450.44,,,,,,,,,,,,,,,,,,,,
2007-12-28,730.46,1066.69,6.4064,93.638,1458.07,,,,,,,,,,,,,,,,,,,,
2008-01-02,729.96,1066.11,6.5306,93.534,1449.04,,,,,,,,,,,,,,,,,,,,
2008-01-03,727.75,1071.18,6.6458,93.151,1442.55,,,,,,,,,,,,,,,,,,,,
2008-01-04,727.79,1072.98,6.6626,93.331,1434.87,,,,,,,,,,,,,,,,,,,,
2008-01-07,726.95,1071.85,6.6775,93.204,1433.62,,,,,,,,,,,,,,,,,,,,
2008-01-08,727.91,1069.12,6.6668,93.325,1433.18,,,,,,,,,,,,,,,,,,,,
2008-01-09,727.23,1069.94,6.6688,93.207,1434.82,,,,,,,,,,,,,,,,,,,,
2008-01-10,728.05,1068.16,6.6159,93.285,1425.63,,,,,,,,,,,,,,,,,,,,
2008-01-11,726.72,1074.86,6.6243,93.143,1425.1,,,,,,,,,,,,,,,,,,,,
2008-01-14,725.66,1074.52,6.6645,92.966,1421.5,,,,,,,,,,,,,,,,,,,,
2008-01-15,724.54,1077.57,6.7059,92.847,1415.82,,,,,,,,,,,,,,,,,,,,
2008-01-16,724.18,1071.93,6.7915,92.875,1418.49,,,,,,,,,,,,,,,,,,,,
2008-01-17,725.45,1064.34,6.7742,93.03,1424.28,,,,,,,,,,,,,,,,,,,,
2008-01-18,725.71,1062.04,6.7992,92.966,1430.74,,,,,,,,,,,,,,,,,,,,
2008-01-21,725.98,1057.5,6.7906,92.996,1418.09,,,,,,,,,,,,,,,,,,,,
2008-01-22,725.56,1045.06,6.851,92.849,1406.64,,,,,,,,,,,,,,,,,,,,
2008-01-23,723.5,1058.99,6.7664,92.69,1418.06,,,,,,,,,,,,,,,,,,,,
2008-01-24,722.93,1056.92,6.7655,92.62,1413.47,,,,,,,,,,,,,,,,,,,,
2008-01-25,720.65,1063.93,6.7266,92.293,1423.72,,,,,,,,,,,,,,,,,,,,
2008-01-28,719.96,1056.0,6.7393,92.206,1425.23,,,,,,,,,,,,,,,,,,,,
2008-01-29,720.2,1064.13,6.7431,92.256,1430.07,,,,,,,,,,,,,,,,,,,,
2008-01-30,719.98,1062.87,6.7335,92.266,1432.8,,,,,,,,,,,,,,,,,,,,
2008-01-31,718.53,1066.12,6.756,92.102,1427.07,,,,,,,,,,,,,,,,,,,,
2008-02-01,719.03,1068.8,6.753,92.24,1432.31,,,,,,,,,,,,,,,,,,,,
2008-02-04,719.23,1064.86,6.735,92.227,1414.55,,,,,,,,,,,,,,,,,,,,
2008-02-05,718.46,1064.97,6.7309,92.118,1418.2,,,,,,,,,,,,,,,,,,,,
2008-02-13,719.52,1048.95,6.7001,92.249,1408.6,,,,,,,,,,,,,,,,,,,,
2008-02-14,718.9,1046.9,6.6436,92.181,1411.31,,,,,,,,,,,,,,,,,,,,
2008-02-15,717.63,1050.36,6.6493,92.0,1412.94,,,,,,,,,,,,,,,,,,,,
2008-02-18,716.67,1051.25,6.6448,91.887,1404.49,,,,,,,,,,,,,,,,,,,,
2008-02-19,715.74,1048.52,6.6144,91.763,1395.51,,,,,,,,,,,,,,,,,,,,
2008-02-20,714.52,1052.52,6.6208,91.582,1390.74,,,,,,,,,,,,,,,,,,,,
2008-02-21,715.03,1051.99,6.6167,91.663,1388.84,,,,,,,,,,,,,,,,,,,,
2008-02-22,714.63,1058.19,6.6456,91.631,1403.25,,,,,,,,,,,,,,,,,,,,
2008-02-25,714.6,1059.36,6.6533,91.662,1405.87,,,,,,,,,,,,,,,,,,,,
2008-02-26,715.05,1060.17,6.6187,91.721,1405.93,,,,,,,,,,,,,,,,,,,,
2008-02-27,714.55,1071.15,6.6609,91.7,1419.1,,,,,,,,,,,,,,,,,,,,
2008-02-28,712.09,1076.43,6.7001,91.487,1412.61,,,,,,,,,,,,,,,,,,,,
2008-02-29,710.58,1078.09,6.7858,91.353,1412.31,,,,,,,,,,,,,,,,,,,,
2008-03-03,710.58,1081.08,6.8972,91.335,1411.0,,,,,,,,,,,,,,,,,,,,
2008-03-04,711.75,1081.97,6.8895,91.454,1413.14,,,,,,,,,,,,,,,,,,,,
2008-03-05,711.72,1081.78,6.8825,91.44,1412.62,,,,,,,,,,,,,,,,,,,,
2008-03-06,711.68,1087.77,6.8586,91.397,1417.42,,,,,,,,,,,,,,,,,,,,
2008-03-07,710.9,1092.94,6.9123,91.287,1430.19,,,,,,,,,,,,,,,,,,,,
2008-03-10,710.8,1093.6,6.9472,91.308,1435.92,,,,,,,,,,,,,,,,,,,,
2008-03-11,710.29,1089.66,6.99,91.174,1426.4,,,,,,,,,,,,,,,,,,,,
2008-03-12,710.69,1091.09,6.8952,91.253,1426.18,,,,,,,,,,,,,,,,,,,,
2008-03-13,709.7,1101.84,6.9808,91.109,1437.99,,,,,,,,,,,,,,,,,,,,
2008-03-14,708.82,1105.79,7.0191,91.038,1438.9,,,,,,,,,,,,,,,,,,,,
2008-03-17,708.15,1117.14,7.2649,91.109,1427.13,,,,,,,,,,,,,,,,,,,,
2008-03-18,708.7,1115.95,7.3066,91.279,1416.05,,,,,,,,,,,,,,,,,,,,
2008-03-19,706.48,1107.12,7.0885,90.884,1419.85,,,,,,,,,,,,,,,,,,,,
2008-03-20,705.12,1098.89,7.1285,90.705,1396.53,,,,,,,,,,,,,,,,,,,,
2008-03-21,705.93,1087.59,7.0901,90.761,1399.97,,,,,,,,,,,,,,,,,,,,
2008-03-24,705.18,1086.37,7.0631,90.66,1395.2,,,,,,,,,,,,,,,,,,,,
2008-03-25,704.36,1087.0,6.9936,90.502,1400.48,,,,,,,,,,,,,,,,,,,,
2008-03-26,702.52,1098.57,7.0365,90.277,1407.96,,,,,,,,,,,,,,,,,,,,
2008-03-27,701.3,1110.33,7.0982,90.133,1408.7,,,,,,,,,,,,,,,,,,,,
2008-03-28,701.37,1107.18,7.0624,90.146,1407.44,,,,,,,,,,,,,,,,,,,,
2008-03-31,701.9,1108.09,7.0204,90.194,1402.19,,,,,,,,,,,,,,,,,,,,
2008-04-01,702.18,1107.62,7.0341,90.185,1392.32,,,,,,,,,,,,,,,,,,,,
2008-04-02,702.92,1096.87,6.9005,90.262,1389.99,,,,,,,,,,,,,,,,,,,,
2008-04-03,701.92,1099.03,6.8624,90.113,1394.26,,,,,,,,,,,,,,,,,,,,
2008-04-07,700.2,1100.05,6.8607,89.884,1394.31,,,,,,,,,,,,,,,,,,,,
2008-04-08,700.15,1104.7,6.8377,89.888,1393.26,,,,,,,,,,,,,,,,,,,,
2008-04-09,700.25,1099.95,6.8241,89.896,1377.5,,,,,,,,,,,,,,,,,,,,
2008-04-10,699.2,1107.15,6.8951,89.788,1381.16,,,,,,,,,,,,,,,,,,,,
2008-04-11,700.12,1103.53,6.871,89.906,1382.88,,,,,,,,,,,,,,,,,,,,
2008-04-14,699.93,1097.63,6.9003,89.832,1376.27,,,,,,,,,,,,,,,,,,,,
2008-04-15,699.63,1107.3,6.9185,89.778,1380.82,,,,,,,,,,,,,,,,,,,,
2008-04-16,700.47,1106.22,6.8778,89.874,1375.06,,,,,,,,,,,,,,,,,,,,
2008-04-17,698.95,1113.18,6.8605,89.698,1377.74,,,,,,,,,,,,,,,,,,,,
2008-04-18,700.06,1112.43,6.8269,89.831,1393.05,,,,,,,,,,,,,,,,,,,,
2008-04-21,700.78,1109.09,6.7409,89.911,1400.23,,,,,,,,,,,,,,,,,,,,
2008-04-22,699.12,1111.85,6.7797,89.678,1386.15,,,,,,,,,,,,,,,,,,,,
2008-04-23,698.37,1115.86,6.7786,89.587,1394.68,,,,,,,,,,,,,,,,,,,,
2008-04-24,698.9,1109.61,6.7621,89.669,1382.91,,,,,,,,,,,,,,,,,,,,
2008-04-25,699.49,1097.57,6.7043,89.787,1381.53,,,,,,,,,,,,,,,,,,,,
2008-04-28,699.8,1093.44,6.6848,89.804,1387.11,,,,,,,,,,,,,,,,,,,,
2008-04-29,698.98,1094.04,6.7116,89.716,1391.6,,,,,,,,,,,,,,,,,,,,
2008-04-30,700.02,1089.72,6.7229,89.833,1378.13,,,,,,,,,,,,,,,,,,,,
2008-05-05,700.16,1081.64,6.6394,89.814,1382.5,,,,,,,,,,,,,,,,,,,,
2008-05-06,698.88,1084.35,6.6674,89.668,1379.31,,,,,,,,,,,,,,,,,,,,
2008-05-07,698.48,1083.55,6.6614,89.624,1376.6,,,,,,,,,,,,,,,,,,,,
2008-05-08,700.1,1074.41,6.6788,89.826,1366.74,,,,,,,,,,,,,,,,,,,,
2008-05-09,700.05,1077.87,6.7439,89.805,1369.05,,,,,,,,,,,,,,,,,,,,
2008-05-12,698.2,1080.22,6.7869,89.551,1362.4,,,,,,,,,,,,,,,,,,,,
2008-05-13,698.87,1084.72,6.7267,89.64,1365.38,,,,,,,,,,,,,,,,,,,,
2008-05-14,699.87,1082.28,6.6762,89.757,1361.35,,,,,,,,,,,,,,,,,,,,
2008-05-15,700.0,1082.41,6.6493,89.733,1361.92,,,,,,,,,,,,,,,,,,,,
2008-05-16,698.95,1080.65,6.6735,89.609,1361.24,,,,,,,,,,,,,,,,,,,,
2008-05-19,697.12,1086.18,6.6963,89.382,1364.68,,,,,,,,,,,,,,,,,,,,
2008-05-20,697.8,1083.61,6.6897,89.46,1361.3,,,,,,,,,,,,,,,,,,,,
2008-05-21,695.97,1090.27,6.7234,89.218,1369.46,,,,,,,,,,,,,,,,,,,,
2008-05-22,694.28,1096.93,6.7514,89.013,1369.99,,,,,,,,,,,,,,,,,,,,
2008-05-23,694.98,1092.61,6.6751,89.094,1375.02,,,,,,,,,,,,,,,,,,,,
2008-05-26,693.99,1095.5,6.725,88.947,1375.35,,,,,,,,,,,,,,,,,,,,
2008-05-27,694.32,1096.33,6.7172,88.971,1375.59,,,,,,,,,,,,,,,,,,,,
2008-05-28,694.08,1088.21,6.6623,88.921,1371.05,,,,,,,,,,,,,,,,,,,,
2008-05-29,694.02,1086.07,6.6245,88.929,1374.96,,,,,,,,,,,,,,,,,,,,
2008-05-30,694.72,1077.72,6.5716,89.026,1372.52,,,,,,,,,,,,,,,,,,,,
2008-06-02,693.72,1078.77,6.5846,88.881,1370.31,,,,,,,,,,,,,,,,,,,,
2008-06-03,692.95,1076.5,6.6384,88.793,1360.92,,,,,,,,,,,,,,,,,,,,
2008-06-04,693.56,1071.27,6.5969,88.86,1361.22,,,,,,,,,,,,,,,,,,,,
2008-06-05,693.94,1070.65,6.5848,88.877,1355.47,,,,,,,,,,,,,,,,,,,,
2008-06-06,692.38,1079.14,6.5319,88.676,1355.96,,,,,,,,,,,,,,,,,,,,
2008-06-10,691.99,1078.12,6.4799,88.607,1364.95,,,,,,,,,,,,,,,,,,,,
2008-06-11,692.09,1070.25,6.4419,88.617,1351.69,,,,,,,,,,,,,,,,,,,,
2008-06-12,690.15,1072.25,6.4485,88.378,1353.59,,,,,,,,,,,,,,,,,,,,
2008-06-13,690.18,1065.43,6.395,88.344,1343.54,,,,,,,,,,,,,,,,,,,,
2008-06-16,690.28,1061.96,6.3758,88.349,1345.49,,,,,,,,,,,,,,,,,,,,
2008-06-17,689.19,1065.8,6.3661,88.245,1352.29,,,,,,,,,,,,,,,,,,,,
2008-06-18,688.23,1067.82,6.3775,88.13,1346.59,,,,,,,,,,,,,,,,,,,,
2008-06-19,687.96,1071.67,6.388,88.151,1348.75,,,,,,,,,,,,,,,,,,,,
2008-06-20,688.26,1066.6,6.3719,88.159,1356.22,,,,,,,,,,,,,,,,,,,,
2008-06-23,686.76,1072.55,6.398,87.989,1356.66,,,,,,,,,,,,,,,,,,,,
2008-06-24,687.36,1066.71,6.3659,88.041,1350.25,,,,,,,,,,,,,,,,,,,,
2008-06-25,686.84,1069.51,6.3711,87.964,1353.42,,,,,,,,,,,,,,,,,,,,
2008-06-26,686.34,1075.36,6.3568,87.917,1354.35,,,,,,,,,,,,,,,,,,,,
2008-06-27,686.1,1080.33,6.4172,87.94,1363.42,,,,,,,,,,,,,,,,,,,,
2008-06-30,685.91,1083.02,6.4468,87.917,1368.36,,,,,,,,,,,,,,,,,,,,
2008-07-01,686.08,1080.71,6.459,87.978,1366.36,,,,,,,,,,,,,,,,,,,,
2008-07-02,686.21,1084.28,6.4734,87.995,1368.78,,,,,,,,,,,,,,,,,,,,
2008-07-03,685.29,1088.14,6.4656,87.871,1364.62,,,,,,,,,,,,,,,,,,,,
2008-07-04,686.39,1077.53,6.4338,88.009,1361.76,,,,,,,,,,,,,,,,,,,,
2008-07-07,685.67,1073.72,6.4201,87.928,1358.18,,,,,,,,,,,,,,,,,,,,
2008-07-08,685.81,1078.2,6.4067,87.905,1355.13,,,,,,,,,,,,,,,,,,,,
2008-07-09,686.32,1075.05,6.3891,87.964,1351.4,,,,,,,,,,,,,,,,,,,,
2008-07-10,684.89,1077.23,6.408,87.787,1356.32,,,,,,,,,,,,,,,,,,,,
2008-07-11,683.97,1080.02,6.3913,87.659,1353.27,,,,,,,,,,,,,,,,,,,,
2008-07-14,682.66,1084.82,6.3979,87.48,1354.43,,,,,,,,,,,,,,,,,,,,
2008-07-15,682.3,1085.37,6.4328,87.453,1361.32,,,,,,,,,,,,,,,,,,,,
2008-07-16,681.28,1083.75,6.5017,87.358,1365.66,,,,,,,,,,,,,,,,,,,,
2008-07-17,681.89,1079.57,6.4908,87.434,1363.64,,,,,,,,,,,,,,,,,,,,
2008-07-18,682.38,1080.65,6.41,87.505,1362.1,,,,,,,,,,,,,,,,,,,,
2008-07-21,682.71,1082.64,6.3903,87.549,1361.22,,,,,,,,,,,,,,,,,,,,
2008-07-22,682.19,1086.46,6.407,87.484,1365.34,,,,,,,,,,,,,,,,,,,,
2008-07-23,682.79,1077.72,6.3622,87.566,1359.71,,,,,,,,,,,,,,,,,,,,
2008-07-24,682.97,1071.17,6.3314,87.552,1364.27,,,,,,,,,,,,,,,,,,,,
2008-07-25,682.55,1069.83,6.3602,87.511,1355.27,,,,,,,,,,,,,,,,,,,,
2008-07-28,682.77,1071.81,6.3225,87.545,1357.65,,,,,,,,,,,,,,,,,,,,
2008-07-29,682.05,1073.44,6.3503,87.439,1360.04,,,,,,,,,,,,,,,,,,,,
2008-07-30,683.51,1065.22,6.3247,87.605,1353.96,,,,,,,,,,,,,,,,,,,,
2008-07-31,683.88,1065.31,6.3255,87.647,1353.26,,,,,,,,,,,,,,,,,,,,
2008-08-01,684.23,1065.59,6.3493,87.695,1356.45,,,,,,,,,,,,,,,,,,,,
2008-08-04,684.71,1066.26,6.3653,87.741,1352.3,,,,,,,,,,,,,,,,,,,,
2008-08-05,685.01,1064.54,6.3289,87.776,1343.06,,,,,,,,,,,,,,,,,,,,
2008-08-06,685.25,1060.12,6.3206,87.802,1340.31,,,,,,,,,,,,,,,,,,,,
2008-08-07,685.55,1058.11,6.2687,87.838,1336.51,,,,,,,,,,,,,,,,,,,,
2008-08-08,685.85,1046.16,6.2609,87.868,1329.69,,,,,,,,,,,,,,,,,,,,
2008-08-11,686.38,1026.48,6.2449,87.852,1315.62,,,,,,,,,,,,,,,,,,,,
2008-08-12,686.59,1023.71,6.2329,87.908,1311.63,,,,,,,,,,,,,,,,,,,,
2008-08-13,686.28,1024.14,6.2953,87.904,1302.11,,,,,,,,,,,,,,,,,,,,
2008-08-14,686.3,1022.76,6.2724,87.894,1281.73,,,,,,,,,,,,,,,,,,,,
2008-08-15,686.49,1013.43,6.2459,87.875,1280.72,,,,,,,,,,,,,,,,,,,,
2008-08-18,686.65,1011.5,6.2329,87.882,1283.11,,,,,,,,,,,,,,,,,,,,
2008-08-19,685.99,1006.76,6.2366,87.801,1277.66,,,,,,,,,,,,,,,,,,,,
2008-08-20,685.29,1012.45,6.2376,87.734,1279.33,,,,,,,,,,,,,,,,,,,,
2008-08-21,685.18,1012.83,6.2468,87.734,1277.93,,,,,,,,,,,,,,,,,,,,
2008-08-22,683.57,1016.95,6.2895,87.552,1281.59,,,,,,,,,,,,,,,,,,,,
2008-08-25,683.97,1007.28,6.2038,87.602,1260.52,,,,,,,,,,,,,,,,,,,,
2008-08-26,684.0,1006.16,6.2497,87.598,1262.7,,,,,,,,,,,,,,,,,,,,
2008-08-27,684.15,1005.36,6.2611,87.628,1261.06,,,,,,,,,,,,,,,,,,,,
2008-08-28,683.26,1007.77,6.2401,87.514,1252.52,,,,,,,,,,,,,,,,,,,,
2008-08-29,683.45,1005.22,6.2527,87.532,1250.65,,,,,,,,,,,,,,,,,,,,
2008-09-01,683.2,1000.92,6.2889,87.529,1234.23,,,,,,,,,,,,,,,,,,,,
2008-09-02,683.59,996.67,6.2986,87.577,1225.61,,,,,,,,,,,,,,,,,,,,
2008-09-03,683.98,992.25,6.2828,87.595,1218.54,,,,,,,,,,,,,,,,,,,,
2008-09-04,684.1,992.42,6.3167,87.615,1214.07,,,,,,,,,,,,,,,,,,,,
2008-09-05,684.36,976.92,6.4106,87.661,1204.13,,,,,,,,,,,,,,,,,,,,
2008-09-08,684.55,982.88,6.3092,87.681,1221.44,,,,,,,,,,,,,,,,,,,,
2008-09-09,683.99,965.55,6.3479,87.673,1202.01,,,,,,,,,,,,,,,,,,,,
2008-09-10,684.06,965.07,6.3853,87.698,1203.84,,,,,,,,,,,,,,,,,,,,
2008-09-11,684.57,954.74,6.369,87.773,1197.21,,,,,,,,,,,,,,,,,,,,
2008-09-12,684.58,958.31,6.3887,87.789,1202.6,,,,,,,,,,,,,,,,,,,,
2008-09-16,682.03,970.43,6.5407,87.553,1221.35,,,,,,,,,,,,,,,,,,,,
2008-09-17,682.9,969.07,6.4179,87.756,1220.34,,,,,,,,,,,,,,,,,,,,
2008-09-18,682.01,979.98,6.5118,87.652,1240.41,,,,,,,,,,,,,,,,,,,,
2008-09-19,682.76,972.83,6.4293,87.723,1233.41,,,,,,,,,,,,,,,,,,,,
2008-09-22,682.43,988.12,6.3847,87.728,1249.02,,,,,,,,,,,,,,,,,,,,
2008-09-23,680.09,1007.96,6.462,87.562,1264.22,,,,,,,,,,,,,,,,,,,,
2008-09-24,681.29,1000.51,6.4605,87.756,1264.88,,,,,,,,,,,,,,,,,,,,
2008-09-25,681.97,999.53,6.4316,87.804,1262.8,,,,,,,,,,,,,,,,,,,,
2008-09-26,681.83,999.97,6.4296,87.654,1256.65,,,,,,,,,,,,,,,,,,,,
2008-10-06,683.21,933.03,6.5473,87.903,1206.48,,,,,,,,,,,,,,,,,,,,
2008-10-07,683.45,923.82,6.7259,87.945,1192.38,,,,,,,,,,,,,,,,,,,,
2008-10-08,683.19,928.42,6.7256,87.901,1193.94,,,,,,,,,,,,,,,,,,,,
2008-10-09,683.1,928.23,6.843,87.959,1175.21,,,,,,,,,,,,,,,,,,,,
2008-10-10,683.27,926.34,6.901,88.006,1163.27,,,,,,,,,,,,,,,,,,,,
2008-10-13,682.87,926.83,6.7789,87.983,1167.95,,,,,,,,,,,,,,,,,,,,
2008-10-14,682.78,930.94,6.6415,87.957,1192.03,,,,,,,,,,,,,,,,,,,,
2008-10-15,682.72,927.44,6.717,87.979,1188.68,,,,,,,,,,,,,,,,,,,,
2008-10-16,682.95,920.1,6.8285,88.035,1179.76,,,,,,,,,,,,,,,,,,,,
2008-10-17,683.11,920.56,6.7232,88.062,1184.27,,,,,,,,,,,,,,,,,,,,
2008-10-20,682.97,919.62,6.7096,88.048,1184.1,,,,,,,,,,,,,,,,,,,,
2008-10-21,683.09,910.15,6.7012,88.062,1173.28,,,,,,,,,,,,,,,,,,,,
2008-10-22,683.39,890.15,6.806,88.126,1133.71,,,,,,,,,,,,,,,,,,,,
2008-10-23,683.68,875.01,7.0049,88.173,1108.42,,,,,,,,,,,,,,,,,,,,
2008-10-24,683.57,879.45,7.0286,88.147,1102.22,,,,,,,,,,,,,,,,,,,,
2008-10-27,683.6,861.2,7.2611,88.177,1082.14,,,,,,,,,,,,,,,,,,,,
2008-10-28,683.69,848.9,7.3188,88.193,1058.01,,,,,,,,,,,,,,,,,,,,
2008-10-29,683.18,871.05,6.9805,88.112,1095.58,,,,,,,,,,,,,,,,,,,,
2008-10-30,682.7,892.97,6.931,88.065,1124.48,,,,,,,,,,,,,,,,,,,,
2008-10-31,682.58,872.54,6.9463,88.055,1111.31,,,,,,,,,,,,,,,,,,,,
2008-11-03,682.88,873.37,6.9353,88.095,1100.7,,,,,,,,,,,,,,,,,,,,
2008-11-04,682.61,859.68,6.8895,88.072,1076.1,,,,,,,,,,,,,,,,,,,,
2008-11-05,682.4,883.78,6.8421,88.039,1087.03,,,,,,,,,,,,,,,,,,,,
2008-11-06,682.52,880.96,6.9546,88.061,1083.26,,,,,,,,,,,,,,,,,,,,
2008-11-07,682.77,864.97,7.0331,88.095,1061.88,,,,,,,,,,,,,,,,,,,,
2008-11-10,682.52,879.32,6.8816,88.064,1081.32,,,,,,,,,,,,,,,,,,,,
2008-11-11,682.65,866.83,7.0008,88.082,1064.15,,,,,,,,,,,,,,,,,,,,
2008-11-12,682.91,856.37,6.9999,88.113,1052.57,,,,,,,,,,,,,,,,,,,,
2008-11-13,682.95,850.82,7.1427,88.115,1016.78,,,,,,,,,,,,,,,,,,,,
2008-11-14,682.89,871.37,7.0325,88.109,1013.37,,,,,,,,,,,,,,,,,,,,
2008-11-17,683.03,856.86,7.0791,88.129,1003.85,,,,,,,,,,,,,,,,,,,,
2008-11-18,682.8,861.35,7.0778,88.1,1021.67,,,,,,,,,,,,,,,,,,,,
2008-11-19,682.93,862.34,7.0748,88.118,1019.82,,,,,,,,,,,,,,,,,,,,
2008-11-20,683.07,854.69,7.1276,88.136,1023.92,,,,,,,,,,,,,,,,,,,,
2008-11-21,683.17,849.9,7.2516,88.15,1007.78,,,,,,,,,,,,,,,,,,,,
2008-11-24,683.04,861.21,7.1714,88.119,1014.86,,,,,,,,,,,,,,,,,,,,
2008-11-25,682.84,878.75,7.0654,88.074,1032.28,,,,,,,,,,,,,,,,,,,,
2008-11-26,682.72,888.29,7.1843,88.019,1050.98,,,,,,,,,,,,,,,,,,,,
2008-11-27,682.92,879.81,7.1607,88.069,1047.7,,,,,,,,,,,,,,,,,,,,
2008-11-28,683.49,881.19,7.1588,88.159,1051.41,,,,,,,,,,,,,,,,,,,,
2008-12-01,685.05,867.2,7.1865,88.39,1050.66,,,,,,,,,,,,,,,,,,,,
2008-12-02,685.27,864.71,7.3103,88.413,1022.18,,,,,,,,,,,,,,,,,,,,
2008-12-03,685.02,869.02,7.3706,88.364,1019.41,,,,,,,,,,,,,,,,,,,,
2008-12-04,685.02,869.15,7.3496,88.369,1010.54,,,,,,,,,,,,,,,,,,,,
2008-12-05,684.82,872.87,7.4023,88.345,1003.57,,,,,,,,,,,,,,,,,,,,
2008-12-08,685.09,874.28,7.3912,88.386,1008.52,,,,,,,,,,,,,,,,,,,,
2008-12-09,684.79,884.68,7.3657,88.35,1018.97,,,,,,,,,,,,,,,,,,,,
2008-12-10,684.75,885.59,7.3951,88.349,1011.14,,,,,,,,,,,,,,,,,,,,
2008-12-11,684.71,891.56,7.3923,88.347,1014.26,,,,,,,,,,,,,,,,,,,,
2008-12-12,684.51,911.8,7.4777,88.321,1027.72,,,,,,,,,,,,,,,,,,,,
2008-12-15,684.42,920.89,7.5079,88.31,1027.9,,,,,,,,,,,,,,,,,,,,
2008-12-16,684.33,937.09,7.555,88.298,1046.65,,,,,,,,,,,,,,,,,,,,
2008-12-17,683.53,960.6,7.6805,88.195,1064.94,,,,,,,,,,,,,,,,,,,,
2008-12-18,683.22,985.61,7.8145,88.157,1061.01,,,,,,,,,,,,,,,,,,,,
2008-12-19,683.57,975.69,7.6092,88.201,1031.06,,,,,,,,,,,,,,,,,,,,
2008-12-22,683.77,957.35,7.6017,88.225,1023.19,,,,,,,,,,,,,,,,,,,,
2008-12-23,683.89,955.57,7.5811,88.241,1013.8,,,,,,,,,,,,,,,,,,,,
2008-12-24,683.97,953.83,7.5402,88.253,1009.1,,,,,,,,,,,,,,,,,,,,
2008-12-25,683.66,956.78,7.5593,88.211,1008.6,,,,,,,,,,,,,,,,,,,,
2008-12-26,683.62,957.24,7.528,88.204,1007.18,,,,,,,,,,,,,,,,,,,,
2008-12-29,683.57,965.06,7.5374,88.197,1004.71,,,,,,,,,,,,,,,,,,,,
2008-12-30,683.53,961.04,7.5204,88.195,989.75,,,,,,,,,,,,,,,,,,,,
2008-12-31,683.46,965.9,7.565,88.189,987.98,,,,,,,,,,,,,,,,,,,,
2009-01-05,683.67,953.82,7.4284,88.205,991.94,,,,,,,,,,,,,,,,,,,,
2009-01-06,683.84,929.27,7.3425,88.196,1002.58,,,,,,,,,,,,,,,,,,,,
2009-01-07,683.89,921.34,7.2758,88.201,1018.55,,,,,,,,,,,,,,,,,,,,
2009-01-08,683.75,927.95,7.3696,88.197,1029.08,,,,,,,,,,,,,,,,,,,,
2009-01-09,683.63,933.8,7.4832,88.127,1038.09,,,,,,,,,,,,,,,,,,,,
2009-01-12,683.82,916.59,7.6014,88.146,1031.71,,,,,,,,,,,,,,,,,,,,
2009-01-13,683.95,911.57,7.6462,88.193,1010.37,,,,,,,,,,,,,,,,,,,,
2009-01-14,683.99,903.79,7.6603,88.177,993.6,,,,,,,,,,,,,,,,,,,,
2009-01-15,683.92,901.71,7.6668,88.158,998.63,,,,,,,,,,,,,,,,,,,,
2009-01-16,683.83,899.27,7.5968,88.13,1003.08,,,,,,,,,,,,,,,,,,,,
2009-01-19,683.6,910.97,7.5096,88.098,1014.77,,,,,,,,,,,,,,,,,,,,
2009-01-20,683.85,889.38,7.5664,88.147,975.99,,,,,,,,,,,,,,,,,,,,
2009-01-21,683.96,881.42,7.6089,88.152,949.23,,,,,,,,,,,,,,,,,,,,
2009-01-22,683.73,887.62,7.6936,88.12,948.98,,,,,,,,,,,,,,,,,,,,
2009-01-23,683.8,887.95,7.6715,88.127,946.58,,,,,,,,,,,,,,,,,,,,
2009-02-02,683.97,872.61,7.6179,88.197,986.11,,,,,,,,,,,,,,,,,,,,
2009-02-03,683.98,878.4,7.6516,88.205,973.44,,,,,,,,,,,,,,,,,,,,
2009-02-04,683.48,886.68,7.6426,88.148,983.25,,,,,,,,,,,,,,,,,,,,
2009-02-05,683.6,875.93,7.6491,88.158,986.3,,,,,,,,,,,,,,,,,,,,
2009-02-06,683.71,874.57,7.5211,88.172,999.96,,,,,,,,,,,,,,,,,,,,
2009-02-09,683.46,886.52,7.4386,88.144,1014.22,,,,,,,,,,,,,,,,,,,,
2009-02-10,683.3,880.71,7.4874,88.139,1012.0,,,,,,,,,,,,,,,,,,,,
2009-02-11,683.37,880.62,7.5577,88.15,989.66,,,,,,,,,,,,,,,,,,,,
2009-02-12,683.27,881.83,7.5709,88.145,982.61,,,,,,,,,,,,,,,,,,,,
2009-02-13,683.34,880.45,7.5357,88.148,976.53,,,,,,,,,,,,,,,,,,,,
2009-02-16,683.43,872.84,7.4627,88.148,972.97,,,,,,,,,,,,,,,,,,,,
2009-02-17,683.52,872.41,7.4433,88.149,974.32,,,,,,,,,,,,,,,,,,,,
2009-02-18,683.63,861.03,7.409,88.156,974.21,,,,,,,,,,,,,,,,,,,,
2009-02-19,683.69,859.67,7.2915,88.154,975.28,,,,,,,,,,,,,,,,,,,,
2009-02-20,683.57,863.72,7.2604,88.151,973.57,,,,,,,,,,,,,,,,,,,,
2009-02-23,683.37,873.96,7.3354,88.133,982.45,,,,,,,,,,,,,,,,,,,,
2009-02-24,683.58,866.37,7.2482,88.167,989.24,,,,,,,,,,,,,,,,,,,,
2009-02-25,683.61,878.85,7.0665,88.171,993.63,,,,,,,,,,,,,,,,,,,,
2009-02-26,683.71,871.22,7.0117,88.173,974.46,,,,,,,,,,,,,,,,,,,,
2009-02-27,683.79,868.04,6.9924,88.182,975.26,,,,,,,,,,,,,,,,,,,,
2009-03-02,683.89,859.96,7.0424,88.161,972.73,,,,,,,,,,,,,,,,,,,,
2009-03-03,683.92,859.62,7.0348,88.161,958.89,,,,,,,,,,,,,,,,,,,,
2009-03-04,683.95,853.09,6.9514,88.157,957.7,,,,,,,,,,,,,,,,,,,,
2009-03-05,683.65,862.22,6.8843,88.108,967.88,,,,,,,,,,,,,,,,,,,,
2009-03-06,683.7,858.86,6.9418,88.133,968.39,,,,,,,,,,,,,,,,,,,,
2009-03-09,683.55,868.72,6.9658,88.133,967.46,,,,,,,,,,,,,,,,,,,,
2009-03-10,683.58,863.43,6.9003,88.132,944.71,,,,,,,,,,,,,,,,,,,,
2009-03-11,683.47,869.78,6.9254,88.119,942.27,,,,,,,,,,,,,,,,,,,,
2009-03-12,683.39,877.3,7.0347,88.116,948.24,,,,,,,,,,,,,,,,,,,,
2009-03-13,683.34,882.57,7.005,88.128,952.41,,,,,,,,,,,,,,,,,,,,
2009-03-16,683.49,879.96,6.9478,88.161,954.25,,,,,,,,,,,,,,,,,,,,
2009-03-17,683.27,886.13,6.9389,88.134,961.36,,,,,,,,,,,,,,,,,,,,
2009-03-18,683.19,888.8,6.9208,88.126,959.3,,,,,,,,,,,,,,,,,,,,
2009-03-19,683.01,918.96,7.0863,88.107,972.98,,,,,,,,,,,,,,,,,,,,
2009-03-20,682.93,932.71,7.2149,88.102,990.18,,,,,,,,,,,,,,,,,,,,
2009-03-23,683.04,931.46,7.1024,88.132,990.34,,,,,,,,,,,,,,,,,,,,
2009-03-24,683.01,933.74,6.992,88.128,1002.52,,,,,,,,,,,,,,,,,,,,
2009-03-25,683.28,920.31,6.9779,88.163,1003.57,,,,,,,,,,,,,,,,,,,,
2009-03-26,683.21,928.82,6.9926,88.155,996.36,,,,,,,,,,,,,,,,,,,,
2009-03-27,683.17,926.58,6.9364,88.15,989.47,,,,,,,,,,,,,,,,,,,,
2009-03-30,683.4,906.84,6.9617,88.179,975.72,,,,,,,,,,,,,,,,,,,,
2009-03-31,683.59,903.23,6.963,88.203,977.29,,,,,,,,,,,,,,,,,,,,
2009-04-01,683.49,901.59,6.9095,88.184,977.22,,,,,,,,,,,,,,,,,,,,
2009-04-02,683.41,905.28,6.9339,88.179,989.61,,,,,,,,,,,,,,,,,,,,
2009-04-03,683.2,918.73,6.8406,88.152,1005.91,,,,,,,,,,,,,,,,,,,,
2009-04-07,683.4,912.24,6.7926,88.17,1003.16,,,,,,,,,,,,,,,,,,,,
2009-04-08,683.7,903.03,6.7955,88.211,1004.66,,,,,,,,,,,,,,,,,,,,
2009-04-09,683.58,905.03,6.8488,88.199,1003.67,,,,,,,,,,,,,,,,,,,,
2009-04-10,683.47,896.1,6.7929,88.186,1000.87,,,,,,,,,,,,,,,,,,,,
2009-04-13,683.32,898.22,6.8107,88.162,998.5,,,,,,,,,,,,,,,,,,,,
2009-04-14,682.96,910.35,6.8017,88.116,1014.54,,,,,,,,,,,,,,,,,,,,
2009-04-15,682.93,904.3,6.9098,88.117,1016.1,,,,,,,,,,,,,,,,,,,,
2009-04-16,683.01,905.57,6.8693,88.128,1027.49,,,,,,,,,,,,,,,,,,,,
2009-04-17,683.11,898.84,6.8513,88.14,1018.45,,,,,,,,,,,,,,,,,,,,
2009-04-20,683.29,887.12,6.8884,88.166,1007.1,,,,,,,,,,,,,,,,,,,,
2009-04-21,683.42,883.05,6.9705,88.18,992.22,,,,,,,,,,,,,,,,,,,,
2009-04-22,683.06,882.79,6.9272,88.134,1001.2,,,,,,,,,,,,,,,,,,,,
2009-04-23,682.95,887.66,6.9828,88.12,988.33,,,,,,,,,,,,,,,,,,,,
2009-04-24,682.73,896.42,6.9798,88.093,1000.78,,,,,,,,,,,,,,,,,,,,
2009-04-27,682.53,900.29,7.0429,88.065,997.82,,,,,,,,,,,,,,,,,,,,
2009-04-28,682.74,888.69,7.0721,88.094,997.31,,,,,,,,,,,,,,,,,,,,
2009-04-29,682.65,897.38,7.0496,88.077,1000.25,,,,,,,,,,,,,,,,,,,,
2009-04-30,682.5,908.37,6.9803,88.061,1010.27,,,,,,,,,,,,,,,,,,,,
2009-05-04,682.25,908.69,6.8668,88.03,1020.37,,,,,,,,,,,,,,,,,,,,
2009-05-05,682.01,912.94,6.8977,88.0,1023.19,,,,,,,,,,,,,,,,,,,,
2009-05-06,682.32,907.35,6.9127,88.038,1026.04,,,,,,,,,,,,,,,,,,,,
2009-05-07,682.3,906.61,6.9143,88.037,1031.6,,,,,,,,,,,,,,,,,,,,
2009-05-08,682.21,912.11,6.874,88.025,1023.69,,,,,,,,,,,,,,,,,,,,
2009-05-11,682.2,929.77,6.9266,88.025,1036.71,,,,,,,,,,,,,,,,,,,,
2009-05-12,682.42,927.34,6.9934,88.052,1032.74,,,,,,,,,,,,,,,,,,,,
2009-05-13,682.35,935.37,7.113,88.043,1045.05,,,,,,,,,,,,,,,,,,,,
2009-05-14,682.5,925.95,7.1537,88.059,1032.62,,,,,,,,,,,,,,,,,,,,
2009-05-15,682.47,931.2,7.1098,88.058,1040.08,,,,,,,,,,,,,,,,,,,,
2009-05-18,682.67,917.78,7.1974,88.073,1033.94,,,,,,,,,,,,,,,,,,,,
2009-05-19,682.6,924.14,7.0872,88.044,1045.23,,,,,,,,,,,,,,,,,,,,
2009-05-20,682.51,928.86,7.1165,88.046,1055.74,,,,,,,,,,,,,,,,,,,,
2009-05-21,682.45,939.73,7.2198,88.033,1074.14,,,,,,,,,,,,,,,,,,,,
2009-05-22,682.39,951.22,7.2525,88.024,1083.53,,,,,,,,,,,,,,,,,,,,
2009-05-25,682.35,955.43,7.2115,88.023,1083.81,,,,,,,,,,,,,,,,,,,,
2009-05-26,682.85,956.4,7.197,88.096,1086.38,,,,,,,,,,,,,,,,,,,,
2009-05-27,683.24,955.0,7.1822,88.13,1090.25,,,,,,,,,,,,,,,,,,,,
2009-06-01,683.17,963.75,7.1913,88.135,1105.1,,,,,,,,,,,,,,,,,,,,
2009-06-02,683.09,966.3,7.0959,88.124,1121.19,,,,,,,,,,,,,,,,,,,,
2009-06-03,683.02,976.21,7.1427,88.111,1131.32,,,,,,,,,,,,,,,,,,,,
2009-06-04,683.25,968.44,7.1017,88.14,1115.0,,,,,,,,,,,,,,,,,,,,
2009-06-05,683.34,969.42,7.0721,88.154,1102.77,,,,,,,,,,,,,,,,,,,,
2009-06-08,683.65,955.13,6.9304,88.187,1091.65,,,,,,,,,,,,,,,,,,,,
2009-06-09,683.66,952.03,6.9446,88.186,1099.05,,,,,,,,,,,,,,,,,,,,
2009-06-10,683.36,961.18,7.025,88.156,1115.41,,,,,,,,,,,,,,,,,,,,
2009-06-11,683.48,957.01,6.9572,88.173,1118.65,,,,,,,,,,,,,,,,,,,,
2009-06-12,683.25,963.79,6.9908,88.15,1132.08,,,,,,,,,,,,,,,,,,,,
2009-06-15,683.43,954.89,6.9635,88.182,1121.54,,,,,,,,,,,,,,,,,,,,
2009-06-16,683.68,941.36,7.0236,88.209,1110.19,,,,,,,,,,,,,,,,,,,,
2009-06-17,683.4,945.38,7.0848,88.179,1118.49,,,,,,,,,,,,,,,,,,,,
2009-06-18,683.21,953.66,7.1335,88.153,1120.23,,,,,,,,,,,,,,,,,,,,
2009-06-19,683.38,950.17,7.0681,88.174,1116.85,,,,,,,,,,,,,,,,,,,,
2009-06-22,683.28,950.72,7.1034,88.162,1125.6,,,,,,,,,,,,,,,,,,,,
2009-06-23,683.39,946.39,7.1619,88.171,1115.53,,,,,,,,,,,,,,,,,,,,
2009-06-24,683.16,962.3,7.1573,88.147,1124.45,,,,,,,,,,,,,,,,,,,,
2009-06-25,683.31,953.76,7.12,88.167,1123.87,,,,,,,,,,,,,,,,,,,,
2009-06-26,683.28,958.95,7.1361,88.164,1122.97,,,,,,,,,,,,,,,,,,,,
2009-06-29,683.16,958.68,7.1674,88.149,1126.33,,,,,,,,,,,,,,,,,,,,
2009-06-30,683.19,964.08,7.1117,88.153,1133.79,,,,,,,,,,,,,,,,,,,,
2009-07-01,683.25,959.11,7.0895,88.16,1125.35,,,,,,,,,,,,,,,,,,,,
2009-07-02,683.09,965.0,7.0761,88.138,1125.46,,,,,,,,,,,,,,,,,,,,
2009-07-03,683.33,954.61,7.1333,88.169,1119.5,,,,,,,,,,,,,,,,,,,,
2009-07-06,683.3,955.01,7.1374,88.164,1114.33,,,,,,,,,,,,,,,,,,,,
2009-07-07,683.26,954.82,7.1692,88.161,1111.19,,,,,,,,,,,,,,,,,,,,
2009-07-08,683.36,948.78,7.229,88.174,1098.23,,,,,,,,,,,,,,,,,,,,
2009-07-09,683.25,949.07,7.3555,88.154,1098.39,,,,,,,,,,,,,,,,,,,,
2009-07-10,683.13,955.8,7.3439,88.141,1112.72,,,,,,,,,,,,,,,,,,,,
2009-07-13,683.2,954.64,7.3625,88.15,1107.3,,,,,,,,,,,,,,,,,,,,
2009-07-14,683.32,956.1,7.3463,88.166,1112.65,,,,,,,,,,,,,,,,,,,,
2009-07-15,683.28,955.4,7.2988,88.162,1115.69,,,,,,,,,,,,,,,,,,,,
2009-07-16,683.15,961.67,7.2444,88.146,1120.98,,,,,,,,,,,,,,,,,,,,
2009-07-17,683.1,964.74,7.2821,88.141,1119.12,,,,,,,,,,,,,,,,,,,,
2009-07-20,683.21,966.33,7.2294,88.154,1118.86,,,,,,,,,,,,,,,,,,,,
2009-07-21,683.11,971.01,7.2675,88.142,1128.36,,,,,,,,,,,,,,,,,,,,
2009-07-22,683.09,969.2,7.3081,88.14,1120.75,,,,,,,,,,,,,,,,,,,,
2009-07-23,683.07,971.09,7.29,88.138,1123.31,,,,,,,,,,,,,,,,,,,,
2009-07-24,683.18,966.94,7.2035,88.152,1126.7,,,,,,,,,,,,,,,,,,,,
2009-07-27,683.16,970.16,7.201,88.148,1122.02,,,,,,,,,,,,,,,,,,,,
2009-07-28,683.1,972.29,7.1901,88.14,1125.07,,,,,,,,,,,,,,,,,,,,
2009-07-29,683.14,968.69,7.2175,88.147,1124.0,,,,,,,,,,,,,,,,,,,,
2009-07-30,683.35,960.45,7.1814,88.174,1119.98,,,,,,,,,,,,,,,,,,,,
2009-07-31,683.23,962.5,7.158,88.158,1127.81,,,,,,,,,,,,,,,,,,,,
2009-08-03,683.1,974.1,7.2087,88.141,1143.24,,,,,,,,,,,,,,,,,,,,
2009-08-04,683.03,983.15,7.1728,88.132,1156.71,,,,,,,,,,,,,,,,,,,,
2009-08-05,683.06,984.08,7.1701,88.136,1156.69,,,,,,,,,,,,,,,,,,,,
2009-08-06,683.04,984.33,7.1903,88.134,1160.72,,,,,,,,,,,,,,,,,,,,
2009-08-07,683.16,981.05,7.1591,88.146,1146.65,,,,,,,,,,,,,,,,,,,,
2009-08-10,683.46,970.68,7.0347,88.183,1141.1,,,,,,,,,,,,,,,,,,,,
2009-08-11,683.52,966.91,7.051,88.193,1128.08,,,,,,,,,,,,,,,,,,,,
2009-08-12,683.51,968.16,7.121,88.189,1128.0,,,,,,,,,,,,,,,,,,,,
2009-08-13,683.43,971.7,7.112,88.177,1127.59,,,,,,,,,,,,,,,,,,,,
2009-08-14,683.28,976.44,7.1611,88.158,1133.83,,,,,,,,,,,,,,,,,,,,
2009-08-17,683.33,967.9,7.2268,88.168,1125.1,,,,,,,,,,,,,,,,,,,,
2009-08-18,683.39,964.43,7.2107,88.171,1118.91,,,,,,,,,,,,,,,,,,,,
2009-08-19,683.29,966.92,7.2096,88.144,1130.5,,,,,,,,,,,,,,,,,,,,
2009-08-20,683.18,971.38,7.249,88.134,1128.68,,,,,,,,,,,,,,,,,,,,
2009-08-21,683.13,973.56,7.2646,88.13,1126.69,,,,,,,,,,,,,,,,,,,,
2009-08-24,683.09,980.27,7.2143,88.128,1129.83,,,,,,,,,,,,,,,,,,,,
2009-08-25,683.11,975.93,7.2498,88.14,1120.64,,,,,,,,,,,,,,,,,,,,
2009-08-26,683.13,976.43,7.2685,88.142,1115.21,,,,,,,,,,,,,,,,,,,,
2009-08-27,683.2,972.19,7.2739,88.145,1108.42,,,,,,,,,,,,,,,,,,,,
2009-08-28,683.09,981.16,7.2867,88.128,1112.48,,,,,,,,,,,,,,,,,,,,
2009-08-31,683.12,977.27,7.3537,88.133,1112.94,,,,,,,,,,,,,,,,,,,,
2009-09-01,683.08,978.85,7.339,88.13,1111.47,,,,,,,,,,,,,,,,,,,,
2009-09-02,683.16,970.33,7.3644,88.138,1102.28,,,,,,,,,,,,,,,,,,,,
2009-09-03,683.07,974.5,7.417,88.124,1110.36,,,,,,,,,,,,,,,,,,,,
2009-09-04,683.1,973.79,7.3713,88.132,1114.92,,,,,,,,,,,,,,,,,,,,
2009-09-07,683.05,978.64,7.3391,88.13,1120.48,,,,,,,,,,,,,,,,,,,,
2009-09-08,683.0,979.52,7.3528,88.125,1116.02,,,,,,,,,,,,,,,,,,,,
2009-09-09,682.92,990.3,7.3913,88.116,1128.18,,,,,,,,,,,,,,,,,,,,
2009-09-10,682.88,993.9,7.4081,88.11,1129.21,,,,,,,,,,,,,,,,,,,,
2009-09-11,682.82,995.62,7.4527,88.101,1137.17,,,,,,,,,,,,,,,,,,,,
2009-09-14,682.8,992.42,7.536,88.102,1134.68,,,,,,,,,,,,,,,,,,,,
2009-09-15,682.84,999.64,7.5004,88.107,1135.29,,,,,,,,,,,,,,,,,,,,
2009-09-16,682.81,1002.33,7.5133,88.104,1127.18,,,,,,,,,,,,,,,,,,,,
2009-09-17,682.72,1004.28,7.4876,88.092,1125.12,,,,,,,,,,,,,,,,,,,,
2009-09-18,682.71,1005.84,7.4879,88.088,1121.97,,,,,,,,,,,,,,,,,,,,
2009-09-21,682.8,1004.26,7.4652,88.096,1109.89,,,,,,,,,,,,,,,,,,,,
2009-09-22,682.89,1004.16,7.4352,88.109,1108.88,,,,,,,,,,,,,,,,,,,,
2009-09-23,682.71,1009.59,7.5093,88.087,1116.98,,,,,,,,,,,,,,,,,,,,
2009-09-24,682.8,1006.62,7.4807,88.096,1117.33,,,,,,,,,,,,,,,,,,,,
2009-09-25,682.87,999.24,7.5127,88.107,1087.98,,,,,,,,,,,,,,,,,,,,
2009-09-28,682.79,1000.12,7.6744,88.096,1080.21,,,,,,,,,,,,,,,,,,,,
2009-09-29,682.88,997.24,7.5914,88.112,1084.86,,,,,,,,,,,,,,,,,,,,
2009-09-30,682.9,996.59,7.5747,88.114,1090.9,,,,,,,,,,,,,,,,,,,,
2009-10-09,682.7,1008.07,7.6937,88.089,1094.85,,,,,,,,,,,,,,,,,,,,
2009-10-12,682.75,1003.68,7.5848,88.095,1080.35,,,,,,,,,,,,,,,,,,,,
2009-10-13,682.7,1009.41,7.6071,88.089,1079.83,,,,,,,,,,,,,,,,,,,,
2009-10-14,682.69,1013.39,7.6049,88.088,1086.02,,,,,,,,,,,,,,,,,,,,
2009-10-15,682.67,1019.98,7.6182,88.086,1094.08,,,,,,,,,,,,,,,,,,,,
2009-10-16,682.7,1021.32,7.5162,88.09,1115.98,,,,,,,,,,,,,,,,,,,,
2009-10-19,682.75,1013.82,7.504,88.095,1113.53,,,,,,,,,,,,,,,,,,,,
2009-10-20,682.73,1021.77,7.529,88.094,1118.28,,,,,,,,,,,,,,,,,,,,
2009-10-21,682.78,1018.78,7.5167,88.1,1118.39,,,,,,,,,,,,,,,,,,,,
2009-10-22,682.72,1026.26,7.5024,88.092,1135.23,,,,,,,,,,,,,,,,,,,,
2009-10-23,682.75,1026.92,7.4634,88.096,1136.78,,,,,,,,,,,,,,,,,,,,
2009-10-26,682.8,1024.64,7.4189,88.103,1110.88,,,,,,,,,,,,,,,,,,,,
2009-10-27,682.84,1015.35,7.4117,88.108,1115.66,,,,,,,,,,,,,,,,,,,,
2009-10-28,682.83,1009.94,7.4504,88.105,1116.36,,,,,,,,,,,,,,,,,,,,
2009-10-29,682.85,1003.62,7.5416,88.109,1116.94,,,,,,,,,,,,,,,,,,,,
2009-10-30,682.81,1012.88,7.4763,88.102,1129.85,,,,,,,,,,,,,,,,,,,,
2009-11-02,682.82,1006.24,7.5797,88.104,1123.0,,,,,,,,,,,,,,,,,,,,
2009-11-03,682.79,1010.6,7.5551,88.1,1119.64,,,,,,,,,,,,,,,,,,,,
2009-11-04,682.8,1005.05,7.5703,88.1,1121.12,,,,,,,,,,,,,,,,,,,,
2009-11-05,682.77,1014.29,7.5319,88.099,1130.05,,,,,,,,,,,,,,,,,,,,
2009-11-06,682.76,1015.37,7.526,88.097,1132.02,,,,,,,,,,,,,,,,,,,,
2009-11-09,682.73,1016.24,7.5935,88.094,1137.56,,,,,,,,,,,,,,,,,,,,
2009-11-10,682.68,1023.51,7.5845,88.087,1144.38,,,,,,,,,,,,,,,,,,,,
2009-11-11,682.67,1024.07,7.6208,88.086,1142.69,,,,,,,,,,,,,,,,,,,,
2009-11-12,682.68,1024.33,7.5904,88.087,1133.59,,,,,,,,,,,,,,,,,,,,
2009-11-13,682.73,1014.2,7.5582,88.094,1132.38,,,,,,,,,,,,,,,,,,,,
2009-11-16,682.72,1020.46,7.6299,88.092,1140.01,,,,,,,,,,,,,,,,,,,,
2009-11-17,682.71,1022.87,7.6576,88.091,1149.14,,,,,,,,,,,,,,,,,,,,
2009-11-18,682.75,1016.44,7.6507,88.096,1148.08,,,,,,,,,,,,,,,,,,,,
2009-11-19,682.74,1020.22,7.6459,88.095,1141.51,,,,,,,,,,,,,,,,,,,,
2009-11-20,682.78,1019.56,7.6695,88.1,1138.06,,,,,,,,,,,,,,,,,,,,
2009-11-23,682.79,1017.32,7.6757,88.099,1128.07,,,,,,,,,,,,,,,,,,,,
2009-11-24,682.76,1020.28,7.6818,88.097,1131.23,,,,,,,,,,,,,,,,,,,,
2009-11-25,682.75,1021.77,7.7164,88.096,1132.89,,,,,,,,,,,,,,,,,,,,
2009-11-26,682.68,1032.38,7.8132,88.087,1140.38,,,,,,,,,,,,,,,,,,,,
2009-11-27,682.69,1021.92,7.9447,88.086,1122.85,,,,,,,,,,,,,,,,,,,,
2009-11-30,682.72,1023.5,7.88,88.091,1127.0,,,,,,,,,,,,,,,,,,,,
2009-12-01,682.7,1025.18,7.9002,88.089,1122.8,,,,,,,,,,,,,,,,,,,,
2009-12-02,682.68,1030.47,7.8677,88.086,1134.07,,,,,,,,,,,,,,,,,,,,
2009-12-03,682.7,1029.41,7.7814,88.09,1137.17,,,,,,,,,,,,,,,,,,,,
2009-12-04,682.72,1027.46,7.7538,88.092,1128.37,,,,,,,,,,,,,,,,,,,,
2009-12-07,682.78,1016.63,7.5772,88.098,1126.52,,,,,,,,,,,,,,,,,,,,
2009-12-08,682.77,1014.43,7.6527,88.098,1124.66,,,,,,,,,,,,,,,,,,,,
2009-12-09,682.79,1004.55,7.7025,88.095,1110.56,,,,,,,,,,,,,,,,,,,,
2009-12-10,682.76,1007.17,7.7441,88.093,1113.38,,,,,,,,,,,,,,,,,,,,
2009-12-11,682.77,1005.41,7.7241,88.093,1110.66,,,,,,,,,,,,,,,,,,,,
2009-12-14,682.79,999.26,7.6791,88.093,1108.41,,,,,,,,,,,,,,,,,,,,
2009-12-15,682.78,1000.1,7.6981,88.078,1112.66,,,,,,,,,,,,,,,,,,,,
2009-12-16,682.8,992.65,7.6159,88.058,1109.24,,,,,,,,,,,,,,,,,,,,
2009-12-17,682.81,991.88,7.5914,88.065,1114.82,,,,,,,,,,,,,,,,,,,,
2009-12-18,682.84,979.84,7.6556,88.035,1104.46,,,,,,,,,,,,,,,,,,,,
2009-12-21,682.83,978.73,7.543,88.03,1102.02,,,,,,,,,,,,,,,,,,,,
2009-12-22,682.85,975.62,7.4993,88.049,1096.55,,,,,,,,,,,,,,,,,,,,
2009-12-23,682.87,973.19,7.4407,88.054,1090.37,,,,,,,,,,,,,,,,,,,,
2009-12-24,682.85,979.04,7.451,88.068,1089.86,,,,,,,,,,,,,,,,,,,,
2009-12-25,682.83,981.57,7.4614,88.039,1091.47,,,,,,,,,,,,,,,,,,,,
2009-12-28,682.82,981.11,7.4491,88.05,1088.76,,,,,,,,,,,,,,,,,,,,
2009-12-29,682.82,980.97,7.4434,88.03,1092.61,,,,,,,,,,,,,,,,,,,,
2009-12-30,682.83,978.36,7.4217,88.046,1085.02,,,,,,,,,,,,,,,,,,,,
2009-12-31,682.82,979.71,7.3782,88.048,1097.8,,,,,,,,,,,,,,,,,,,,
2010-01-04,682.81,976.35,7.3464,88.039,1100.72,,,,,,,,,,,,,,,,,,,,
2010-01-05,682.78,984.19,7.3886,88.029,1099.92,,,,,,,,,,,,,,,,,,,,
2010-01-06,682.77,978.99,7.451,88.026,1089.05,,,,,,,,,,,,,,,,,,,,
2010-01-07,682.76,985.29,7.3916,88.047,1094.91,,,,,,,,,,,,,,,,,,,,
2010-01-08,682.79,976.9,7.303,88.036,1088.74,,,,,,,,,,,,,,,,,,,,
2010-01-11,682.75,989.41,7.3983,88.035,1098.31,,,,,,,,,,,,,,,,,,,,
2010-01-12,682.74,989.73,7.4006,88.04,1099.38,,,,,,,,,,,,,,,,,,,,
2010-01-13,682.73,988.29,7.4783,88.037,1103.33,,,,,,,,,,,,,,,,,,,,
2010-01-14,682.72,992.2,7.4684,88.028,1113.04,,,,,,,,,,,,,,,,,,,,
2010-01-15,682.71,988.6,7.4793,87.994,1114.63,,,,,,,,,,,,,,,,,,,,
2010-01-18,682.72,979.84,7.516,87.975,1110.99,,,,,,,,,,,,,,,,,,,,
2010-01-19,682.7,982.88,7.5312,87.939,1118.91,,,,,,,,,,,,,,,,,,,,
2010-01-20,682.73,975.35,7.4906,87.951,1117.32,,,,,,,,,,,,,,,,,,,,
2010-01-21,682.72,964.24,7.4782,87.89,1112.94,,,,,,,,,,,,,,,,,,,,
2010-01-22,682.71,963.03,7.5655,87.845,1105.79,,,,,,,,,,,,,,,,,,,,
2010-01-25,682.7,966.05,7.5851,87.833,1099.97,,,,,,,,,,,,,,,,,,,,
2010-01-26,682.69,967.34,7.5481,87.887,1110.09,,,,,,,,,,,,,,,,,,,,
2010-01-27,682.7,961.0,7.6241,87.799,1102.19,,,,,,,,,,,,,,,,,,,,
2010-01-28,682.71,956.72,7.5726,87.799,1104.32,,,,,,,,,,,,,,,,,,,,
2010-01-29,682.7,950.49,7.6075,87.834,1100.68,,,,,,,,,,,,,,,,,,,,
2010-02-01,682.71,947.7,7.5617,87.902,1090.49,,,,,,,,,,,,,,,,,,,,
2010-02-02,682.71,950.78,7.5106,87.889,1089.4,,,,,,,,,,,,,,,,,,,,
2010-02-03,682.69,953.62,7.541,87.901,1092.13,,,,,,,,,,,,,,,,,,,,
2010-02-04,682.7,947.83,7.5034,87.9,1085.32,,,,,,,,,,,,,,,,,,,,
2010-02-05,682.72,937.61,7.6218,87.86,1076.07,,,,,,,,,,,,,,,,,,,,
2010-02-08,682.73,932.85,7.6398,87.854,1066.32,,,,,,,,,,,,,,,,,,,,
2010-02-09,682.71,932.34,7.6413,87.854,1064.21,,,,,,,,,,,,,,,,,,,,
2010-02-10,682.69,941.7,7.5926,87.876,1071.93,,,,,,,,,,,,,,,,,,,,
2010-02-11,682.7,940.11,7.5826,87.867,1066.99,,,,,,,,,,,,,,,,,,,,
2010-02-12,682.69,932.59,7.6049,87.873,1069.95,,,,,,,,,,,,,,,,,,,,
2010-02-22,682.71,930.6,7.4394,87.914,1056.46,,,,,,,,,,,,,,,,,,,,
2010-02-23,682.7,928.98,7.4829,87.942,1058.32,,,,,,,,,,,,,,,,,,,,
2010-02-24,682.71,922.85,7.5659,87.942,1053.76,,,,,,,,,,,,,,,,,,,,
2010-02-25,682.7,923.32,7.5675,87.924,1051.43,,,,,,,,,,,,,,,,,,,,
2010-02-26,682.69,925.45,7.6376,87.93,1041.58,,,,,,,,,,,,,,,,,,,,
2010-03-01,682.67,931.4,7.6713,87.949,1037.39,,,,,,,,,,,,,,,,,,,,
2010-03-02,682.68,924.28,7.6486,87.919,1020.67,,,,,,,,,,,,,,,,,,,,
2010-03-03,682.66,930.81,7.7015,87.939,1026.41,,,,,,,,,,,,,,,,,,,,
2010-03-04,682.65,934.82,7.7066,87.94,1029.61,,,,,,,,,,,,,,,,,,,,
2010-03-05,682.66,927.46,7.6433,87.935,1026.58,,,,,,,,,,,,,,,,,,,,
2010-03-08,682.66,932.31,7.552,87.95,1034.2,,,,,,,,,,,,,,,,,,,,
2010-03-09,682.65,930.14,7.5682,87.986,1026.3,,,,,,,,,,,,,,,,,,,,
2010-03-10,682.64,928.15,7.5819,87.97,1022.8,,,,,,,,,,,,,,,,,,,,
2010-03-11,682.63,931.04,7.5479,87.984,1021.49,,,,,,,,,,,,,,,,,,,,
2010-03-12,682.62,933.79,7.5315,87.97,1028.13,,,,,,,,,,,,,,,,,,,,
2010-03-15,682.61,938.83,7.5285,87.99,1035.79,,,,,,,,,,,,,,,,,,,,
2010-03-16,682.63,932.95,7.5659,87.981,1027.87,,,,,,,,,,,,,,,,,,,,
2010-03-17,682.62,939.97,7.549,87.961,1039.43,,,,,,,,,,,,,,,,,,,,
2010-03-18,682.62,936.38,7.5507,87.95,1045.16,,,,,,,,,,,,,,,,,,,,
2010-03-19,682.63,929.67,7.5487,87.962,1040.81,,,,,,,,,,,,,,,,,,,,
2010-03-22,682.64,922.35,7.5426,87.972,1023.38,,,,,,,,,,,,,,,,,,,,
2010-03-23,682.63,924.66,7.5541,87.957,1029.44,,,,,,,,,,,,,,,,,,,,
2010-03-24,682.64,920.13,7.5476,87.944,1025.73,,,,,,,,,,,,,,,,,,,,
2010-03-25,682.66,910.36,7.4335,87.956,1017.37,,,,,,,,,,,,,,,,,,,,
2010-03-26,682.68,908.75,7.3827,87.958,1013.71,,,,,,,,,,,,,,,,,,,,
2010-03-29,682.66,917.19,7.3833,87.928,1018.84,,,,,,,,,,,,,,,,,,,,
2010-03-30,682.64,919.79,7.4059,87.926,1022.46,,,,,,,,,,,,,,,,,,,,
2010-03-31,682.63,915.88,7.3421,87.922,1029.78,,,,,,,,,,,,,,,,,,,,
2010-04-01,682.61,924.66,7.3049,87.916,1039.44,,,,,,,,,,,,,,,,,,,,
2010-04-02,682.6,926.94,7.2787,87.884,1042.71,,,,,,,,,,,,,,,,,,,,
2010-04-06,682.6,918.06,7.2428,87.898,1041.58,,,,,,,,,,,,,,,,,,,,
2010-04-07,682.59,913.31,7.2798,87.916,1040.81,,,,,,,,,,,,,,,,,,,,
2010-04-08,682.59,910.47,7.3149,87.946,1039.89,,,,,,,,,,,,,,,,,,,,
2010-04-09,682.6,912.19,7.2951,87.973,1043.7,,,,,,,,,,,,,,,,,,,,
2010-04-12,682.59,930.81,7.3267,88.0,1052.9,,,,,,,,,,,,,,,,,,,,
2010-04-13,682.6,926.8,7.3378,87.957,1047.93,,,,,,,,,,,,,,,,,,,,
2010-04-14,682.61,931.18,7.3151,87.975,1052.11,,,,,,,,,,,,,,,,,,,,
2010-04-15,682.6,932.33,7.3076,87.953,1057.31,,,,,,,,,,,,,,,,,,,,
2010-04-16,682.61,924.56,7.3454,87.953,1053.85,,,,,,,,,,,,,,,,,,,,
2010-04-19,682.62,920.31,7.4057,87.938,1044.27,,,,,,,,,,,,,,,,,,,,
2010-04-20,682.63,921.31,7.3706,87.938,1046.74,,,,,,,,,,,,,,,,,,,,
2010-04-21,682.64,915.39,7.339,87.936,1047.17,,,,,,,,,,,,,,,,,,,,
2010-04-22,682.63,914.14,7.3484,87.934,1052.55,,,,,,,,,,,,,,,,,,,,
2010-04-23,682.64,902.96,7.3053,87.95,1047.61,,,,,,,,,,,,,,,,,,,,
2010-04-26,682.63,914.45,7.2493,87.942,1053.78,,,,,,,,,,,,,,,,,,,,
2010-04-27,682.62,912.83,7.2739,87.919,1054.1,,,,,,,,,,,,,,,,,,,,
2010-04-28,682.64,899.17,7.3363,87.916,1040.75,,,,,,,,,,,,,,,,,,,,
2010-04-29,682.65,900.52,7.2688,87.889,1036.3,,,,,,,,,,,,,,,,,,,,
2010-04-30,682.63,903.8,7.264,87.905,1046.74,,,,,,,,,,,,,,,,,,,,
2010-05-04,682.65,901.44,7.1922,87.937,1041.31,,,,,,,,,,,,,,,,,,,,
2010-05-05,682.67,885.42,7.2012,87.909,1032.91,,,,,,,,,,,,,,,,,,,,
2010-05-06,682.69,876.47,7.2879,87.898,1033.01,,,,,,,,,,,,,,,,,,,,
2010-05-07,682.71,861.61,7.4666,87.751,1015.57,,,,,,,,,,,,,,,,,,,,
2010-05-10,682.69,877.91,7.392,87.78,1013.32,,,,,,,,,,,,,,,,,,,,
2010-05-11,682.7,872.52,7.3484,87.742,1012.96,,,,,,,,,,,,,,,,,,,,
2010-05-12,682.71,862.64,7.3564,87.739,1016.56,,,,,,,,,,,,,,,,,,,,
2010-05-13,682.72,862.62,7.33,87.721,1012.03,,,,,,,,,,,,,,,,,,,,
2010-05-14,682.73,855.77,7.3622,87.727,996.68,,,,,,,,,,,,,,,,,,,,
2010-05-17,682.75,842.79,7.4031,87.664,985.96,,,,,,,,,,,,,,,,,,,,
2010-05-18,682.76,843.0,7.38,87.544,985.43,,,,,,,,,,,,,,,,,,,,
2010-05-19,682.78,830.6,7.447,87.511,973.27,,,,,,,,,,,,,,,,,,,,
2010-05-20,682.77,842.91,7.4372,87.535,982.64,,,,,,,,,,,,,,,,,,,,
2010-05-21,682.76,854.27,7.5959,87.491,980.27,,,,,,,,,,,,,,,,,,,,
2010-05-24,682.77,854.04,7.5935,87.49,986.5,,,,,,,,,,,,,,,,,,,,
2010-05-25,682.79,840.62,7.5819,87.52,980.49,,,,,,,,,,,,,,,,,,,,
2010-05-26,682.8,840.97,7.5703,87.525,983.4,,,,,,,,,,,,,,,,,,,,
2010-05-27,682.81,832.58,7.5813,87.722,983.49,,,,,,,,,,,,,,,,,,,,
2010-05-28,682.79,842.39,7.4904,87.696,994.35,,,,,,,,,,,,,,,,,,,,
2010-05-31,682.8,840.15,7.4733,87.659,985.76,,,,,,,,,,,,,,,,,,,,
2010-06-01,682.79,836.55,7.5028,87.647,988.24,,,,,,,,,,,,,,,,,,,,
2010-06-02,682.81,835.28,7.4828,87.617,1002.95,,,,,,,,,,,,,,,,,,,,
2010-06-03,682.8,837.52,7.4161,87.633,1000.78,,,,,,,,,,,,,,,,,,,,
2010-06-04,682.81,831.36,7.3622,87.661,999.57,,,,,,,,,,,,,,,,,,,,
2010-06-07,682.83,813.01,7.4962,87.607,984.5,,,,,,,,,,,,,,,,,,,,
2010-06-08,682.84,815.62,7.4497,87.481,988.62,,,,,,,,,,,,,,,,,,,,
2010-06-09,682.82,815.01,7.478,87.496,983.67,,,,,,,,,,,,,,,,,,,,
2010-06-10,682.81,817.08,7.4853,87.518,991.37,,,,,,,,,,,,,,,,,,,,
2010-06-11,682.79,827.03,7.4544,87.657,1003.6,,,,,,,,,,,,,,,,,,,,
2010-06-17,682.77,838.78,7.4693,87.633,1003.6,,,,,,,,,,,,,,,,,,,,
2010-06-18,682.75,845.38,7.5151,87.686,1011.39,,,,,,,,,,,,,,,,,,,,
2010-06-21,682.75,848.25,7.55,87.856,1013.82,,,,,,,,,,,,,,,,,,,,
2010-06-22,679.8,838.16,7.474,87.443,1003.72,,,,,,,,,,,,,,,,,,,,
2010-06-23,681.02,835.07,7.5243,87.525,1008.76,,,,,,,,,,,,,,,,,,,,
2010-06-24,681.0,839.64,7.5742,87.557,1020.07,,,,,,,,,,,,,,,,,,,,
2010-06-25,678.96,835.39,7.5697,87.286,1013.14,,,,,,,,,,,,,,,,,,,,
2010-06-28,678.9,841.6,7.5986,87.276,1022.9,,,,,,,,,,,,,,,,,,,,
2010-06-29,679.01,833.93,7.5948,87.247,1025.64,,,,,,,,,,,,,,,,,,,,
2010-06-30,679.09,827.1,7.6686,87.239,1021.35,,,,,,,,,,,,,,,,,,,,
2010-07-01,678.58,829.33,7.678,87.139,1014.88,,,,,,,,,,,,,,,,,,,,
2010-07-02,677.2,847.41,7.7169,86.938,1027.58,,,,,,,,,,,,,,,,,,,,
2010-07-05,677.33,849.1,7.7039,86.89,1027.78,,,,,,,,,,,,,,,,,,,,
2010-07-06,677.9,846.66,7.7532,87.016,1022.88,,,,,,,,,,,,,,,,,,,,
2010-07-07,677.81,854.62,7.7367,87.007,1026.78,,,,,,,,,,,,,,,,,,,,
2010-07-08,677.68,858.38,7.7,87.02,1030.51,,,,,,,,,,,,,,,,,,,,
2010-07-09,677.53,858.84,7.6518,87.008,1025.37,,,,,,,,,,,,,,,,,,,,
2010-07-12,677.18,854.09,7.61,87.151,1018.61,,,,,,,,,,,,,,,,,,,,
2010-07-13,678.02,854.71,7.6384,87.202,1019.06,,,,,,,,,,,,,,,,,,,,
2010-07-14,677.55,860.62,7.6159,87.138,1029.88,,,,,,,,,,,,,,,,,,,,
2010-07-15,677.41,861.8,7.6782,87.167,1032.81,,,,,,,,,,,,,,,,,,,,
2010-07-16,677.18,874.95,7.7458,87.15,1044.52,,,,,,,,,,,,,,,,,,,,
2010-07-19,678.0,873.54,7.8277,87.193,1036.36,,,,,,,,,,,,,,,,,,,,
2010-07-20,678.12,877.72,7.8017,87.211,1033.18,,,,,,,,,,,,,,,,,,,,
2010-07-21,678.02,874.27,7.7683,87.163,1035.2,,,,,,,,,,,,,,,,,,,,
2010-07-22,678.59,865.54,7.8219,87.267,1030.07,,,,,,,,,,,,,,,,,,,,
2010-07-23,677.9,874.56,7.7861,87.195,1034.92,,,,,,,,,,,,,,,,,,,,
2010-07-26,677.78,875.76,7.735,87.256,1045.51,,,,,,,,,,,,,,,,,,,,
2010-07-27,677.42,879.7,7.7914,87.222,1049.05,,,,,,,,,,,,,,,,,,,,
2010-07-28,677.85,879.75,7.7279,87.266,1055.48,,,,,,,,,,,,,,,,,,,,
2010-07-29,677.87,880.65,7.7591,87.274,1057.21,,,,,,,,,,,,,,,,,,,,
2010-07-30,677.5,884.41,7.8256,87.236,1057.41,,,,,,,,,,,,,,,,,,,,
2010-08-02,677.42,886.2,7.8161,87.232,1065.58,,,,,,,,,,,,,,,,,,,,
2010-08-03,677.22,892.14,7.8246,87.221,1075.87,,,,,,,,,,,,,,,,,,,,
2010-08-04,677.15,895.19,7.9069,87.248,1079.44,,,,,,,,,,,,,,,,,,,,
2010-08-05,677.83,892.84,7.8516,87.286,1077.65,,,,,,,,,,,,,,,,,,,,
2010-08-06,677.3,892.82,7.8861,87.244,1075.52,,,,,,,,,,,,,,,,,,,,
2010-08-09,676.85,899.2,7.9233,87.191,1080.18,,,,,,,,,,,,,,,,,,,,
2010-08-10,677.45,894.06,7.8732,87.276,1074.57,,,,,,,,,,,,,,,,,,,,
2010-08-11,677.68,887.9,7.9382,87.282,1069.68,,,,,,,,,,,,,,,,,,,,
2010-08-12,680.15,876.03,7.9872,87.575,1065.32,,,,,,,,,,,,,,,,,,,,
2010-08-13,680.35,873.23,7.9064,87.581,1060.09,,,,,,,,,,,,,,,,,,,,
2010-08-16,680.64,867.54,7.9278,87.558,1058.19,,,,,,,,,,,,,,,,,,,,
2010-08-17,679.79,871.56,7.9736,87.458,1064.11,,,,,,,,,,,,,,,,,,,,
2010-08-18,678.95,873.3,7.9419,87.367,1056.45,,,,,,,,,,,,,,,,,,,,
2010-08-19,678.98,869.33,7.9292,87.387,1057.75,,,,,,,46.204,,,,,,,,,,,,,
2010-08-20,678.84,869.56,7.9545,87.354,1057.77,,,,,,,46.215,,,,,,,,,,,,,
2010-08-23,679.89,864.14,7.945,87.45,1058.55,,,,,,,46.14,,,,,,,,,,,,,
2010-08-24,679.99,859.24,7.9881,87.458,1053.78,,,,,,,46.11,,,,,,,,,,,,,
2010-08-25,680.07,860.49,8.0606,87.448,1048.84,,,,,,,46.22,,,,,,,,,,,,,
2010-08-26,680.41,860.82,8.0355,87.493,1052.59,,,,,,,46.237,,,,,,,,,,,,,
2010-08-27,680.01,863.85,8.0589,87.43,1055.38,,,,,,,46.267,,,,,,,,,,,,,
2010-08-30,680.25,866.94,7.9362,87.447,1056.94,,,,,,,46.07,,,,,,,,,,,,,
2010-08-31,681.05,860.85,8.0545,87.528,1052.87,,,,,,,46.172,,,,,,,,,,,,,
2010-09-01,681.26,863.33,8.0847,87.574,1045.22,,,,,,,46.182,,,,,,,,,,,,,
2010-09-02,680.03,870.4,8.0596,87.451,1049.76,,,,,,,45.961,,,,,,,,,,,,,
2010-09-03,679.73,870.94,8.0584,87.441,1046.75,,,,,,,45.958,,,,,,,,,,,,,
2010-09-06,678.38,873.86,8.0334,87.3,1047.28,,,,,,,45.768,,,,,,,,,,,,,
2010-09-07,677.99,867.39,8.0545,87.285,1041.05,,,,,,,46.023,,,,,,,,,,,,,
2010-09-08,679.07,862.28,8.0972,87.385,1043.49,,,,,,,46.042,,,,,,,,,,,,,
2010-09-09,678.17,863.28,8.0759,87.273,1048.96,,,,,,,45.838,,,,,,,,,,,,,
2010-09-10,676.25,857.52,8.0425,87.04,1042.17,,,,,,,45.783,,,,,,,,,,,,,
2010-09-13,675.09,862.56,8.0153,86.915,1039.13,,,,,,,45.822,,,,,,,,,,,,,
2010-09-14,673.78,865.61,8.0833,86.735,1036.34,,,,,,,45.998,,,,,,,,,,,,,
2010-09-15,672.5,874.99,8.0941,86.594,1044.93,,,,,,,46.109,,,,,,,,,,,,,
2010-09-16,671.81,872.85,7.8496,86.493,1049.97,,,,,,,46.361,,,,,,,,,,,,,
2010-09-17,671.72,877.54,7.8348,86.492,1048.22,,,,,,,46.426,,,,,,,,,,,,,
2010-09-20,671.1,875.95,7.8276,86.421,1050.14,,,,,,,46.165,,,,,,,,,,,,,
2010-09-21,669.97,875.22,7.8204,86.29,1042.0,,,,,,,46.239,,,,,,,,,,,,,
2010-09-27,670.98,904.15,7.959,86.497,1061.93,,,,,,,46.219,,,,,,,,,,,,,
2010-09-28,670.51,901.13,7.9524,86.421,1060.61,,,,,,,46.119,,,,,,,,,,,,,
2010-09-29,669.36,909.19,7.97,86.284,1058.39,,,,,,,46.085,,,,,,,,,,,,,
2010-09-30,670.11,913.29,7.9999,86.349,1060.18,,,,,,,46.127,,,,,,,,,,,,,
2010-10-08,668.3,929.51,8.104,86.165,1060.79,,,,,,,46.301,,,,,,,,,,,,,
2010-10-11,667.32,932.15,8.1276,86.029,1063.11,,,,,,,46.374,,,,,,,,,,,,,
2010-10-12,667.75,925.74,8.124,86.055,1060.42,,,,,,,46.579,,,,,,,,,,,,,
2010-10-13,666.93,929.4,8.1477,85.957,1052.55,,,,,,,46.444,,,,,,,,,,,,,
2010-10-14,665.82,934.91,8.1611,85.799,1061.92,,,,,,,46.279,,,,,,,,,,,,,
2010-10-15,664.97,932.59,8.1531,85.701,1063.05,,,,,,,46.345,,,,,,,,,,,,,
2010-10-18,665.41,926.58,8.1801,85.763,1062.56,,,,,,,46.533,,,,,,,,,,,,,
2010-10-19,665.53,930.14,8.1957,85.792,1059.16,,,,,,,46.544,,,,,,,,,,,,,
2010-10-20,667.54,916.73,8.2022,86.022,1047.04,,,,,,,46.995,,,,,,,,,,,,,
2010-10-21,666.95,929.93,8.2243,85.896,1056.32,,,,,,,46.789,,,,,,,,,,,,,
2010-10-22,667.59,928.82,8.2185,85.984,1048.25,,,,,,,46.686,,,,,,,,,,,,,
2010-10-25,667.29,933.57,8.2214,85.962,1047.75,,,,,,,46.482,,,,,,,,,,,,,
2010-10-26,667.62,931.66,8.2693,86.055,1050.43,,,,,,,46.365,,,,,,,,,,,,,
2010-10-27,669.12,927.27,8.2111,86.228,1060.49,,,,,,,46.434,,,,,,,,,,,,,
2010-10-28,669.86,925.24,8.2101,86.341,1057.78,,,,,,,46.433,,,,,,,,,,,,,
2010-10-29,669.08,931.16,8.2648,86.256,1067.02,,,,,,,46.504,,,,,,,,,,,,,
2010-11-01,668.86,933.86,8.2995,86.277,1073.15,,,,,,,46.344,,,,,,,,,,,,,
2010-11-02,669.25,930.69,8.3008,86.329,1074.05,,,,,,,46.28,,,,,,,,,,,,,
2010-11-03,668.18,937.42,8.2865,86.197,1071.23,,,,,,,46.173,,,,,,,,,,,,,
2010-11-04,667.08,941.25,8.2148,86.063,1073.4,,,,,,,46.216,,,,,,,,,,,,,
2010-11-05,666.1,946.16,8.226,85.937,1083.44,,,,,,,46.3,,,,,,,,,,,,,
2010-11-08,666.92,937.62,8.2138,86.041,1079.18,,,,,,,46.218,,,,,,,,,,,,,
2010-11-09,665.8,922.77,8.1985,85.891,1071.07,,,,,,,46.465,,,,,,,,,,,,,
2010-11-10,664.5,914.19,8.1319,85.719,1063.86,,,,,,,46.528,,,,,,,,,,,,,
2010-11-11,662.42,912.22,8.0542,85.456,1068.22,,,,,,,46.575,,,,,,,,,,,,,
2010-11-12,662.39,904.56,8.0402,85.451,1067.84,,,,,,,46.864,,,,,,,,,,,,,
2010-11-15,663.03,908.75,8.0362,85.536,1069.5,,,,,,,47.048,,,,,,,,,,,,,
2010-11-16,664.41,902.53,7.991,85.701,1065.98,,,,,,,47.345,,,,,,,,,,,,,
2010-11-17,664.9,895.85,7.9715,85.727,1054.86,,,,,,,47.077,,,,,,,,,,,,,
2010-11-18,664.55,901.5,7.9888,85.688,1057.63,,,,,,,47.254,,,,,,,,,,,,,
2010-11-19,664.08,905.84,7.9478,85.646,1065.35,,,,,,,46.933,,,,,,,,,,,,,
2010-11-22,663.89,912.58,7.9484,85.615,1062.22,,,,,,,46.866,467.11,,,,,,,,,,,,
2010-11-23,664.69,904.11,7.9761,85.692,1060.01,,,,,,,46.862,469.22,,,,,,,,,,,,
2010-11-24,665.89,892.49,7.99,85.829,1052.57,,,,,,,47.196,472.13,,,,,,,,,,,,
2010-11-25,665.57,887.24,7.9747,85.788,1049.74,,,,,,,46.999,470.63,,,,,,,,,,,,
2010-11-26,665.53,887.92,7.9481,85.765,1048.48,,,,,,,47.12,468.92,,,,,,,,,,,,
2010-11-29,667.0,881.21,7.9277,85.907,1038.92,,,,,,,47.469,471.45,,,,,,,,,,,,
2010-11-30,667.62,876.45,7.929,85.979,1039.02,,,,,,,47.317,470.2,,,,,,,,,,,,
2010-12-01,667.86,867.18,7.9864,85.993,1039.86,,,,,,,47.338,472.22,,,,,,,,,,,,
2010-12-02,666.91,874.82,7.9248,85.868,1040.85,,,,,,,47.192,470.79,,,,,,,,,,,,
2010-12-03,666.05,879.65,7.9543,85.751,1038.14,,,,,,,47.206,469.05,,,,,,,,,,,,
2010-12-06,665.15,889.67,8.0279,85.67,1048.01,,,,,,,47.0,469.16,,,,,,,,,,,,
2010-12-07,665.65,884.62,8.0587,85.754,1045.6,,,,,,,47.268,469.67,,,,,,,,,,,,
2010-12-08,666.16,883.46,7.9708,85.792,1049.34,,,,,,,47.201,468.21,,,,,,,,,,,,
2010-12-09,666.54,884.47,7.9421,85.807,1054.4,,,,,,,47.117,466.17,,,,,,,,,,,,
2010-12-10,666.04,881.2,7.9465,85.711,1049.65,,,,,,,47.062,464.6,,,,,,,,,,,,
2010-12-13,666.3,879.52,7.9402,85.683,1052.55,,,,,,,47.003,465.09,,,,,,,,,,,,
2010-12-14,665.31,890.02,7.9635,85.537,1055.08,,,,,,,47.045,461.38,,,,,,,,,,,,
2010-12-15,665.66,889.36,7.9382,85.619,1049.21,,,,,,,47.049,462.29,,,,,,,,,,,,
2010-12-16,666.35,881.21,7.9092,85.692,1036.67,,,,,,,47.115,462.46,,,,,,,,,,,,
2010-12-17,665.93,882.39,7.9273,85.634,1040.78,,,,,,,47.084,461.01,,,,,,,,,,,,
2010-12-20,666.23,874.86,7.9214,85.66,1031.42,,,,,,,47.138,462.47,,,,,,,,,,,,
2010-12-21,665.97,873.92,7.9514,85.63,1033.32,,,,,,,47.102,462.53,,,,,,,,,,,,
2010-12-22,665.48,872.81,7.9408,85.599,1029.5,,,,,,,46.997,462.15,,,,,,,,,,,,
2010-12-23,664.66,871.47,7.9543,85.447,1023.74,,,,,,,47.046,461.01,,,,,,,,,,,,
2010-12-24,663.71,870.56,7.9854,85.329,1024.93,,,,,,,46.874,459.83,,,,,,,,,,,,
2010-12-27,663.05,868.4,7.9939,85.213,1021.33,,,,,,,46.723,459.85,,,,,,,,,,,,
2010-12-28,662.52,877.24,8.0126,85.144,1025.71,,,,,,,46.646,457.09,,,,,,,,,,,,
2010-12-29,662.47,868.37,8.0451,85.134,1019.34,,,,,,,46.669,458.08,,,,,,,,,,,,
2010-12-30,662.29,876.77,8.1397,85.103,1028.34,,,,,,,46.617,459.64,,,,,,,,,,,,
2010-12-31,662.27,880.65,8.126,85.093,1021.82,,,,,,,46.649,462.05,,,,,,,,,,,,
2011-01-04,662.15,883.01,8.0977,85.213,1025.27,,,,,,,46.326,461.34,,,,,,,,,,,,
2011-01-05,662.95,881.23,8.0852,85.332,1032.35,,,,,,,47.558,461.46,,,,,,,,,,,,
2011-01-06,663.22,872.83,7.9642,85.338,1028.65,,,,,,,46.242,459.77,,,,,,,,,,,,
2011-01-07,663.41,862.76,7.9617,85.336,1026.1,,,,,,,46.314,461.47,,,,,,,,,,,,
2011-01-10,663.49,855.67,7.9977,85.353,1031.49,,,,,,,46.252,462.83,,,,,,,,,,,,
2011-01-11,662.16,856.74,7.9889,85.149,1030.65,,,,,,,46.387,463.33,,,,,,,,,,,,
2011-01-12,661.28,858.51,7.939,85.04,1031.93,,,,,,,46.319,461.26,,,,,,,,,,,,
2011-01-13,659.97,866.84,7.9438,84.907,1039.78,,,,,,,46.295,457.24,,,,,,,,,,,,
2011-01-14,658.96,878.66,7.9618,84.754,1043.92,,,,,,,46.375,454.73,,,,,,,,,,,,
2011-01-17,658.97,880.61,7.9442,84.757,1045.59,,,,,,,46.407,455.64,,,,,,,,,,,,
2011-01-18,658.91,873.62,7.9646,84.733,1047.86,,,,,,,46.384,454.88,,,,,,,,,,,,
2011-01-19,658.85,882.53,7.9696,84.713,1053.2,,,,,,,46.406,453.93,,,,,,,,,,,,
2011-01-20,658.83,886.03,8.0155,84.699,1051.46,,,,,,,46.332,453.62,,,,,,,,,,,,
2011-01-21,658.86,887.65,7.9424,84.636,1048.08,,,,,,,46.49,455.42,,,,,,,,,,,,
2011-01-24,658.83,895.58,7.967,84.566,1052.94,,,,,,,46.48,453.92,,,,,,,,,,,,
2011-01-25,658.81,898.72,7.9735,84.506,1052.58,,,,,,,46.35,452.96,,,,,,,,,,,,
2011-01-26,658.78,900.65,8.01,84.563,1040.51,,,,,,,46.339,456.45,,,,,,,,,,,,
2011-01-27,658.76,903.16,8.0239,84.636,1049.37,,,,,,,46.335,450.96,,,,,,,,,,,,
2011-01-28,659.3,905.05,7.9621,84.647,1048.95,,,,,,,46.347,449.32,,,,,,,,,,,,
2011-01-31,658.91,895.52,8.0223,84.56,1043.71,,,,,,,46.427,452.35,,,,,,,,,,,,
2011-02-01,658.6,903.5,8.0214,84.482,1057.55,,,,,,,46.343,451.45,,,,,,,,,,,,
2011-02-09,658.5,897.57,8.0036,84.594,1057.88,,,,,,,46.048,444.25,,,,,,,,,,,,
2011-02-10,658.49,902.92,7.9841,84.57,1059.44,,,,,,,46.166,444.4,,,,,,,,,,,,
2011-02-11,659.52,897.94,7.9198,84.666,1062.35,,,,,,,46.19,445.12,,,,,,,,,,,,
2011-02-14,659.85,892.08,7.9247,84.663,1057.61,,,,,,,46.269,445.15,,,,,,,,,,,,
2011-02-15,659.29,890.17,7.9127,84.591,1058.03,,,,,,,46.265,443.7,,,,,,,,,,,,
2011-02-16,658.55,889.54,7.8661,84.498,1062.93,,,,,,,46.319,444.69,,,,,,,,,,,,
2011-02-17,658.0,892.94,7.8685,84.487,1059.22,,,,,,,46.231,443.5,,,,,,,,,,,,
2011-02-18,657.81,895.44,7.8936,84.473,1063.94,,,,,,,46.214,444.22,,,,,,,,,,,,
2011-02-21,657.05,899.47,7.9034,84.41,1066.98,,,,,,,46.157,443.01,,,,,,,,,,,,
2011-02-22,657.72,896.57,7.9349,84.475,1064.62,,,,,,,46.342,444.45,,,,,,,,,,,,
2011-02-23,658.28,901.12,7.9421,84.48,1064.37,,,,,,,46.356,444.52,,,,,,,,,,,,
2011-02-24,657.95,906.46,7.994,84.406,1068.45,,,,,,,46.417,443.18,,,,,,,,,,,,
2011-02-25,657.57,907.94,8.0255,84.364,1060.23,,,,,,,46.495,440.47,,,,,,,,,,,,
2011-02-28,657.52,902.05,8.046,84.363,1057.49,,,,,,,46.472,440.18,,,,,,,,,,,,
2011-03-01,657.06,908.19,8.0222,84.366,1070.19,,,,,,,46.371,438.96,,,,,,,,,,,,
2011-03-02,657.36,905.35,8.0278,84.372,1068.37,,,,,,,46.275,437.6,,,,,,,,,,,,
2011-03-03,656.95,910.73,8.0292,84.318,1072.44,,,,,,,46.187,431.97,,,,,,,,,,,,
2011-03-04,656.71,916.6,7.9741,84.321,1069.42,,,,,,,46.146,429.04,,,,,,,,,,,,
2011-03-07,656.51,918.16,7.9707,84.298,1067.58,,,,,,,46.16,429.0,,,,,,,,,,,,
2011-03-08,656.87,917.42,7.9838,84.348,1064.49,,,,,,,46.199,429.44,,,,,,,,,,,,
2011-03-09,657.48,912.94,7.9334,84.402,1062.19,,,,,,,46.164,429.91,,,,,,,,,,,,
2011-03-10,657.13,914.23,7.9368,84.377,1065.04,,,,,,,46.146,431.49,,,,,,,,,,,,
2011-03-11,657.5,908.24,7.9289,84.405,1056.7,,,,,,,46.21,434.79,,,,,,,,,,,,
2011-03-14,657.01,915.12,8.0128,84.341,1055.95,,,,,,,46.225,436.23,,,,,,,,,,,,
2011-03-15,656.79,918.36,8.0238,84.295,1061.54,,,,,,,46.279,433.95,,,,,,,,,,,,
2011-03-16,657.18,918.34,8.1018,84.313,1056.32,,,,,,,46.533,437.45,,,,,,,,,,,,
2011-03-17,656.9,912.83,8.2743,84.189,1050.91,,,,,,,46.591,436.68,,,,,,,,,,,,
2011-03-18,656.68,920.07,8.0972,84.174,1058.31,,,,,,,46.642,436.15,,,,,,,,,,,,
2011-03-21,656.32,929.58,8.1077,84.15,1064.29,,,,,,,46.365,433.4,,,,,,,,,,,,
2011-03-22,655.92,932.98,8.1003,84.123,1070.1,,,,,,,46.242,430.53,,,,,,,,,,,,
2011-03-23,656.01,929.34,8.0934,84.154,1073.13,,,,,,,46.215,430.64,,,,,,,,,,,,
2011-03-24,656.25,925.38,8.1059,84.197,1066.57,,,,,,,46.167,431.94,,,,,,,,,,,,
2011-03-25,655.8,929.79,8.0968,84.129,1056.85,,,,,,,46.142,431.09,,,,,,,,,,,,
2011-03-28,656.18,921.28,8.0419,84.176,1050.28,,,,,,,46.137,430.34,,,,,,,,,,,,
2011-03-29,656.25,924.46,8.0447,84.149,1049.57,,,,,,,46.165,431.95,,,,,,,,,,,,
2011-03-30,655.86,925.55,7.9537,84.153,1050.26,,,,,,,46.139,432.42,,,,,,,,,,,,
2011-03-31,655.64,926.81,7.8883,84.225,1055.35,,,,,,,46.164,434.9,,,,,,,,,,,,
2011-04-01,655.27,928.29,7.8532,84.237,1050.27,,,,,,,46.196,434.08,,,,,,,,,,,,
2011-04-06,654.96,932.79,7.6959,84.267,1069.16,,,,,,,46.227,431.44,,,,,,,,,,,,
2011-04-07,654.56,936.97,7.6619,84.19,1067.85,,,,,,,46.206,430.64,,,,,,,,,,,,
2011-04-08,654.2,936.03,7.6852,84.18,1068.21,,,,,,,46.278,431.14,,,,,,,,,,,,
2011-04-11,654.01,945.31,7.6929,84.184,1069.76,,,,,,,46.212,427.7,,,,,,,,,,,,
2011-04-12,654.4,943.22,7.7595,84.191,1068.31,,,,,,,46.213,428.83,,,,,,,,,,,,
2011-04-13,653.69,946.71,7.7718,84.081,1063.49,,,,,,,46.282,430.02,,,,,,,,,,,,
2011-04-14,653.39,942.06,7.8073,84.019,1062.74,,,,,,,46.262,431.97,,,,,,,,,,,,
2011-04-15,653.01,946.11,7.8079,83.985,1068.06,,,,,,,46.28,431.87,,,,,,,,,,,,
2011-04-18,653.1,939.06,7.8597,83.994,1064.94,,,,,,,46.315,431.62,,,,,,,,,,,,
2011-04-19,653.46,930.2,7.9097,83.984,1063.11,,,,,,,46.369,435.4,,,,,,,,,,,,
2011-04-20,652.94,937.92,7.8829,83.957,1066.06,,,,,,,46.221,432.9,,,,,,,,,,,,
2011-04-21,652.28,950.27,7.93,83.936,1070.98,,,,,,,46.126,429.84,,,,,,,,,,,,
2011-04-22,651.56,949.58,7.9677,83.881,1076.08,,,,,,,46.095,429.04,,,,,,,,,,,,
2011-04-25,651.61,951.09,7.9291,83.86,1076.85,,,,,,,45.992,429.57,,,,,,,,,,,,
2011-04-26,651.73,945.53,7.9747,83.856,1072.42,,,,,,,46.005,428.7,,,,,,,,,,,,
2011-04-27,650.96,955.25,7.9809,83.758,1074.6,,,,,,,45.773,425.72,,,,,,,,,,,,
2011-04-28,650.51,964.45,7.9311,83.725,1085.18,,,,,,,45.538,423.3,,,,,,,,,,,,
2011-04-29,649.9,963.48,7.9718,83.639,1081.3,,,,,,,45.655,423.11,,,,,,,,,,,,
2011-05-03,650.02,961.64,8.0175,83.677,1080.04,,,,,,,45.722,421.42,,,,,,,,,,,,
2011-05-04,650.13,963.98,8.0288,83.697,1071.67,,,,,,,45.805,420.71,,,,,,,,,,,,
2011-05-05,650.25,964.13,8.0681,83.671,1072.13,,,,,,,45.96,420.91,,,,,,,,,,,,
2011-05-06,650.03,947.22,8.0744,83.63,1067.32,,,,,,,46.22,424.45,,,,,,,,,,,,
2011-05-09,649.88,935.11,8.052,83.626,1064.5,,,,,,,46.102,428.27,,,,,,,,,,,,
2011-05-10,649.5,931.12,8.0919,83.563,1064.73,,,,,,,46.001,429.25,,,,,,,,,,,,
2011-05-11,649.48,935.19,8.0381,83.571,1062.94,,,,,,,45.93,426.95,,,,,,,,,,,,
2011-05-12,650.05,924.57,8.0199,83.631,1064.13,,,,,,,46.051,428.85,,,,,,,,,,,,
2011-05-13,650.17,924.57,8.0372,83.65,1057.92,,,,,,,46.288,429.42,,,,,,,,,,,,
2011-05-16,650.89,916.39,8.0496,83.738,1053.3,,,,,,,46.416,432.45,,,,,,,,,,,,
2011-05-17,651.08,922.16,8.0395,83.718,1055.14,,,,,,,46.793,432.51,,,,,,,,,,,,
2011-05-18,650.74,927.69,7.9978,83.702,1057.49,,,,,,,46.711,431.97,,,,,,,,,,,,
2011-05-19,650.48,929.11,7.9672,83.671,1051.7,,,,,,,46.459,430.55,,,,,,,,,,,,
2011-05-20,649.83,929.22,7.9514,83.593,1053.76,,,,,,,46.482,430.01,,,,,,,,,,,,
2011-05-23,649.98,917.77,7.9416,83.605,1054.46,,,,,,,46.54,433.42,,,,,,,,,,,,
2011-05-24,650.38,913.07,7.9436,83.62,1046.95,,,,,,,47.038,438.14,,,,,,,,,,,,
2011-05-25,649.49,913.67,7.9076,83.511,1049.28,,,,,,,46.923,436.6,,,,,,,,,,,,
2011-05-26,649.21,917.24,7.9215,83.413,1058.67,,,,,,,46.936,437.14,,,,,,,,,,,,
2011-05-27,648.98,918.24,7.9899,83.381,1063.91,,,,,,,46.725,434.91,,,,,,,,,,,,
2011-05-30,648.56,926.79,8.0168,83.353,1068.89,,,,,,,46.539,431.78,,,,,,,,,,,,
2011-05-31,648.45,932.15,8.0214,83.368,1071.3,,,,,,,46.396,428.09,,,,,,,,,,,,
2011-06-01,648.37,934.5,7.9662,83.37,1067.38,,,,,,,46.422,431.35,,,,,,,,,,,,
2011-06-02,648.86,931.11,8.0022,83.398,1060.59,,,,,,,46.642,431.88,,,,,,,,,,,,
2011-06-03,648.46,940.4,8.0205,83.373,1061.59,,,,,,,46.423,430.04,,,,,,,,,,,,
2011-06-07,648.16,945.54,8.0808,83.319,1059.35,,,,,,,46.433,429.55,,,,,,,,,,,,
2011-06-08,647.95,950.58,8.0822,83.291,1064.81,,,,,,,46.361,427.78,,,,,,,,,,,,
2011-06-09,648.3,946.84,8.1048,83.308,1063.28,,,,,,,46.537,427.95,,,,,,,,,,,,
2011-06-10,648.53,942.7,8.0688,83.336,1061.55,,,,,,,46.548,428.02,,,,,,,,,,,,
2011-06-13,648.92,931.39,8.0686,83.373,1053.72,,,,,,,46.682,431.71,,,,,,,,,,,,
2011-06-14,648.22,932.63,8.0871,83.268,1060.42,,,,,,,46.909,431.11,,,,,,,,,,,,
2011-06-15,647.96,934.46,8.0427,83.244,1060.32,,,,,,,46.735,430.32,,,,,,,,,,,,
2011-06-16,648.03,919.62,8.0117,83.179,1050.13,,,,,,,46.919,432.84,,,,,,,,,,,,
2011-06-17,647.16,919.78,8.0278,82.942,1046.0,,,,,,,47.031,434.24,,,,,,,,,,,,
2011-06-20,646.96,922.56,8.0663,83.014,1045.03,,,,,,,46.917,433.38,,,,,,,,,,,,
2011-06-21,646.9,928.11,8.0686,83.024,1049.53,,,,,,,46.932,433.3,,,,,,,,,,,,
2011-06-22,646.83,929.49,8.0567,83.046,1048.71,,,,,,,46.79,432.45,,,,,,,,,,,,
2011-06-23,647.36,926.66,8.0467,83.113,1038.07,,,,,,,46.826,433.57,,,,,,,,,,,,
2011-06-24,647.42,923.38,8.04,83.111,1036.55,,,,,,,46.854,435.51,,,,,,,,,,,,
2011-06-27,647.5,913.56,8.0151,83.116,1031.08,,,,,,,47.18,437.26,,,,,,,,,,,,
2011-06-28,647.23,925.38,8.0147,83.11,1034.63,,,,,,,47.178,435.86,,,,,,,,,,,,
2011-06-29,647.18,928.99,7.9933,83.133,1034.84,,,,,,,46.959,434.49,,,,,,,,,,,,
2011-06-30,647.16,936.12,8.0243,83.162,1039.86,,,,,,,46.776,432.88,,,,,,,,,,,,
2011-07-01,646.85,936.44,8.0056,83.105,1036.25,,,,,,,46.638,431.75,,,,,,,,,,,,
2011-07-04,646.61,941.14,8.0011,83.099,1039.46,,,,,,,46.356,430.16,,,,,,,,,,,,
2011-07-05,646.5,938.81,7.9958,83.099,1039.48,,,,,,,46.441,430.0,,,,,,,,,,,,
2011-07-06,647.15,934.65,7.9959,83.167,1039.84,,,,,,,46.485,431.31,,,,,,,,,,,,
2011-07-07,647.32,927.19,7.9931,83.17,1036.17,,,,,,,46.487,432.51,,,,,,,,,,,,
2011-07-08,647.05,928.65,7.9603,83.138,1033.14,,,,,,,46.402,431.57,,,,,,,,,,,,
2011-07-11,647.09,918.64,8.014,83.145,1036.74,,,,,,,46.424,433.57,,,,,,,,,,,,
2011-07-12,647.48,907.99,8.0738,83.126,1029.72,,,,,,,46.757,436.2,,,,,,,,,,,,
2011-07-13,647.28,906.65,8.145,83.062,1032.22,,,,,,,46.694,437.43,,,,,,,,,,,,
2011-07-14,646.4,919.96,8.2093,82.991,1044.68,,,,,,,46.456,432.83,,,,,,,,,,,,
2011-07-15,646.65,916.04,8.1782,83.0,1044.6,,,,,,,46.516,434.9,,,,,,,,,,,,
2011-07-18,646.8,910.57,8.1863,82.974,1041.22,,,,,,,46.591,436.61,,,,,,,,,,,,
2011-07-19,646.84,913.73,8.1868,82.974,1039.54,,,,,,,46.543,438.38,,,,,,,,,,,,
2011-07-20,645.92,914.07,8.1437,82.888,1040.58,,,,,,,46.385,435.16,,,,,,,,,,,,
2011-07-21,645.36,920.12,8.1924,82.827,1043.29,,,,,,,46.397,434.3,,,,,,,,,,,,
2011-07-22,644.95,928.15,8.2081,82.767,1052.07,,,,,,,46.206,430.48,,,,,,,,,,,,
2011-07-25,645.03,927.52,8.229,82.788,1051.3,,,,,,,46.154,430.46,,,,,,,,,,,,
2011-07-26,644.7,926.69,8.2342,82.739,1049.15,,,,,,,46.009,429.88,,,,,,,,,,,,
2011-07-27,644.26,935.56,8.2666,82.709,1058.84,,,,,,,45.709,426.82,,,,,,,,,,,,
2011-07-28,644.38,926.04,8.2703,82.694,1052.08,,,,,,,45.753,427.15,,,,,,,,,,,,
2011-07-29,644.42,922.33,8.2846,82.696,1053.82,,,,,,,45.791,423.56,,,,,,,,,,,,
2011-08-01,643.99,925.99,8.2685,82.642,1059.69,,,,,,,45.88,429.41,,,,,,,,,,,,
2011-08-02,644.19,919.52,8.3342,82.681,1051.03,,,,,,,45.77,430.58,,,,,,,,,,,,
2011-08-03,644.41,914.32,8.3403,82.656,1048.13,,,,,,,46.199,432.14,,,,,,,,,,,,
2011-08-04,643.86,924.23,8.3493,82.572,1058.06,,,,,,,46.072,431.97,,,,,,,,,,,,
2011-08-05,644.51,908.37,8.1568,82.608,1046.81,,,,,,,46.734,437.27,,,,,,,,,,,,
2011-08-08,643.05,921.23,8.2295,82.385,1056.24,,,,,,,46.637,439.15,,,,,,,,,,,,
2011-08-09,643.35,910.92,8.3061,82.377,1047.98,,,,,,,47.306,450.18,,,,,,,,,,,,
2011-08-10,641.67,920.67,8.3236,82.209,1045.67,,,,,,,46.776,460.25,,,,,,,,,,,,
2011-08-11,639.91,907.2,8.3132,81.939,1033.13,,,,,,,46.95,460.67,,,,,,,,,,,,
2011-08-12,639.72,908.66,8.3086,82.074,1038.01,,,,,,,46.757,463.7,,,,,,,,,,,,
2011-08-15,639.5,914.55,8.3074,82.05,1041.94,,,,,,,46.716,456.0,,,,,,,,,,,,
2011-08-16,639.25,923.01,8.3187,82.054,1046.45,,,,,,,46.548,448.53,,,,,,,,,,,,
2011-08-17,639.96,919.59,8.3361,82.13,1051.33,,,,,,,46.738,449.51,,,,,,,,,,,,
2011-08-18,639.42,921.28,8.3421,82.068,1056.26,,,,,,,46.501,450.49,,,,,,,,,,,,
2011-08-19,640.32,916.2,8.3283,82.113,1055.38,,,,,,,46.734,455.8,,,,,,,,,,,,
2011-08-22,639.97,919.57,8.3378,82.062,1054.41,,,,,,,46.538,455.94,,,,,,,,,,,,
2011-08-23,639.87,919.17,8.3289,82.037,1053.67,,,,,,,46.461,454.39,,,,,,,,,,,,
2011-08-24,638.96,921.22,8.3149,81.953,1053.71,,,,,,,46.399,453.18,,,,,,,,,,,,
2011-08-25,639.36,921.51,8.3093,82.015,1046.86,,,,,,,46.623,453.14,,,,,,,,,,,,
2011-08-26,639.5,921.39,8.2644,82.03,1042.1,,,,,,,46.776,453.91,,,,,,,,,,,,
2011-08-29,638.83,924.87,8.3219,81.95,1044.49,,,,,,,46.646,450.85,,,,,,,,,,,,
2011-08-30,638.49,926.7,8.3029,81.93,1047.35,,,,,,,46.701,450.97,,,,,,,,,,,,
2011-08-31,638.67,921.22,8.3296,81.923,1041.77,,,,,,,46.672,452.72,,,,,,,,,,,,
2011-09-01,638.59,917.33,8.3031,81.995,1036.97,,,,,,,46.617,452.42,,,,,,,,,,,,
2011-09-02,638.96,912.31,8.3025,82.066,1034.7,,,,,,,46.493,453.76,,,,,,,,,,,,
2011-09-05,639.26,904.46,8.3194,82.041,1033.3,,,,,,,46.504,456.47,,,,,,,,,,,,
2011-09-06,639.46,899.72,8.3117,82.057,1028.76,,,,,,,46.662,461.64,,,,,,,,,,,,
2011-09-07,639.68,896.99,8.2529,82.069,1020.1,,,,,,,46.675,463.21,,,,,,,,,,,,
2011-09-08,638.89,898.82,8.2539,81.971,1019.6,,,,,,,46.644,461.0,,,,,,,,,,,,
2011-09-09,639.22,889.86,8.2411,82.01,1021.51,,,,,,,46.879,464.04,,,,,,,,,,,,
2011-09-13,639.82,872.52,8.2927,82.013,1013.54,,,,,,,47.59,473.0,,,,,,,,,,,,
2011-09-14,639.45,875.85,8.3126,81.952,1010.17,,,,,,,47.86,471.65,,,,,,,,,,,,
2011-09-15,638.78,877.65,8.3245,81.926,1006.75,,,,,,,48.123,475.78,,,,,,,,,,,,
2011-09-16,637.97,883.62,8.3064,81.868,1006.91,,,,,,,48.395,476.09,,,,,,,,,,,,
2011-09-19,638.48,873.95,8.2968,81.924,1003.18,,,,,,,48.447,479.23,,,,,,,,,,,,
2011-09-20,638.8,870.84,8.328,81.929,1001.38,,,,,,,48.983,489.87,,,,,,,,,,,,
2011-09-21,637.72,874.35,8.3542,81.861,1003.45,,,,,,,48.826,491.87,,,,,,,,,,,,
2011-09-22,638.08,865.33,8.3197,81.86,988.03,,,,,,,49.58,493.96,,,,,,,,,,,,
2011-09-23,638.4,864.2,8.373,81.853,984.51,,,,,,,49.685,497.93,,,,,,,,,,,,
2011-09-26,637.35,856.34,8.327,81.697,984.99,,,,,,,49.435,502.74,,,,,,,,,,,,
2011-09-27,637.6,859.99,8.3505,81.767,990.83,,,,,,,49.677,507.69,,,,,,,,,,,,
2011-09-28,636.23,863.24,8.3151,81.61,993.82,,,,,,,49.341,497.64,,,,,,,,,,,,
2011-09-29,636.65,861.48,8.3271,81.662,990.31,,,,,,,49.988,499.16,,,,,,,,,,,,
2011-09-30,635.49,863.28,8.2978,81.539,992.7,,,,,,,49.934,500.85,,,,,,,,,,,,
2011-10-10,635.86,853.45,8.2778,81.708,990.07,,,,,,,49.546,506.17,,,,,,,,,,,,
2011-10-11,634.83,865.88,8.2725,81.586,993.64,,,,,,,48.967,496.42,,,,,,,,,,,,
2011-10-12,635.98,865.6,8.2896,81.73,989.39,,,,,,,49.641,496.66,,,,,,,,,,,,
2011-10-13,637.37,878.77,8.2609,81.935,1003.63,,,,,,,49.209,488.98,,,,,,,,,,,,
2011-10-14,637.62,875.61,8.2862,81.983,1003.33,,,,,,,49.204,489.24,,,,,,,,,,,,
2011-10-17,637.1,882.86,8.243,81.913,1007.1,,,,,,,48.886,484.24,,,,,,,,,,,,
2011-10-18,637.49,877.41,8.2953,81.965,1005.48,,,,,,,48.883,485.22,,,,,,,,,,,,
2011-10-19,637.27,877.11,8.3091,81.947,1002.14,,,,,,,48.917,488.14,,,,,,,,,,,,
2011-10-20,636.52,876.27,8.2853,81.845,1003.82,,,,,,,48.956,487.25,,,,,,,,,,,,
2011-10-21,636.28,876.13,8.2784,81.781,1004.59,,,,,,,49.274,492.33,,,,,,,,,,,,
2011-10-24,635.49,880.15,8.325,81.68,1012.97,,,,,,,49.392,488.36,,,,,,,,,,,,
2011-10-25,634.25,882.18,8.3262,81.553,1013.88,,,,,,,49.202,481.0,,,,,,,,,,,,
2011-10-26,634.56,883.78,8.3385,81.611,1016.66,,,,,,,49.262,480.6,,,,,,,,,,,,
2011-10-27,634.77,882.39,8.3243,81.662,1013.73,,,,,,,49.467,481.88,,,,,,,,,,,,
2011-10-28,632.9,897.26,8.3337,81.476,1018.08,,,,,,,48.455,471.41,,,,,,,,,,,,
2011-10-31,632.33,894.65,8.352,81.441,1018.87,,,,,,,48.362,469.02,,,,,,,,,,,,
2011-11-01,632.93,876.83,8.0695,81.478,1017.4,,,,,,,48.665,477.79,,,,,,,,,,,,
2011-11-02,632.97,865.46,8.086,81.45,1009.46,,,,,,,49.523,486.09,,,,,,,,,,,,
2011-11-03,631.98,865.94,8.0945,81.327,1005.2,,,,,,,49.653,485.19,,,,,,,,,,,,
2011-11-04,631.65,871.93,8.0965,81.312,1011.43,,,,,,,49.452,482.58,,,,,,,,,,,,
2011-11-07,632.12,871.38,8.0911,81.37,1012.91,,,,,,,49.261,483.09,,,,,,,,,,,,
2011-11-08,632.47,869.58,8.1013,81.402,1015.21,,,,,,,49.442,481.94,,,,,,,,,,,,
2011-11-09,632.07,873.99,8.1337,81.354,1017.57,,,,,,,49.302,477.83,,,,,,,,,,,,
2011-11-10,633.29,856.97,8.1332,81.448,1008.04,,,,,,,49.755,484.44,,,,,,,,,,,,
2011-11-11,633.17,860.35,8.161,81.378,1007.82,,,,,,,49.8,482.45,,,,,,,,,,,,
2011-11-14,633.01,871.15,8.198,81.372,1016.2,,,,,,,49.554,481.28,,,,,,,,,,,,
2011-11-15,634.36,864.6,8.2262,81.51,1008.85,,,,,,,49.598,481.77,,,,,,,,,,,,
2011-11-16,635.09,858.13,8.2388,81.601,1004.01,,,,,,,50.61,483.5,,,,,,,,,,,,
2011-11-17,635.53,854.22,8.2499,81.639,997.75,,,,,,,49.827,484.38,,,,,,,,,,,,
2011-11-18,635.48,855.26,8.2551,81.596,1000.82,,,,,,,49.737,486.49,,,,,,,,,,,,
2011-11-21,635.22,859.2,8.2598,81.554,1000.66,,,,,,,49.905,485.78,,,,,,,,,,,,
2011-11-22,635.55,857.74,8.2582,81.588,994.73,,,,,,,50.096,489.87,,,,,,,,,,,,
2011-11-23,634.98,858.78,8.2513,81.492,993.49,,,,,,,49.993,488.23,,,,,,,,,,,,
2011-11-24,635.7,849.04,8.2366,81.557,987.27,,,,,,,50.146,493.74,,,,,,,,,,,,
2011-11-25,635.54,846.41,8.2255,81.524,982.8,,,,,,,50.208,494.83,,,,,,,,,,,,
2011-11-28,635.85,845.24,8.1871,81.576,985.31,624.91,,,,610.48,,50.21,495.35,,,,,,,,,,,,
2011-11-29,635.87,845.55,8.1334,81.571,984.87,628.56,,,,614.19,,50.007,493.18,,,,,,,,,,,,
2011-11-30,634.82,846.25,8.1314,81.5,990.86,637.52,,,,615.28,,49.834,491.93,,,,,,,,,,,,
2011-12-01,633.53,851.46,8.1609,81.5,994.64,647.63,,,,622.14,,49.537,483.98,,,,,,,,,,,,
2011-12-02,633.1,853.64,8.1428,81.484,993.43,648.23,,,,624.45,,49.418,485.1,,,,,,,,,,,,
2011-12-05,633.49,849.38,8.1118,81.537,988.43,648.38,,,,623.05,,49.366,487.65,,,,,,,,,,,,
2011-12-06,633.34,848.68,8.1411,81.481,990.89,649.24,,,,622.6,,49.475,487.58,,,,,,,,,,,,
2011-12-07,633.42,849.13,8.1506,81.49,988.17,650.49,,,,627.68,,49.38,493.52,,,,,,,,,,,,
2011-12-08,633.19,848.41,8.1549,81.457,994.01,648.8,,,,626.95,,49.416,493.01,,,,,,,,,,,,
2011-12-09,633.52,845.21,8.1529,81.459,990.48,644.38,,,,619.25,,49.641,495.08,,,,,,,,,,,,
2011-12-12,632.97,845.49,8.1521,81.348,989.97,644.4,,,,620.71,,49.755,496.17,,,,,,,,,,,,
2011-12-13,633.59,835.23,8.1302,81.41,987.8,637.55,,,,616.9,,50.055,499.3,,,,,,,,,,,,
2011-12-14,633.96,826.34,8.1272,81.483,981.97,634.47,,,,613.41,,50.233,500.26,,,,,,,,,,,,
2011-12-15,634.21,823.93,8.1252,81.479,981.34,628.15,,,,610.52,,50.41,501.65,,,,,,,,,,,,
2011-12-16,633.52,825.86,8.1382,81.423,983.98,630.7,,,,613.37,,50.172,500.56,,,,,,,,,,,,
2011-12-19,633.03,824.74,8.1288,81.321,981.54,629.36,,,,608.83,,50.201,504.07,,,,,,,,,,,,
2011-12-20,633.51,823.78,8.1214,81.396,983.05,629.04,,,,610.52,,50.363,506.67,,,,,,,,,,,,
2011-12-21,632.48,829.05,8.1228,81.301,991.16,639.41,,,,615.61,,50.048,503.91,,,,,,,,,,,,
2011-12-22,632.53,824.76,8.0985,81.293,990.92,637.02,,,,615.51,,50.049,501.51,,,,,,,,,,,,
2011-12-23,632.09,825.51,8.0804,81.244,991.21,641.1,,,,618.82,,49.935,495.54,,,,,,,,,,,,
2011-12-26,631.67,824.74,8.0973,81.223,985.69,641.56,,,,618.53,,49.929,492.93,,,,,,,,,,,,
2011-12-27,631.52,824.32,8.1016,81.199,986.37,641.31,,,,619.23,,49.954,493.42,,,,,,,,,,,,
2011-12-28,631.46,825.48,8.117,81.19,989.43,641.18,,,,619.41,,50.171,496.86,,,,,,,,,,,,
2011-12-29,631.57,814.98,8.1085,81.219,974.7,635.04,,,,615.6,,50.102,503.61,,,,,,,,,,,,
2011-12-30,630.09,816.25,8.1103,81.07,971.16,640.93,,,,617.77,,50.279,508.6,,,,,,,,,,,,
2012-01-04,630.01,822.04,8.2198,81.112,985.37,652.19,,,,622.39,,49.851,503.83,,,,,,,,,,,,
2012-01-05,631.15,816.68,8.2229,81.266,985.57,652.74,,,,622.93,,49.78,505.26,,,,,,,,,,,,
2012-01-06,631.66,807.77,8.1816,81.346,979.07,647.67,,,,619.61,,49.869,507.5,,,,,,,,,,,,
2012-01-09,632.36,802.21,8.2162,81.421,974.28,642.6,,,,613.76,,50.087,506.43,,,,,,,,,,,,
2012-01-10,631.71,806.5,8.2168,81.344,976.43,647.91,,,,617.75,,49.77,504.64,,,,,,,,,,,,
2012-01-11,631.55,804.91,8.2121,81.308,976.53,649.46,,,,620.38,,49.77,500.35,,,,,,,,,,,,
2012-01-12,632.3,803.72,8.2218,81.403,968.97,651.65,,,,620.72,,49.661,502.18,,,,,,,,,,,,
2012-01-13,632.01,810.21,8.2288,81.359,969.66,653.25,,,,620.8,,49.537,499.64,,,,,,,,,,,,
2012-01-16,633.06,801.04,8.2381,81.497,968.52,650.31,,,,617.95,,49.688,504.29,,,,,,,,,,,,
2012-01-17,632.5,802.17,8.233,81.426,969.84,653.97,,,,622.02,,49.515,500.17,,,,,,,,,,,,
2012-01-18,632.05,806.53,8.2314,81.396,969.79,656.57,,,,622.92,,49.405,500.33,,,,,,,,,,,,
2012-01-19,631.73,812.25,8.2283,81.386,975.01,657.41,,,,624.55,,49.105,497.95,,,,,,,,,,,,
2012-01-20,631.38,818.65,8.1886,81.347,978.35,657.65,,,,624.02,,49.079,495.28,,,,,,,,,,,,
2012-01-30,630.56,831.99,8.2152,81.3,990.93,669.09,,,,628.92,,48.191,477.2,,,,,,,,,,,,
2012-01-31,631.15,830.06,8.2649,81.363,992.01,670.22,,,,630.36,,48.372,481.15,,,,,,,,,,,,
2012-02-01,631.03,825.36,8.2796,81.359,994.31,669.24,,,,629.3,,48.137,479.71,,,,,,,,,,,,
2012-02-02,630.75,831.86,8.2846,81.339,1000.02,677.08,,,,632.62,,48.026,478.22,,,,,,,,,,,,
2012-02-03,631.02,828.75,8.2795,81.363,997.11,675.25,,,,631.08,,47.889,478.89,,,,,,,,,,,,
2012-02-06,631.08,827.19,8.2478,81.376,996.95,677.34,,,,634.54,,47.706,478.13,,,,,,,,,,,,
2012-02-07,631.16,828.15,8.2445,81.397,998.53,676.64,,,,633.73,,47.697,481.45,,,,,,,,,,,,
2012-02-08,630.27,835.52,8.1954,81.283,1001.91,679.97,,,,633.31,,47.686,471.91,,,,,,,,,,,,
2012-02-09,630.09,834.08,8.174,81.257,995.7,678.32,,,,631.99,,47.826,472.2,,,,,,,,,,,,
2012-02-10,629.37,835.9,8.1026,81.15,994.94,677.11,,,,632.15,,47.937,472.07,,,,,,,,,,,,
2012-02-13,629.39,831.61,8.0945,81.154,992.26,672.91,,,,628.95,,48.097,477.1,,,,,,,,,,,,
2012-02-14,629.47,828.48,8.1164,81.174,989.94,674.51,,,,628.87,,48.086,475.87,,,,,,,,,,,,
2012-02-15,629.58,826.2,8.0258,81.197,987.59,672.67,,,,629.89,,48.391,477.4,,,,,,,,,,,,
2012-02-16,629.91,821.37,8.0279,81.237,988.3,675.89,,,,629.75,,48.31,477.63,,,,,,,,,,,,
2012-02-17,629.51,826.58,7.9766,81.184,995.35,677.1,,,,631.75,,48.429,477.44,,,,,,,,,,,,
2012-02-20,629.38,832.1,7.9053,81.172,999.2,679.38,,,,634.68,,47.958,475.21,,,,,,,,,,,,
2012-02-21,629.6,832.24,7.8991,81.194,996.56,675.5,,,,632.92,,48.127,473.33,,,,,,,,,,,,
2012-02-22,629.88,833.74,7.8898,81.227,993.92,670.92,,,,631.4,,48.109,473.05,,,,,,,,,,,,
2012-02-23,630.31,834.75,7.847,81.278,987.1,669.2,,,,630.15,,48.085,471.48,,,,,,,,,,,,
2012-02-24,629.65,841.81,7.8652,81.189,991.32,675.52,,,,631.16,,47.756,457.72,,,,,,,,,,,,
2012-02-27,629.85,847.68,7.7534,81.223,999.98,672.11,,,,629.5,,48.443,463.36,,,,,,,,,,,,
2012-02-28,629.61,844.09,7.8402,81.182,996.67,677.08,,,,630.68,,47.833,460.55,,,,,,,,,,,,
2012-02-29,629.19,847.99,7.8107,81.132,1001.83,679.78,,,,633.08,,47.626,460.18,,,,,,,,,,,,
2012-03-01,630.16,840.16,7.763,81.251,1003.56,676.32,,,,637.43,,47.69,462.86,,,,,,,,,,,,
2012-03-02,629.8,838.99,7.749,81.207,1005.07,679.62,,,,638.87,,47.589,463.4,,,,,,,,,,,,
2012-03-05,631.21,833.23,7.7378,81.357,999.68,677.23,,,,637.78,,47.762,465.25,,,,,,,,,,,,
2012-03-06,631.41,835.07,7.7512,81.331,1002.52,674.85,,,,635.35,,47.753,465.01,,,,,,,,,,,,
2012-03-07,632.13,829.32,7.8287,81.434,993.61,664.97,,,,631.21,,48.042,469.29,,,,,,,,,,,,
2012-03-08,632.35,831.13,7.7823,81.452,994.72,667.79,,,,633.3,,47.822,469.01,,,,,,,,,,,,
2012-03-09,630.73,836.47,7.7272,81.298,997.56,669.74,,,,636.2,,47.593,465.53,,,,,,,,,,,,
2012-03-12,632.82,829.53,7.6929,81.569,991.34,667.06,,,,638.25,,47.681,466.6,,,,,,,,,,,,
2012-03-13,632.59,832.58,7.6766,81.544,989.47,665.64,,,,637.82,,47.885,467.65,,,,,,,,,,,,
2012-03-14,633.28,827.73,7.6157,81.601,994.22,666.75,,,,640.19,,47.92,465.56,,,,,,,,,,,,
2012-03-15,633.59,824.9,7.5445,81.616,991.57,660.64,,,,637.16,,48.307,466.32,,,,,,,,,,,,
2012-03-16,632.0,826.5,7.563,81.425,992.43,664.83,,,,636.9,,48.287,463.73,,,,,,,,,,,,
2012-03-19,630.82,830.57,7.5525,81.26,998.71,668.39,,,,636.61,,48.283,462.72,,,,,,,,,,,,
2012-03-20,630.29,834.47,7.5583,81.193,1001.66,668.93,,,,638.43,,48.359,461.79,,,,,,,,,,,,
2012-03-21,630.92,836.95,7.5419,81.266,1001.65,662.5,,,,637.04,,48.711,463.31,,,,,,,,,,,,
2012-03-22,630.04,833.39,7.5522,81.151,1000.19,659.4,,,,635.25,,48.772,463.23,,,,,,,,,,,,
2012-03-23,628.91,830.1,7.6075,80.989,994.78,653.56,,,,629.45,,48.899,466.83,,,,,,,,,,,,
2012-03-26,628.58,834.0,7.5938,80.925,997.62,658.15,,,,630.19,,48.734,465.32,,,,,,,,,,,,
2012-03-27,628.4,839.57,7.577,80.893,1003.24,661.36,,,,633.72,,48.802,461.11,,,,,,,,,,,,
2012-03-28,629.12,838.81,7.5802,81.019,1004.01,656.2,,,,631.77,,48.708,457.88,,,,,,,,,,,,
2012-03-29,629.32,838.29,7.6074,81.059,1000.21,652.83,,,,630.45,,48.71,466.35,,,,,,,,,,,,
2012-03-30,629.43,839.44,7.669,81.063,1005.42,654.04,,,,631.67,,48.709,467.49,,,,,,,,,,,,
2012-04-05,630.35,828.5,7.6541,81.173,1002.19,647.53,,,,632.37,,48.631,467.64,,,,,,,,,,,,
2012-04-06,630.72,824.13,7.6632,81.232,998.34,649.86,,,,635.2,,48.577,466.67,,,,,,,,,,,,
2012-04-09,630.21,823.46,7.7336,81.148,999.61,647.98,,,,632.07,,48.762,469.03,,,,,,,,,,,,
2012-04-10,630.48,826.56,7.7104,81.19,1002.62,650.02,,,,632.79,,48.676,469.58,,,,,,,,,,,,
2012-04-11,630.18,823.83,7.8036,81.155,999.12,645.9,,,,626.98,,48.592,472.44,,,,,,,,,,,,
2012-04-12,629.84,826.13,7.7744,81.117,1002.67,649.4,,,,627.58,,48.821,470.16,,,,,,,,,,,,
2012-04-13,628.79,829.41,7.7681,80.999,1003.64,656.77,,,,632.33,,48.554,466.93,,,,,,,,,,,,
2012-04-16,629.6,819.39,7.7767,81.146,996.44,649.75,,,,629.63,,48.66,470.91,,,,,,,,,,,,
2012-04-17,628.96,824.98,7.8127,81.072,999.51,650.66,,,,628.87,,48.736,469.78,,,,,,,,,,,,
2012-04-18,629.48,827.04,7.7594,81.12,1003.27,655.57,,,,636.77,,48.647,468.64,,,,,,,,,,,,
2012-04-19,630.04,826.45,7.7367,81.174,1009.58,653.26,,,,635.92,,48.742,468.56,,,,,,,,,,,,
2012-04-20,630.42,829.16,7.7234,81.216,1012.2,651.82,,,,633.81,,48.757,468.28,,,,,,,,,,,,
2012-04-23,629.7,831.05,7.7259,81.134,1015.36,652.97,,,,633.72,,48.577,467.42,,,,,,,,,,,,
2012-04-24,630.03,828.77,7.7642,81.181,1015.77,650.35,,,,635.59,,48.659,468.24,,,,,,,,,,,,
2012-04-25,629.23,830.49,7.7268,81.089,1015.67,649.27,,,,637.19,,48.638,465.75,,,,,,,,,,,,
2012-04-26,628.29,830.82,7.7247,80.966,1015.79,650.59,,,,638.86,,48.593,466.05,,,,,,,,,,,,
2012-04-27,627.87,829.32,7.7362,80.922,1015.99,651.51,,,,637.37,,48.5,466.34,,,,,,,,,,,,
2012-05-02,626.7,828.59,7.8089,80.784,1016.79,647.54,,,,635.63,,48.156,467.09,,,,,,,,,,,,
2012-05-03,626.97,824.68,7.8239,80.811,1015.38,646.63,,,,635.74,,48.219,468.31,,,,,,,,,,,,
2012-05-04,627.21,824.56,7.8245,80.831,1015.3,643.36,,,,634.64,,48.378,469.06,,,,,,,,,,,,
2012-05-07,628.58,815.74,7.8686,80.978,1013.52,636.22,,,,629.9,,48.782,473.45,,,,,,,,,,,,
2012-05-08,628.04,819.18,7.853,80.905,1016.07,640.13,,,,632.15,,48.63,475.93,,,,,,,,,,,,
2012-05-09,628.65,816.65,7.8714,80.991,1015.02,634.4,,,,628.65,,48.723,478.68,,,,,,,,,,,,
2012-05-10,629.41,814.55,7.8948,81.075,1015.87,633.31,,,,628.47,,48.84,482.25,,,,,,,,,,,,
2012-05-11,629.52,814.57,7.8793,81.093,1015.95,634.27,,,,627.42,,48.781,478.41,,,,,,,,,,,,
2012-05-14,630.4,813.28,7.8736,81.182,1013.18,632.39,,,,630.65,,48.77,479.08,,,,,,,,,,,,
2012-05-15,631.1,809.99,7.8962,81.266,1015.72,629.62,,,,629.56,,48.911,481.53,,,,,,,,,,,,
2012-05-16,632.05,804.76,7.8628,81.367,1010.08,628.67,,,,627.66,,48.81,485.69,,,,,,,,,,,,
2012-05-17,632.33,805.37,7.877,81.401,1006.67,628.25,,,,625.05,,49.19,490.35,,,,,,,,,,,,
2012-05-18,632.09,802.6,7.9613,81.343,997.34,623.78,,,,620.12,,49.499,491.32,,,,,,,,,,,,
2012-05-21,631.16,807.47,7.9717,81.269,998.97,622.48,,,,618.69,,49.515,494.47,,,,,,,,,,,,
2012-05-22,630.77,807.61,7.9457,81.242,998.13,625.38,,,,620.17,,49.013,492.61,,,,,,,,,,,,
2012-05-23,632.08,799.8,7.9015,81.393,995.43,616.69,,,,617.99,,49.103,494.47,,,,,,,,,,,,
2012-05-24,632.47,794.95,7.9616,81.453,992.06,615.96,,,,616.53,,49.761,500.5,,,,,,,,,,,,
2012-05-25,632.6,793.6,7.9388,81.484,990.97,618.4,,,,616.51,,49.238,501.93,,,,,,,,,,,,
2012-05-28,632.36,794.66,7.9512,81.468,992.17,621.96,,,,616.55,,49.776,506.39,,,,,,,,,,,,
2012-05-29,632.62,791.88,7.948,81.487,990.65,620.76,,,,616.56,,49.935,506.77,,,,,,,,,,,,
2012-05-30,632.97,789.22,7.9604,81.526,989.14,621.29,,,,618.07,,49.9,509.21,,,,,,,,,,,,
2012-05-31,633.55,783.51,8.0293,81.583,980.1,614.13,,,,615.1,,50.246,517.43,,,,,,,,,,,,
2012-06-01,633.08,781.51,8.0686,81.549,974.18,613.99,,,,611.91,,50.307,526.05,,,,,,,,,,,,
2012-06-05,632.25,792.3,8.0687,81.487,973.48,616.19,,,,609.4,,50.434,527.52,,,,,,,,,,,,
2012-06-06,632.61,788.42,8.0462,81.535,973.14,618.82,,,,610.22,,50.329,519.77,,,,,,,,,,,,
2012-06-07,631.7,794.27,7.9757,81.419,977.84,625.54,,,,614.11,,50.015,510.12,,,,,,,,,,,,
2012-06-08,631.88,792.22,7.9495,81.446,980.05,623.35,,,,613.59,,50.055,512.02,,,,,,,,,,,,
2012-06-11,631.69,798.39,7.9329,81.426,982.53,630.71,,,,618.58,,50.097,512.32,,,,,,,,,,,,
2012-06-12,632.92,790.11,7.978,81.574,980.27,625.42,,,,614.01,,50.3,516.72,,,,,,,,,,,,
2012-06-13,632.71,790.6,7.9492,81.556,984.5,629.01,,,,616.02,,50.281,518.82,,,,,,,,,,,,
2012-06-14,631.91,793.62,7.9687,81.446,980.16,628.18,,,,614.22,,50.2,512.63,,,,,,,,,,,,
2012-06-15,630.89,795.96,7.9509,81.312,980.4,631.36,,,,616.28,,50.366,513.0,,,,,,,,,,,,
2012-06-18,630.05,801.05,7.9557,81.2,990.25,637.77,,,,618.12,,49.828,511.22,,,,,,,,,,,,
2012-06-19,630.16,794.19,7.9811,81.217,988.72,637.72,,,,616.53,,50.054,512.95,,,,,,,,,,,,
2012-06-20,630.04,797.88,7.9612,81.199,990.3,640.78,,,,618.05,,50.148,512.52,,,,,,,,,,,,
2012-06-21,630.4,798.65,7.9408,81.245,989.48,642.22,,,,617.86,,50.195,515.76,,,,,,,,,,,,
2012-06-25,632.3,792.78,7.84,81.475,985.34,634.04,,,,616.07,,50.646,525.15,,,,,,,,,,,,
2012-06-26,632.11,791.12,7.9395,81.462,984.57,633.53,,,,614.71,,50.522,524.29,,,,,,,,,,,,
2012-06-27,631.73,788.49,7.9604,81.421,987.08,634.76,,,,616.44,,50.421,518.98,,,,,,,,,,,,
2012-06-28,631.9,789.4,7.9368,81.445,984.75,639.29,,,,617.39,,50.38,520.94,,,,,,,,,,,,
2012-06-29,632.49,787.1,7.9648,81.522,981.69,634.74,,,,612.23,,50.535,523.34,,,,,,,,,,,,
2012-07-02,631.46,797.69,7.919,81.401,988.65,645.73,,,,619.69,,50.035,511.1,,,,,,,,,,,,
2012-07-03,631.78,794.97,7.9481,81.447,991.33,647.57,,,,621.46,,50.032,516.36,,,,,,,,,,,,
2012-07-04,631.21,794.76,7.9146,81.401,989.61,649.07,,,,623.29,,49.797,509.14,,,,,,,,,,,,
2012-07-05,631.93,791.65,7.9085,81.493,985.12,649.06,,,,623.7,,49.947,511.3,,,,,,,,,,,,
2012-07-06,632.49,783.56,7.9419,81.564,982.0,649.88,,,,623.39,,49.943,513.99,,,,,,,,,,,,
2012-07-09,632.93,777.59,7.9617,81.624,980.09,645.84,,,,621.01,,50.367,519.48,,,,,,,,,,,,
2012-07-10,631.95,777.46,7.9575,81.493,980.6,644.37,,,,619.68,,50.301,519.49,,,,,,,,,,,,
2012-07-11,632.09,774.41,7.9728,81.512,980.75,643.56,,,,617.88,,50.336,519.92,,,,,,,,,,,,
2012-07-12,632.15,773.4,7.9419,81.52,980.28,647.32,,,,619.69,,50.296,516.5,,,,,,,,,,,,
2012-07-13,632.47,771.14,7.9825,81.537,975.36,640.57,,,,619.95,,50.414,516.46,,,,,,,,,,,,
2012-07-16,632.08,773.63,7.9838,81.489,984.34,646.27,,,,622.98,,50.251,513.98,,,,,,,,,,,,
2012-07-17,631.67,775.6,8.0102,81.437,988.34,647.75,,,,622.76,,50.137,513.52,,,,,,,,,,,,
2012-07-18,631.4,776.4,7.9855,81.406,988.8,651.42,,,,623.85,,49.981,511.6,,,,,,,,,,,,
2012-07-19,631.26,775.53,8.021,81.386,988.43,654.84,,,,625.38,,49.935,509.57,,,,,,,,,,,,
2012-07-20,631.12,773.22,8.0155,81.374,990.92,656.9,,,,625.68,,49.941,503.86,,,,,,,,,,,,
2012-07-23,632.7,767.62,8.0547,81.569,986.57,653.93,,,,623.6,,50.158,506.63,,,,,,,,,,,,
2012-07-24,633.39,768.08,8.0786,81.652,983.08,650.84,,,,622.01,,50.218,514.94,,,,,,,,,,,,
2012-07-25,634.29,764.73,8.113,81.759,982.71,646.94,,,,620.21,,50.317,518.07,,,,,,,,,,,,
2012-07-26,633.81,769.13,8.1116,81.697,981.26,652.92,,,,623.71,,50.044,514.87,,,,,,,,,,,,
2012-07-27,633.25,777.41,8.0879,81.624,992.75,657.82,,,,626.92,,49.938,509.83,,,,,,,,,,,,
2012-07-30,633.03,778.34,8.0708,81.61,995.57,662.31,,,,629.94,,49.845,505.86,,,,,,,,,,,,
2012-07-31,633.2,776.27,8.1028,81.649,994.79,664.35,,,,632.25,,49.736,507.17,,,,,,,,,,,,
2012-08-01,633.05,778.37,8.1064,81.641,992.05,664.2,,,,631.09,,49.364,508.14,,,,,,,,,,,,
2012-08-02,633.92,775.25,8.077,81.744,984.29,662.41,,,,630.58,,49.386,510.65,,,,,,,,,,,,
2012-08-03,634.21,771.96,8.122,81.786,984.01,663.54,,,,630.05,,49.55,513.34,,,,,,,,,,,,
2012-08-06,633.53,786.56,8.0614,81.7,991.03,669.23,,,,633.21,,48.634,504.19,,,,,,,,,,,,
2012-08-07,633.32,784.72,8.1017,81.663,987.22,668.88,,,,632.81,,48.748,497.76,,,,,,,,,,,,
2012-08-08,633.78,785.41,8.0598,81.727,989.77,668.16,,,,635.5,,48.691,497.97,,,,,,,,,,,,
2012-08-09,633.87,784.38,8.0816,81.73,993.62,669.34,,,,637.22,,48.678,497.26,,,,,,,,,,,,
2012-08-10,634.47,780.05,8.0719,81.805,991.87,670.41,,,,639.72,,48.984,499.08,,,,,,,,,,,,
2012-08-13,634.56,778.57,8.1051,81.81,994.17,669.3,,,,639.87,,49.164,501.69,,,,,,,,,,,,
2012-08-14,634.43,782.92,8.0887,81.79,995.29,667.55,,,,639.61,,49.306,502.01,,,,,,,,,,,,
2012-08-15,634.82,782.57,8.0501,81.842,994.89,664.94,,,,639.68,,48.739,501.48,,,,,,,,,,,,
2012-08-16,634.95,781.02,8.0314,81.854,995.98,667.17,,,,642.14,,49.177,501.29,,,,,,,,,,,,
2012-08-17,634.49,783.88,8.0054,81.797,998.05,666.98,,,,643.11,,49.255,501.37,,,,,,,,,,,,
2012-08-20,634.78,782.65,7.9843,81.838,995.72,662.81,,,,642.1,,49.357,504.59,,,,,,,,,,,,
2012-08-21,634.18,783.37,7.9935,81.758,996.3,663.07,,,,641.49,,49.366,504.92,,,,,,,,,,,,
2012-08-22,633.48,789.79,7.985,81.67,999.25,662.72,,,,639.81,,49.298,500.62,,,,,,,,,,,,
2012-08-23,633.16,793.38,8.0586,81.632,1005.96,665.04,,,,639.1,,49.133,501.72,,,,,,,,,,,,
2012-08-24,633.05,794.83,8.0514,81.615,1003.8,660.14,,,,636.74,,48.927,500.22,,,,,,,,,,,,
2012-08-27,633.92,793.26,8.0375,81.729,1002.39,660.23,,,,639.68,,49.057,501.76,,,,,,,,,,,,
2012-08-28,634.11,792.16,8.0556,81.756,999.64,656.68,,,,639.93,,49.151,502.8,,,,,,,,,,,,
2012-08-29,633.91,796.16,8.0556,81.733,1002.85,657.11,,,,641.54,,49.225,504.62,,,,,,,,,,,,
2012-08-30,634.35,794.87,8.0497,81.786,1003.8,654.87,,,,640.56,,49.249,507.57,,,,,,,,,,,,
2012-08-31,634.49,793.78,8.0696,81.803,1001.51,652.7,,,,638.96,,49.241,512.82,,,,,,,,,,,,
2012-09-03,634.15,796.84,8.1011,81.758,1005.64,650.7,,,,642.4,,49.195,509.28,,,,,,,,,,,,
2012-09-04,634.02,798.33,8.094,81.74,1006.86,648.48,,,,642.7,,49.042,509.44,,,,,,,,,,,,
2012-09-05,634.6,795.25,8.0859,81.816,1007.02,647.86,,,,643.48,,49.072,509.59,,,,,,,,,,,,
2012-09-06,634.39,799.36,8.0864,81.786,1008.81,646.51,,,,640.22,,49.121,508.57,,,,,,,,,,,,
2012-09-07,634.12,801.05,8.0394,81.755,1009.96,652.54,,,,645.09,,49.048,503.74,,,,,,,,,,,,
2012-09-10,633.75,810.47,8.0983,81.711,1014.48,656.66,,,,647.51,,48.987,499.59,,,,,,,,,,,,
2012-09-11,633.91,809.22,8.1052,81.739,1013.88,655.05,,,,648.9,,48.972,499.35,,,,,,,,,,,,
2012-09-12,633.55,814.4,8.1397,81.703,1018.08,662.09,,,,651.33,,48.672,497.34,,,,,,,,,,,,
2012-09-13,633.38,817.79,8.1395,81.675,1020.38,663.5,,,,649.02,,48.607,496.76,,,,,,,,,,,,
2012-09-14,633.17,822.46,8.155,81.654,1022.95,667.58,,,,653.97,,48.31,491.62,,,,,,,,,,,,
2012-09-17,632.95,829.89,8.1029,81.651,1026.46,666.72,,,,652.22,,47.989,482.29,,,,,,,,,,,,
2012-09-18,633.53,829.7,8.0516,81.721,1028.38,662.26,,,,649.77,,48.283,485.42,,,,,,,,,,,,
2012-09-19,633.92,826.6,8.0492,81.769,1029.3,661.69,,,,649.97,,48.369,489.12,,,,,,,,,,,,
2012-09-20,633.8,827.2,8.0775,81.75,1028.37,663.18,,,,649.88,,48.229,492.87,,,,,,,,,,,,
2012-09-21,634.26,822.86,8.0952,81.805,1028.86,663.21,,,,650.26,,48.266,492.63,,,,,,,,,,,,
2012-09-24,634.11,823.01,8.1156,81.786,1029.22,661.73,,,,648.44,,48.148,490.54,,,,,,,,,,,,
2012-09-25,634.3,820.69,8.1424,81.815,1029.15,661.29,,,,647.74,,48.429,492.08,,,,,,,,,,,,
2012-09-26,634.43,818.64,8.1543,81.824,1027.71,657.97,,,,646.78,,48.433,492.39,,,,,,,,,,,,
2012-09-27,634.59,816.69,8.164,81.841,1026.58,657.82,,,,644.58,,48.526,495.02,,,,,,,,,,,,
2012-09-28,634.1,818.85,8.1684,81.782,1029.24,662.32,,,,646.58,,48.372,490.1,,,,,,,,,,,,
2012-10-08,634.26,825.2,8.0445,81.808,1022.59,645.33,,,,648.96,,48.377,491.03,,,,,,,,,,,,
2012-10-09,634.41,823.72,8.091,81.833,1017.05,649.1,,,,650.28,,48.257,493.1,,,,,,,,,,,,
2012-10-10,634.49,816.3,8.1034,81.843,1014.8,647.08,,,,648.0,,48.437,493.23,,,,,,,,,,,,
2012-10-11,633.91,814.23,8.117,81.766,1013.94,650.68,,,,645.1,,48.491,493.33,,,,,,,,,,,,
2012-10-12,632.64,818.6,8.0627,81.606,1015.04,649.75,,,,646.77,,48.536,492.53,,,,,,,,,,,,
2012-10-15,631.12,814.18,8.0434,81.415,1012.13,644.34,,,,643.38,,48.726,493.85,,,,,,,,,,,,
2012-10-16,631.06,818.45,7.9914,81.414,1014.62,647.75,,,,642.73,,48.632,492.85,,,,,,,,,,,,
2012-10-17,630.28,825.45,7.9879,81.315,1016.39,649.69,,,,638.97,,48.521,490.44,,,,,,,,,,,,
2012-10-18,630.21,825.98,7.9534,81.3,1016.47,653.87,,,,643.83,,48.3,489.83,,,,,,,,,,,,
2012-10-19,630.52,824.0,7.9316,81.352,1012.68,654.2,,,,640.19,,48.561,490.13,,,,,,,,,,,,
2012-10-22,630.71,822.04,7.9403,81.378,1009.58,650.64,,,,634.55,,48.582,491.89,,,,,,,,,,,,
2012-10-23,630.78,823.99,7.8738,81.386,1010.32,651.25,,,,635.51,,48.562,494.88,,,,,,,,,,,,
2012-10-24,630.81,818.76,7.8875,81.393,1005.76,648.95,,,,635.7,,48.743,499.84,,,,,,,,,,,,
2012-10-25,630.47,818.0,7.8859,81.347,1011.05,653.29,,,,634.59,,48.572,501.34,,,,,,,,,,,,
2012-10-26,630.1,815.51,7.8449,81.301,1015.63,652.09,,,,633.46,,48.403,500.85,,,,,,,,,,,,
2012-10-29,629.92,813.89,7.8968,81.275,1013.01,652.12,,,,630.36,,48.493,500.31,,,,,,,,,,,,
2012-10-30,630.28,813.98,7.875,81.323,1010.28,651.61,,,,629.84,,48.803,502.81,,,,,,,,,,,,
2012-10-31,630.02,816.54,7.8947,81.291,1012.76,654.37,,,,630.37,,48.642,501.36,,,,,,,,,,,,
2012-11-01,630.17,816.92,7.8727,81.311,1016.34,654.24,,,,630.3,,48.625,499.83,,,,,,,,,,,,
2012-11-02,630.45,815.52,7.8399,81.347,1016.66,655.95,,,,632.66,,48.584,500.02,,,,,,,,,,,,
2012-11-05,630.82,809.44,7.8224,81.395,1010.57,653.12,,,,633.8,,48.765,502.57,,,,,,,,,,,,
2012-11-06,630.78,807.05,7.8518,81.389,1008.02,654.34,,,,633.0,,48.756,504.48,,,,,,,,,,,,
2012-11-07,630.67,806.66,7.8362,81.372,1007.53,657.38,,,,635.31,,48.777,502.0,,,,,,,,,,,,
2012-11-08,630.6,804.42,7.8739,81.364,1007.64,657.31,,,,632.66,,48.741,503.76,,,,,,,,,,,,
2012-11-09,630.12,802.62,7.9144,81.294,1006.52,654.54,,,,629.62,,48.824,503.65,,,,,,,,,,,,
2012-11-12,629.2,800.44,7.9151,81.177,1000.3,653.99,,,,628.98,,48.814,504.12,,,,,,,,,,,,
2012-11-13,628.91,798.87,7.8874,81.143,997.77,654.95,,,,628.82,,48.936,506.2,,,,,,,,,,,,
2012-11-14,628.81,799.25,7.8948,81.133,998.33,656.92,,,,627.71,,48.88,503.91,,,,,,,,,,,,
2012-11-15,629.05,800.43,7.8177,81.16,996.42,651.35,,,,626.58,,48.821,507.62,,,,,,,,,,,,
2012-11-16,629.45,803.97,7.738,81.201,998.24,650.44,,,,628.92,,48.883,506.4,,,,,,,,,,,,
2012-11-19,629.75,802.96,7.71,81.241,1000.96,652.42,,,,629.0,,48.862,507.15,,,,,,,,,,,,
2012-11-20,629.26,804.23,7.714,81.174,1000.27,654.97,,,,631.5,,48.737,502.24,,,,,,,,,,,,
2012-11-21,629.08,806.01,7.675,81.167,1001.68,653.33,,,,631.45,,48.84,500.88,,,,,,,,,,,,
2012-11-22,629.18,808.84,7.6131,81.176,1004.64,653.25,,,,631.74,,48.594,498.87,,,,,,,,,,,,
2012-11-23,629.06,809.82,7.6181,81.161,1002.63,653.03,,,,630.45,,48.856,498.72,,,,,,,,,,,,
2012-11-26,628.84,815.13,7.5964,81.137,1008.03,657.67,,,,633.4,,48.721,496.4,,,,,,,,,,,,
2012-11-27,628.52,816.73,7.6497,81.098,1007.86,659.0,,,,633.21,,48.742,496.25,,,,,,,,,,,,
2012-11-28,629.02,813.79,7.6379,81.162,1007.63,656.85,,,,632.63,,48.651,497.03,,,,,,,,,,,,
2012-11-29,629.1,814.21,7.6407,81.173,1007.38,658.51,,,,634.24,,48.632,496.49,,,,,,,,,,,,
2012-11-30,628.92,816.18,7.641,81.15,1008.85,655.81,,,,633.58,,48.634,494.76,,,,,,,,,,,,
2012-12-03,629.08,817.71,7.607,81.171,1008.1,654.18,,,,633.13,,48.517,494.31,,,,,,,,,,,,
2012-12-04,628.85,811.68,7.6359,80.258,1000.86,648.28,,,,625.19,,48.512,494.72,,,,,,,,,,,,
2012-12-05,628.71,823.83,7.6595,81.123,1012.41,658.39,,,,633.4,,48.567,493.85,,,,,,,,,,,,
2012-12-06,629.11,822.09,7.6171,81.175,1012.58,658.87,,,,634.12,,48.568,493.32,,,,,,,,,,,,
2012-12-07,629.3,815.98,7.6151,81.199,1010.09,659.66,,,,634.82,,48.653,493.27,,,,,,,,,,,,
2012-12-10,629.22,812.1,7.6074,81.189,1008.36,659.58,,,,637.41,,48.728,493.34,,,,,,,,,,,,
2012-12-11,629.06,814.16,7.6175,81.169,1010.96,658.97,,,,637.41,,48.792,491.92,,,,,,,,,,,,
2012-12-12,628.83,817.82,7.6038,81.139,1013.23,662.38,,,,637.6,,48.688,490.62,,,,,,,,,,,,
2012-12-13,628.87,821.96,7.5313,81.144,1014.87,663.3,,,,638.8,,48.6,488.1,,,,,,,,,,,,
2012-12-14,629.23,822.5,7.5014,81.19,1013.5,661.6,,,,638.84,,48.766,491.5,,,,,,,,,,,,
2012-12-17,628.92,827.69,7.472,81.15,1016.62,663.51,,,,637.69,,48.729,490.08,,,,,,,,,,,,
2012-12-18,628.8,827.85,7.4834,81.135,1018.78,663.54,,,,639.28,,48.775,495.58,,,,,,,,,,,,
2012-12-19,628.65,831.48,7.4434,81.116,1021.65,660.99,,,,637.38,,48.691,492.15,,,,,,,,,,,,
2012-12-20,628.77,832.65,7.493,81.131,1021.88,658.67,,,,635.76,,48.873,492.64,,,,,,,,,,,,
2012-12-21,628.81,831.7,7.4409,81.136,1022.98,658.49,,,,636.45,,48.812,491.73,,,,,,,,,,,,
2012-12-24,629.13,828.72,7.4329,81.178,1016.11,653.7,,,,632.7,,48.937,493.36,,,,,,,,,,,,
2012-12-25,629.31,829.65,7.405,81.197,1015.2,652.25,,,,633.78,,48.898,489.92,,,,,,,,,,,,
2012-12-26,629.43,829.87,7.3742,81.212,1015.43,652.56,,,,634.7,,48.946,491.02,,,,,,,,,,,,
2012-12-27,629.49,832.94,7.3337,81.217,1015.75,652.66,,,,633.74,,48.931,488.3,,,,,,,,,,,,
2012-12-28,628.96,832.99,7.2634,81.137,1013.35,652.36,,,,632.34,,48.834,483.84,,,,,,,,,,,,
2012-12-31,628.55,831.76,7.3049,81.085,1016.11,653.63,,,,631.84,,48.865,485.28,,,,,,,,,,,,
2013-01-04,628.97,819.83,7.1769,81.145,1011.26,657.9,,,,636.58,,48.566,484.98,,,,,,,,,,,,
2013-01-07,628.72,820.17,7.1235,81.114,1008.72,658.99,,,,636.68,,48.515,486.62,,,,,,,,,,,,
2013-01-08,628.04,823.77,7.1702,81.025,1012.02,659.32,,,,636.99,,48.535,486.72,,,,,,,,,,,,
2013-01-09,628.14,820.88,7.1985,81.036,1007.79,658.95,,,,636.28,,48.616,486.06,,,,,,,,,,,,
2013-01-10,627.93,819.95,7.115,81.004,1005.44,659.36,,,,635.69,,48.57,485.7,,,,,,,,,,,,
2013-01-11,627.12,831.87,7.0425,80.904,1013.27,663.84,,,,637.9,,48.277,483.64,,,,,,,,,,,,
2013-01-14,626.95,837.73,6.9928,80.871,1011.02,659.93,,,,636.56,,48.336,486.24,,,,,,,,,,,,
2013-01-15,626.91,838.93,6.9876,80.864,1008.2,662.17,,,,637.36,,48.19,484.99,,,,,,,,,,,,
2013-01-16,627.45,834.67,7.0592,80.934,1008.44,663.09,,,,637.52,,48.21,486.55,,,,,,,,,,,,
2013-01-17,627.67,834.96,7.128,80.964,1004.68,662.22,,,,636.65,,48.261,486.37,,,,,,,,,,,,
2013-01-18,627.52,839.03,6.9657,80.944,1002.68,661.69,,,,636.46,,48.178,484.54,,,,,,,,,,,,
2013-01-21,627.9,835.36,6.9672,80.991,995.47,659.26,,,,632.71,,48.185,485.9,,,,,,,,,,,,
2013-01-22,627.96,835.5,6.9853,80.991,994.19,660.21,,,,632.39,,48.537,485.22,,,,,,,,,,,,
2013-01-23,627.62,835.71,7.068,80.948,993.9,662.36,,,,632.62,,48.559,484.88,,,,,,,,,,,,
2013-01-24,627.83,835.27,7.0698,80.978,993.48,660.76,,,,627.86,,48.617,484.01,,,,,,,,,,,,
2013-01-25,628.05,839.51,6.9214,81.005,991.0,655.9,,,,626.36,,48.816,482.37,,,,,,,,,,,,
2013-01-28,628.18,845.53,6.8796,81.007,991.08,654.75,,,,623.32,,48.666,482.96,,,,,,,,,,,,
2013-01-29,628.51,845.28,6.9197,81.02,986.67,655.47,,,,624.73,,49.087,483.73,,,,,,,,,,,,
2013-01-30,628.06,847.22,6.9055,80.952,989.48,657.08,,,,627.28,,49.054,480.04,,,,,,,,,,,,
2013-01-31,627.95,851.97,6.8802,80.941,991.94,654.48,,,,626.42,,49.343,481.79,,,,,,,,,,,,
2013-02-01,628.19,855.09,6.8282,81.011,997.06,655.86,,,,630.18,,49.666,481.21,,,,,,,,,,,,
2013-02-04,628.6,857.72,6.763,81.043,986.78,654.59,,,,630.21,,49.269,478.89,,,,,,,,,,,,
2013-02-05,628.5,848.13,6.7941,81.048,989.89,656.59,,,,629.63,,49.434,481.32,,,,,,,,,,,,
2013-02-06,628.81,854.21,6.7038,81.094,984.69,652.04,,,,631.43,,49.289,479.87,,,,,,,,,,,,
2013-02-07,628.98,849.85,6.712,81.12,984.29,647.98,,,,631.41,,49.485,480.74,,,,,,,,,,,,
2013-02-18,628.16,837.97,6.6791,81.005,972.89,646.6,,,,623.95,,49.416,482.47,,,,,,,,,,,,
2013-02-19,628.21,838.31,6.6836,81.011,971.84,648.78,,,,621.71,,49.474,481.98,,,,,,,,,,,,
2013-02-20,628.04,842.48,6.6927,80.991,969.19,649.8,,,,620.84,,49.466,480.95,,,,,,,,,,,,
2013-02-21,628.46,834.88,6.6888,81.041,957.33,644.2,,,,618.08,,49.393,483.53,,,,,,,,,,,,
2013-02-22,628.71,829.24,6.7275,81.065,958.78,646.09,,,,617.5,,49.592,487.16,,,,,,,,,,,,
2013-02-25,628.92,829.39,6.6714,81.08,951.56,647.32,,,,614.9,,49.477,486.37,,,,,,,,,,,,
2013-02-26,628.56,822.31,6.776,81.036,952.83,645.72,,,,612.75,,49.492,488.78,,,,,,,,,,,,
2013-02-27,628.42,820.53,6.8104,80.996,950.86,642.47,,,,612.44,,49.492,490.21,,,,,,,,,,,,
2013-02-28,627.79,825.51,6.7884,80.934,951.98,643.39,,,,613.77,,49.411,488.87,,,,,,,,,,,,
2013-03-01,627.98,820.49,6.7509,80.972,952.52,641.45,,,,609.54,,49.438,490.7,,,,,,,,,,,,
2013-03-04,628.22,817.28,6.6989,81.009,944.4,639.81,,,,610.9,,49.606,491.59,,,,,,,,,,,,
2013-03-05,627.97,818.06,6.7096,80.968,949.84,641.13,,,,611.82,,49.55,492.46,,,,,,,,,,,,
2013-03-06,627.45,819.17,6.7163,80.9,949.71,644.77,,,,611.37,,49.574,490.92,,,,,,,,,,,,
2013-03-07,627.85,814.79,6.6642,80.948,940.96,642.13,,,,607.97,,49.716,493.1,,,,,,,,,,,,
2013-03-08,627.19,821.65,6.6029,80.857,941.79,643.53,,,,608.95,,49.637,491.5,,,,,,,,,,,,
2013-03-11,627.69,815.4,6.5175,80.923,935.82,641.19,,,,610.33,,49.721,493.86,,,,,,,,,,,,
2013-03-12,627.46,817.61,6.4838,80.89,935.26,644.93,,,,611.23,,49.699,492.81,,,,,,,,,,,,
2013-03-13,627.26,817.23,6.5283,80.863,934.9,647.65,,,,611.45,,49.61,492.39,,,,,,,,,,,,
2013-03-14,627.52,813.61,6.5259,80.884,937.39,650.27,,,,610.93,,49.71,494.29,,,,,,,,,,,,
2013-03-15,627.23,815.71,6.5117,80.852,945.89,650.47,,,,613.31,,49.82,493.43,,,,,,,,,,,,
2013-03-18,627.41,809.89,6.6002,80.845,946.26,649.78,,,,612.73,,50.079,493.22,,,,,,,,,,,,
2013-03-19,627.58,813.12,6.5582,80.859,947.93,652.84,,,,614.16,,49.973,494.36,,,,,,,,,,,,
2013-03-20,627.16,807.25,6.5962,80.805,947.33,649.99,,,,610.73,,50.009,497.08,,,,,,,,,,,,
2013-03-21,627.31,811.39,6.5298,80.815,947.61,650.96,,,,611.62,,49.874,495.41,,,,,,,,,,,,
2013-03-22,627.11,809.63,6.5888,80.783,952.11,654.23,,,,612.26,,49.924,496.38,,,,,,,,,,,,
2013-03-25,626.92,817.03,6.5955,80.76,956.18,654.72,,,,613.21,,49.63,493.99,,,,,,,,,,,,
2013-03-26,627.15,806.55,6.6539,80.799,951.83,656.19,,,,613.95,,49.605,496.51,,,,,,,,,,,,
2013-03-27,627.27,806.98,6.6163,80.841,951.07,657.28,,,,617.15,,49.533,495.58,,,,,,,,,,,,
2013-03-28,627.42,801.84,6.6334,80.824,949.85,655.56,,,,617.54,,49.561,490.22,,,,,,,,,,,,
2013-03-29,626.89,803.83,6.6486,80.757,953.69,653.0,,,,617.11,,48.989,499.04,,,,,,,,,,,,
2013-04-01,626.74,801.66,6.6336,80.734,951.92,652.44,,,,615.9,,49.527,498.84,,,,,,,,,,,,
2013-04-02,625.86,805.29,6.7192,80.622,953.69,653.52,,,,615.94,,49.387,498.94,,,,,,,,,,,,
2013-04-03,626.09,802.18,6.6802,80.659,945.33,654.92,,,,617.17,,49.553,503.76,,,,,,,,,,,,
2013-04-08,626.5,813.79,6.3449,80.688,960.86,649.84,,,,615.97,,49.02,506.39,,,,,,,,,,,,
2013-04-09,626.39,818.0,6.2949,80.683,956.25,653.14,,,,616.01,,48.955,501.38,,,,,,,,,,,,
2013-04-10,625.48,818.16,6.3023,80.574,958.11,654.0,,,,615.36,,48.763,499.08,,,,,,,,,,,,
2013-04-11,625.78,816.67,6.2647,80.621,958.95,656.8,,,,616.5,,48.642,497.36,,,,,,,,,,,,
2013-04-12,625.06,819.48,6.2615,80.533,962.09,657.65,,,,618.75,,48.735,497.14,,,,,,,,,,,,
2013-04-15,624.54,818.37,6.3303,80.462,959.82,656.37,,,,616.13,,48.767,500.37,,,,,,,,,,,,
2013-04-16,624.08,814.14,6.4372,80.399,954.16,644.43,,,,609.57,,49.048,507.07,,,,,,,,,,,,
2013-04-17,623.42,821.45,6.3557,80.316,957.39,645.97,,,,609.94,,48.902,504.66,,,,,,,,,,,,
2013-04-18,624.16,813.56,6.3574,80.402,951.38,640.89,,,,608.05,,48.862,514.36,,,,,,,,,,,,
2013-04-19,623.95,814.44,6.3355,80.367,953.02,640.49,,,,608.26,,48.901,509.45,,,,,,,,,,,,
2013-04-22,624.15,815.3,6.2437,80.39,949.33,640.24,,,,608.42,,48.859,510.17,,,,,,,,,,,,
2013-04-23,623.6,814.39,6.2782,80.32,953.55,639.31,,,,608.0,,49.107,509.23,,,,,,,,,,,,
2013-04-24,623.84,811.09,6.2513,80.347,950.36,639.51,,,,607.62,,49.159,510.07,,,,,,,,,,,,
2013-04-25,623.0,811.43,6.2536,80.24,952.57,640.09,,,,607.66,,49.183,507.86,,,,,,,,,,,,
2013-04-26,622.08,809.17,6.2675,80.119,960.68,640.41,,,,610.03,,48.903,503.29,,,,,,,,,,,,
2013-05-02,620.82,817.84,6.3807,80.005,966.03,636.75,,,,615.92,,49.383,506.38,,,,,,,,,,,,
2013-05-03,621.52,812.33,6.3337,80.095,965.66,636.49,,,,615.15,,49.207,506.38,,,,,,,,,,,,
2013-05-06,621.14,815.56,6.2685,80.055,968.14,638.75,,,,616.42,,48.559,503.93,,,,,,,,,,,,
2013-05-07,620.83,811.83,6.2543,80.005,965.02,635.48,,,,616.64,,47.965,501.39,,,,,,,,,,,,
2013-05-08,619.8,810.54,6.2634,79.859,959.45,630.02,,,,616.66,,48.233,503.41,,,,,,,,,,,,
2013-05-09,619.25,814.96,6.2507,79.806,962.41,629.22,,,,617.58,,48.083,505.18,,,,,,,,,,,,
2013-05-10,620.16,807.67,6.1408,79.918,957.65,623.81,,,,615.33,,48.31,506.56,,,,,,,,,,,,
2013-05-13,620.72,804.73,6.0793,79.982,952.59,618.72,,,,613.42,,48.384,509.55,,,,,,,,,,,,
2013-05-14,620.35,807.45,6.0944,79.93,950.69,617.85,,,,614.6,,48.401,509.16,,,,,,,,,,,,
2013-05-15,620.7,803.15,6.0632,79.97,945.64,613.98,,,,609.43,,48.531,508.96,,,,,,,,,,,,
2013-05-16,620.96,800.17,6.064,80.002,946.41,614.31,,,,611.42,,48.693,510.2,,,,,,,,,,,,
2013-05-17,619.97,798.71,6.0534,79.855,947.0,608.58,,,,608.56,,48.696,510.22,,,,,,,,,,,,
2013-05-20,619.98,795.28,6.0212,79.861,940.76,603.52,,,,602.54,,48.912,510.44,,,,,,,,,,,,
2013-05-21,619.11,797.26,6.0363,79.754,943.96,605.83,,,,603.57,,48.898,507.88,,,,,,,,,,,,
2013-05-22,619.04,800.42,6.0243,79.763,938.46,604.3,,,,603.03,,48.989,506.57,,,,,,,,,,,,
2013-05-23,619.47,794.84,5.9797,79.811,930.88,597.37,,,,596.5,,49.194,509.77,,,,,,,,,,,,
2013-05-24,618.67,799.07,6.0378,79.694,933.2,598.21,,,,599.2,,49.31,510.73,,,,,,,,,,,,
2013-05-27,618.11,798.66,6.1169,79.619,935.39,594.73,,,,598.48,,49.109,509.6,,,,,,,,,,,,
2013-05-28,618.18,796.93,6.0765,79.627,931.94,593.09,,,,596.81,,49.235,510.94,,,,,,,,,,,,
2013-05-29,618.56,795.16,6.0365,79.667,929.73,590.84,,,,594.2,,49.558,512.95,,,,,,,,,,,,
2013-05-30,618.2,799.73,6.0982,79.626,934.63,593.29,,,,596.86,,50.013,514.49,,,,,,,,,,,,
2013-05-31,617.96,806.22,6.0997,79.599,941.4,596.25,,,,599.84,,49.939,516.62,,,,,,,,,,,,
2013-06-03,618.06,803.63,6.1434,79.614,940.25,593.75,,,,596.5,,50.298,518.62,,,,,,,,,,,,
2013-06-04,617.35,807.28,6.1935,79.529,946.49,601.52,,,,600.56,,50.177,517.59,,,,,,,,,,,,
2013-06-05,617.57,807.07,6.1494,79.572,944.76,594.48,,,,596.43,,50.261,519.99,,,,,,,,,,,,
2013-06-06,617.37,807.52,6.2099,79.555,949.85,585.14,,,,596.23,,50.278,523.72,,,,,,,,,,,,
2013-06-07,616.2,815.88,6.3246,79.381,960.96,588.39,,,,599.65,,50.093,523.41,,,,,,,,,,,,
2013-06-13,616.12,823.04,6.4521,79.347,966.26,583.45,,,,603.89,,51.2,524.87,,,,,,,,,,,,
2013-06-14,616.07,823.19,6.4781,79.345,967.69,590.56,,,,605.44,,50.751,520.36,,,,,,,,,,,,
2013-06-17,615.98,821.66,6.506,79.371,968.01,590.55,,,,606.25,,50.717,516.55,,,,,,,,,,,,
2013-06-18,616.51,823.9,6.4927,79.454,969.03,588.06,,,,605.19,,51.16,517.63,,,,,,,,,,,,
2013-06-19,616.77,826.26,6.447,79.493,963.98,582.4,,,,602.73,,51.439,520.87,,,,,,,,,,,,
2013-06-20,616.98,820.15,6.4005,79.53,955.12,573.68,,,,600.35,,51.954,526.33,,,,,,,,,,,,
2013-06-21,617.66,816.39,6.338,79.645,957.06,567.84,,,,594.88,,52.186,536.37,,,,,,,,,,,,
2013-06-24,618.07,810.1,6.2741,79.671,951.4,569.99,,,,589.68,,52.189,533.56,,,,,,,,,,,,
2013-06-25,617.67,810.6,6.3147,79.614,954.11,570.85,,,,588.09,,52.044,533.04,,,,,,,,,,,,
2013-06-26,617.79,808.29,6.2924,79.639,952.26,571.45,,,,587.28,,51.723,533.31,,,,,,,,,,,,
2013-06-27,617.97,804.57,6.3188,79.652,947.04,573.16,,,,590.6,,51.748,535.15,,,,,,,,,,,,
2013-06-28,617.87,805.36,6.2607,79.655,942.13,570.61,,,,589.01,,51.573,532.94,,,,,,,,,,,,
2013-07-01,618.05,804.24,6.2131,79.676,939.75,564.43,,,,587.33,,51.539,533.33,,,,,,,,,,,,
2013-07-02,617.73,806.91,6.1921,79.645,940.0,569.83,,,,588.06,,51.333,537.48,,,,,,,,,,,,
2013-07-03,618.03,801.52,6.1297,79.704,936.04,564.16,,,,585.75,,51.607,539.25,,,,,,,,,,,,
2013-07-04,617.55,803.15,6.174,79.644,942.75,560.97,,,,587.81,,51.731,539.4,,,,,,,,,,,,
2013-07-05,617.9,797.06,6.154,79.689,929.72,561.43,,,,587.08,,51.666,547.11,,,,,,,,,,,,
2013-07-08,618.07,792.71,6.088,79.705,919.69,558.54,,,,584.41,,52.031,543.63,,,,,,,,,,,,
2013-07-09,617.3,793.08,6.1031,79.595,921.07,565.31,,,,583.96,,52.013,540.54,,,,,,,,,,,,
2013-07-10,616.52,787.51,6.098,79.484,915.62,565.12,,,,585.41,,51.695,537.33,,,,,,,,,,,,
2013-07-11,615.99,807.04,6.1836,79.416,931.13,567.36,,,,591.62,,51.519,535.0,,,,,,,,,,,,
2013-07-12,616.31,807.27,6.2191,79.458,935.53,565.47,,,,594.03,,51.461,530.13,,,,,,,,,,,,
2013-07-15,616.63,805.29,6.2035,79.484,931.6,558.69,,,,593.37,,51.587,531.16,,,,,,,,,,,,
2013-07-16,616.92,805.94,6.1625,79.518,931.73,561.76,,,,591.37,,51.715,530.12,,,,,,,,,,,,
2013-07-17,616.52,810.2,6.2052,79.47,931.75,568.87,,,,593.32,,51.76,528.38,,,,,,,,,,,,
2013-07-18,617.2,809.74,6.1865,79.562,939.01,568.3,,,,593.01,,51.844,526.21,,,,,,,,,,,,
2013-07-19,617.51,808.35,6.1223,79.598,938.55,565.15,,,,594.33,,51.937,528.49,,,,,,,,,,,,
2013-07-22,617.21,812.56,6.1652,79.562,943.9,568.12,,,,595.99,,51.893,526.01,,,,,,,,,,,,
2013-07-23,617.02,813.82,6.1976,79.53,947.68,570.71,,,,597.08,,51.46,525.89,,,,,,,,,,,,
2013-07-24,616.95,815.58,6.1904,79.529,948.5,572.5,,,,599.24,,51.498,525.75,,,,,,,,,,,,
2013-07-25,617.59,814.94,6.1461,79.611,945.68,563.89,,,,598.76,,51.977,528.35,,,,,,,,,,,,
2013-07-26,617.2,819.21,6.2114,79.562,949.25,569.68,,,,600.01,,52.075,531.37,,,,,,,,,,,,
2013-07-29,617.05,819.91,6.2854,79.55,949.92,570.94,,,,600.94,,52.3,533.9,,,,,,,,,,,,
2013-07-30,617.7,819.04,6.2849,79.632,947.4,566.87,,,,601.87,,52.549,534.35,,,,,,,,,,,,
2013-07-31,617.88,819.25,6.2956,79.672,941.15,557.52,,,,599.62,,52.709,536.41,,,,,,,,,,,,
2013-08-01,617.78,822.05,6.3011,79.659,937.67,552.39,,,,601.33,,52.718,536.75,,,,,,,,,,,,
2013-08-02,618.17,816.32,6.2032,79.701,934.36,551.16,,,,597.38,,52.818,538.2,,,,,,,,,,,,
2013-08-05,617.67,819.68,6.2265,79.637,943.89,548.3,,,,594.08,,52.759,534.72,,,,,,,,,,,,
2013-08-06,617.53,819.31,6.2841,79.61,948.9,549.74,,,,596.62,,52.535,535.93,,,,,,,,,,,,
2013-08-07,617.26,821.05,6.3272,79.58,946.69,553.21,,,,594.78,,52.819,538.32,,,,,,,,,,,,
2013-08-08,617.03,823.03,6.3717,79.547,955.59,555.81,,,,591.85,,52.972,537.61,,,,,,,,,,,,
2013-08-09,616.68,824.96,6.3607,79.509,957.95,560.82,,,,597.01,,52.95,535.13,,,,,,,,,,,,
2013-08-12,616.65,822.15,6.403,79.512,956.45,566.2,,,,599.39,,52.682,536.21,,,,,,,,,,,,
2013-08-13,617.05,820.21,6.3269,79.562,953.47,561.25,,,,598.64,,52.806,538.4,,,,,,,,,,,,
2013-08-14,617.2,818.5,6.2727,79.579,953.36,561.04,,,,596.24,,53.042,539.27,,,,,,,,,,,,
2013-08-15,616.96,818.34,6.2917,79.549,957.31,563.67,,,,597.19,,53.199,539.35,,,,,,,,,,,,
2013-08-16,616.66,823.52,6.3281,79.526,964.46,562.73,,,,598.55,,53.333,535.56,,,,,,,,,,,,
2013-08-19,616.9,822.42,6.3007,79.565,963.81,566.05,,,,596.96,,53.437,536.85,,,,,,,,,,,,
2013-08-20,616.97,822.95,6.305,79.56,965.68,561.31,,,,596.31,,53.547,537.54,,,,,,,,,,,,
2013-08-21,616.75,827.89,6.316,79.532,965.49,557.24,,,,592.94,,53.454,537.24,,,,,,,,,,,,
2013-08-22,616.98,822.9,6.2945,79.558,963.35,551.33,,,,588.1,,53.953,540.14,,,,,,,,,,,,
2013-08-23,617.1,823.49,6.2407,79.569,961.32,555.18,,,,586.32,,53.844,534.89,,,,,,,,,,,,
2013-08-26,616.8,825.8,6.2344,79.534,961.04,555.73,,,,587.23,,53.507,538.35,,,,,,,,,,,,
2013-08-27,616.88,825.48,6.2668,79.54,961.22,553.65,,,,586.92,,54.088,534.67,,,,,,,,,,,,
2013-08-28,616.67,825.38,6.3344,79.504,958.24,559.85,,,,587.98,,54.222,540.41,,,,,,,,,,,,
2013-08-29,616.9,822.45,6.2962,79.545,957.58,551.62,,,,587.92,,54.057,541.17,,,,,,,,,,,,
2013-08-30,617.09,816.93,6.2645,79.569,957.01,550.05,,,,585.64,,53.669,541.61,,,,,,,,,,,,
2013-09-02,617.02,814.07,6.252,79.568,956.75,550.9,,,,585.44,,53.684,538.2,,,,,,,,,,,,
2013-09-03,617.18,814.03,6.1832,79.592,959.78,555.36,,,,585.03,,53.182,543.61,,,,,,,,,,,,
2013-09-04,617.29,812.94,6.1874,79.593,960.63,557.87,,,,585.58,,53.674,545.94,,,,,,,,,,,,
2013-09-05,616.96,814.42,6.1765,79.553,963.75,563.89,,,,588.06,,53.341,543.29,,,,,,,,,,,,
2013-09-06,617.28,809.96,6.1604,79.588,962.59,562.9,,,,588.39,,53.826,544.96,,,,,,,,,,,,
2013-09-09,616.42,812.53,6.1713,79.479,964.17,565.79,,,,592.26,,53.832,543.21,,,,,,,,,,,,
2013-09-10,616.12,816.57,6.1669,79.455,967.03,568.36,,,,593.91,,53.484,540.96,,,,,,,,,,,,
2013-09-11,616.01,817.6,6.1346,79.437,969.41,572.77,,,,595.44,,53.278,537.79,,,,,,,,,,,,
2013-09-12,615.75,820.09,6.1649,79.408,974.55,574.46,,,,597.44,,53.073,534.78,,,,,,,,,,,,
2013-09-13,615.78,818.65,6.1726,79.413,972.81,569.66,,,,596.43,,53.444,526.07,,,,,,,,,,,,
2013-09-16,615.54,822.7,6.2167,79.381,981.66,573.99,,,,597.35,,53.62,529.44,,,,,,,,,,,,
2013-09-17,615.71,820.71,6.1991,79.402,978.79,572.66,,,,596.39,,53.313,526.99,,,,,,,,,,,,
2013-09-18,615.57,821.76,6.1991,79.384,978.85,574.54,,,,597.55,,52.8,525.63,,,,,,,,,,,,
2013-09-23,614.75,831.94,6.1921,79.285,984.65,577.08,,,,596.87,,51.702,519.92,,,,,,,,,,,,
2013-09-24,614.85,829.59,6.216,79.303,985.79,577.84,,,,597.7,,52.195,518.91,,,,,,,,,,,,
2013-09-25,614.97,828.64,6.2224,79.317,983.52,576.6,,,,596.74,,52.485,524.44,,,,,,,,,,,,
2013-09-26,614.77,831.2,6.2419,79.286,988.58,575.6,,,,595.88,,52.461,523.71,,,,,,,,,,,,
2013-09-27,614.95,829.35,6.2107,79.305,986.2,575.42,,,,596.34,,52.4,521.95,,,,,,,,,,,,
2013-09-30,614.8,829.83,6.2793,79.287,993.95,570.84,,,,596.23,,53.068,528.05,,,,,,,,,,,,
2013-10-08,614.15,833.92,6.3452,79.202,988.54,579.66,,,,595.31,,51.905,523.08,,,,,,,,,,,,
2013-10-09,614.3,834.07,6.3208,79.224,988.47,588.22,,,,592.5,,52.117,528.75,,,,,,,,,,,,
2013-10-10,614.52,830.25,6.2953,79.248,980.59,580.43,,,,591.14,,52.043,527.84,,,,,,,,,,,,
2013-10-11,614.58,831.19,6.2471,79.254,981.67,580.3,,,,590.43,,51.924,525.88,,,,,,,,,,,,
2013-10-14,614.06,832.42,6.2452,79.191,980.41,579.56,,,,592.21,,51.92,527.13,,,,,,,,,,,,
2013-10-15,614.12,832.26,6.2216,79.194,980.63,583.72,,,,593.5,,51.933,527.87,,,,,,,,,,,,
2013-10-16,614.08,829.53,6.2271,79.19,980.75,584.7,,,,591.88,,51.809,528.34,,,,,,,,,,,,
2013-10-17,614.31,831.38,6.2039,79.22,980.16,585.52,,,,594.94,,51.635,525.37,,,,,,,,,,,,
2013-10-18,613.72,838.56,6.2503,79.149,990.79,589.78,,,,595.84,,51.503,522.12,,,,,,,,,,,,
2013-10-21,613.52,839.02,6.2509,79.128,991.6,591.0,,,,595.91,,51.826,521.29,,,,,,,,,,,,
2013-10-22,613.95,839.48,6.2404,79.19,990.36,591.48,,,,595.63,,52.133,523.64,,,,,,,,,,,,
2013-10-23,613.3,845.16,6.2411,79.11,995.88,595.91,,,,596.02,,51.745,519.32,,,,,,,,,,,,
2013-10-24,613.35,845.53,6.2826,79.111,991.82,590.07,,,,590.98,,51.708,520.56,,,,,,,,,,,,
2013-10-25,613.33,845.94,6.2929,79.099,992.95,587.76,,,,588.38,,51.627,520.25,,,,,,,,,,,,
2013-10-28,613.36,847.26,6.2757,79.108,992.45,588.02,,,,587.34,,51.233,521.5,,,,,,,,,,,,
2013-10-29,613.73,845.38,6.2769,79.155,987.15,583.97,,,,587.27,,51.372,523.48,,,,,,,,,,,,
2013-10-30,614.12,843.71,6.2409,79.208,985.23,581.29,,,,586.55,,51.532,526.07,,,,,,,,,,,,
2013-10-31,614.25,843.33,6.2332,79.226,984.83,581.74,,,,586.4,,51.572,524.18,,,,,,,,,,,,
2013-11-01,614.52,833.57,6.2476,79.263,984.8,581.14,,,,588.9,,51.876,519.98,,,,,,,,,,,,
2013-11-04,614.82,829.85,6.2188,79.307,979.62,581.97,,,,590.38,,51.82,530.19,,,,,,,,,,,,
2013-11-05,614.47,830.73,6.2244,79.271,981.74,583.87,,,,589.7,,51.824,529.47,,,,,,,,,,,,
2013-11-06,614.75,828.28,6.2268,79.307,986.67,583.01,,,,588.11,,51.938,532.44,,,,,,,,,,,,
2013-11-07,614.5,829.79,6.2146,79.273,987.26,582.09,,,,589.65,,52.008,530.78,,,,,,,,,,,,
2013-11-08,613.55,822.8,6.2497,79.151,987.32,580.61,,,,586.9,,52.053,531.1,,,,,,,,,,,,
2013-11-11,613.9,820.14,6.1864,79.196,983.04,575.02,,,,585.78,,52.219,535.15,,,,,,,,,,,,
2013-11-12,613.6,822.38,6.1746,79.147,980.81,573.1,,,,586.03,,52.401,537.81,,,,,,,,,,,,
2013-11-13,613.42,823.98,6.1493,79.12,974.69,566.69,,,,584.57,,52.506,547.54,,,,,,,,,,,,
2013-11-14,613.15,826.92,6.1697,79.082,984.2,573.89,,,,586.89,,52.335,536.6,,,,,,,,,,,,
2013-11-15,613.51,825.08,6.1122,79.126,985.27,570.58,,,,586.14,,52.244,535.92,,,,,,,,,,,,
2013-11-18,613.32,826.76,6.1072,79.1,988.06,573.8,,,,587.44,,52.286,534.1,,,,,,,,,,,,
2013-11-19,613.17,828.18,6.1333,79.093,987.91,574.27,,,,587.86,,52.228,533.36,,,,,,,,,,,,
2013-11-20,613.05,830.84,6.1136,79.086,988.33,577.37,,,,585.84,,51.931,536.01,,,,,,,,,,,,
2013-11-21,613.66,823.69,6.1043,79.164,987.26,571.36,,,,586.53,,52.251,539.33,,,,,,,,,,,,
2013-11-22,613.8,827.0,6.0532,79.177,993.83,565.88,,,,583.46,,52.511,540.48,,,,,,,,,,,,
2013-11-25,613.42,831.21,6.0463,79.123,995.83,562.41,,,,581.88,,52.531,536.8,,,,,,,,,,,,
2013-11-26,613.57,830.01,6.0398,79.142,991.59,563.17,,,,582.63,,52.597,539.59,,,,,,,,,,,,
2013-11-27,613.3,832.09,6.0446,79.113,993.79,558.65,,,,581.6,,52.666,540.05,,,,,,,,,,,,
2013-11-28,613.43,832.15,5.9976,79.125,998.51,557.66,,,,579.42,,52.899,543.67,,,,,,,,,,,,
2013-11-29,613.25,834.17,5.9844,79.103,1001.93,556.44,,,,579.25,,52.901,543.26,,,,,,,,,,,,
2013-12-02,613.29,833.86,5.9742,79.106,1007.27,558.79,,,,577.11,,52.793,542.87,,,,,,,,,,,,
2013-12-03,613.52,830.86,5.9517,79.14,1003.78,558.3,,,,576.75,,51.838,544.34,,,,,,,,,,,,
2013-12-04,613.0,832.91,5.9722,79.069,1004.31,556.21,,,,576.02,,52.613,545.03,,,,,,,,,,,,
2013-12-05,613.1,833.05,5.9805,79.077,1004.07,552.73,,,,574.36,,52.776,543.61,,,,,,,,,,,,
2013-12-06,612.32,836.77,6.0085,78.969,1000.41,554.51,,,,574.19,,52.76,544.7,,,,,,,,,,,,
2013-12-09,611.3,838.06,5.9325,78.834,998.25,556.79,,,,573.64,,52.757,537.12,,,,,,,,,,,,
2013-12-10,611.14,839.49,5.905,78.823,1003.55,554.47,,,,574.24,,52.645,537.61,,,,,,,,,,,,
2013-12-11,611.0,840.95,5.9291,78.805,1004.88,557.81,,,,576.06,,52.598,537.85,,,,,,,,,,,,
2013-12-12,611.15,841.95,5.9472,78.816,1000.09,552.04,,,,576.94,,52.884,538.68,,,,,,,,,,,,
2013-12-13,611.48,840.57,5.8976,78.863,999.1,545.37,,,,574.81,,53.094,539.12,,,,,,,,,,,,
2013-12-16,611.24,840.24,5.9154,78.836,996.38,546.46,,,,577.32,,53.073,540.28,,,,,,,,,,,,
2013-12-17,611.08,840.39,5.9216,78.813,996.24,545.97,,,,577.17,,53.14,541.15,,,,,,,,,,,,
2013-12-18,611.05,841.32,5.9361,78.823,994.36,544.29,,,,576.14,,53.451,541.97,,,,,,,,,,,,
2013-12-19,611.83,837.38,5.8608,78.918,1002.36,540.26,,,,571.38,,53.582,540.87,,,,,,,,,,,,
2013-12-20,611.96,834.5,5.8542,78.923,1000.92,541.24,,,,573.32,,53.865,542.35,,,,,,,,,,,,
2013-12-23,611.61,837.39,5.8698,78.872,1000.23,545.35,,,,574.77,,54.015,542.08,,,,,,,,,,,,
2013-12-24,611.45,837.14,5.8591,78.858,999.38,544.95,,,,575.81,,54.039,538.07,,,,,,,,,,,,
2013-12-25,611.6,836.39,5.8568,78.867,1000.21,544.95,,,,575.98,,53.859,536.33,,,,,,,,,,,,
2013-12-26,611.56,836.09,5.8325,78.862,1001.43,544.2,,,,574.67,,54.079,537.33,,,,,,,,,,,,
2013-12-27,610.5,836.6,5.8179,78.721,1002.69,542.55,,,,573.56,,54.104,536.76,,,,,,,,,,,,
2013-12-30,610.24,838.84,5.7884,78.693,1005.92,539.64,,,,569.84,,54.145,535.97,,,,,,,,,,,,
2013-12-31,609.69,841.89,5.7771,78.623,1005.56,543.01,,,,572.59,,54.141,539.85,,,,,,,,,,,,
2014-01-02,609.9,839.37,5.7827,78.658,1011.18,542.12,,,,573.21,,53.976,541.34,,,,,,,,,,,,
2014-01-03,610.39,834.13,5.8115,78.72,1004.27,542.46,,,,572.22,,54.199,544.26,,,,,,,,,,,,
2014-01-06,610.59,830.1,5.8216,78.742,1002.1,547.18,,,,574.86,,54.053,545.85,,,,,,,,,,,,
2014-01-07,610.42,831.48,5.8352,78.717,1001.36,545.16,,,,572.17,,54.08,547.38,,,,,,,,,,,,
2014-01-08,610.79,831.07,5.8194,78.769,1000.47,543.56,,,,566.23,,54.021,546.66,,,,,,,,,,,,
2014-01-09,611.09,829.59,5.8163,78.806,1005.3,542.91,,,,564.62,,53.888,546.72,,,,,,,,,,,,
2014-01-10,610.08,830.17,5.8119,78.676,1005.17,542.03,,,,562.23,,53.851,547.06,,,,,,,,,,,,
2014-01-13,609.5,832.79,5.8542,78.601,1004.7,547.57,,,,558.35,,53.602,544.39,,,,,,,,,,,,
2014-01-14,609.3,832.64,5.8901,78.575,998.8,549.81,,,,559.71,,53.749,549.33,,,,,,,,,,,,
2014-01-15,610.05,834.03,5.8403,78.673,1002.5,545.5,,,,557.07,,53.907,549.55,,,,,,,,,,,,
2014-01-16,610.65,830.15,5.816,78.749,998.78,538.29,,,,557.16,,54.179,550.76,,,,,,,,,,,,
2014-01-17,610.41,831.04,5.8383,78.716,997.78,537.37,,,,558.52,,54.201,551.14,,,,,,,,,,,,
2014-01-20,610.83,825.57,5.8534,78.757,1002.25,534.22,,,,557.61,,54.678,553.74,,,,,,,,,,,,
2014-01-21,610.66,827.05,5.8385,78.729,1002.61,537.04,,,,557.02,,54.538,555.48,,,,,,,,,,,,
2014-01-22,610.87,828.86,5.8453,78.752,1007.26,538.85,,,,556.98,,54.783,559.93,,,,,,,,,,,,
2014-01-23,611.07,826.93,5.8233,78.768,1011.81,538.91,,,,550.07,,54.763,559.46,,,,,,,,,,,,
2014-01-24,610.35,835.36,5.8873,78.661,1014.74,534.66,,,,549.3,,54.96,561.76,,,,,,,,,,,,
2014-01-27,610.22,834.75,5.9536,78.594,1005.76,529.49,,,,551.66,,55.077,559.18,,,,,,,,,,,,
2014-01-28,610.53,834.56,5.9367,78.62,1011.92,535.34,,,,549.43,,54.985,571.13,,,,,,,,,,,,
2014-01-29,610.73,833.98,5.9052,78.67,1012.41,536.8,,,,548.43,,54.621,572.17,,,,,,,,,,,,
2014-01-30,610.5,833.88,5.9625,78.625,1010.87,531.38,,,,546.14,,55.037,577.91,,,,,,,,,,,,
2014-02-07,610.89,830.05,5.9732,78.733,997.06,546.07,,,,551.94,,54.517,571.89,,,,,,,,,,,,
2014-02-10,610.83,832.1,5.9468,78.733,1002.31,545.67,,,,553.44,,54.718,568.26,,,,,,,,,,,,
2014-02-11,610.69,835.21,5.9632,78.725,1003.36,547.15,,,,551.51,,54.93,568.08,,,,,,,,,,,,
2014-02-12,610.78,832.62,5.9358,78.747,1004.43,549.42,,,,554.45,,54.669,572.36,,,,,,,,,,,,
2014-02-13,611.0,830.75,5.9483,78.775,1015.08,546.34,,,,554.92,,54.587,573.46,,,,,,,,,,,,
2014-02-14,610.7,835.35,5.9602,78.738,1016.97,548.14,,,,556.5,,54.64,578.23,,,,,,,,,,,,
2014-02-17,610.53,836.7,5.9448,78.722,1023.13,551.38,,,,556.09,,54.216,578.05,,,,,,,,,,,,
2014-02-18,610.73,836.61,5.9679,78.755,1021.14,552.22,,,,557.74,,54.176,580.19,,,,,,,,,,,,
2014-02-19,611.03,840.93,5.9591,78.794,1019.56,549.08,,,,557.71,,54.306,583.52,,,,,,,,,,,,
2014-02-20,611.46,839.6,5.9691,78.84,1019.79,549.79,,,,551.81,,54.201,587.53,,,,,,,,,,,,
2014-02-21,611.76,839.12,5.9624,78.879,1019.22,549.99,,,,550.02,,54.067,587.19,,,,,,,,,,,,
2014-02-24,611.89,840.83,5.9609,78.893,1017.88,548.59,,,,550.51,,54.054,581.61,,,,,,,,,,,,
2014-02-25,611.84,840.21,5.9635,78.862,1018.81,552.17,,,,552.85,,53.625,581.73,,,,,,,,,,,,
2014-02-26,611.92,841.05,5.9863,78.848,1020.68,549.92,,,,551.6,,53.66,583.62,,,,,,,,,,,,
2014-02-27,612.24,837.85,5.9815,78.887,1020.42,546.76,,,,549.83,,53.593,587.19,,,,,,,,,,,,
2014-02-28,612.14,838.97,6.0022,78.878,1021.36,548.45,,,,549.97,,53.501,588.13,,,,,,,,,,,,
2014-03-03,611.9,843.05,6.0391,78.836,1023.83,544.55,,,,553.15,,53.631,587.12,,,,,,,,,,,,
2014-03-04,612.36,841.05,6.0334,78.907,1020.47,547.43,,,,552.82,,53.533,594.31,,,,,,,,,,,,
2014-03-05,612.57,841.58,5.9941,78.929,1020.88,549.74,,,,552.74,,53.318,587.87,,,,,,,,,,,,
2014-03-06,612.49,841.01,5.9841,78.924,1023.96,551.6,,,,555.02,,53.378,587.92,,,,,,,,,,,,
2014-03-07,612.01,848.4,5.9394,78.858,1024.17,556.05,,,,556.58,,53.205,590.23,,,,,,,,,,,,
2014-03-10,613.12,851.29,5.9333,79.004,1026.0,554.15,,,,551.91,,53.446,594.51,,,,,,,,,,,,
2014-03-11,613.27,850.76,5.938,79.021,1020.6,553.13,,,,551.65,,53.462,593.26,,,,,,,,,,,,
2014-03-12,613.43,850.06,5.9597,79.033,1019.21,549.55,,,,552.14,,53.534,594.04,,,,,,,,,,,,
2014-03-13,613.2,852.32,5.967,78.984,1018.62,554.36,,,,552.03,,53.454,594.4,,,,,,,,,,,,
2014-03-14,613.46,850.22,6.0245,79.0,1019.42,554.65,,,,553.59,,53.518,596.2,,,,,,,,,,,,
2014-03-17,613.21,852.64,6.0504,78.954,1019.65,553.24,,,,552.44,,53.421,596.11,,,,,,,,,,,,
2014-03-18,613.41,854.63,6.0276,78.989,1020.87,557.81,,,,555.02,,53.181,588.94,,,,,,,,,,,,
2014-03-19,613.51,854.53,6.0562,79.003,1018.24,560.47,528.99,,,551.27,,53.098,587.36,,,,,,,,,,,,
2014-03-20,614.6,849.53,6.0132,79.144,1016.36,554.28,524.8,,,546.31,,53.177,584.14,,,,,,,,,,,,
2014-03-21,614.75,847.16,6.0225,79.176,1015.08,557.3,525.95,,,546.74,,53.483,584.88,,,,,,,,,,,,
2014-03-24,614.52,847.52,6.0251,79.207,1013.22,559.62,525.7,,,546.94,,53.463,584.45,,,,,,,,,,,,
2014-03-25,614.26,849.95,6.0208,79.18,1013.59,562.26,526.1,,,548.67,,53.499,584.26,,,,,,,,,,,,
2014-03-26,614.4,849.13,6.0151,79.211,1016.16,563.71,527.97,,,550.54,,53.466,574.38,,,,,,,,,,,,
2014-03-27,614.65,847.57,6.0472,79.218,1018.97,567.56,529.38,,,554.21,,53.369,573.59,,,,,,,,,,,,
2014-03-28,614.9,845.06,6.0365,79.257,1021.81,571.78,535.13,,,557.63,,53.108,574.2,,,,,,,,,,,,
2014-03-31,615.21,846.07,5.992,79.305,1023.83,569.65,534.07,,,556.83,,52.757,576.87,,,,,,,,,,,,
2014-04-01,615.03,847.11,5.9761,79.285,1024.7,571.79,534.75,,,556.51,,52.735,566.14,,,,,,,,,,,,
2014-04-02,614.93,848.33,5.9443,79.272,1022.41,569.27,530.57,,,557.51,,52.879,565.95,,,,,,,,,,,,
2014-04-03,615.2,846.85,5.9376,79.311,1022.77,569.04,527.98,,,557.83,,53.007,572.19,,,,,,,,,,,,
2014-04-04,615.57,844.65,5.9387,79.352,1021.54,569.79,527.51,,,557.91,,53.046,573.99,,,,,,,,,,,,
2014-04-08,615.27,845.6,5.9908,79.334,1022.09,571.5,530.91,,,561.02,,52.89,574.06,,,,,,,,,,,,
2014-04-09,614.9,847.73,6.0406,79.302,1029.5,575.41,534.93,,,562.55,,52.409,577.41,,,,,,,,,,,,
2014-04-10,615.1,852.5,6.0336,79.333,1034.08,577.63,537.58,,,565.56,,52.187,575.08,,,,,,,,,,,,
2014-04-11,614.95,854.38,6.0749,79.311,1031.49,578.07,533.24,,,562.16,,52.381,574.03,,,,,,,,,,,,
2014-04-14,615.31,852.11,6.0744,79.358,1029.11,578.92,535.05,,,559.96,,52.45,575.35,,,,,,,,,,,,
2014-04-15,615.71,850.82,6.0646,79.408,1029.96,581.21,535.62,,,561.42,,52.343,578.65,,,,,,,,,,,,
2014-04-16,615.89,850.64,6.0546,79.426,1030.57,576.9,530.17,,,560.28,,52.244,583.58,,,,,,,,,,,,
2014-04-17,615.75,851.8,6.0491,79.409,1036.62,579.24,533.01,,,559.54,,52.074,580.24,,,,,,,,,,,,
2014-04-18,615.86,850.66,6.0304,79.421,1033.91,576.25,529.48,,,559.42,,52.062,571.76,,,,,,,,,,,,
2014-04-21,615.91,850.66,6.0188,79.429,1034.21,575.67,529.69,,,558.8,,52.381,572.99,,,,,,,,,,,,
2014-04-22,616.1,849.69,6.0146,79.456,1034.28,576.37,529.37,,,558.92,,52.534,574.64,,,,,,,,,,,,
2014-04-23,615.99,850.28,6.0171,79.457,1036.46,578.45,531.68,,,558.47,,52.688,574.35,,,,,,,,,,,,
2014-04-24,615.89,851.07,6.0256,79.438,1033.96,573.75,532.63,,,558.4,,52.63,574.09,,,,,,,,,,,,
2014-04-25,615.76,851.5,6.0385,79.419,1034.78,572.24,528.78,,,558.51,,52.801,574.46,,,,,,,,,,,,
2014-04-28,615.65,850.67,6.0505,79.404,1033.21,573.27,529.92,,,557.78,,52.723,578.48,,,,,,,,,,,,
2014-04-29,615.56,852.89,6.0261,79.396,1035.06,570.52,528.16,,,558.36,,52.716,575.6,,,,,,,,,,,,
2014-04-30,615.8,850.33,6.0235,79.425,1036.02,573.07,529.27,,,562.22,,52.502,571.58,,,,,,,,,,,,
2014-05-05,615.6,853.74,6.0495,79.404,1038.89,573.1,535.08,,,560.86,,52.572,574.71,,,,,,,,,,,,
2014-05-06,615.65,854.28,6.0531,79.415,1038.6,572.93,536.4,,,561.75,,52.523,573.61,,,,,,,,,,,,
2014-05-07,615.42,857.56,6.07,79.389,1044.98,576.55,536.67,,,565.18,,52.471,570.63,,,,,,,,,,,,
2014-05-08,615.57,856.29,6.0574,79.403,1043.64,575.52,534.2,,,564.72,,52.479,561.95,,,,,,,,,,,,
2014-05-09,615.81,852.13,6.0755,79.442,1042.47,577.29,532.94,,,568.61,,52.08,564.72,,,,,,,,,,,,
2014-05-12,616.25,847.5,6.0556,79.499,1038.44,577.66,532.67,,,565.47,,52.125,566.97,,,,,,,,,,,,
2014-05-13,616.36,848.45,6.0445,79.513,1040.38,577.91,532.92,,,565.57,,52.238,563.09,,,,,,,,,,,,
2014-05-14,616.53,844.68,6.0531,79.535,1037.68,578.8,533.55,,,565.21,,52.163,560.84,,,,,,,,,,,,
2014-05-15,616.4,845.55,6.0685,79.519,1033.67,578.35,535.0,,,566.13,,52.027,559.51,,,,,,,,,,,,
2014-05-16,616.28,845.07,6.0825,79.501,1034.52,577.69,533.8,,,566.41,,52.189,559.57,,,,,,,,,,,,
2014-05-19,616.36,844.57,6.0843,79.509,1036.81,577.75,533.75,,,567.45,,52.034,560.81,,,,,,,,,,,,
2014-05-20,616.26,844.98,6.0907,79.495,1036.24,575.91,532.79,,,566.57,,51.784,557.23,,,,,,,,,,,,
2014-05-21,616.45,844.81,6.1008,79.516,1037.98,570.56,528.91,,,564.98,,51.901,555.14,,,,,,,,,,,,
2014-05-22,616.58,843.51,6.0953,79.528,1041.87,570.82,529.21,,,564.97,,51.768,552.47,,,,,,,,,,,,
2014-05-23,616.81,841.61,6.0753,79.549,1039.6,570.02,529.41,,,566.01,,51.809,551.97,,,,,,,,,,,,
2014-05-26,616.99,840.37,6.0728,79.575,1038.33,571.63,527.94,,,567.5,,51.495,542.12,,,,,,,,,,,,
2014-05-27,616.87,843.05,6.0683,79.56,1040.41,572.27,529.71,,,568.91,,51.504,549.39,,,,,,,,,,,,
2014-05-28,616.94,840.98,6.0774,79.576,1037.26,573.33,529.73,,,568.19,,51.715,552.32,,,,,,,,,,,,
2014-05-29,617.05,839.1,6.0878,79.587,1031.58,571.0,525.39,,,567.58,,51.659,554.01,,,,,,,,,,,,
2014-05-30,616.95,839.21,6.0903,79.578,1031.88,576.03,524.94,,,569.3,,51.639,556.85,,,,,,,,,,,,
2014-06-03,617.1,839.41,6.045,79.588,1033.7,571.7,522.86,,,566.2,,51.978,561.84,,,,,,,,,,,,
2014-06-04,616.93,840.1,6.031,79.575,1032.52,572.54,521.57,,,564.85,,52.034,570.72,,,,,,,,,,,,
2014-06-05,617.08,839.32,6.0288,79.593,1033.08,573.67,521.74,,,563.98,,52.097,560.32,,,,,,,,,,,,
2014-06-06,616.23,841.86,6.0434,79.486,1035.85,576.7,525.0,,,564.26,,51.867,556.86,,,,,,,,,,,,
2014-06-09,614.85,838.99,6.0276,79.31,1033.38,577.1,525.81,,,562.15,,51.537,552.81,,,,,,,,,,,,
2014-06-10,614.51,835.03,6.0231,79.274,1032.62,576.26,524.32,,,563.41,,51.648,552.39,,,,,,,,,,,,
2014-06-11,615.06,832.27,6.0214,79.346,1030.01,577.15,525.73,,,564.22,,51.755,553.87,,,,,,,,,,,,
2014-06-12,615.16,832.96,6.0436,79.358,1033.13,578.23,531.9,,,566.16,,51.752,553.64,,,,,,,,,,,,
2014-06-13,615.03,833.58,6.0561,79.342,1041.98,580.3,534.54,,,566.51,,51.945,554.09,,,,,,,,,,,,
2014-06-16,615.37,833.4,6.0469,79.386,1044.93,578.61,534.39,,,566.9,,52.004,554.68,,,,,,,,,,,,
2014-06-17,615.29,835.53,6.0506,79.379,1044.39,578.84,534.68,,,566.98,,52.069,558.08,,,,,,,,,,,,
2014-06-18,615.59,834.03,6.0421,79.415,1044.13,575.95,534.69,,,566.63,,52.137,560.89,,,,,,,,,,,,
2014-06-19,615.31,836.18,6.0511,79.384,1047.66,579.6,537.66,,,568.02,,52.008,553.76,,,,,,,,,,,,
2014-06-20,615.24,837.43,6.0528,79.38,1050.42,579.61,537.33,,,568.67,,52.031,554.1,,,,,,,,,,,,
2014-06-23,615.57,836.65,6.043,79.415,1049.29,578.84,536.82,,,572.49,,51.961,555.06,,,,,,,,,,,,
2014-06-24,615.45,837.04,6.057,79.401,1049.88,581.04,537.42,,,573.66,,51.891,549.61,,,,,,,,,,,,
2014-06-25,615.55,837.36,6.0536,79.409,1047.28,577.27,534.66,,,572.82,,51.998,544.28,,,,,,,,,,,,
2014-06-26,615.38,838.92,6.0638,79.389,1047.98,580.17,540.42,,,573.94,,51.958,543.62,,,,,,,,,,,,
2014-06-27,615.43,837.94,6.0721,79.393,1050.25,580.59,541.29,,,575.79,,51.951,542.61,,,,,,,,,,,,
2014-06-30,615.28,839.46,6.0815,79.375,1049.78,580.64,541.03,,,576.86,,51.906,544.1,,,,,,,,,,,,
2014-07-01,615.23,842.34,6.0778,79.381,1053.91,580.17,539.75,,,576.38,,51.873,549.04,,,,,,,,,,,,
2014-07-02,615.49,841.96,6.0691,79.41,1056.48,584.77,539.92,,,578.6,,51.852,554.99,,,,,,,,,,,,
2014-07-03,615.81,840.86,6.0582,79.457,1058.5,581.65,540.85,,,577.3,,51.833,553.64,,,,,,,,,,,,
2014-07-04,616.42,838.73,6.042,79.532,1058.78,576.88,539.74,,,579.51,,51.603,552.87,,,,,,,,,,,,
2014-07-07,616.58,837.5,6.0483,79.555,1059.04,577.5,538.81,,,578.35,,51.514,555.35,,,,,,,,,,,,
2014-07-08,616.26,838.58,6.067,79.514,1057.71,578.61,539.95,,,576.94,,51.502,556.3,,,,,,,,,,,,
2014-07-09,615.65,838.3,6.0815,79.438,1057.48,580.67,542.76,,,576.72,,51.393,553.74,,,,,,,,,,,,
2014-07-10,614.43,838.48,6.07,79.281,1057.08,580.45,543.61,,,576.82,,51.307,548.46,,,,,,,,,,,,
2014-07-11,614.69,835.89,6.0791,79.315,1054.5,577.67,542.62,,,577.23,,51.546,548.63,,,,,,,,,,,,
2014-07-14,614.85,836.23,6.0784,79.335,1054.6,578.52,543.29,,,572.83,,51.541,552.48,,,,,,,,,,,,
2014-07-15,614.9,837.46,6.0649,79.342,1052.82,578.28,542.82,,,573.52,,51.487,554.14,,,,,,,,,,,,
2014-07-16,615.35,834.75,6.0616,79.399,1056.34,576.7,537.6,,,571.67,,51.77,555.07,,,,,,,,,,,,
2014-07-17,615.64,832.99,6.0675,79.43,1056.62,577.19,537.05,,,573.36,,51.504,558.17,,,,,,,,,,,,
2014-07-18,615.68,832.43,6.0922,79.434,1054.08,575.99,534.19,,,572.25,,51.584,568.68,,,,,,,,,,,,
2014-07-21,615.47,832.7,6.0872,79.404,1053.54,587.99,536.46,,,573.06,,51.427,567.61,,,,,,,,,,,,
2014-07-22,615.44,832.41,6.077,79.395,1052.94,577.42,535.14,,,572.88,,51.279,568.03,,,,,,,,,,,,
2014-07-23,615.72,829.34,6.0759,79.432,1052.37,578.62,534.28,,,573.4,,51.316,564.35,,,,,,,,,,,,
2014-07-24,615.79,828.76,6.0726,79.449,1050.42,582.23,531.05,,,573.57,,51.26,563.27,,,,,,,,,,,,
2014-07-25,615.97,829.5,6.061,79.476,1047.56,580.81,529.22,,,573.4,,51.453,567.11,,,,,,,,,,,,
2014-07-28,616.22,827.58,6.0647,79.512,1047.46,579.66,527.06,,,569.91,,51.32,567.83,,,,,,,,,,,,
2014-07-29,616.15,828.01,6.0579,79.502,1047.79,580.4,527.41,,,570.46,,51.379,574.64,,,,,,,,,,,,
2014-07-30,616.45,826.75,6.0454,79.542,1045.52,578.77,524.78,,,567.92,,51.422,577.84,,,,,,,,,,,,
2014-07-31,616.75,826.23,6.0012,79.581,1043.71,575.33,523.92,,,565.49,,51.613,576.28,,,,,,,,,,,,
2014-08-01,616.81,825.88,6.0026,79.588,1042.03,574.13,524.83,,,565.47,,51.851,579.09,,,,,,,,,,,,
2014-08-04,616.61,827.95,6.0172,79.562,1041.03,574.65,525.02,,,564.74,,51.868,579.12,,,,,,,,,,,,
2014-08-05,616.55,827.38,6.0136,79.555,1040.25,575.37,525.61,,,565.1,,51.816,580.19,,,,,,,,,,,,
2014-08-06,616.81,824.58,6.0152,79.586,1041.27,573.67,520.32,,,562.65,,51.815,584.59,,,,,,,,,,,,
2014-08-07,616.7,825.36,6.0377,79.57,1039.37,576.52,522.68,,,565.0,,51.918,586.81,,,,,,,,,,,,
2014-08-08,615.62,822.07,6.0393,79.424,1037.4,571.18,521.25,,,563.06,,52.12,589.11,,,,,,,,,,,,
2014-08-11,615.22,824.67,6.0292,79.37,1032.49,570.93,520.85,,,560.72,,51.968,587.58,,,,,,,,,,,,
2014-08-12,615.17,822.94,6.0174,79.366,1033.09,569.5,519.94,,,562.75,,51.933,583.09,,,,,,,,,,,,
2014-08-13,615.33,822.36,6.0166,79.385,1034.06,571.02,518.38,,,563.26,,51.902,587.62,,,,,,,,,,,,
2014-08-14,615.45,822.46,6.0129,79.403,1026.71,572.29,521.22,,,563.86,,51.768,584.93,,,,,,,,,,,,
2014-08-15,615.38,822.24,6.0053,79.394,1026.77,573.24,521.52,,,564.31,,51.554,585.5,,,,,,,,,,,,
2014-08-18,615.28,823.77,6.0067,79.386,1028.24,573.09,521.81,,,565.0,,51.264,579.1,,,,,,,,,,,,
2014-08-19,615.48,821.94,5.9948,79.412,1028.6,573.43,518.96,,,564.95,,51.277,585.15,,,,,,,,,,,,
2014-08-20,615.8,820.15,5.9781,79.452,1023.12,572.24,518.47,,,562.84,,51.409,588.23,,,,,,,,,,,,
2014-08-21,616.32,817.02,5.936,79.518,1022.13,571.8,515.41,,,561.59,,51.586,590.37,,,,,,,,,,,,
2014-08-22,616.17,817.93,5.929,79.505,1020.89,573.13,517.0,,,562.84,,51.426,584.94,,,,,,,,,,,,
2014-08-25,616.53,813.79,5.9168,79.549,1020.19,573.51,514.93,,,562.73,,51.453,586.45,,,,,,,,,,,,
2014-08-26,616.63,813.24,5.9218,79.563,1021.35,572.06,512.96,,,561.03,,51.368,586.21,,,,,,,,,,,,
2014-08-27,616.58,811.2,5.9222,79.554,1019.82,574.27,514.18,,,563.83,,51.259,585.25,,,,,,,,,,,,
2014-08-28,616.38,813.41,5.9324,79.533,1021.44,575.13,515.66,,,567.78,,51.087,588.02,,,,,,,,,,,,
2014-08-29,616.47,812.6,5.9396,79.543,1021.89,575.88,515.78,,,567.76,,51.307,597.45,,,,,,,,,,,,
2014-09-01,616.8,809.58,5.9157,79.584,1022.51,574.99,515.11,,,567.09,,51.181,601.98,,,,,,,,,,,,
2014-09-02,616.84,810.0,5.9041,79.591,1023.58,575.21,516.41,,,567.57,,51.312,606.91,,,,,,,,,,,,
2014-09-03,616.97,810.3,5.862,79.606,1015.56,572.35,512.2,,,564.81,,51.62,608.42,,,,,,,,,,,,
2014-09-04,616.66,810.75,5.8748,79.566,1014.47,576.16,512.7,,,566.26,,51.607,599.45,,,,,,,,,,,,
2014-09-05,617.07,797.84,5.8471,79.619,1005.51,576.11,510.62,,,566.8,,51.776,600.85,,,,,,,,,,,,
2014-09-09,615.2,793.33,5.8159,79.379,992.85,572.3,510.15,,,560.19,,51.745,601.93,,,,,,,,,,,,
2014-09-10,614.25,795.24,5.794,79.255,991.74,566.3,507.8,,,560.47,,51.992,603.45,,,,,,,,,,,,
2014-09-11,614.53,794.19,5.7522,79.291,995.49,562.52,504.11,,,561.19,,52.08,607.77,,,,,,,,,,,,
2014-09-12,614.68,794.01,5.7335,79.31,997.99,558.4,502.22,,,556.42,,52.083,611.55,,,,,,,,,,,,
2014-09-15,614.52,795.96,5.7251,79.286,997.7,553.26,499.92,,,553.8,,52.173,615.26,,,,,,,,,,,,
2014-09-16,614.62,795.59,5.7349,79.296,997.66,555.12,502.67,,,556.17,,52.505,624.01,,,,,,,,,,,,
2014-09-17,614.5,795.99,5.7314,79.28,999.3,557.99,502.96,,,559.86,,52.391,623.48,,,,,,,,,,,,
2014-09-18,614.9,790.42,5.6719,79.331,1000.24,551.02,498.44,,,558.57,,52.53,626.28,,,,,,,,,,,,
2014-09-19,614.55,793.35,5.6462,79.286,1012.05,551.83,500.74,,,561.31,,52.688,625.71,,,,,,,,,,,,
2014-09-22,614.85,789.99,5.6431,79.323,1003.7,549.38,500.57,,,561.87,,52.581,625.61,,,,,,,,,,,,
2014-09-23,614.7,789.8,5.6527,79.303,1006.12,545.48,498.44,,,556.47,,52.91,629.29,,,,,,,,,,,,
2014-09-24,614.62,789.88,5.6541,79.288,1007.27,543.61,495.74,,,554.89,,52.884,628.4,,,,,,,,,,,,
2014-09-25,614.97,785.81,5.6282,79.332,1003.63,544.54,495.59,,,555.38,,52.824,621.86,,,,,,,,,,,,
2014-09-26,615.08,784.69,5.6624,79.323,1003.95,541.18,488.71,,,553.93,,52.984,627.21,,,,,,,,,,,,
2014-09-29,615.39,780.62,5.6269,79.286,999.21,537.77,484.39,,,551.57,,53.188,633.4,,,,,,,,,,,,
2014-09-30,615.25,780.49,5.6242,79.246,998.77,535.61,476.93,,,550.98,,52.983,641.01,,,,,,,,,,,,
2014-10-08,614.93,778.12,5.684,79.297,988.67,541.7,480.67,,,550.82,,53.043,650.1,,,,,,,,,,,,
2014-10-09,614.61,782.31,5.6784,79.242,993.14,542.7,486.07,,,553.5,,53.022,651.61,,,,,,,,,,,,
2014-10-10,614.7,780.18,5.7023,79.249,990.77,538.28,483.02,,,549.55,,52.922,653.46,,,,,,,,,,,,
2014-10-13,614.46,776.72,5.7295,79.209,988.72,533.62,481.28,,,548.97,,53.124,657.45,,,,,,,,,,,,
2014-10-14,614.08,780.76,5.7312,79.155,986.13,536.88,483.17,,,547.65,,52.915,660.06,,,,,,,,,,,,
2014-10-15,614.55,776.37,5.7277,79.224,976.05,534.06,480.29,,,542.77,,53.357,667.13,,,,,,,,,,,,
2014-10-16,613.95,787.49,5.7912,79.15,981.49,539.95,489.42,,,545.37,,53.318,659.9,,,,,,,,,,,,
2014-10-17,614.07,786.16,5.7712,79.159,987.19,538.54,487.58,,,545.6,,53.498,666.59,,,,,,,,,,,,
2014-10-20,614.35,783.12,5.7341,79.192,988.18,538.44,487.46,,,544.64,,53.325,663.82,,,,,,,,,,,,
2014-10-21,614.1,785.42,5.7444,79.155,991.96,539.19,489.09,,,543.98,,53.149,669.23,,,,,,,,,,,,
2014-10-22,614.37,780.61,5.7385,79.211,989.22,538.97,489.13,,,547.44,,53.173,667.02,,,,,,,,,,,,
2014-10-23,614.59,776.54,5.7312,79.235,985.52,538.11,481.79,,,545.74,,53.231,674.51,,,,,,,,,,,,
2014-10-24,614.67,777.11,5.6846,79.241,984.75,536.52,479.89,,,547.47,,53.425,679.86,,,,,,,,,,,,
2014-10-27,614.46,779.0,5.6813,79.211,988.36,541.14,482.21,,,547.23,,53.356,683.91,,,,,,,,,,,,
2014-10-28,614.21,780.02,5.6894,79.178,989.83,540.85,483.26,481.84,,545.96,,53.413,688.12,,,,,,,,,,,,
2014-10-29,614.05,781.24,5.6717,79.158,990.06,543.64,486.11,482.25,,549.83,,53.322,692.49,,,,,,,,,,,,
2014-10-30,614.57,773.66,5.6358,79.252,981.4,538.85,478.45,480.4,,548.89,,53.574,703.77,,,,,,,,,,,,
2014-10-31,614.61,773.77,5.6162,79.252,982.02,541.6,480.68,480.57,,548.86,,53.655,678.51,,,,,,,,,,,,
2014-11-03,615.25,766.96,5.4474,79.331,979.98,536.35,476.95,477.26,,544.71,,53.821,702.07,,,,,,,,,,,,
2014-11-04,615.43,767.91,5.403,79.376,981.55,533.55,475.15,475.81,,541.32,,54.313,710.36,,,,,,,,,,,,
2014-11-05,615.03,770.66,5.4022,79.339,982.72,536.86,480.44,476.46,,539.59,,54.439,712.26,,,,,,,,,,,,
2014-11-06,615.65,766.9,5.3567,79.417,980.77,526.68,472.83,474.64,,539.9,,54.555,732.56,,,,,,,,,,,,
2014-11-07,616.02,761.83,5.337,79.454,974.62,526.74,473.45,474.95,,539.12,,54.534,772.73,,,,,,,,,,,,
2014-11-10,613.77,766.03,5.3746,79.17,975.93,531.67,477.39,476.99,,541.58,,54.269,760.77,,,,,,,,,,,,
2014-11-11,614.13,762.72,5.3429,79.2,972.45,529.53,475.82,475.32,,539.94,,54.454,750.14,,,,,,,,,,,,
2014-11-12,614.28,764.74,5.2996,79.221,976.51,533.09,479.24,474.96,,541.34,,54.515,757.28,,,,,,,,,,,,
2014-11-13,614.18,763.83,5.3144,79.207,968.29,535.04,483.08,475.88,,542.66,,54.33,730.89,,,,,,,,,,,,
2014-11-14,613.99,765.26,5.2906,79.173,963.69,534.01,482.72,474.48,,539.39,,54.508,762.43,,,,,,,,,,,,
2014-11-17,614.09,769.55,5.2679,79.191,961.91,537.51,487.45,473.21,,544.31,,54.546,770.15,,,,,,,,,,,,
2014-11-18,614.3,765.11,5.265,79.214,960.4,535.17,486.97,473.14,,544.16,,54.599,768.54,,,,,,,,,,,,
2014-11-19,613.97,768.56,5.2419,79.17,958.28,533.68,484.57,472.71,,542.18,,54.764,765.55,,,,,,,,,,,,
2014-11-20,614.17,769.54,5.1942,79.193,961.91,528.11,480.91,471.19,,541.33,,54.774,764.79,,,,,,,,,,,,
2014-11-21,613.87,769.99,5.1968,79.148,963.19,529.42,482.72,472.25,,543.06,,54.673,753.13,,,,,,,,,,,,
2014-11-24,614.2,760.39,5.2186,79.177,961.16,533.5,485.07,473.01,,546.98,,54.486,745.24,,,,,,,,,,,,
2014-11-25,613.9,763.25,5.1948,79.15,963.81,528.66,482.53,471.57,,543.71,,54.579,730.13,,,,,,,,,,,,
2014-11-26,613.54,765.61,5.2075,79.114,964.14,524.36,479.8,472.29,,544.96,,54.436,754.59,,,,,,,,,,,,
2014-11-27,613.2,766.82,5.2161,79.08,968.48,524.47,482.73,472.58,,544.85,,54.514,771.71,,,,,,,,,,,,
2014-11-28,613.45,764.08,5.1937,79.126,964.11,522.48,481.79,471.58,,540.39,,54.797,792.05,,,,,,,,,,,,
2014-12-01,613.69,763.35,5.1938,79.139,958.07,518.71,478.58,469.13,,535.74,,55.604,820.3,,,,,,,,,,,,
2014-12-02,613.25,765.37,5.188,79.077,965.35,520.67,482.78,470.06,,541.41,,55.796,830.88,,,,,,,,,,,,
2014-12-03,613.76,760.37,5.1506,79.145,960.29,517.08,478.25,468.19,,537.87,,55.968,874.13,,,,,,,,,,,,
2014-12-04,614.11,756.24,5.1268,79.206,963.97,516.43,476.48,468.06,,540.68,,56.044,866.72,,,,,,,,,,,,
2014-12-05,613.73,760.53,5.1264,79.175,961.54,514.75,477.65,468.03,,538.97,,56.078,882.67,,,,,,,,,,,,
2014-12-08,612.82,755.47,5.0545,79.061,956.52,510.36,471.88,464.38,,535.45,,56.625,855.63,,,,,,,,,,,,
2014-12-09,612.31,755.01,5.0822,78.996,960.04,507.82,468.77,464.77,,532.74,,56.724,872.71,,,,,,,,,,,,
2014-12-10,611.95,759.66,5.1426,78.932,961.59,509.05,471.41,466.23,,534.5,,56.456,876.74,,,,,,,,,,,,
2014-12-11,611.53,764.32,5.2129,78.89,964.83,512.23,479.94,468.18,,533.57,,56.616,890.91,,,,,,,,,,,,
2014-12-12,611.84,761.2,5.1646,78.93,965.11,506.97,477.76,467.21,,530.42,,56.554,914.1,,,,,,,,,,,,
2014-12-15,611.52,763.86,5.1779,78.884,964.18,503.96,476.38,467.22,,528.54,,56.837,943.45,,,,,,,,,,,,
2014-12-16,611.82,762.66,5.2089,78.914,959.1,503.75,474.36,467.39,,524.85,,56.814,1043.08,,,,,,,,,,,,
2014-12-17,611.37,766.12,5.2455,78.844,964.19,503.59,477.11,471.65,,525.64,,56.712,1134.33,,,,,,,,,,,,
2014-12-18,611.95,756.53,5.1693,78.91,955.73,498.33,472.54,466.88,,525.82,,56.361,999.79,,,,,,,,,,,,
2014-12-19,612.05,755.11,5.1557,78.921,959.99,500.36,476.2,466.33,,528.15,,56.238,984.48,,,,,,,,,,,,
2014-12-22,612.2,751.1,5.146,78.951,959.97,500.57,475.8,466.49,,527.35,,56.346,939.4,,,,,,,,,,,,
2014-12-23,612.3,750.55,5.1161,78.94,956.64,498.57,474.64,465.26,,526.3,,56.878,900.61,,,,,,,,,,,,
2014-12-24,612.47,748.48,5.0975,78.949,953.68,498.42,474.57,463.71,,527.11,,56.843,879.54,,,,,,,,,,,,
2014-12-25,612.13,748.24,5.1058,78.869,955.11,498.15,475.23,463.89,,526.43,,56.866,864.15,,,,,,,,,,,,
2014-12-26,611.86,748.97,5.1033,78.848,954.4,497.67,474.48,463.74,,526.38,,56.721,852.23,,,,,,,,,,,,
2014-12-29,612.05,747.62,5.1011,78.861,955.14,498.28,476.12,464.02,,526.22,,56.626,871.41,,,,,,,,,,,,
2014-12-30,612.24,746.4,5.0953,78.917,952.5,499.58,478.19,463.81,,526.07,,56.724,959.26,,,,,,,,,,,,
2014-12-31,611.9,745.56,5.1371,78.887,954.37,501.74,480.34,463.96,,527.55,,56.737,905.36,,,,,,,,,,,,
2015-01-05,612.48,734.61,5.116,78.965,939.89,497.17,471.74,460.84,,520.13,,57.102,952.92,,,,,,,,,,,,
2015-01-06,612.56,733.03,5.1484,78.985,937.13,497.74,473.19,460.24,,520.95,,57.528,977.04,,,,,,,,,,,,
2015-01-07,612.69,728.85,5.1762,79.012,929.27,495.35,475.68,460.48,,517.78,,57.917,1020.56,,,,,,,,,,,,
2015-01-08,613.02,727.18,5.1511,79.053,928.27,497.3,477.97,460.24,,518.72,,57.821,1015.53,,,,,,,,,,,,
2015-01-09,612.96,724.77,5.1343,79.044,927.7,499.06,480.84,460.39,,518.36,,57.616,968.22,,,,,,,,,,,,
2015-01-12,612.33,727.96,5.1937,78.978,930.71,504.36,481.26,461.08,,516.95,,57.582,992.04,,,,,,,,,,,,
2015-01-13,611.95,725.73,5.1977,78.93,930.33,499.89,477.11,459.83,,511.43,,57.986,1021.06,,,,,,,,,,,,
2015-01-14,612.05,722.2,5.2164,78.94,930.79,501.59,475.01,460.53,,511.96,,58.066,1055.44,,,,,,,,,,,,
2015-01-15,611.93,722.25,5.2234,78.918,934.59,501.57,473.48,459.87,,511.99,,58.039,1043.95,,,,,,,,,,,,
2015-01-16,611.88,712.44,5.2775,78.934,930.44,503.94,479.33,462.99,,510.71,,57.987,1039.11,,,,,,,,,,,,
2015-01-19,612.3,709.1,5.2256,78.997,929.18,505.12,478.43,463.04,,511.53,,57.691,1053.83,,,,,,,,,,,,
2015-01-20,612.26,711.43,5.2147,78.975,926.12,502.47,476.48,460.59,,512.03,,58.007,1048.12,,,,,,,,,,,,
2015-01-21,612.68,713.91,5.18,79.031,929.57,501.29,469.33,459.14,,506.26,,58.72,1051.5,,,,,,,,,,,,
2015-01-22,612.47,712.04,5.2052,79.011,929.52,496.63,464.07,460.04,,495.73,,58.614,1054.1,,,,,,,,,,,,
2015-01-23,613.42,697.95,5.1899,79.122,922.83,493.5,462.08,459.69,,495.85,,58.203,1048.08,,,,,,,,,,,,
2015-01-26,613.84,687.44,5.2361,79.181,924.06,485.93,457.37,458.21,,493.2,,58.255,1028.19,,,,,,,,,,,,
2015-01-27,613.64,691.46,5.1983,79.153,928.66,487.32,458.23,457.87,,491.25,,58.279,1100.29,,,,,,,,,,,,
2015-01-28,612.82,698.03,5.2218,79.051,932.88,489.69,458.09,456.04,,493.81,,58.34,1088.88,,,,,,,,,,,,
2015-01-29,613.35,694.26,5.2329,79.118,931.85,485.99,452.53,455.2,,490.07,,58.691,1090.05,,,,,,,,,,,,
2015-01-30,613.7,696.78,5.21,79.165,927.53,478.76,447.93,455.44,,486.6,,58.673,1105.19,,,,,,,,,,,,
2015-02-02,613.85,696.26,5.2544,79.18,928.51,478.98,447.47,455.97,,483.18,,58.601,1113.97,,,,,,,,,,,,
2015-02-03,613.69,698.32,5.2485,79.149,925.74,480.16,449.77,456.32,,487.85,,58.474,1096.93,,,,,,,,,,,,
2015-02-04,613.18,704.89,5.2298,79.081,931.97,478.01,453.46,457.66,,493.49,,57.163,1044.9,,,,,,,,,,,,
2015-02-05,613.66,697.48,5.2546,79.155,934.33,477.62,453.37,456.64,,487.67,,57.603,1091.45,,,,,,,,,,,,
2015-02-06,612.61,705.31,5.2469,79.021,942.94,481.11,456.33,458.25,,492.65,,56.611,1064.84,,,,,,,,,,,,
2015-02-09,613.11,696.37,5.1838,79.085,938.07,477.72,452.76,455.55,,489.7,,56.96,1066.53,,,,,,,,,,,,
2015-02-10,612.95,696.98,5.1929,79.056,936.28,479.8,455.98,455.1,,491.34,,57.036,1058.67,,,,,,,,,,,,
2015-02-11,613.15,696.12,5.1582,79.078,938.27,478.55,456.46,454.6,,487.17,,57.267,1058.89,,,,,,,,,,,,
2015-02-12,613.33,695.8,5.1238,79.094,937.4,472.17,452.42,452.21,,485.58,,57.694,1059.03,,,,,,,,,,,,
2015-02-13,612.88,700.59,5.1729,79.037,945.66,476.04,456.76,453.99,,489.76,,57.411,1054.99,,,,,,,,,,,,
2015-02-16,612.73,701.89,5.1962,79.006,948.74,478.53,460.44,455.13,,492.71,,56.848,1022.82,,,,,,,,,,,,
2015-02-17,613.3,699.02,5.2123,79.044,946.46,478.9,460.55,454.89,,491.86,,56.9,1020.07,,,,,,,,,,,,
2015-02-25,613.84,699.6,5.1968,79.144,953.17,483.28,462.09,454.97,,492.14,,57.269,1015.26,,,,,,,,,,,,
2015-02-26,613.79,700.41,5.1948,79.136,957.51,485.25,465.83,456.21,,493.56,,57.097,990.28,,,,,,,,,,,,
2015-02-27,614.75,692.56,5.1839,79.265,951.9,482.19,465.35,455.81,,491.68,,56.879,986.35,,,,,,,,,,,,
2015-03-02,615.13,689.07,5.1577,79.326,951.15,480.79,465.95,452.81,,491.4,,57.558,992.46,,,,,,,,,,,,
2015-03-03,615.43,690.14,5.1437,79.358,948.19,478.92,463.71,452.81,,490.91,,57.673,1007.18,,,,,,,,,,,,
2015-03-04,615.25,689.9,5.1646,79.333,948.35,482.87,466.87,453.79,,492.85,,57.613,996.18,,,,,,,,,,,,
2015-03-05,615.28,684.27,5.1678,79.338,943.0,483.23,469.18,452.63,,495.16,,57.907,993.41,,,,,,,,,,,,
2015-03-06,615.33,680.61,5.1456,79.338,941.01,480.3,462.3,451.11,,492.74,,58.008,979.65,,,,,,,,,,,,
2015-03-09,615.63,670.12,5.1248,79.358,930.38,476.62,455.09,448.78,,488.25,,58.089,970.23,,,,,,,,,,,,
2015-03-10,615.72,668.8,5.0911,79.347,932.47,474.2,453.32,447.43,,487.47,,58.389,973.78,,,,,,,,,,,,
2015-03-11,615.97,661.01,5.1055,79.377,931.22,473.01,450.13,446.34,,485.67,,58.699,990.25,,,,,,,,,,,,
2015-03-12,616.17,651.86,5.0942,79.34,922.92,470.14,452.14,446.12,,483.54,,58.353,987.89,,,,,,,,,,,,
2015-03-13,615.88,655.49,5.093,79.312,919.07,475.16,456.45,447.78,,484.87,,58.428,981.58,,,,,,,,,,,,
2015-03-16,616.15,648.52,5.0987,79.346,911.91,471.55,453.62,444.68,,481.14,,58.428,1005.54,,,,,,,,,,,,
2015-03-17,615.85,652.01,5.0907,79.315,915.26,471.15,455.33,444.86,,481.73,,59.07,1000.54,,,,,,,,,,,,
2015-03-18,615.56,653.95,5.0907,79.298,910.97,470.18,451.28,444.92,,481.43,,59.016,987.94,,,,,,,,,,,,
2015-03-19,614.6,669.25,5.1338,79.231,921.89,479.15,462.1,447.84,,490.15,,59.023,953.24,,,,,,,,,,,,
2015-03-20,614.96,657.18,5.1078,79.26,909.28,472.0,457.96,444.58,,484.41,,59.307,968.99,,,,,,,,,,,,
2015-03-23,614.48,664.99,5.1288,79.221,918.83,478.45,465.03,446.42,,488.15,,59.333,958.56,,,,,,,,,,,,
2015-03-24,613.98,672.96,5.1361,79.158,919.75,484.07,470.86,450.28,,490.79,,58.806,949.91,,,,,,,,,,,,
2015-03-25,614.1,671.63,5.1398,79.183,913.68,484.13,470.04,451.1,,491.2,,58.665,931.73,,,,,,,,,,,,
2015-03-26,613.75,674.67,5.1523,79.144,915.58,481.76,467.09,449.51,,490.65,,58.976,925.84,,,,,,,,,,,,
2015-03-27,613.97,669.71,5.167,79.178,914.13,481.6,467.31,449.7,,492.2,,58.818,925.24,,,,,,,,,,,,
2015-03-30,614.02,668.9,5.1649,79.186,915.1,475.66,464.38,448.79,,486.62,,59.069,935.47,,,,,,,,,,,,
2015-03-31,614.22,666.48,5.1272,79.209,911.08,471.1,461.84,447.58,,484.52,,59.354,930.89,,,,,,,,,,,,
2015-04-01,614.34,661.47,5.1353,79.226,912.76,469.37,459.18,449.07,,484.23,,59.243,940.77,,,,,,,,,,,,
2015-04-02,613.96,661.64,5.1437,79.191,912.12,466.86,457.58,451.53,,486.65,,59.14,930.56,,,,,,,,,,,,
2015-04-03,613.48,667.97,5.1364,79.131,911.48,465.82,461.3,453.03,,488.25,,58.956,912.27,,,,,,,,,,,,
2015-04-07,613.05,671.42,5.142,79.08,914.11,465.63,462.49,453.35,,491.09,,58.573,899.99,,,,,,,,,,,,
2015-04-08,613.45,665.38,5.1147,79.127,910.98,469.71,461.9,452.43,,490.96,,58.513,890.78,,,,,,,,,,,,
2015-04-09,613.38,662.18,5.1176,79.143,913.98,471.97,464.03,453.38,,488.34,,58.43,866.68,,,,,,,,,,,,
2015-04-10,613.7,655.87,5.1063,79.187,904.54,473.97,466.16,452.94,,487.76,,58.462,837.24,,,,,,,,,,,,
2015-04-13,613.95,653.16,5.1275,79.219,901.1,471.9,463.48,450.93,,488.11,,58.68,865.03,,,,,,,,,,,,
2015-04-14,614.07,651.63,5.1404,79.233,904.05,468.6,459.57,452.01,,487.86,,59.101,839.44,,,,,,,,,,,,
2015-04-15,613.4,654.03,5.1549,79.137,908.96,468.36,461.51,452.83,,490.88,,59.118,822.18,,,,,,,,,,,,
2015-04-16,613.05,658.14,5.1689,79.093,913.16,473.42,467.62,454.02,,499.96,,59.068,804.15,,,,,,,,,,,,
2015-04-17,612.67,661.25,5.1678,79.041,918.14,478.89,470.63,455.02,,503.05,,58.457,805.35,,,,,,,,,,,,
2015-04-20,612.55,663.25,5.1659,79.031,918.69,479.37,473.06,457.31,,502.13,,58.649,839.87,,,,,,,,,,,,
2015-04-21,612.8,659.42,5.151,79.07,914.9,473.33,470.0,455.72,,500.37,,58.452,862.8,,,,,,,,,,,,
2015-04-22,612.9,658.61,5.1345,79.083,916.45,473.6,470.95,454.75,,499.06,,58.422,868.95,,,,,,,,,,,,
2015-04-23,612.81,657.94,5.1208,79.071,922.91,475.27,468.37,456.0,,499.91,,58.073,841.68,,,,,,,,,,,,
2015-04-24,612.41,663.8,5.1358,79.021,923.66,477.4,465.56,457.83,,504.5,,58.528,829.5,,,,,,,,,,,,
2015-04-27,612.2,666.62,5.1627,78.994,931.2,480.25,466.93,461.03,,503.58,,57.418,823.86,,,,,,,,,,,,
2015-04-28,612.09,667.43,5.1574,78.975,934.49,482.62,468.59,462.69,,506.07,,57.099,837.79,,,,,,,,,,,,
2015-04-29,611.69,672.79,5.1643,78.924,940.25,490.59,473.31,465.49,,507.92,,57.105,832.6,,,,,,,,,,,,
2015-04-30,611.37,680.82,5.1522,78.881,945.5,490.58,466.96,464.55,,508.75,,56.996,821.92,,,,,,,,,,,,
2015-05-04,611.65,685.72,5.1059,78.91,928.48,479.43,461.02,461.07,,502.75,,57.231,826.19,,,,,,,,,,,,
2015-05-05,611.8,683.79,5.1111,78.912,927.61,480.93,462.81,461.03,,505.54,,57.446,840.74,,,,,,,,,,,,
2015-05-06,611.56,685.39,5.1171,78.897,930.14,486.47,459.7,460.9,,506.01,,57.852,817.14,,,,,,,,,,,,
2015-05-07,611.13,694.26,5.1337,78.836,933.39,487.48,458.97,463.0,,507.41,,57.483,820.97,,,,,,,,,,,,
2015-05-08,611.47,689.36,5.1219,78.863,943.06,484.19,456.47,460.62,,505.14,,57.773,812.63,,,,,,,,,,,,
2015-05-11,611.32,685.89,5.1249,78.841,946.91,485.93,455.54,461.52,,505.52,,57.691,829.03,,,,,,,,,,,,
2015-05-12,611.55,683.09,5.1087,78.885,954.74,483.93,449.91,458.82,,505.25,,58.019,825.4,,,,,,,,,,,,
2015-05-13,611.23,687.68,5.1143,78.849,960.47,489.65,453.51,460.06,,509.19,,57.946,809.7,,,,,,,,,,,,
2015-05-14,610.93,694.72,5.1386,78.812,963.55,497.07,461.3,462.45,,510.81,,57.747,798.65,,,,,,,,,,,,
2015-05-15,610.85,697.9,5.1376,78.811,965.53,494.08,457.95,464.09,,509.38,,57.491,811.09,,,,,,,,,,,,
2015-05-18,610.79,700.22,5.1315,78.802,963.05,491.12,456.07,463.97,,507.79,,57.54,800.22,,,,,,,,,,,,
2015-05-19,610.98,693.65,5.114,78.824,959.62,489.53,452.2,462.1,,502.51,,57.628,796.96,,,,,,,,,,,,
2015-05-20,611.25,682.33,5.0804,78.847,950.35,485.05,450.91,459.42,,499.26,,58.151,801.74,,,,,,,,,,,,
2015-05-21,611.39,680.83,5.0609,78.863,952.83,483.14,448.09,459.38,,501.47,,58.257,805.83,,,,,,,,,,,,
2015-05-22,611.31,681.04,5.0672,78.846,959.7,484.15,451.49,459.49,,501.28,,58.137,807.94,,,,,,,,,,,,
2015-05-25,611.65,673.49,5.0434,78.896,948.84,478.95,447.77,458.92,,497.44,,58.081,808.27,,,,,,,,,,,,
2015-05-26,611.72,671.38,5.0436,78.909,947.86,479.45,448.13,456.98,,476.34,,58.302,808.19,,,,,,,,,,,,
2015-05-27,611.98,667.35,4.991,78.941,944.03,475.1,444.55,455.29,,492.4,,57.731,823.23,,,,,,,,,,,,
2015-05-28,612.02,668.82,4.9619,78.912,941.48,474.56,445.01,454.59,,491.5,,58.642,840.0,,,,,,,,,,,,
2015-05-29,611.96,671.89,4.9571,78.927,939.32,469.28,439.53,455.54,,492.76,,58.592,850.83,,,,,,,,,,,,
2015-06-01,612.07,671.3,4.9403,78.947,936.85,468.84,435.27,454.7,,490.83,,58.982,846.16,,,,,,,,,,,,
2015-06-02,612.25,670.25,4.9196,78.953,932.59,467.6,436.27,453.08,,488.67,,59.427,865.48,,,,,,,,,,,,
2015-06-03,611.76,682.98,4.9413,78.881,940.07,475.7,439.17,454.76,,492.72,,59.466,854.2,,,,,,,,,,,,
2015-06-04,611.64,690.05,4.9323,78.888,939.46,476.4,438.67,456.55,,491.04,,59.522,879.51,,,,,,,,,,,,
2015-06-05,611.81,687.44,4.9303,78.924,942.12,471.86,436.96,455.24,,489.53,,59.749,896.26,,,,,,,,,,,,
2015-06-08,612.05,681.14,4.9085,78.947,937.05,467.72,432.66,452.08,,491.07,,60.274,893.11,,,,,,,,,,,,
2015-06-09,611.79,691.46,4.9226,78.918,940.61,471.26,437.25,453.27,,492.7,,60.602,905.76,,,,,,,,,,,,
2015-06-10,611.73,692.49,4.9345,78.901,943.87,471.43,438.39,454.44,,495.57,,60.502,898.94,,,,,,,,,,,,
2015-06-11,611.5,693.04,4.9902,78.876,949.82,473.5,432.15,456.72,,498.13,,60.281,878.83,,,,,,,,,,,,
2015-06-12,611.67,689.63,4.9682,78.899,951.27,475.15,430.32,456.52,,497.7,,60.289,883.98,,,,,,,,,,,,
2015-06-15,611.69,688.16,4.9727,78.895,953.97,473.37,428.17,456.13,,496.56,,60.685,891.49,,,,,,,,,,,,
2015-06-16,611.55,691.04,4.9712,78.884,956.03,475.52,429.03,456.08,,496.31,,60.549,880.66,,,,,,,,,,,,
2015-06-17,611.58,689.31,4.972,78.89,959.12,474.79,428.42,457.07,,497.38,,60.371,871.02,,,,,,,,,,,,
2015-06-18,611.26,696.23,4.9686,78.849,970.92,470.71,423.03,459.38,,499.8,,60.23,868.85,,,,,,,,,,,,
2015-06-19,611.04,696.98,4.9873,78.817,973.45,477.42,424.36,460.24,,499.95,,59.777,856.95,,,,,,,,,,,,
2015-06-23,611.19,695.81,4.9791,78.851,971.37,474.46,421.13,459.92,,496.14,,60.057,872.37,,,,,,,,,,,,
2015-06-24,611.42,685.04,4.9571,78.862,964.11,475.23,421.07,458.12,,496.04,,60.234,870.84,,,,,,,,,,,,
2015-06-25,611.48,686.63,4.9532,78.875,962.36,472.74,422.89,456.87,,493.61,,60.681,879.53,,,,,,,,,,,,
2015-06-26,611.37,687.7,4.9737,78.871,966.19,474.43,422.59,457.37,,495.72,,60.448,882.82,,,,,,,,,,,,
2015-06-29,611.68,675.63,4.9906,78.9,961.46,468.07,419.39,453.8,,495.69,,60.85,888.02,,,,,,,,,,,,
2015-06-30,611.36,686.99,5.0052,78.861,964.22,469.93,419.12,455.8,,492.32,,61.023,903.15,,,,,,,,,,,,
2015-07-01,611.49,682.4,5.0082,78.882,961.98,472.2,416.19,455.65,,489.74,,60.503,894.62,,,,,,,,,,,,
2015-07-02,611.71,677.04,4.9762,78.906,956.89,468.8,411.54,453.84,,485.77,,60.72,902.97,,,,,,,,,,,,
2015-07-03,611.6,679.72,4.991,78.896,957.26,468.4,412.46,455.29,,487.45,,60.72,896.98,,,,,,,,,,,,
2015-07-06,611.72,676.51,5.0088,78.906,954.38,460.45,410.59,454.91,,485.3,,61.749,905.9,,,,,,,,,,,,
2015-07-07,611.66,677.7,5.0019,78.895,956.39,458.84,409.45,454.65,,483.18,,61.456,919.25,,,,,,,,,,,,
2015-07-08,611.75,674.59,5.0152,78.884,947.81,456.39,408.8,453.19,,480.86,,61.404,916.42,,,,,,,,,,,,
2015-07-09,611.51,678.78,5.0838,78.877,942.07,454.17,411.4,454.11,,480.03,,61.425,929.11,,,,,,,,,,,,
2015-07-10,611.53,678.29,5.0456,78.888,942.1,457.45,413.99,454.99,,481.22,,61.179,924.55,,,,,,,,,,,,
2015-07-13,611.33,682.59,5.0061,78.868,950.75,455.3,411.77,454.32,,481.51,,61.041,910.86,,,,,,,,,,,,
2015-07-14,611.65,673.68,4.9655,78.905,949.39,453.71,409.8,451.36,,479.27,,61.405,913.81,,,,,,,,,,,,
2015-07-15,611.52,674.27,4.9758,78.891,959.01,456.6,411.23,451.04,,480.15,,61.426,912.18,,,,,,,,,,,,
2015-07-16,611.73,671.43,4.9566,78.924,959.87,452.15,402.88,449.5,,473.18,,61.16,919.69,,,,,,,,,,,,
2015-07-17,611.92,667.27,4.9449,78.948,957.3,454.55,400.11,449.43,,471.72,,61.347,920.04,,,,,,,,,,,,
2015-07-20,611.97,664.99,4.9472,78.96,958.58,452.14,399.98,448.6,,471.22,,61.361,919.99,,,,,,,,,,,,
2015-07-21,611.99,664.31,4.9381,78.956,955.1,452.26,403.96,447.81,,470.98,,61.398,923.72,,,,,,,,,,,,
2015-07-22,611.68,671.0,4.956,78.919,954.59,455.05,406.63,450.08,,472.63,,61.267,919.63,,,,,,,,,,,,
2015-07-23,611.72,670.15,4.9478,78.927,957.38,451.65,405.31,449.23,,468.93,,61.334,925.63,,,,,,,,,,,,
2015-07-24,611.69,675.25,4.9503,78.917,951.65,450.72,405.52,448.55,,469.66,,61.406,934.96,,,,,,,,,,,,
2015-07-27,611.76,673.55,4.9609,78.926,952.37,464.41,403.78,447.39,,469.29,,61.444,944.16,,,,,,,,,,,,
2015-07-28,611.54,680.02,4.9796,78.901,954.34,446.39,406.7,448.7,,469.33,,61.461,965.56,,,,,,,,,,,,
2015-07-29,611.5,678.5,4.9663,78.893,957.01,450.15,411.44,450.3,,472.78,,61.466,967.81,,,,,,,,,,,,
2015-07-30,611.65,672.81,4.9499,78.913,956.66,447.68,408.0,448.23,,472.13,,61.466,946.66,,,,,,,,,,,,
2015-07-31,611.72,670.78,4.9487,78.908,956.78,447.34,405.09,447.03,,470.73,,61.546,964.55,,,,,,,,,,,,
2015-08-03,611.69,672.94,4.9481,78.902,958.1,447.76,403.91,447.24,,466.19,,61.563,981.71,,,,,,,,,,,,
2015-08-04,611.77,671.0,4.9503,78.91,955.71,445.81,402.66,445.17,,464.38,,62.181,1026.46,,,,,,,,,,,,
2015-08-05,611.86,667.13,4.939,78.91,954.77,452.39,401.33,444.49,,463.74,,62.22,1012.74,,,,,,,,,,,,
2015-08-06,611.81,669.25,4.9178,78.923,957.84,450.99,400.58,444.28,,464.74,,63.146,1027.04,,,,,,,,,,,,
2015-08-07,611.74,670.17,4.9219,78.92,951.57,450.46,401.8,443.61,,466.41,,63.101,1036.24,,,,,,,,,,,,
2015-08-10,611.62,672.26,4.9428,78.894,950.71,454.13,405.19,443.78,,465.07,,63.098,1034.52,,,,,,,,,,,,
2015-08-11,622.98,676.33,4.9319,80.36,957.23,455.45,405.95,445.01,,479.22,,63.231,1018.47,,,,,,,,,,,,
2015-08-12,633.06,694.81,5.0524,81.583,984.99,462.25,413.93,450.61,,483.55,,62.211,1013.99,,,,,,,,,,,,
2015-08-13,640.1,710.1,5.126,82.553,995.48,469.66,420.59,455.48,,492.71,,62.548,1006.45,,,,,,,,,,,,
2015-08-14,639.75,713.25,5.1441,82.521,998.79,471.09,418.9,457.55,,489.67,,62.475,1009.85,,,,,,,,,,,,
2015-08-17,639.69,709.43,5.1451,82.481,1001.1,471.36,418.07,454.32,,488.13,,63.014,1017.71,,,,,,,,,,,,
2015-08-18,639.66,708.16,5.1418,82.491,996.8,471.25,420.6,454.35,,488.36,,64.183,1018.98,,,,,,,,,,,,
2015-08-19,639.63,705.48,5.1431,82.484,1001.98,469.35,421.23,455.81,,489.95,,63.622,1026.97,,,,,,,,,,,,
2015-08-20,639.15,711.91,5.1551,82.443,1002.31,469.74,421.5,456.41,,487.68,,64.017,1041.42,,,,,,,,,,,,
2015-08-21,638.64,717.71,5.1669,82.387,1000.87,467.54,422.24,454.76,,488.18,,64.696,1062.32,,,,,,,,,,,,
2015-08-24,638.62,726.44,5.2304,82.374,999.19,462.62,421.92,451.44,,482.98,,65.799,1080.6,,,,,,,,,,,,
2015-08-25,639.87,739.89,5.3713,82.542,1007.2,458.11,413.12,454.09,,482.07,,66.21,1106.51,,,,,,,,,,,,
2015-08-26,640.43,738.71,5.3919,82.624,1006.74,456.79,415.54,456.04,,480.28,,66.001,1078.91,,,,,,,,,,,,
2015-08-27,640.85,726.96,5.3557,82.679,994.11,457.92,414.9,457.26,,482.04,,65.33,1075.04,,,,,,,,,,,,
2015-08-28,639.86,720.68,5.2994,82.562,989.4,460.79,416.27,458.1,,485.15,,64.968,1029.94,,,,,,,,,,,,
2015-08-31,638.93,717.93,5.2718,82.442,988.64,456.57,412.59,453.37,,482.79,,62.715,1020.15,,,,,,,,,,,,
2015-09-01,637.52,717.18,5.2667,82.259,979.88,453.26,404.84,452.13,,484.82,,65.129,1007.02,,,,,,,,,,,,
2015-09-02,636.19,718.31,5.3021,82.089,973.78,446.82,403.28,450.61,,480.4,,65.143,1045.91,,,,,,,,,,,,
2015-09-07,635.84,710.42,5.3466,82.041,967.11,441.01,399.73,447.04,,478.9,,66.705,1076.61,,,,,,,,,,,,
2015-09-08,636.39,710.61,5.332,82.114,972.26,441.89,398.82,445.71,,478.45,,67.431,1084.37,,,,,,,,,,,,
2015-09-09,636.32,712.65,5.2964,82.097,979.36,447.74,405.74,448.99,,482.3,,67.214,1069.03,,,,,,,,,,,,
2015-09-10,637.72,715.52,5.3001,82.272,980.7,444.09,400.44,448.35,,480.17,,67.66,1072.17,,,,,,,,,,,,
2015-09-11,637.19,718.75,5.2753,82.218,983.96,450.6,401.93,451.15,,481.55,,67.35,1060.62,,,,,,,,,,,,
2015-09-14,637.09,722.78,5.2803,82.204,984.21,452.98,403.38,452.05,,481.44,,67.106,1063.56,,,,,,,,,,,,
2015-09-15,636.65,720.27,5.2898,82.148,982.57,455.74,403.55,454.44,,480.45,,67.157,1061.11,,,,,,,,,,,,
2015-09-16,637.12,718.22,5.2947,82.208,977.74,454.41,404.88,454.91,,480.99,,67.202,1048.65,,,,,,,,,,,,
2015-09-17,636.7,719.28,5.2803,82.15,987.45,457.8,404.18,455.57,,483.47,,66.615,1025.21,,,,,,,,,,,,
2015-09-18,636.07,725.68,5.3028,82.072,989.98,456.57,403.84,454.79,,482.71,,66.267,1027.65,,,,,,,,,,,,
2015-09-21,636.76,719.57,5.3155,82.163,989.3,458.07,406.97,453.72,,481.77,,66.082,1043.88,,,,,,,,,,,,
2015-09-22,637.21,714.24,5.2955,82.221,983.11,455.13,403.41,451.47,,481.13,,66.5,1036.86,,,,,,,,,,,,
2015-09-23,637.73,708.74,5.3087,82.288,979.08,451.6,401.31,449.79,,480.15,,67.081,1035.43,,,,,,,,,,,,
2015-09-24,637.91,713.35,5.3059,82.31,972.78,446.85,400.95,447.76,,478.8,,67.602,1036.32,,,,,,,,,,,,
2015-09-25,637.85,713.2,5.3074,82.299,971.69,447.65,404.24,448.31,,477.97,,67.94,1035.47,,,,,,,,,,,,
2015-09-28,637.29,713.9,5.293,82.227,968.56,447.38,406.05,446.97,,478.12,,68.037,1027.36,,,,,,,,,,,,
2015-09-29,636.6,715.96,5.3181,82.14,965.57,443.46,401.25,444.93,,475.04,,69.453,1036.3,,,,,,,,,,,,
2015-09-30,636.13,716.08,5.3043,82.081,964.11,445.91,405.05,446.02,,473.73,,69.936,1037.1,,,,,,,,,,,,
2015-10-08,635.05,714.44,5.2945,81.942,973.34,457.36,420.32,450.52,,486.44,,65.911,979.18,,,,,,,,,,,,
2015-10-09,634.93,716.4,5.2935,81.926,974.98,461.23,423.24,452.66,,488.43,,65.474,965.92,,,,,,,,,,,,
2015-10-12,634.06,721.09,5.2766,81.813,971.89,464.27,423.78,453.48,,490.15,,65.037,970.07,,,,,,,,,,,,
2015-10-13,632.31,718.34,5.2709,81.587,969.51,464.55,423.72,451.51,,485.24,,65.525,978.7,,,,,,,,,,,,
2015-10-14,634.08,721.58,5.2978,81.817,967.18,457.89,421.57,453.38,,487.04,,65.682,990.75,,,,,,,,,,,,
2015-10-15,634.02,726.94,5.3316,81.809,981.04,463.72,431.97,460.45,,490.82,,65.173,985.74,,,,,,,,,,,,
2015-10-16,634.36,721.7,5.3389,81.852,981.72,464.66,434.1,459.67,,492.97,,64.855,964.18,,,,,,,,,,,,
2015-10-19,635.27,722.01,5.3203,81.97,980.44,460.47,431.31,459.94,,491.43,,65.649,967.29,,,,,,,,,,,,
2015-10-20,636.14,720.61,5.3255,82.082,984.27,461.97,432.77,457.81,,488.46,,66.323,979.7,,,,,,,,,,,,
2015-10-21,634.73,721.17,5.294,81.9,980.4,461.3,428.62,456.7,,489.01,,66.936,976.22,,,,,,,,,,,,
2015-10-22,634.97,720.06,5.2965,81.93,979.28,458.17,427.01,455.44,,483.53,,67.154,990.4,,,,,,,,,,,,
2015-10-23,635.95,705.89,5.2764,82.058,980.1,460.13,433.92,457.4,,485.68,,66.709,981.52,,,,,,,,,,,,
2015-10-26,635.49,700.5,5.2438,81.998,973.29,459.27,429.14,454.57,,482.09,,66.298,979.1,,,,,,,,,,,,
2015-10-27,634.94,702.1,5.253,81.927,975.03,460.31,430.62,456.52,,482.37,,66.241,991.3,,,,,,,,,,,,
2015-10-28,635.36,701.03,5.2754,81.981,972.51,454.72,429.54,454.69,,478.56,,66.849,1028.22,,,,,,,,,,,,
2015-10-29,635.96,694.59,5.2701,82.059,971.41,452.12,425.5,453.48,,482.01,,66.906,1004.81,,,,,,,,,,,,
2015-10-30,634.95,697.71,5.2493,81.929,973.29,450.63,426.89,453.36,,482.81,,67.318,1010.51,,,,,,,,,,,,
2015-11-02,631.54,697.1,5.2415,81.489,975.17,450.67,427.3,451.44,,482.87,,67.596,1015.02,,,,,,,,,,,,
2015-11-03,633.1,697.44,5.2473,81.689,977.29,453.67,428.28,453.34,,483.54,,67.296,1004.09,,,,,,,,,,,,
2015-11-04,633.43,694.5,5.2348,81.728,977.27,455.07,421.89,454.24,,485.09,,66.868,987.64,,,,,,,,,,,,
2015-11-05,633.81,688.66,5.2208,81.777,975.28,452.83,418.13,451.75,,481.47,,67.089,996.34,,,,,,,,,,,,
2015-11-06,634.59,690.38,5.2153,81.875,965.41,453.58,419.15,451.15,,482.21,,67.289,996.76,,,,,,,,,,,,
2015-11-09,635.78,683.51,5.1729,82.023,959.54,449.17,416.76,447.56,,477.99,,67.842,1009.3,,,,,,,,,,,,
2015-11-10,636.02,683.97,5.1636,82.048,961.47,448.07,415.18,447.0,634.26,479.08,,68.332,1015.62,,,,,,,,,,,,
2015-11-11,636.14,682.74,5.1688,82.064,962.64,448.06,416.29,447.87,632.55,479.49,,68.64,1012.52,,,,,,,,,,,,
2015-11-12,636.28,684.67,5.1804,82.095,968.87,452.56,417.79,448.8,633.86,480.18,,68.259,1023.13,,,,,,,,,,,,
2015-11-13,636.55,687.66,5.1945,82.134,969.3,454.01,416.41,448.77,635.9,479.22,,68.36,1038.59,,,,,,,,,,,,
2015-11-16,637.5,683.49,5.2054,82.251,969.99,453.22,416.33,447.44,632.93,478.39,,68.379,1047.07,,,,,,,,,,,,
2015-11-17,637.4,681.14,5.1731,82.238,968.83,452.56,413.2,448.25,631.34,478.38,,68.513,1020.35,,,,,,,,,,,,
2015-11-18,637.96,678.62,5.1706,82.309,970.42,453.64,412.93,447.88,628.78,478.77,,68.541,1020.32,,,,,,,,,,,,
2015-11-19,637.91,681.21,5.1655,82.307,973.09,454.8,414.83,449.46,626.69,480.03,,68.145,1015.57,,,,,,,,,,,,
2015-11-20,637.8,683.46,5.1894,82.296,974.6,458.52,418.29,451.1,628.89,479.62,,67.452,1011.5,,,,,,,,,,,,
2015-11-23,638.67,678.94,5.1985,82.406,969.66,461.37,417.89,451.62,626.4,478.08,,66.911,1011.43,,,,,,,,,,,,
2015-11-24,638.88,679.35,5.1989,82.435,966.21,459.32,416.17,450.61,627.37,478.28,,66.936,1033.45,,,,,,,,,,,,
2015-11-25,638.77,680.1,5.2148,82.421,963.46,463.55,419.08,453.75,628.29,480.42,,65.882,1024.96,,,,,,,,,,,,
2015-11-26,638.96,680.76,5.2104,82.444,966.46,462.47,421.6,454.82,625.28,480.35,,65.691,1026.34,,,,,,,,,,,,
2015-11-27,639.15,677.73,5.2117,82.467,964.91,461.41,419.98,453.83,624.15,480.74,,65.811,1030.19,,,,,,,,,,,,
2015-11-30,639.62,676.73,5.2107,82.528,961.49,459.12,417.14,452.11,620.7,477.97,,66.362,1037.83,,,,,,,,,,,,
2015-12-01,639.73,675.98,5.1924,82.534,963.35,462.8,422.3,453.29,621.71,479.22,,66.352,1036.2,,,,,,,,,,,,
2015-12-02,639.58,679.54,5.203,82.508,964.12,468.2,426.42,454.98,623.02,478.58,,65.852,1041.79,,,,,,,,,,,,
2015-12-03,639.82,678.67,5.1958,82.553,956.14,466.74,424.74,452.91,628.05,479.41,,66.159,1053.79,,,,,,,,,,,,
2015-12-04,638.51,697.69,5.2063,82.386,966.23,468.05,426.39,458.01,642.79,478.43,,65.841,1056.2,,,,,,,,,,,,
2015-12-07,639.85,695.68,5.1971,82.561,966.48,469.39,430.22,457.69,641.7,477.71,,65.694,1063.36,,,,,,,,,,,,
2015-12-08,640.78,693.99,5.199,82.675,964.3,465.69,425.7,455.86,640.34,474.35,,65.843,1081.84,,,,,,,,,,,,
2015-12-09,641.4,698.2,5.216,82.758,962.72,463.32,425.63,455.71,645.68,472.24,,66.202,1082.73,,,,,,,,,,,,
2015-12-10,642.36,706.74,5.2792,82.882,975.2,467.2,433.06,458.16,652.82,473.94,,65.99,1078.02,,,,,,,,,,,,
2015-12-11,643.58,703.88,5.2855,83.04,975.51,467.99,434.61,458.67,651.21,471.63,,66.052,1070.66,,,,,,,,,,,,
2015-12-14,644.95,708.07,5.3343,83.207,980.64,462.57,432.88,456.79,656.01,469.02,,66.537,1086.94,,,,,,,,,,,,
2015-12-15,645.59,709.72,5.3321,83.3,978.33,468.07,437.53,458.42,655.23,470.41,,66.603,1091.93,,,,,,,,,,,,
2015-12-16,646.26,706.47,5.311,83.385,972.22,465.41,437.15,459.26,652.06,470.42,,66.448,1081.89,,,,,,,,,,,,
2015-12-17,647.57,703.83,5.2901,83.553,969.89,466.67,438.15,458.9,652.32,469.54,,66.426,1085.42,,,,,,,,,,,,
2015-12-18,648.14,702.67,5.2962,83.605,966.83,461.8,434.07,456.85,651.76,464.78,,66.48,1096.59,,,,,,,,,,,,
2015-12-21,647.53,704.2,5.3405,83.529,965.99,464.04,435.89,458.78,653.06,464.05,,66.198,1095.91,,,,,,,,,,,,
2015-12-22,647.46,706.59,5.3447,83.519,964.49,466.04,438.98,460.46,652.43,464.06,,66.309,1100.34,,,,,,,,,,,,
2015-12-23,647.31,709.0,5.3492,83.497,960.02,468.29,441.09,460.95,655.23,465.02,,66.247,1099.75,,,,,,,,,,,,
2015-12-24,647.55,706.65,5.3555,83.548,963.42,468.69,440.15,461.07,637.3,467.51,,66.462,1076.99,,,,,,,,,,,,
2015-12-25,647.13,709.39,5.3853,83.486,966.59,470.99,441.85,460.98,656.11,468.21,,66.538,1085.29,,,,,,,,,,,,
2015-12-28,647.5,710.07,5.3809,83.538,966.21,470.98,442.46,460.67,656.3,468.02,,66.484,1085.12,,,,,,,,,,,,
2015-12-29,648.64,711.83,5.3916,83.689,965.85,470.89,444.72,461.02,656.7,467.12,,66.11,1113.87,,,,,,,,,,,,
2015-12-30,648.95,708.94,5.3842,83.733,961.42,472.83,445.42,459.11,653.76,468.93,,66.009,1114.12,,,,,,,,,,,,
2015-12-31,649.36,709.52,5.3875,83.778,961.59,472.76,444.26,458.75,640.18,468.14,,66.051,1131.0,,,,,,,,,,,,
2016-01-04,650.32,704.83,5.3993,83.906,957.27,473.29,442.69,457.47,649.37,468.97,,66.201,1128.38,,,,,,,,,,,,
2016-01-05,651.69,705.69,5.47,84.08,959.65,469.07,440.08,457.72,650.67,467.97,,66.454,1116.53,,,,,,,,,,,,
2016-01-06,653.14,701.3,5.4828,84.263,957.7,467.74,437.24,458.0,646.94,467.15,,66.259,1124.0,,,,,,,,,,,,
2016-01-07,656.46,705.79,5.5246,84.68,959.11,463.93,435.61,456.26,650.7,466.5,,66.784,1137.82,,,,,,,,,,,,
2016-01-08,656.36,717.35,5.5872,84.641,961.25,462.07,436.15,459.19,660.88,465.31,,66.63,1134.72,,,,,,,,,,,,
2016-01-11,656.26,719.36,5.6163,84.54,955.85,458.04,430.67,456.37,663.05,462.73,,66.728,1142.82,,,,,,,,,,,,
2016-01-12,656.28,714.54,5.593,84.568,957.9,460.14,431.28,458.52,657.2,461.91,,66.293,1156.17,,,,,,,,,,,,
2016-01-13,656.3,712.11,5.5773,84.582,949.46,459.7,430.59,457.55,654.86,460.66,,66.635,1169.32,,,,,,,,,,,,
2016-01-14,656.16,714.68,5.5857,84.545,946.09,456.16,426.43,456.5,652.65,456.87,,66.795,1165.59,,,,,,,,,,,,
2016-01-15,656.37,713.97,5.5661,84.404,948.62,459.63,426.56,457.74,654.16,457.27,,66.496,1157.74,,,,,,,,,,,,
2016-01-18,655.9,717.02,5.6099,84.103,937.03,450.8,422.76,456.28,655.89,450.11,,67.405,1184.53,,,,,,,,,,,,
2016-01-19,655.96,714.87,5.5884,84.068,936.4,452.13,424.19,456.96,653.05,451.36,,66.525,1208.96,,,,,,,,,,,,
2016-01-20,655.78,716.27,5.5834,83.865,929.87,453.02,419.46,456.78,654.32,450.06,,66.755,1200.84,,,,,,,,,,,,
2016-01-21,655.85,713.86,5.6037,83.918,932.47,455.42,423.51,457.45,653.67,453.84,,66.426,1240.13,,,,,,,,,,,,
2016-01-22,655.72,712.16,5.5778,83.964,933.52,459.76,428.3,458.27,651.15,459.57,,66.085,1253.19,,,,,,,,,,,,
2016-01-25,655.57,709.46,5.5431,84.078,937.66,460.05,425.79,459.86,647.38,463.5,,65.131,1187.52,,,,,,,,,,,,
2016-01-26,655.48,711.83,5.5493,84.076,933.55,456.16,423.09,458.76,647.83,458.99,,65.049,1218.35,,,,,,,,,,,,
2016-01-27,655.33,712.24,5.5481,84.131,941.39,460.64,426.5,460.24,645.19,464.44,,65.155,1195.98,,,,,,,,,,,,
2016-01-28,655.28,714.61,5.5357,84.107,935.06,460.72,422.56,458.46,646.7,464.67,,64.485,1183.4,,,,,,,,,,,,
2016-01-29,655.16,717.0,5.5205,84.091,942.09,464.91,425.0,459.84,646.81,466.6,,63.458,1160.53,,,,,,,,,,,,
2016-02-01,655.39,710.75,5.4112,84.206,934.8,463.46,424.53,460.24,641.61,468.37,,63.139,1143.13,,,,,,,,,,,,
2016-02-02,655.1,714.42,5.4215,84.221,946.06,465.83,428.72,460.72,643.17,469.17,,63.476,1175.24,,,,,,,,,,,,
2016-02-03,655.21,716.26,5.4718,84.007,944.78,460.83,428.46,458.84,644.08,465.05,,64.222,1214.12,,,,,,,,,,,,
2016-02-04,654.19,727.55,5.5536,83.979,956.41,469.72,436.67,463.35,652.74,475.29,,63.473,1172.42,,,,,,,,,,,,
2016-02-05,653.14,733.33,5.5977,83.89,954.8,471.61,439.72,468.45,659.36,474.98,,62.677,1172.46,,,,,,,,,,,,
2016-02-15,651.18,733.97,5.7437,83.612,948.68,466.03,434.65,468.22,668.74,470.68,,63.381,1192.92,,,,,,,,,,,,
2016-02-16,651.3,727.02,5.6839,83.675,939.44,465.39,433.59,465.02,659.1,472.44,,63.323,1182.91,,,,,,,,,,,,
2016-02-17,652.37,725.25,5.7014,83.721,931.66,463.6,428.57,463.36,658.76,470.45,,64.158,1192.89,,,,,,,,,,,,
2016-02-18,651.52,725.78,5.7203,83.68,931.84,466.82,432.49,464.43,657.34,476.47,,64.013,1148.22,,,,,,,,,,,,
2016-02-19,651.86,724.72,5.7669,83.804,934.03,465.41,432.18,463.84,657.35,473.74,,63.922,1173.46,,,,,,,,,,,,
2016-02-22,651.65,724.63,5.783,83.862,931.96,466.46,432.55,463.74,658.09,472.69,,64.351,1180.62,,,,,,,,,,,,
2016-02-23,652.73,718.8,5.7794,84.015,921.77,471.36,436.95,465.66,652.72,476.1,,64.13,1155.41,,,,,,,,,,,,
2016-02-24,653.02,719.12,5.8312,84.057,914.54,470.09,433.03,464.09,658.46,473.37,,64.295,1167.08,,,,,,,,,,,,
2016-02-25,653.18,719.24,5.8282,84.089,909.73,468.72,435.07,465.08,660.28,476.6,,64.236,1163.35,,,,,,,,,,,,
2016-02-26,653.38,720.89,5.775,84.102,912.45,472.93,441.08,466.52,660.28,482.59,,64.036,1152.8,,,,,,,,,,,,
2016-02-29,654.52,715.33,5.763,84.186,907.77,466.51,432.14,464.56,657.24,482.86,,64.344,1164.07,,,,,,,,,,,,
2016-03-01,653.85,712.11,5.8208,84.114,911.59,466.25,431.93,465.56,655.61,482.83,,63.785,1143.99,,,,,,,,,,,,
2016-03-02,654.9,711.81,5.7482,84.241,913.94,472.05,434.69,467.25,657.0,487.71,,63.23,1117.49,,,,,,,,,,,,
2016-03-03,654.12,711.21,5.7591,84.156,920.99,476.39,435.69,468.0,656.41,487.06,,63.051,1122.36,,,,,,,,,,,,
2016-03-04,652.84,714.94,5.7444,84.029,925.04,479.53,438.72,470.62,657.95,486.67,,63.077,1118.44,,,,,,,,,,,,
2016-03-07,651.13,716.25,5.7221,83.858,925.49,482.12,441.37,473.19,654.99,488.32,,63.0,1108.19,,,,,,,,,,,,
2016-03-08,650.41,716.89,5.74,83.752,927.82,484.63,441.14,471.62,653.28,489.18,,62.577,1097.05,,,,,,,,,,,,
2016-03-09,651.06,716.12,5.7843,83.827,924.97,483.85,439.18,469.9,653.46,485.12,,63.241,1119.27,,,,,,,,,,,,
2016-03-10,651.27,715.31,5.7521,83.871,925.11,486.18,432.93,471.37,652.4,491.15,,63.11,1091.06,,,,,,,,,,,,
2016-03-11,649.05,726.75,5.745,83.602,928.2,484.47,433.77,470.92,660.27,486.73,,62.887,1097.56,,,,,,,,,,,,
2016-03-14,649.13,724.57,5.707,83.649,933.52,491.3,437.76,472.5,660.66,490.69,,62.879,1077.44,,,,,,,,,,,,
2016-03-15,650.79,721.72,5.717,83.872,928.9,488.42,434.13,472.31,659.01,490.2,,63.069,1076.3,,,,,,,,,,,,
2016-03-16,651.72,723.31,5.7581,83.985,921.81,486.29,430.62,471.79,659.87,488.11,,63.239,1087.84,,,,,,,,,,,,
2016-03-17,649.61,728.88,5.7608,83.736,926.7,491.67,438.36,475.65,662.25,495.81,,62.794,1060.77,,,,,,,,,,,,
2016-03-18,646.28,732.53,5.8165,83.33,936.96,494.75,442.42,478.9,665.56,497.37,,62.291,1051.88,,,,,,,,,,,,
2016-03-21,648.24,730.72,5.8182,83.594,937.18,491.91,438.67,476.88,665.44,496.39,,62.442,1052.78,,,,,,,,,,,,
2016-03-22,649.71,729.55,5.7963,83.793,933.31,491.82,439.18,476.78,669.26,496.57,,62.309,1045.58,,,,,,,,,,,,
2016-03-23,649.36,728.34,5.7853,83.748,923.12,494.98,438.56,477.12,667.05,497.63,,61.527,1041.55,,,,,,,,,,,,
2016-03-24,651.5,727.42,5.7923,83.968,918.7,489.43,436.79,475.75,667.46,492.66,,61.559,1055.09,,,,,,,,,,,,
2016-03-25,652.23,727.85,5.7727,84.051,921.75,490.52,438.63,475.73,668.06,492.51,,61.657,1056.61,,,,,,,,,,,,
2016-03-28,652.32,727.5,5.7476,84.081,921.15,489.25,435.42,474.98,666.61,491.33,,61.817,1049.14,,,,,,,,,,,,
2016-03-29,650.6,728.77,5.7386,83.865,927.32,491.14,438.11,475.37,667.97,493.48,,61.484,1053.67,,,,,,,,,,,,
2016-03-30,648.41,733.27,5.7624,83.602,933.8,495.49,445.38,479.1,671.6,496.33,,61.224,1048.86,,,,,,,,,,,,
2016-03-31,646.12,733.12,5.753,83.325,929.35,495.5,446.79,478.84,669.89,498.05,,60.775,1053.16,,,,,,,,,,,,
2016-04-01,645.85,734.93,5.7413,83.28,927.74,495.47,446.88,479.06,671.82,497.42,,60.021,1037.47,,,,,,,,,,,,
2016-04-05,646.63,736.65,5.8203,83.386,922.56,491.28,440.48,477.95,674.74,493.8,,60.256,1059.94,,,,,,,,,,,,
2016-04-06,647.54,736.7,5.8655,83.488,916.44,488.6,440.52,477.91,676.95,493.1,,60.338,1059.4,,,,,,,,,,,,
2016-04-07,647.07,738.03,5.8954,83.436,914.18,492.42,441.8,480.5,676.79,495.16,,59.846,1045.01,,,,,,,,,,,,
2016-04-08,647.33,736.19,5.9703,83.424,910.2,486.4,439.23,478.38,676.94,492.64,,60.431,1051.48,,,,,,,,,,,,
2016-04-11,646.49,736.96,5.9748,83.332,912.79,488.24,440.14,479.27,677.85,497.34,,60.044,1040.66,,,,,,,,,,,,
2016-04-12,646.16,737.05,5.9795,83.32,919.41,490.36,442.85,480.56,676.78,500.36,,59.962,1034.6,,,,,,,,,,,,
2016-04-13,645.91,735.37,5.9456,83.291,921.41,496.05,447.18,480.68,659.33,505.57,,59.656,1015.78,,,,,,,,,,,,
2016-04-14,648.91,730.56,5.9274,83.651,920.23,495.72,447.37,477.75,671.0,505.07,,59.608,1022.23,,,,,,,,,,,,
2016-04-15,649.08,730.56,5.9294,83.68,917.83,499.12,444.97,475.78,671.02,505.63,,59.815,1018.69,,,,,,,,,,,,
2016-04-18,647.87,731.97,5.9907,83.541,918.34,495.8,446.5,476.24,670.19,499.51,,60.486,1041.82,,,,,,,,,,,,
2016-04-19,647.0,731.91,5.9341,83.428,924.27,502.41,451.27,478.96,670.8,506.46,,60.208,1022.08,,,,,,,,,,,,
2016-04-20,645.79,733.83,5.9154,83.269,929.27,503.67,453.66,482.36,671.51,508.7,,59.689,1022.28,,,,,,,,,,,,
2016-04-21,648.03,731.75,5.9013,83.55,928.64,509.01,451.68,481.33,667.23,512.03,,59.646,1006.18,,,,,,,,,,,,
2016-04-22,648.98,732.59,5.9322,83.654,929.78,503.17,448.7,481.05,666.07,510.81,,59.904,1030.25,,,,,,,,,,,,
2016-04-25,651.2,730.7,5.8426,83.953,940.1,501.38,446.3,480.45,665.68,513.36,,59.742,1022.86,,,,,,,,,,,,
2016-04-26,648.82,731.61,5.842,83.649,940.11,500.65,445.66,480.21,665.6,511.93,,59.945,1025.23,,,,,,,,,,,,
2016-04-27,648.37,732.72,5.8291,83.6,945.32,502.36,446.91,480.08,666.14,514.33,,60.259,1006.44,,,,,,,,,,,,
2016-04-28,649.54,735.0,5.8231,83.739,944.15,493.46,449.1,481.73,668.71,515.96,,59.914,1002.85,,,,,,,,,,,,
2016-04-29,645.89,734.39,5.982,83.257,944.03,492.89,449.64,481.06,668.54,514.98,,59.935,999.33,,,,,,,,,,,,
2016-05-03,645.65,744.76,6.0789,83.21,947.91,495.64,454.8,482.38,676.92,515.74,,60.192,1001.42,,,,,,,,,,,,
2016-05-04,649.43,746.13,6.0917,83.672,944.59,487.0,449.92,480.37,680.88,511.2,,60.486,1022.32,,,,,,,,,,,,
2016-05-05,651.28,747.65,6.0848,83.905,944.43,485.92,448.81,479.24,680.29,506.16,,61.298,1023.64,,,,,,,,,,,,
2016-05-06,652.02,742.89,6.0764,84.011,944.15,486.9,448.68,479.56,673.31,506.5,,61.228,1011.7,,,,,,,,,,,,
2016-05-09,651.05,741.46,6.0613,83.899,939.01,479.88,445.17,477.96,669.18,502.97,,61.234,1010.67,,,,,,,,,,,,
2016-05-10,652.33,742.2,6.0181,84.026,939.92,477.13,440.76,475.28,671.62,502.72,,61.652,1017.57,,,,,,,,,,,,
2016-05-11,652.09,741.59,5.9714,84.021,942.41,481.01,444.05,476.9,668.67,504.95,,61.803,1015.13,,,,,,,,,,,,
2016-05-12,649.59,742.89,5.9953,83.708,938.05,478.44,443.26,475.34,669.05,505.4,,61.848,1000.06,,,,,,,,,,,,
2016-05-13,652.46,741.44,5.9877,84.072,942.25,477.17,444.75,474.66,671.88,507.83,,61.542,993.84,,,,,,,,,,,,
2016-05-16,653.43,738.76,6.0135,84.157,937.66,475.6,442.05,475.73,670.02,504.27,,61.617,1002.25,,,,,,,,,,,,
2016-05-17,652.0,738.23,5.9825,83.991,941.75,475.1,442.16,476.54,666.94,505.03,,61.466,995.39,,,,,,,,,,,,
2016-05-18,652.16,737.78,5.9832,84.013,942.48,476.67,444.08,475.72,665.34,504.69,,61.461,992.93,,,,,,,,,,,,
2016-05-19,655.31,735.08,5.9539,84.372,956.49,473.65,442.27,474.41,663.71,502.62,,61.833,1007.74,,,,,,,,,,,,
2016-05-20,655.1,733.77,5.9558,84.347,956.22,473.57,442.65,475.07,661.12,500.73,,62.001,1019.47,,,,,,,,,,,,
2016-05-23,654.55,734.71,5.9488,84.27,948.75,473.28,443.16,474.43,660.75,499.26,,62.039,1019.42,,,,,,,,,,,,
2016-05-24,654.68,734.24,5.99,84.291,948.11,472.49,441.87,474.97,661.65,497.89,,62.213,1017.54,,,,,,,,,,,,
2016-05-25,656.93,731.18,5.9662,84.577,959.98,472.38,443.33,475.31,661.45,500.82,,62.345,1009.05,,,,,,,,,,,,
2016-05-26,655.52,731.8,5.9597,84.432,963.68,470.97,439.81,475.96,661.66,503.39,,62.246,997.95,,,,,,,,,,,,
2016-05-27,654.9,733.34,5.9706,84.331,960.59,473.28,442.16,477.19,662.32,504.7,,61.918,1004.69,,,,,,,,,,,,
2016-05-30,657.84,730.15,5.9365,84.7,961.56,472.16,440.2,476.39,661.34,503.28,,61.926,1011.17,,,,,,,,,,,,
2016-05-31,657.9,733.18,5.932,84.685,963.26,473.15,441.26,476.77,663.46,504.41,,62.319,997.49,,,,,,,,,,,,
2016-06-01,658.89,733.08,5.9543,84.789,953.69,476.9,447.07,478.03,663.11,503.55,,62.341,1010.5,,,,,,,,,,,,
2016-06-02,656.88,735.5,6.006,84.545,947.06,476.11,447.97,477.29,664.91,502.51,,62.965,1019.24,,,,,,,,,,,,
2016-06-03,657.93,733.47,6.0431,84.678,948.3,475.32,448.07,478.31,664.38,502.54,,62.884,1015.36,,,,,,,,,,,,
2016-06-06,654.97,743.77,6.1406,84.316,942.81,480.68,454.19,482.2,670.69,505.11,,62.549,1003.79,,,,,,,,,,,,
2016-06-07,656.18,744.99,6.1101,84.476,948.73,483.6,453.21,483.78,676.33,512.04,,61.971,997.76,,,,,,,,,,,,
2016-06-08,655.93,745.03,6.1207,84.458,953.66,488.45,456.91,485.33,679.78,514.74,,61.724,984.71,,,,,,,,,,,,
2016-06-13,658.05,740.48,6.1817,84.767,936.02,485.84,464.65,483.87,683.05,514.83,,61.759,990.88,,,,,,,,,,,,
2016-06-14,657.91,743.07,6.1851,84.751,935.72,485.33,461.48,484.94,682.82,512.87,,61.826,994.76,,,,,,,,,,,,
2016-06-15,660.01,739.75,6.2298,85.036,932.24,485.3,461.07,486.89,685.63,512.95,,61.981,1001.61,,,,,,,,,,,,
2016-06-16,657.39,741.31,6.2177,84.715,933.31,487.72,465.41,486.84,684.35,509.53,,62.005,996.12,,,,,,,,,,,,
2016-06-17,657.95,740.38,6.2913,84.799,937.32,485.54,464.13,488.08,681.79,509.29,,62.141,997.97,,,,,,,,,,,,
2016-06-20,657.08,745.63,6.2811,84.679,954.79,488.05,465.32,488.53,684.77,511.47,,61.977,983.7,229.28,,,,,,,,,,,
2016-06-21,656.56,743.93,6.3223,84.606,963.19,490.26,467.43,489.23,682.95,513.06,,61.675,976.39,225.79,,,,,,,,,,,
2016-06-22,659.35,740.87,6.2949,84.981,966.75,491.09,469.7,490.73,685.12,514.67,,61.12,968.27,223.83,,,,,,,,,,,
2016-06-23,656.58,744.47,6.27,84.636,972.42,493.71,470.75,491.22,684.45,512.67,,61.154,981.41,222.08,,,,,,,,,,,
2016-06-24,657.76,744.34,6.2725,84.791,958.99,495.51,473.54,489.65,684.47,512.55,,60.666,971.41,221.18,,,,,,,,,,,
2016-06-27,663.75,731.84,6.5042,85.522,891.94,493.84,471.79,488.83,682.79,508.5,,61.57,987.37,228.55,17631.0,,,,,,,,,,
2016-06-28,665.28,732.38,6.53,85.736,879.92,489.0,466.57,488.41,679.78,509.17,,61.555,983.94,231.65,17171.0,,,,,,,,,,
2016-06-29,663.24,734.82,6.4678,85.482,885.06,490.46,468.98,490.48,676.63,508.85,,61.083,971.27,228.57,17603.0,,,,,,,,,,
2016-06-30,663.12,737.5,6.4491,85.467,892.12,494.52,471.73,492.39,677.3,512.22,,60.508,960.75,222.73,17400.0,,,,,,,,,,
2016-07-01,664.96,737.96,6.4457,85.7,886.87,495.23,474.41,493.63,680.99,513.07,,60.125,960.17,221.89,17319.0,,,,,,,,,,
2016-07-04,664.72,739.9,6.4813,85.682,883.27,496.31,476.8,493.96,682.32,514.77,,59.947,959.09,219.51,17273.0,,,,,,,,,,
2016-07-05,665.94,741.61,6.4986,85.836,884.08,501.08,480.21,494.57,685.84,517.38,,59.846,961.22,218.95,17265.0,,,,,,,,,,
2016-07-06,668.57,738.41,6.6022,86.169,866.47,496.98,475.96,494.06,684.05,514.03,,59.957,962.63,220.95,17356.0,,,,,,,,,,
2016-07-07,668.2,741.18,6.614,86.131,862.48,502.16,476.4,494.96,685.33,515.51,,60.076,961.23,220.6,17345.0,,,,,,,,,,
2016-07-08,668.53,739.78,6.6345,86.17,863.4,501.13,483.88,495.48,683.06,514.35,,60.123,963.42,221.05,17309.0,,,,,,,,,,
2016-07-11,668.43,738.29,6.635,86.161,865.25,505.15,487.64,496.42,679.88,511.8,,59.9,957.39,217.95,17243.0,,,,,,,,,,
2016-07-12,669.5,740.28,6.5318,86.295,869.77,504.83,484.24,495.76,681.44,510.25,,59.441,957.09,215.63,17156.0,,,,,,,,,,
2016-07-13,668.91,739.92,6.3882,86.22,887.06,508.83,487.39,496.41,676.38,511.97,,59.133,954.35,214.61,17119.0,,,,,,,,,,
2016-07-14,668.46,741.87,6.4217,86.182,876.83,507.75,485.93,496.25,679.23,515.43,,59.168,956.1,216.52,17130.0,,,,,,,,,,
2016-07-15,668.05,742.26,6.3475,86.156,892.58,508.86,478.69,497.49,680.86,517.73,,58.85,939.83,213.52,16952.0,,,,,,,,,,
2016-07-18,669.61,740.04,6.3464,86.353,886.55,508.05,473.58,496.84,679.78,516.75,,59.236,947.29,215.41,16991.0,,,,,,,,,,
2016-07-19,669.71,741.67,6.3126,86.36,888.85,506.91,471.46,496.77,681.89,516.29,,59.155,937.77,212.54,16958.0,,,,,,,,,,
2016-07-20,669.46,738.4,6.3183,86.319,878.67,503.2,472.2,494.85,680.08,513.78,,59.59,948.22,213.86,17031.0,,,,,,,,,,
2016-07-21,668.72,736.87,6.2376,86.222,885.83,499.54,466.11,492.32,677.79,511.7,,60.066,953.61,214.21,17092.0,,,,,,,,,,
2016-07-22,666.69,735.79,6.3014,85.959,879.01,500.09,466.75,492.38,676.82,509.53,,60.416,963.46,213.55,17042.0,,,,,,,,,,
2016-07-25,668.6,732.73,6.2854,86.193,877.95,499.44,467.91,491.4,676.51,508.96,,60.606,969.97,214.19,16998.0,,,,,,,,,,
2016-07-26,667.78,733.85,6.3285,86.088,874.54,498.79,466.93,490.24,677.39,504.71,,60.892,979.89,215.08,17084.0,,,,,,,,,,
2016-07-27,666.71,732.83,6.3585,85.952,876.69,500.88,470.68,491.22,672.01,506.12,,61.049,988.56,215.32,17021.0,,,,,,,,,,
2016-07-28,665.97,737.05,6.3396,85.86,875.03,500.11,472.29,492.89,675.86,507.04,,60.966,990.27,213.59,16959.0,,,,,,,,,,
2016-07-29,665.11,737.24,6.3554,85.751,875.13,499.75,471.84,492.04,678.81,505.79,,60.96,1002.34,212.63,16908.0,,,,,,,,,,
2016-08-01,662.77,740.98,6.4716,85.432,876.12,503.37,477.37,494.46,683.96,507.77,,60.927,997.43,209.67,16797.0,,,,,,,,,,
2016-08-02,664.51,741.77,6.4925,85.629,876.14,500.26,476.68,495.14,686.42,506.45,,60.625,1007.51,209.47,16676.0,,,,,,,,,,
2016-08-03,661.95,743.31,6.5474,85.3,883.36,503.11,477.32,494.11,686.16,504.79,,60.907,1008.12,211.38,16804.0,,,,,,,,,,
2016-08-04,664.44,740.04,6.5593,85.635,885.38,504.61,475.59,495.05,682.94,509.48,,60.798,998.84,209.53,16799.0,,,,,,,,,,
2016-08-05,664.06,739.21,6.56,85.618,871.47,507.16,476.59,495.01,681.87,509.82,,60.614,994.36,206.51,16746.0,,,,,,,,,,
2016-08-08,666.15,738.16,6.5217,85.897,871.16,506.87,474.09,494.07,679.37,505.21,,60.437,983.4,205.98,16734.0,,,,,,,,,,
2016-08-09,665.94,738.37,6.5057,85.852,868.01,509.82,475.98,494.54,677.7,506.15,,60.364,969.44,204.2,16631.0,,,,,,,,,,
2016-08-10,665.3,740.33,6.5352,85.77,866.83,510.47,477.09,495.33,678.4,508.56,,60.342,973.5,201.47,16578.0,,,,,,,,,,
2016-08-11,662.55,741.96,6.5513,85.418,862.8,511.13,482.86,494.53,680.47,507.23,,60.276,978.52,200.71,16540.0,,,,,,,,,,
2016-08-12,665.43,740.44,6.526,85.793,862.0,511.57,479.54,494.81,682.26,512.44,,59.929,967.44,201.34,16535.0,,,,,,,,,,
2016-08-15,664.3,741.47,6.5571,85.653,857.45,508.29,477.61,493.43,681.17,512.26,,60.509,982.19,204.36,16610.0,,,,,,,,,,
2016-08-16,663.05,741.66,6.5522,85.485,854.37,508.9,478.29,493.95,681.56,512.9,,60.101,965.08,200.47,16559.0,,,,,,,,,,
2016-08-17,660.56,745.41,6.58,85.185,861.28,508.33,481.07,493.39,687.03,513.18,,60.104,964.9,203.06,16552.0,,,,,,,,,,
2016-08-18,662.73,748.29,6.6401,85.465,864.57,507.6,481.01,494.17,689.38,515.86,,60.202,972.96,201.74,16697.0,,,,,,,,,,
2016-08-19,662.11,751.21,6.6094,85.398,871.24,508.05,481.85,494.22,693.56,517.66,,60.123,960.89,201.92,16722.0,,,,,,,,,,
2016-08-22,666.52,752.04,6.6269,85.962,870.43,506.99,482.79,493.75,693.29,516.52,,60.225,960.83,202.34,16809.0,,,,,,,,,,
2016-08-23,665.86,753.79,6.6404,85.878,874.75,508.25,485.2,492.92,692.02,514.99,,60.264,973.41,203.83,16843.0,,,,,,,,,,
2016-08-24,664.2,751.17,6.6206,85.666,876.26,505.7,483.27,491.4,689.5,513.97,,60.576,971.48,209.53,16860.0,,,,,,,,,,
2016-08-25,666.02,749.86,6.6272,85.895,881.59,507.16,487.49,491.59,688.76,515.5,,60.426,978.55,212.43,16830.0,,,,,,,,,,
2016-08-26,664.88,750.79,6.6138,85.736,877.44,507.0,485.61,491.78,687.49,515.03,,60.194,971.52,213.78,16761.0,,,,,,,,,,
2016-08-29,668.56,748.3,6.5575,86.191,878.1,504.61,483.35,491.21,683.87,513.82,,60.225,969.06,213.79,16789.0,,,,,,,,,,
2016-08-30,668.12,747.49,6.5557,86.146,875.43,505.97,484.8,491.48,682.99,513.31,,60.341,968.14,215.7,16765.0,,,,,,,,,,
2016-08-31,669.08,746.02,6.5035,86.25,875.78,503.29,484.25,490.61,680.74,510.55,,60.407,974.7,216.47,16733.0,,,,,,,,,,
2016-09-01,667.84,745.6,6.4678,86.097,877.65,502.48,483.99,490.26,679.13,509.35,,60.909,977.84,220.03,16706.0,,,,,,,,,,
2016-09-02,667.27,747.11,6.4644,86.019,885.73,503.63,486.1,490.83,681.02,509.35,,61.094,987.29,218.68,16760.0,,,,,,,,,,
2016-09-05,668.73,745.95,6.4345,86.225,889.05,506.07,487.89,491.6,682.4,515.06,,60.973,975.66,216.69,16661.0,,,,,,,,,,
2016-09-06,666.76,743.83,6.445,85.98,887.11,506.37,487.3,491.56,680.41,515.71,,60.822,971.68,215.8,16560.0,,,,,,,,,,
2016-09-07,665.55,748.81,6.5384,85.823,893.56,511.08,493.0,494.78,686.44,517.74,,60.858,970.0,210.22,16465.0,,,,,,,,,,
2016-09-08,666.2,748.94,6.5485,85.899,888.83,511.23,496.78,494.79,687.18,517.44,,60.654,963.85,210.48,16370.0,,,,,,,,,,
2016-09-09,666.84,751.34,6.5181,85.963,887.38,510.17,493.82,493.75,686.17,515.99,,60.807,959.24,211.75,16447.0,,,,,,,,,,
2016-09-12,669.08,751.61,6.5321,86.256,887.87,504.6,490.6,491.81,686.45,512.19,,60.655,967.35,215.49,16561.0,,,,,,,,,,
2016-09-13,667.26,750.01,6.5549,86.01,889.73,504.43,490.68,492.21,686.58,511.29,,61.171,968.93,213.58,16621.0,,,,,,,,,,
2016-09-14,668.95,750.59,6.5279,86.223,883.23,500.11,485.38,489.59,685.26,508.07,,61.454,974.34,215.43,16819.0,,,,,,,,,,
2016-09-19,667.86,745.51,6.5286,86.083,869.14,500.99,485.74,488.26,681.69,506.18,,61.729,973.94,212.32,16837.0,,,,,,,,,,
2016-09-20,665.95,744.84,6.54,85.844,868.55,501.99,486.29,489.12,679.57,504.28,,61.876,969.68,210.23,16804.0,,,,,,,,,,
2016-09-21,667.38,743.96,6.5666,86.035,866.59,504.08,488.22,490.18,681.59,506.07,,61.828,971.03,208.42,16742.0,,,,,,,,,,
2016-09-22,665.13,744.95,6.6361,85.766,867.22,507.88,488.97,492.19,683.74,508.94,,61.79,960.45,204.04,16633.0,,,,,,,,,,
2016-09-23,666.7,746.98,6.6114,85.962,872.0,509.66,486.87,491.6,687.99,510.43,,61.51,955.25,204.48,16551.0,,,,,,,,,,
2016-09-26,667.44,749.86,6.6155,86.053,866.28,508.25,482.95,491.13,688.61,507.44,,61.519,959.4,205.92,16529.0,55.193,55.14,,,,,,,,
2016-09-27,666.46,749.73,6.64,85.934,864.16,508.53,484.67,489.88,687.54,502.42,,61.917,958.49,205.74,16646.0,55.115,56.283,,,,,,,,
2016-09-28,666.81,747.79,6.6421,85.987,867.67,511.32,486.18,490.46,686.95,505.14,,61.734,957.42,201.84,16442.0,55.081,56.256,,,,,,,,
2016-09-29,667.0,748.54,6.6057,86.023,869.91,513.21,486.03,490.68,687.22,510.99,,61.765,945.4,204.28,16401.0,55.07,56.241,,,,,,,,
2016-09-30,667.78,748.8,6.6012,86.097,865.46,509.24,483.75,488.94,691.08,507.37,,61.675,945.86,208.72,16516.0,55.005,56.244,,,,,,,,
2016-10-10,670.08,748.94,6.4964,86.372,832.01,508.71,480.06,487.17,684.45,506.12,,61.89,929.16,206.17,16659.0,54.885,56.043,,,,,,,,
2016-10-11,670.98,747.48,6.474,86.483,829.48,510.15,478.28,487.86,683.43,509.48,,61.546,923.4,205.54,16557.0,54.696,55.852,,,,,,,,
2016-10-12,672.58,743.66,6.5096,86.688,824.79,508.52,476.13,488.16,681.03,507.97,,61.951,932.02,213.27,16696.0,54.565,55.72,,,,,,,,
2016-10-13,672.96,741.08,6.4521,86.747,820.36,507.81,473.95,485.8,679.69,506.52,,62.27,942.51,211.64,16722.0,54.58,55.737,,,,,,,,
2016-10-14,671.57,742.29,6.4788,86.573,821.88,508.32,476.32,485.71,680.95,508.4,,62.492,939.15,212.43,16845.0,54.688,55.847,,,,,,,,
2016-10-17,673.79,738.83,6.4723,86.847,819.82,512.06,477.53,483.95,680.43,512.13,,62.204,935.63,212.11,16875.0,54.495,55.65,,,,,,,,
2016-10-18,673.03,740.95,6.4844,86.749,821.55,513.89,482.5,485.13,681.11,513.59,,62.544,936.6,210.0,16857.0,54.568,55.73,,,,,,,,
2016-10-19,673.26,739.38,6.4856,86.771,828.32,516.67,485.29,486.1,680.32,514.33,,62.272,932.67,206.14,16703.0,54.557,55.712,,,,,,,,
2016-10-20,673.11,738.66,6.5068,86.763,827.03,519.51,486.92,485.73,680.47,512.4,,62.039,924.68,205.54,16647.0,54.568,55.721,,,,,,,,
2016-10-21,675.58,737.44,6.4885,87.077,827.47,515.36,485.35,485.11,680.23,510.31,,61.92,925.58,206.44,16744.0,54.37,55.52,,,,,,,,
2016-10-24,676.9,736.04,6.5137,87.253,826.9,515.05,484.67,485.71,680.98,507.27,,61.658,922.71,205.82,16775.0,54.256,55.403,,,,,,,,
2016-10-25,677.44,736.4,6.4922,87.33,827.96,514.78,482.8,485.95,681.59,507.35,,61.45,918.16,205.49,16750.0,54.217,55.358,,,,,,,,
2016-10-26,677.05,737.07,6.5026,87.289,824.72,518.03,484.96,487.64,680.82,506.94,,61.151,918.78,203.26,16699.0,54.254,55.391,,,,,,,,
2016-10-27,677.36,738.76,6.4751,87.326,828.68,517.81,484.26,486.94,681.69,506.27,,61.512,928.07,204.98,16787.0,54.222,55.36,,,,,,,,
2016-10-28,678.58,739.58,6.4518,87.506,825.95,515.1,483.54,486.61,683.11,506.91,,61.551,924.09,204.09,16879.0,54.089,55.229,,,,,,,,
2016-10-31,676.41,742.94,6.4631,87.225,825.01,513.73,484.04,486.33,684.95,504.22,,61.885,931.49,203.82,16938.0,54.299,55.442,,,,,,,,
2016-11-01,677.34,742.8,6.462,87.343,828.53,514.74,484.442,486.8,684.81,504.65,,61.731,935.64,198.96,16886.0,54.226,55.364,,,,,,,,
2016-11-02,675.62,747.13,6.4941,87.113,827.03,516.79,486.97,486.68,693.04,504.55,,61.818,936.54,201.37,16933.0,54.359,55.503,,,,,,,,
2016-11-03,674.91,749.09,6.528,87.028,830.63,516.62,491.6,487.77,693.78,503.97,,61.864,940.61,199.4,16967.0,54.419,55.563,,,,,,,,
2016-11-04,675.14,749.44,6.553,87.056,841.93,518.82,494.73,487.95,693.06,504.06,,61.841,941.15,199.11,16924.0,54.403,55.547,,,,,,,,
2016-11-07,677.25,750.99,6.5064,87.318,844.82,519.5,495.7,488.32,695.43,505.98,,61.879,950.53,200.14,16860.0,54.236,55.376,,,,,,,,
2016-11-08,678.17,748.93,6.49,87.443,840.83,523.19,497.54,487.93,696.29,506.78,,61.858,938.89,197.43,16825.0,54.133,55.27,,,,,,,,
2016-11-09,678.32,747.42,6.46,87.47,839.77,525.86,500.27,488.95,692.38,509.54,,61.542,943.03,194.96,16671.0,54.122,55.263,,,,,,,,
2016-11-10,678.85,741.65,6.4245,87.535,843.68,519.47,495.08,485.31,689.85,506.09,,62.235,938.83,198.5,17000.0,54.072,55.21,,,,,,,,
2016-11-11,681.15,740.71,6.3718,87.821,854.11,518.09,490.84,482.27,689.71,504.63,,63.054,963.07,206.89,17052.0,53.923,55.06,,,,,,,,
2016-11-14,682.91,738.08,6.3835,88.02,858.06,515.01,484.46,482.48,689.76,504.71,,63.083,964.24,209.15,17101.0,53.783,54.915,,,,,,,,
2016-11-15,684.95,736.76,6.3424,88.297,858.11,518.87,489.1,484.92,688.1,506.62,,62.955,963.14,210.0,17045.0,53.548,54.681,,,,,,,,
2016-11-16,685.92,735.92,6.2905,88.426,854.12,517.77,486.32,485.15,685.21,510.06,,63.077,937.36,206.7,17031.0,53.537,54.668,,,,,,,,
2016-11-17,686.92,735.51,6.3206,88.55,855.29,514.75,487.41,486.15,686.67,512.03,,63.286,939.84,208.02,17017.0,53.44,54.604,,,,,,,,
2016-11-18,687.96,731.02,6.2519,88.688,855.14,510.2,484.14,483.99,683.84,509.31,,63.64,942.11,209.5,17132.0,53.294,54.42,,,,,,,,
2016-11-21,689.85,730.8,6.2207,88.932,851.61,505.5,483.1,483.68,683.27,511.56,,63.702,938.63,208.98,17119.0,53.17,54.294,,,,,,,,
2016-11-22,687.79,731.98,6.2151,88.68,859.37,507.36,486.6,483.88,682.4,513.03,,63.943,928.82,206.84,17135.0,53.398,54.527,,,,,,,,
2016-11-23,689.04,732.11,6.2037,88.843,855.88,510.01,486.67,484.04,681.53,512.92,,63.921,924.55,204.1,17016.0,53.309,54.436,,,,,,,,
2016-11-24,690.85,728.17,6.1395,89.07,858.97,509.8,483.58,482.27,679.42,511.94,,64.12,931.49,204.57,17071.0,53.122,54.246,,,,,,,,
2016-11-25,691.68,730.17,6.1058,89.179,861.31,512.77,484.97,483.1,680.4,512.83,,64.195,932.54,204.5,17056.0,53.075,54.203,,,,,,,,
2016-11-28,690.42,732.92,6.1283,89.015,861.41,513.89,486.46,484.52,681.88,510.57,,64.314,941.3,203.28,16985.0,53.189,54.315,,,,,,,,
2016-11-29,688.89,731.69,6.1614,88.822,855.33,516.23,487.95,484.33,680.3,513.93,,64.545,939.97,199.42,16960.0,53.317,54.445,,,,,,,,
2016-11-30,688.65,733.86,6.1316,88.794,860.85,516.01,491.93,483.98,681.46,513.32,,64.569,945.78,201.59,16941.0,53.291,54.418,,,,,,,,
2016-12-01,689.58,731.11,6.0351,88.91,864.29,510.21,488.87,481.47,678.88,514.37,,64.665,929.97,203.91,17018.0,53.193,54.32,,,,,,,,
2016-12-02,687.94,733.78,6.0373,88.701,866.1,510.65,488.14,482.66,680.77,517.07,,64.616,929.83,204.87,16961.0,53.387,54.513,,,,,,,,
2016-12-05,688.7,727.09,6.0792,88.799,872.44,511.7,489.01,483.56,678.51,516.45,,64.387,931.44,202.41,17023.0,53.302,54.428,,,,,,,,
2016-12-06,685.75,738.8,6.0316,88.425,873.6,513.02,490.58,484.18,681.87,517.34,,64.576,929.01,200.2,17021.0,53.509,54.735,,,,,,,,
2016-12-07,688.08,737.38,6.0384,88.722,872.56,513.42,490.25,484.6,681.73,518.66,,64.256,927.99,198.16,17018.0,53.356,54.462,,,,,,,,
2016-12-08,687.31,739.53,6.0453,88.612,868.62,514.58,493.91,485.36,682.64,519.84,,64.226,920.79,196.02,16891.0,53.438,54.566,,,,,,,,
2016-12-09,689.72,731.71,6.0433,88.923,867.52,514.0,494.67,484.16,678.57,522.63,,63.916,917.67,198.0,16865.0,53.239,54.367,,,,,,,,
2016-12-12,690.86,728.42,5.9906,89.032,870.14,514.83,492.52,482.78,678.93,526.17,,63.826,900.64,199.74,16932.0,53.104,54.224,4317.45,61.029,102.01,133.06,122.75,50.764,293.89,
2016-12-13,689.34,733.94,5.9999,88.851,874.17,516.9,496.05,484.63,680.67,525.23,,63.916,884.99,197.36,16892.0,53.274,54.401,4284.78,60.651,101.33,132.87,122.28,50.37,292.98,
2016-12-14,690.28,733.75,5.9962,88.989,874.07,517.31,497.22,484.87,682.36,525.75,,63.993,878.23,196.84,16875.0,53.177,54.307,4277.41,60.284,101.33,132.74,122.04,50.52,293.5,
2016-12-15,692.89,726.94,5.9068,89.315,867.83,512.79,492.09,480.97,677.42,521.36,,64.022,896.34,201.56,17029.0,52.991,54.112,4312.5,60.926,102.19,134.01,124.17,50.977,295.29,
2016-12-16,695.08,723.72,5.8809,89.577,863.25,511.67,489.24,481.62,675.25,521.54,,64.191,887.58,200.93,17020.0,52.813,53.932,4316.32,61.195,102.64,135.35,124.62,50.476,292.53,
2016-12-19,693.12,726.55,5.9051,89.256,868.33,506.72,484.27,481.23,677.12,521.3,,64.238,892.95,201.98,17047.0,52.843,53.962,4297.21,60.964,102.31,134.55,124.78,50.431,294.19,
2016-12-20,694.68,723.06,5.9366,89.441,861.48,504.3,481.58,480.14,677.06,518.77,,64.214,890.75,203.3,17091.0,52.822,53.946,4306.84,61.132,102.79,134.86,124.92,50.813,293.08,
2016-12-21,694.89,722.7,5.9014,89.477,860.21,505.45,481.71,481.37,676.25,520.36,,64.304,883.78,200.8,17158.0,52.797,53.921,4300.69,60.974,102.85,134.42,125.11,50.651,294.02,
2016-12-22,694.35,724.5,5.9085,89.471,858.29,502.58,479.53,480.64,676.67,517.04,,64.304,881.54,201.21,17198.0,52.883,54.011,4286.05,60.907,102.65,132.8,124.95,50.539,296.05,
2016-12-23,694.63,725.2,5.9126,89.495,853.76,501.83,479.83,479.18,677.45,515.43,,64.226,877.6,202.06,17312.0,52.821,53.987,4279.34,60.942,102.5,132.71,125.41,50.511,298.64,
2016-12-26,694.59,726.23,5.924,89.512,853.23,498.52,478.1,480.45,677.12,513.87,,64.269,880.73,201.98,17282.0,52.863,53.993,4257.23,60.717,102.35,132.6,125.12,50.591,296.59,
2016-12-27,694.62,726.17,5.9265,89.512,853.08,498.84,478.38,479.9,676.64,513.73,,64.305,877.61,201.58,17294.0,52.857,53.988,4258.04,60.658,102.36,132.51,125.13,50.548,296.87,
2016-12-28,694.95,727.1,5.9179,89.56,853.17,499.61,479.34,479.62,676.42,512.1,,64.338,874.23,200.3,17362.0,52.821,52.957,4242.91,60.47,102.23,132.67,125.24,50.646,298.61,
2016-12-29,694.97,725.04,5.9463,89.583,851.23,499.97,481.95,479.85,676.9,513.42,,64.316,869.92,199.31,17389.0,52.796,53.929,4263.13,60.751,102.56,132.12,125.21,50.861,297.87,
2016-12-30,693.7,730.68,5.9591,89.451,850.94,501.57,483.08,479.95,679.89,514.06,,64.406,869.06,196.75,17371.0,52.938,54.062,4247.68,60.355,101.71,131.16,124.27,50.757,298.64,
2017-01-03,694.98,727.72,5.9305,89.586,854.96,500.88,482.42,479.88,680.34,517.91,,64.364,881.49,197.13,17355.0,52.752,53.863,4243.33,60.558,102.07,131.04,124.28,50.888,297.9,
2017-01-04,695.26,724.69,5.9193,89.638,852.32,503.37,481.35,480.51,678.42,518.93,,64.402,877.86,198.28,17318.0,52.728,53.848,4264.1,60.468,102.53,131.49,124.21,51.57,303.14,
2017-01-05,693.07,729.03,5.9192,89.375,854.36,505.04,483.44,481.91,679.3,521.28,,64.69,874.41,196.38,17270.0,52.988,54.112,4230.5,60.001,102.12,131.2,123.83,51.509,309.34,
2017-01-06,686.68,728.43,5.9508,88.552,851.57,503.52,481.7,480.21,678.9,518.29,,65.103,871.08,198.38,17249.0,53.569,54.706,4234.61,60.023,102.23,131.27,123.69,52.417,312.0,
2017-01-09,692.62,729.3,5.9208,89.308,850.87,506.96,483.11,481.69,682.17,524.05,,64.386,864.93,197.92,17306.0,52.889,54.006,4205.14,59.584,101.72,130.59,123.0,52.454,305.86,
2017-01-10,692.34,733.09,5.9693,89.268,842.52,509.12,485.32,482.38,682.8,523.97,,64.481,867.94,197.25,17369.0,53.038,54.16,4201.86,59.744,101.37,130.48,123.18,53.614,308.68,
2017-01-11,692.35,730.92,5.9768,89.28,843.16,509.86,483.6,481.95,681.11,523.09,,64.475,869.4,198.38,17299.0,53.038,54.161,4228.68,59.791,101.72,131.14,124.2,54.867,315.18,
2017-01-12,691.41,731.99,6.0038,89.159,843.41,514.51,488.08,484.78,682.15,524.91,,64.512,863.27,198.66,17187.0,53.118,54.239,4201.84,59.702,101.57,130.53,123.61,55.998,316.51,
2017-01-13,689.09,731.29,6.0003,88.86,836.93,515.2,489.49,482.66,681.11,523.52,,64.575,862.16,196.65,17130.0,53.347,54.473,4207.14,59.823,101.76,130.02,123.85,54.668,316.23,
2017-01-16,688.74,732.52,6.0333,88.812,829.58,516.78,491.41,482.57,682.56,524.94,,64.564,865.53,196.42,17069.0,53.315,54.436,4192.32,59.866,101.5,129.55,123.54,54.266,312.19,
2017-01-17,689.92,732.16,6.0549,88.961,831.83,516.16,490.46,483.14,683.26,524.47,,64.453,867.64,198.03,17143.0,53.157,54.277,4199.23,59.696,101.52,129.53,123.43,55.145,313.86,
2017-01-18,685.25,734.04,6.0702,88.356,848.96,517.31,493.38,483.16,683.2,524.42,,64.911,867.76,196.57,17024.0,53.632,54.764,4190.37,59.516,101.41,129.89,123.45,54.896,314.1,
2017-01-19,685.68,728.78,5.9809,88.402,840.25,514.64,488.7,479.3,680.21,517.01,,64.715,868.2,198.95,17131.0,53.587,54.715,4223.67,59.878,102.08,130.6,123.96,55.475,319.69,
2017-01-20,686.93,732.3,5.9805,88.552,848.25,519.83,494.25,482.05,683.19,515.96,,64.544,869.38,197.14,17105.0,53.413,54.536,4211.72,59.65,101.46,130.22,122.86,55.677,319.0,
2017-01-23,685.72,735.09,6.0209,88.391,849.34,518.91,491.81,482.79,685.25,515.2,,64.56,869.27,198.41,17047.0,53.554,54.682,4209.3,59.465,101.17,129.45,122.34,54.969,313.82,
2017-01-24,683.31,736.44,6.0689,88.093,856.6,518.81,495.16,482.8,686.13,516.73,,64.652,869.69,196.92,17014.0,53.729,54.858,4216.2,59.431,101.01,129.14,122.06,54.928,312.46,
2017-01-25,685.96,736.13,6.0297,88.43,860.42,520.28,497.66,483.24,686.01,522.18,,64.389,863.71,194.66,17000.0,53.461,54.584,4212.91,59.28,100.93,128.87,121.63,55.062,313.23,
2017-01-26,685.88,738.21,6.0596,88.415,867.56,520.23,501.08,486.13,687.59,525.44,,64.419,864.8,192.75,16917.0,53.474,54.599,4195.54,58.958,100.7,128.37,120.95,55.804,306.49,
2017-02-03,685.56,738.25,6.0781,88.354,859.24,524.88,499.72,486.06,691.23,526.43,,64.464,865.3,195.2,16724.0,53.559,54.687,4191.76,58.493,100.76,127.56,120.26,54.522,299.22,
2017-02-06,686.06,740.1,6.1,88.433,857.29,526.64,502.18,487.88,692.13,527.35,,64.214,858.66,193.23,16616.0,53.483,54.61,4182.62,58.112,100.44,127.7,119.52,53.939,297.26,
2017-02-07,686.04,736.93,6.139,88.434,855.35,524.69,501.96,486.49,692.09,524.43,,64.418,858.79,194.02,16588.0,53.542,54.667,4204.06,58.27,100.9,128.69,120.37,53.738,299.57,
2017-02-08,688.49,735.39,6.1372,88.738,861.87,525.5,503.03,485.69,691.17,522.69,,64.228,861.91,194.87,16598.0,53.246,54.364,4193.02,58.479,100.97,128.72,120.71,54.22,298.97,
2017-02-09,687.1,734.95,6.1399,88.552,861.11,524.68,497.72,485.06,690.47,522.81,,64.412,861.21,195.25,16672.0,53.454,54.578,4204.02,58.725,101.18,128.64,121.07,53.998,298.18,
2017-02-10,688.19,733.06,6.0674,88.707,859.72,524.48,494.53,483.64,686.75,523.47,,64.374,858.1,194.93,16715.0,53.379,54.507,4202.24,58.83,101.42,129.44,121.16,53.55,295.88,
2017-02-13,688.98,731.48,6.045,88.806,859.98,528.05,495.21,483.91,685.81,525.17,,64.395,847.67,194.16,16709.0,53.319,54.444,4213.84,58.725,101.66,129.66,121.88,53.623,295.25,
2017-02-14,688.06,729.48,6.0514,88.67,861.96,526.24,494.2,483.49,684.28,526.58,,64.494,842.24,193.67,16709.0,53.378,54.501,4224.93,59.094,101.95,129.88,121.92,53.343,294.82,
2017-02-15,686.32,726.18,6.002,88.452,855.64,526.21,491.84,483.16,677.35,524.71,,64.617,830.9,190.78,16618.0,53.521,54.654,4245.1,59.31,102.49,130.21,122.41,53.23,295.41,
2017-02-16,686.29,727.84,6.0105,88.431,855.56,529.5,495.8,483.89,682.95,525.03,,64.628,833.76,188.15,16571.0,53.514,54.639,4234.14,59.263,102.16,129.97,121.54,53.305,295.54,
2017-02-17,684.56,730.89,6.0423,88.22,854.87,526.75,493.69,483.3,686.59,523.56,,64.856,840.27,190.05,16686.0,53.651,54.778,4207.68,59.08,101.76,129.41,121.02,53.563,297.9,
2017-02-20,687.43,729.79,6.0908,88.573,854.54,527.47,493.8,484.66,686.38,525.42,,64.634,848.5,189.75,16714.0,53.43,54.556,4218.75,59.236,101.74,129.5,121.23,52.852,297.37,
2017-02-21,687.9,729.44,6.0757,88.635,857.43,528.5,493.62,484.85,685.81,524.97,,64.597,842.71,189.54,16674.0,53.39,54.519,4217.8,59.156,101.85,129.88,121.24,52.715,296.14,
2017-02-22,688.3,725.47,6.0566,88.686,859.32,528.15,492.68,484.61,682.06,523.59,,64.606,833.91,190.89,16604.0,53.362,54.486,4241.13,59.195,102.44,130.35,121.32,52.63,290.61,
2017-02-23,686.95,725.43,6.0632,88.515,856.18,528.4,493.63,485.81,679.88,522.1,,64.669,843.33,189.39,16599.0,53.462,54.589,4246.31,59.281,102.54,130.67,121.79,52.154,289.8,
2017-02-24,686.55,726.94,6.0896,88.48,862.55,529.47,496.28,487.86,682.46,524.2,,64.589,841.91,187.45,16519.0,53.486,54.617,4247.16,59.193,102.29,130.97,121.39,51.983,286.83,
2017-02-27,688.14,725.89,6.1307,88.668,853.31,527.68,494.81,489.3,682.33,524.83,,64.398,848.94,187.91,16461.0,53.37,54.496,4247.16,59.377,102.32,131.33,121.74,52.306,288.95,
2017-02-28,687.5,727.74,6.0986,88.58,854.67,527.58,493.86,489.15,680.99,521.24,,64.391,845.75,189.21,16498.0,53.417,54.545,4226.0,59.262,102.15,131.88,121.8,52.471,289.58,
2017-03-01,687.98,726.48,6.0913,88.629,850.9,526.29,493.2,489.31,683.5,516.91,,64.349,848.91,190.83,16511.0,53.372,54.497,4236.54,59.204,102.23,131.47,122.03,52.981,292.82,
2017-03-02,688.09,725.36,6.0381,88.638,845.21,527.23,490.76,487.58,681.54,515.82,,64.403,846.79,189.23,16568.0,53.381,54.508,4240.19,59.038,102.5,131.58,122.32,53.078,288.1,
2017-03-03,688.96,723.34,6.0253,88.758,844.64,521.73,486.47,487.92,680.15,514.64,,64.384,852.73,190.83,16638.0,53.28,54.403,4273.82,59.327,102.64,131.79,123.08,54.081,290.26,
2017-03-06,687.9,731.56,6.0402,88.602,847.47,522.1,483.5,488.31,682.69,514.12,,64.532,844.89,189.14,16762.0,53.361,54.492,4227.36,58.881,101.74,130.53,122.43,53.968,283.97,
2017-03-07,689.57,729.33,6.0578,88.813,844.43,523.62,482.68,488.67,682.09,515.13,,64.24,843.91,188.6,16741.0,53.182,54.304,4241.76,58.97,101.78,130.69,123.05,53.78,284.01,
2017-03-08,690.32,729.29,6.0571,88.908,842.25,523.96,480.38,489.19,681.29,514.62,,64.305,842.28,187.9,16643.0,53.199,54.321,4250.64,59.011,101.89,130.58,122.45,53.292,282.18,
2017-03-09,691.25,728.85,6.0436,89.001,842.03,520.53,477.89,487.73,681.73,512.8,,64.238,849.33,189.95,16664.0,53.087,54.203,4262.88,59.082,101.94,130.84,123.48,54.131,284.38,
2017-03-10,691.23,731.33,6.0042,89.011,840.23,518.9,476.76,486.35,682.79,511.76,,64.365,857.32,192.71,16766.0,53.132,54.249,4260.55,59.141,101.65,130.85,124.24,54.623,286.9,
2017-03-13,689.88,736.71,6.0087,88.852,839.39,520.19,477.62,488.65,683.11,512.45,,64.357,855.08,191.23,16689.0,53.234,54.355,4244.46,58.788,100.82,130.43,124.61,54.222,284.24,
2017-03-14,691.18,736.11,6.0164,89.01,843.9,522.86,478.16,488.63,686.2,513.97,,64.162,851.13,189.9,16589.0,53.11,54.223,4237.35,58.792,100.94,129.32,123.87,54.105,283.68,
2017-03-15,691.15,733.63,6.028,88.968,840.35,522.8,478.85,488.39,684.8,512.97,,64.135,855.9,190.22,16619.0,53.13,54.247,4242.58,58.854,101.33,129.67,124.51,54.12,284.38,
2017-03-16,688.62,739.94,6.0738,88.668,845.86,530.31,483.63,491.55,688.84,517.93,,64.289,847.54,186.31,16471.0,53.333,54.452,4193.89,58.329,100.5,128.86,123.39,53.386,279.2,
2017-03-17,688.73,741.93,6.0772,88.737,850.76,528.3,480.91,491.48,691.49,516.94,,64.25,839.46,185.4,16401.0,53.325,54.457,4173.02,58.082,100.19,127.98,123.44,52.678,279.41,
2017-03-20,689.98,741.51,6.126,88.883,855.08,531.71,484.76,492.62,692.25,517.64,,64.052,831.19,184.27,16363.0,53.211,54.331,4160.16,57.77,100.25,127.86,122.57,52.614,276.56,
2017-03-21,690.71,741.67,6.139,88.941,853.95,533.7,486.93,494.46,691.7,517.64,,63.882,830.06,183.05,16168.0,53.158,54.276,4159.25,57.526,100.27,127.77,122.79,52.382,275.12,
2017-03-22,688.89,744.79,6.1728,88.704,859.85,528.7,484.87,491.93,693.29,515.75,,64.246,836.56,184.2,16278.0,53.313,54.433,4142.13,57.445,99.87,127.79,123.0,52.738,277.34,
2017-03-23,688.56,743.08,6.1869,88.65,858.98,527.72,484.69,492.09,694.14,516.42,,64.081,838.76,182.5,16259.0,53.34,54.465,4151.53,57.571,100.06,127.74,122.95,52.511,276.16,
2017-03-24,688.45,742.08,6.1999,88.632,861.56,525.57,483.93,491.93,693.04,515.75,,64.113,833.69,181.09,16290.0,53.347,54.471,4163.58,57.461,100.2,128.23,123.35,52.776,275.08,
2017-03-27,687.01,745.38,6.2172,88.456,860.05,524.0,484.04,492.27,695.42,515.28,,64.153,830.44,180.85,16254.0,53.451,54.579,4162.67,57.236,99.8,127.85,123.15,52.426,273.28,
2017-03-28,687.82,747.26,6.2149,88.548,864.18,524.94,484.82,493.56,698.22,514.41,,63.931,827.11,185.24,16170.0,53.358,54.483,4130.69,56.812,99.5,127.62,123.31,52.512,274.14,
2017-03-29,689.15,745.47,6.2051,88.718,857.49,526.97,482.91,493.22,694.95,515.43,,63.872,827.08,188.23,16169.0,53.237,54.36,4150.6,56.835,99.75,128.05,123.57,53.011,275.55,
2017-03-30,688.89,741.22,6.1996,88.668,857.12,528.35,484.49,493.87,691.25,516.73,,63.944,822.35,189.54,16164.0,53.319,54.44,4176.87,57.014,100.42,128.82,123.49,52.922,271.78,
2017-03-31,689.93,737.21,6.1766,88.779,861.19,527.9,482.91,493.65,689.78,517.62,,63.867,813.15,194.66,16211.0,53.203,54.324,4185.81,57.099,100.85,129.42,124.08,52.926,271.22,
2017-04-05,689.06,736.3,6.2221,88.671,857.67,521.87,481.06,492.94,688.13,514.62,,64.117,813.46,197.29,16289.0,53.265,54.386,4205.55,57.696,100.99,130.49,124.53,53.343,272.79,
2017-04-06,689.3,736.19,6.2458,88.722,861.31,522.05,481.16,492.66,687.3,513.62,,64.043,818.43,199.63,16337.0,53.24,54.363,4214.32,57.468,100.97,130.19,124.68,53.694,272.7,
2017-04-07,689.49,734.7,6.2252,88.74,860.73,520.47,481.11,492.34,686.81,514.51,,64.102,816.51,199.57,16397.0,53.198,54.321,4227.51,57.572,101.19,130.72,124.93,53.733,271.7,
2017-04-10,690.42,731.08,6.2119,88.87,855.11,518.94,479.65,491.4,684.59,515.58,,64.044,831.96,199.23,16463.0,53.117,54.237,4232.65,57.694,101.68,131.36,125.38,53.922,269.69,
2017-04-11,689.57,730.81,6.2264,88.744,856.86,517.66,479.89,490.94,684.12,517.66,,64.13,828.63,201.77,16550.0,53.264,54.384,4256.95,57.935,101.74,131.62,125.05,54.07,271.04,
2017-04-12,689.4,731.22,6.2843,88.717,860.99,517.22,479.57,491.18,684.41,517.27,,64.297,828.28,200.2,16630.0,53.277,54.399,4266.3,58.093,101.69,131.37,124.7,53.625,272.21,
2017-04-13,686.51,733.89,6.3106,88.339,862.82,518.28,480.57,492.92,686.13,519.13,,64.389,823.07,195.99,16526.0,53.422,54.546,4259.7,57.912,101.4,130.51,124.26,53.072,269.85,
2017-04-14,687.4,731.03,6.3136,88.425,861.55,521.19,481.99,492.73,685.19,516.82,,63.809,816.65,195.2,16476.0,53.301,54.422,4276.3,58.049,101.71,131.17,124.52,53.258,269.72,
2017-04-17,687.85,730.25,6.3491,88.485,862.66,521.93,483.09,493.09,685.0,517.15,,63.808,817.41,194.61,16511.0,53.359,54.486,4280.93,58.001,101.84,131.28,124.7,52.804,268.88,
2017-04-18,688.49,732.89,6.3152,88.576,865.07,522.79,483.1,492.59,685.91,517.06,,63.745,811.96,192.97,16474.0,53.308,54.429,4277.65,57.915,101.46,130.67,124.23,53.744,268.48,
2017-04-19,686.64,737.22,6.3297,88.326,882.77,518.95,483.86,492.34,689.5,513.15,,64.006,817.97,193.48,16586.0,53.483,54.608,4255.06,57.407,100.93,130.41,123.88,53.292,270.59,
2017-04-20,687.92,737.82,6.3295,88.486,880.71,516.48,484.83,492.68,690.45,511.04,,63.679,820.9,192.68,16579.0,53.301,54.421,4242.97,57.663,100.76,130.18,124.52,53.31,273.68,
2017-04-21,688.23,738.21,6.3007,88.518,882.25,518.15,481.68,492.71,689.94,511.51,,63.638,815.23,190.73,16530.0,53.287,54.409,4240.83,57.74,100.72,130.41,125.12,52.827,272.85,
2017-04-24,686.73,746.24,6.2433,88.316,880.67,519.1,483.42,493.15,691.59,509.39,,63.827,818.72,189.23,16457.0,53.48,54.607,4180.09,57.009,99.68,128.77,124.19,52.596,271.2,
2017-04-25,688.33,747.63,6.2746,88.478,880.27,520.55,482.56,494.36,691.44,508.4,,63.662,810.73,189.17,16452.0,53.334,54.458,4161.14,56.735,99.43,128.67,124.27,51.934,273.42,
2017-04-26,688.45,752.5,6.1964,88.477,883.71,519.05,478.34,493.98,693.05,507.26,,63.213,814.87,189.81,16358.0,53.335,54.454,4140.64,56.084,98.86,127.36,124.41,51.996,274.05,
2017-04-27,688.96,751.87,6.1977,88.546,885.74,515.42,475.5,494.06,694.12,506.37,,62.829,827.94,192.26,16383.0,53.276,54.396,4152.49,56.166,98.94,127.03,124.47,51.81,278.13,
2017-04-28,689.31,749.45,6.2023,88.584,889.61,515.34,474.81,493.9,693.82,506.28,,62.822,826.93,193.24,16387.0,53.226,54.347,4154.79,56.268,99.2,128.04,124.23,51.631,275.98,
2017-05-02,689.56,752.27,6.1677,88.653,889.53,519.51,477.19,494.03,692.71,504.35,,62.895,826.73,194.3,16470.0,53.257,54.38,4146.31,56.149,98.85,128.24,124.48,51.533,271.53,
2017-05-03,688.92,753.48,6.1538,88.538,891.82,519.78,479.71,494.71,695.29,502.89,,62.732,826.34,193.69,16387.0,53.291,54.411,4140.68,55.756,98.71,127.71,124.63,51.172,272.13,
2017-05-04,689.57,751.2,6.1208,88.621,888.18,512.33,475.23,493.93,694.14,502.78,,62.56,831.04,194.76,16416.0,53.196,54.316,4150.38,55.915,98.95,128.1,125.36,51.213,272.96,
2017-05-05,688.84,756.55,6.1215,88.507,890.18,510.55,473.53,491.96,698.55,500.95,,62.82,845.53,198.11,16457.0,53.315,54.437,4128.63,55.897,98.29,128.21,125.98,51.588,276.58,
2017-05-08,689.47,756.77,6.1159,88.582,893.98,510.99,475.77,490.57,697.13,504.45,,62.887,839.57,195.07,16465.0,53.256,54.381,4113.77,55.564,98.23,127.71,124.72,51.35,274.64,
2017-05-09,690.37,755.11,6.1063,88.681,895.0,510.95,478.66,491.73,692.8,505.09,,62.686,843.51,196.99,16396.0,53.104,54.224,4116.05,55.965,98.46,127.81,124.94,51.833,277.51,
2017-05-10,690.66,752.39,6.0755,88.726,894.89,507.58,476.32,490.0,686.55,504.13,,62.862,843.56,197.1,16453.0,53.138,54.261,4142.8,56.26,98.9,128.49,125.62,52.453,277.36,
2017-05-11,690.51,750.8,6.0452,88.676,893.47,508.07,471.82,489.12,684.73,503.88,,62.929,832.15,195.37,16409.0,53.158,54.28,4135.82,56.069,99.09,129.18,124.94,51.886,275.41,
2017-05-12,689.48,750.16,6.0657,88.507,889.74,509.12,471.96,490.35,685.1,503.85,,62.962,826.58,193.66,16309.0,53.198,54.323,4133.62,56.333,99.17,128.63,124.57,51.81,272.85,
2017-05-15,688.52,752.91,6.0827,88.338,887.8,509.25,473.15,490.87,688.32,502.26,,62.997,827.85,194.13,16333.0,53.303,54.429,4112.96,55.921,98.81,128.3,124.32,51.856,272.46,
2017-05-16,687.9,756.55,6.0622,88.329,888.92,511.41,474.97,493.08,691.9,505.43,,62.743,818.11,191.28,16244.0,53.3,54.426,4081.01,55.463,98.3,128.09,124.01,51.486,271.12,
2017-05-17,686.35,762.76,6.1041,88.127,888.11,510.63,473.76,493.24,698.44,505.17,,62.782,822.12,190.09,16228.0,53.405,54.53,4054.66,54.673,97.48,127.66,123.06,51.483,271.38,
2017-05-18,686.12,766.91,6.1903,88.13,891.26,511.02,477.19,494.33,702.21,505.66,,62.877,830.79,192.24,16316.0,53.425,54.548,4027.96,54.632,96.98,127.03,122.3,52.022,275.42,
2017-05-19,687.86,765.86,6.1927,88.379,893.29,511.32,475.16,495.05,704.24,506.96,,62.744,834.76,194.51,16362.0,53.246,54.366,4042.19,55.015,97.09,127.61,122.88,52.53,273.18,
2017-05-22,686.73,770.41,6.1816,88.224,895.05,512.24,476.57,496.09,706.91,508.98,,62.813,827.73,192.09,16264.0,53.391,54.517,4002.49,54.455,96.61,126.88,121.81,52.095,272.16,
2017-05-23,686.61,773.15,6.1947,88.19,894.11,514.14,481.53,496.24,706.9,509.87,,62.479,821.72,192.4,16242.0,53.387,54.51,3988.53,54.279,96.27,126.36,121.3,51.761,271.35,
2017-05-24,687.58,771.04,6.1654,88.291,894.36,515.27,483.24,496.03,707.19,510.5,,62.209,818.35,189.58,16310.0,53.213,54.332,3996.55,54.455,96.46,126.16,121.4,51.793,270.11,
2017-05-25,686.95,771.99,6.1637,88.203,892.75,515.56,484.2,496.88,707.04,512.88,,62.313,818.2,187.72,16286.0,53.384,54.506,3986.86,54.052,96.42,125.99,121.11,51.708,268.02,
2017-05-26,686.98,770.41,6.1527,88.171,888.57,512.47,482.68,495.88,706.62,510.01,,62.187,826.87,188.08,16293.0,53.398,54.523,3986.94,54.151,96.55,126.32,122.14,51.875,268.83,
2017-05-31,686.33,767.6,6.1995,88.075,879.85,512.6,486.84,495.5,704.06,510.13,,62.282,824.3,190.85,16375.0,53.452,54.576,4009.85,54.389,96.91,127.08,122.97,51.704,272.54,
2017-06-01,680.9,766.58,6.1526,87.391,877.0,506.18,482.84,492.42,703.74,504.86,,62.852,831.04,192.16,16439.0,53.923,55.056,4023.07,54.576,97.11,127.59,123.82,51.802,273.58,
2017-06-02,680.7,763.68,6.1103,87.365,877.33,502.47,480.98,491.11,701.1,503.8,,62.968,828.89,189.25,16475.0,53.941,55.078,4031.98,54.913,97.4,127.48,124.1,51.85,273.81,
2017-06-05,679.35,766.29,6.1522,87.208,874.25,504.76,485.06,491.87,705.3,503.38,,62.935,832.12,188.56,16458.0,54.066,55.201,4015.14,54.623,97.12,126.96,124.01,51.615,275.7,
2017-06-06,679.34,764.95,6.1542,87.178,877.06,508.84,484.48,491.92,704.23,504.17,,62.666,830.93,187.02,16450.0,54.053,55.192,4016.15,54.717,97.25,127.33,124.22,51.848,270.01,
2017-06-07,678.58,765.25,6.2015,87.059,875.8,509.6,487.23,492.0,705.45,504.59,,62.807,832.44,188.9,16481.0,54.122,55.261,4024.86,54.808,97.2,127.7,124.63,51.791,268.95,
2017-06-08,679.3,764.66,6.1849,87.142,880.22,512.22,488.65,491.42,704.3,503.01,,62.666,839.44,188.89,16550.0,54.057,55.193,4032.25,54.987,97.25,127.9,125.04,52.265,268.63,
2017-06-09,679.71,760.84,6.1853,87.172,867.04,511.99,489.45,491.69,701.78,502.95,,62.733,837.65,190.09,16508.0,54.016,55.153,4046.24,55.184,97.74,128.34,125.19,51.932,267.82,
2017-06-12,679.48,761.37,6.1615,87.15,865.45,511.71,489.6,490.83,701.3,505.03,,62.761,838.55,190.08,16552.0,54.052,55.193,4039.62,54.99,97.69,128.21,125.05,52.063,267.09,
2017-06-13,679.54,761.09,6.182,87.129,860.86,513.0,489.9,490.93,701.39,510.45,,62.778,838.68,188.69,16608.0,54.05,55.187,4038.87,55.08,97.7,128.69,124.65,51.739,266.81,
2017-06-14,679.39,761.63,6.1716,87.119,866.23,511.97,489.81,491.69,701.32,513.19,,62.73,838.69,187.91,16587.0,54.062,55.197,4019.4,55.048,97.64,127.89,124.14,51.79,265.7,
2017-06-15,678.52,761.14,6.2017,87.01,865.5,514.97,491.75,493.43,698.65,512.39,,62.681,843.38,186.11,16526.0,54.131,55.267,4019.6,55.165,97.72,128.3,124.2,51.406,264.44,
2017-06-16,679.95,758.03,6.1289,87.151,867.74,515.97,489.9,491.65,697.45,512.98,,62.777,849.81,189.46,16579.0,54.015,55.152,4063.06,55.805,98.09,128.7,125.08,51.686,265.22,
2017-06-19,679.72,761.43,6.1285,87.148,868.23,518.04,493.66,491.31,698.46,514.34,,62.875,846.59,188.38,16657.0,54.033,55.166,4039.55,55.285,97.66,127.96,124.21,51.5,263.63,
2017-06-20,680.96,759.18,6.1,87.315,867.43,517.27,492.06,491.13,698.16,515.2,,62.748,857.3,190.8,16663.0,53.907,55.037,4055.15,55.54,97.97,128.39,124.88,51.694,263.7,
2017-06-21,681.93,759.43,6.1285,87.422,861.72,516.62,493.42,491.1,699.85,514.05,,62.782,872.77,191.62,16710.0,53.841,54.969,4069.4,55.908,97.93,128.73,125.33,51.959,267.06,
2017-06-22,681.97,761.48,6.1287,87.43,864.53,515.09,494.06,491.05,701.27,511.62,,62.842,881.96,191.65,16730.0,53.854,54.984,4060.74,55.868,97.67,128.25,125.02,51.772,267.27,
2017-06-23,682.38,760.72,6.1329,87.496,865.18,514.6,495.51,490.88,702.23,515.68,,62.82,878.56,190.11,16700.0,53.824,54.966,4060.93,55.59,97.76,128.29,124.46,51.479,265.63,
2017-06-26,682.2,763.91,6.1323,87.472,869.52,516.27,496.56,491.88,703.96,514.37,,62.852,869.71,189.43,16632.0,53.833,54.976,4052.32,55.283,97.35,127.71,123.73,51.394,263.95,
2017-06-27,682.92,763.71,6.1044,87.565,869.02,517.93,497.38,491.98,702.56,515.36,,62.769,859.82,188.37,16609.0,53.765,54.914,4048.31,55.024,97.36,127.67,124.23,51.236,262.25,
2017-06-28,680.53,771.81,6.0692,87.244,871.85,516.56,494.96,490.86,708.6,516.54,,62.978,872.01,191.26,16727.0,53.971,55.123,4017.57,54.926,96.34,126.5,123.69,51.782,264.07,
2017-06-29,679.4,773.35,6.0476,87.065,879.41,519.12,496.44,491.69,708.13,521.14,,63.237,870.99,190.48,16777.0,54.059,55.199,4002.53,54.756,96.18,125.71,124.12,51.701,262.61,
2017-06-30,677.44,774.96,6.0485,86.792,881.44,520.99,495.69,491.35,708.88,521.44,,63.376,875.65,192.0,16875.0,54.215,55.356,3997.31,54.733,95.96,124.85,123.68,52.037,266.26,
2017-07-03,677.72,773.97,6.0352,86.813,882.11,521.18,497.22,492.42,706.75,522.39,,63.316,868.49,192.74,16872.0,54.195,55.337,3987.83,54.648,96.07,124.31,123.09,51.934,266.93,
2017-07-04,678.89,772.24,5.992,86.894,879.17,520.43,494.67,491.43,705.08,522.55,,63.281,871.62,194.5,16901.0,54.09,55.226,3999.82,55.009,96.28,124.93,122.95,52.354,267.82,
2017-07-05,679.22,771.58,6.0104,86.994,878.71,517.13,495.18,491.66,704.48,525.34,,63.241,874.13,194.21,16916.0,54.056,55.19,3992.9,54.902,96.38,125.31,122.84,52.368,267.96,
2017-07-06,679.53,771.1,6.0062,87.044,879.07,516.37,494.45,492.3,704.84,524.49,,63.209,881.49,196.93,16936.0,54.04,55.171,4004.84,54.846,96.42,124.94,123.5,53.058,269.43,
2017-07-07,679.14,775.71,6.0015,86.949,880.85,514.74,494.58,491.27,707.09,523.27,,63.274,885.21,197.65,17016.0,54.081,55.215,3973.14,54.646,95.87,124.29,123.02,53.327,268.83,
2017-07-10,679.64,774.99,5.963,87.007,876.24,516.66,494.21,491.9,705.19,527.75,,63.213,886.78,196.92,16942.0,54.035,55.166,3973.23,54.69,95.96,123.95,122.93,53.266,266.07,
2017-07-11,679.83,774.79,5.9585,87.014,875.57,517.09,493.18,490.94,703.77,527.27,,63.188,886.54,197.91,16903.0,54.029,55.161,3975.97,54.686,95.97,123.96,122.59,53.07,263.92,
2017-07-12,678.68,778.66,5.9666,86.874,872.6,518.56,490.13,491.46,704.42,525.7,,63.282,894.33,199.66,16911.0,54.118,55.255,3950.94,54.432,95.5,123.75,121.92,53.271,263.93,
2017-07-13,678.02,774.59,5.9821,86.82,874.28,520.82,492.11,492.16,702.74,531.5,,63.257,883.91,195.54,16807.0,54.171,55.311,3963.55,54.626,96.04,124.01,122.08,52.661,262.24,
2017-07-14,677.74,772.76,5.977,86.787,877.36,524.42,496.4,493.18,700.79,532.34,,63.303,882.02,195.02,16767.0,54.196,55.336,3967.87,54.68,96.26,123.3,121.82,52.631,261.22,
2017-07-17,675.62,775.14,6.0071,86.557,885.57,528.55,496.8,493.07,701.29,534.39,,63.461,873.43,192.93,16709.0,54.366,55.508,3948.7,54.269,95.98,123.01,121.13,52.315,260.25,
2017-07-18,676.11,775.98,6.0052,86.643,882.76,526.9,491.9,493.49,702.27,532.79,,63.428,876.02,191.61,16688.0,54.332,55.472,3952.42,54.153,95.83,122.68,120.7,52.206,260.05,
2017-07-19,674.51,779.06,6.0225,86.424,879.19,534.32,495.73,493.67,706.28,533.94,,63.525,877.76,191.41,16646.0,54.452,55.598,3926.94,53.904,95.48,123.12,119.9,52.265,259.32,
2017-07-20,674.64,777.7,6.033,86.406,878.96,537.0,496.73,493.05,706.57,535.44,,63.534,873.34,191.65,16634.0,54.444,55.588,3935.74,54.104,95.62,123.09,119.32,52.186,260.48,
2017-07-21,674.15,783.99,6.0252,86.317,873.86,535.7,498.81,493.4,708.51,535.2,,63.574,873.13,193.36,16644.0,54.489,55.631,3893.25,53.766,94.87,121.97,119.35,52.327,259.38,
2017-07-24,674.1,787.06,6.0743,86.326,876.76,533.82,502.06,495.1,713.16,537.64,,63.528,878.8,191.66,16575.0,54.488,55.631,3880.88,54.214,94.48,122.16,119.17,52.402,261.52,
2017-07-25,674.85,785.23,6.065,86.442,878.86,534.47,501.77,495.36,712.16,539.38,,63.392,889.05,192.13,16528.0,54.424,55.569,3885.67,54.292,94.7,121.79,118.81,52.705,262.98,
2017-07-26,675.29,786.13,6.0306,86.479,879.63,535.69,501.3,495.41,708.72,539.79,,63.391,886.92,193.7,16559.0,54.391,55.535,3883.63,54.246,94.59,121.58,118.09,52.9,263.13,
2017-07-27,673.07,789.94,6.059,86.189,882.68,538.52,506.3,496.31,707.49,540.53,,63.574,881.11,191.74,16551.0,54.572,55.717,3860.81,53.798,94.17,121.42,117.25,52.516,261.37,
2017-07-28,673.73,787.34,6.0625,86.279,880.66,537.08,505.4,496.01,698.65,536.96,,63.461,882.38,193.07,16560.0,54.521,55.664,3878.79,53.963,94.45,121.9,117.97,52.52,263.15,
2017-07-31,672.83,790.59,6.0879,86.158,884.29,536.72,505.76,495.91,694.65,540.23,,63.611,885.57,193.26,16697.0,54.595,55.742,3852.8,53.822,94.06,120.48,117.66,52.513,263.86,
2017-08-01,671.48,794.06,6.0849,85.974,886.03,537.45,504.16,495.29,694.23,536.96,,63.715,889.29,196.2,16660.0,54.695,55.844,3828.27,53.554,93.66,120.3,117.3,52.397,265.26,
2017-08-02,672.05,793.52,6.0869,86.01,887.78,534.81,499.23,494.58,695.82,535.72,,63.752,897.3,197.26,16683.0,54.655,55.798,3824.29,53.627,93.71,120.7,117.89,52.516,266.24,
2017-08-03,672.11,796.21,6.0682,85.985,888.82,534.29,497.8,493.97,692.37,534.53,,63.745,901.08,196.65,16729.0,54.648,55.795,3807.81,53.472,93.41,120.6,117.55,52.648,265.31,
2017-08-04,671.32,797.73,6.1081,85.869,882.27,534.23,499.88,494.5,693.77,534.01,,63.709,898.82,199.35,16795.0,54.713,55.861,3807.42,53.172,93.25,120.56,117.63,52.73,266.04,
2017-08-07,672.28,792.3,6.0679,85.982,877.17,533.54,498.2,494.09,691.2,531.99,,63.628,890.44,199.52,16763.0,54.638,55.788,3845.53,53.545,93.9,121.13,118.16,52.514,265.67,
2017-08-08,671.84,792.79,6.066,85.9,875.78,531.59,494.3,493.07,690.19,529.92,,63.743,893.34,196.86,16767.0,54.677,55.823,3836.68,53.643,93.84,121.27,117.91,52.528,267.04,
2017-08-09,670.75,788.6,6.0938,85.72,870.97,529.46,491.33,491.9,689.5,529.4,,63.889,892.83,199.26,16852.0,54.763,55.912,3859.14,54.102,94.39,121.87,118.59,52.651,266.32,
2017-08-10,667.7,785.19,6.0705,85.44,868.44,527.02,490.81,489.63,692.64,525.95,,64.174,899.01,201.28,17036.0,55.001,56.153,3891.72,54.387,94.77,122.48,119.09,52.98,268.95,
2017-08-11,666.42,783.32,6.1015,85.236,863.41,523.56,483.84,487.93,691.54,522.34,,64.462,903.73,202.19,17197.0,55.195,56.351,3900.8,54.682,94.99,122.28,119.53,53.224,270.12,
2017-08-14,666.01,786.8,6.0952,85.181,865.42,526.03,487.03,489.38,691.3,524.91,,64.51,898.3,201.9,17122.0,55.199,56.356,3870.18,54.546,94.52,122.07,119.15,53.111,267.74,
2017-08-15,666.89,785.46,6.0714,85.267,864.15,523.92,486.47,489.13,685.78,523.94,,64.367,898.13,199.75,17080.0,55.087,56.242,3872.21,54.568,94.69,121.7,119.25,52.875,266.58,
2017-08-16,667.79,783.94,6.0358,85.358,859.14,522.58,483.02,488.6,686.62,523.55,,64.326,893.78,199.5,17003.0,55.014,56.171,3880.7,54.723,94.86,120.91,119.1,52.962,266.71,
2017-08-17,667.09,785.31,6.0634,85.292,859.98,528.79,487.53,489.6,690.95,528.3,,64.384,889.02,197.6,17041.0,55.06,56.219,3876.89,54.346,94.72,121.06,118.78,52.719,264.79,
2017-08-18,667.44,782.39,6.0975,85.315,858.94,526.39,486.43,488.5,693.34,526.37,,64.351,887.45,198.65,17103.0,55.035,56.189,3883.31,54.628,95.05,121.96,119.47,52.861,268.0,
2017-08-21,667.09,784.12,6.1014,85.275,858.63,528.64,487.57,489.17,691.02,529.73,,64.291,885.68,197.38,17083.0,55.059,56.215,3870.77,54.552,94.85,121.63,118.67,52.734,265.61,
2017-08-22,665.97,786.87,6.1087,85.117,858.94,528.81,487.99,489.39,691.98,530.21,,64.34,887.66,197.62,17089.0,55.149,56.308,3853.48,54.374,94.54,121.27,118.64,52.503,265.14,
2017-08-23,666.33,783.56,6.0755,85.139,854.17,526.47,483.75,488.98,687.87,530.05,,64.237,886.81,198.39,16991.0,55.121,56.28,3866.16,54.544,94.93,121.55,118.72,52.458,265.09,
2017-08-24,665.25,786.02,6.1072,85.014,851.67,526.27,481.1,489.2,689.29,530.37,,64.301,887.48,197.75,16959.0,55.216,56.377,3850.57,54.498,94.63,121.09,118.19,52.306,265.83,
2017-08-25,665.79,785.39,6.0774,85.092,852.07,525.76,479.53,488.93,689.66,532.17,,64.241,888.01,198.34,16945.0,55.166,56.328,3870.92,54.253,94.7,121.2,117.81,52.363,266.05,
2017-08-28,663.53,793.02,6.0725,84.823,856.13,526.95,480.83,489.47,694.52,531.97,,64.349,882.38,196.14,16918.0,55.356,56.52,3840.4,53.657,93.88,119.86,116.6,51.887,265.66,
2017-08-29,662.93,793.33,6.0961,84.735,857.06,525.48,480.29,489.09,695.63,529.7,,64.365,884.19,197.42,16959.0,55.403,56.567,3835.76,53.627,93.77,120.32,117.37,52.137,270.56,
2017-08-30,661.02,791.43,6.0248,84.474,854.16,525.78,479.85,487.57,691.64,528.25,,64.536,890.64,196.55,17025.0,55.555,56.724,3864.37,53.758,94.04,120.14,117.31,52.149,270.22,
2017-08-31,660.1,785.25,5.978,84.358,852.77,522.07,475.62,486.15,685.13,522.97,,64.666,886.68,197.14,17032.0,55.632,56.8,3893.59,54.187,94.75,120.8,118.17,52.345,268.74,
2017-09-01,659.09,784.77,5.9845,84.226,852.28,523.27,472.98,485.94,686.64,528.22,,64.81,880.9,197.36,17059.0,55.752,56.927,3897.08,54.127,94.77,120.5,117.71,52.394,271.52,
2017-09-04,656.68,780.24,5.9767,83.92,850.96,523.22,470.82,483.66,683.01,530.31,,65.04,878.32,197.23,17144.0,55.947,57.121,3914.64,54.565,95.35,121.53,118.66,52.241,271.35,
2017-09-05,653.7,776.1,5.9442,83.54,843.06,518.38,467.27,480.82,680.55,525.55,,65.438,885.57,198.59,17330.0,56.297,57.478,3943.06,54.656,95.83,122.03,119.74,52.596,274.08,
2017-09-06,653.11,778.57,6.0119,83.461,851.41,522.67,473.37,482.81,684.56,528.12,,65.161,881.48,197.73,17325.0,56.243,57.424,3933.21,54.381,95.55,121.92,118.98,52.655,273.94,
2017-09-07,652.69,778.41,5.9762,83.413,851.54,522.65,470.14,483.52,682.77,533.37,,64.841,878.93,196.12,17348.0,56.274,57.457,3936.25,54.58,95.6,122.09,119.45,52.52,272.38,
2017-09-08,650.32,780.13,5.984,83.337,849.3,522.27,469.99,484.13,682.62,535.5,,64.851,878.16,197.45,17390.0,56.648,57.841,3921.55,54.496,95.42,122.13,119.23,52.51,272.36,
2017-09-11,649.97,777.8,5.9733,83.182,853.58,521.01,468.68,482.09,682.97,532.74,,64.875,885.7,199.56,17419.0,56.759,57.954,3941.48,54.569,95.69,122.74,119.76,52.718,273.94,
2017-09-12,652.77,779.92,5.9661,83.545,859.45,523.42,473.3,484.66,682.2,538.9,,64.386,877.05,198.72,17313.0,56.299,57.487,3928.96,54.426,95.34,122.71,120.13,52.27,270.83,
2017-09-13,653.82,782.19,5.9316,83.687,868.48,524.04,475.36,485.23,680.65,536.8,,64.356,882.34,198.83,17267.0,56.197,57.378,3926.27,54.426,95.09,121.92,119.89,52.552,271.23,
2017-09-14,654.65,778.13,5.9238,83.791,864.71,522.49,474.39,484.72,679.08,537.94,,64.017,885.14,200.8,17285.0,56.109,57.287,3954.24,55.025,95.6,122.66,120.32,52.821,271.27,
2017-09-15,654.23,779.73,5.9474,83.741,876.46,523.24,472.78,485.91,680.06,537.69,,64.184,878.68,200.73,17317.0,56.144,57.327,3956.31,54.885,95.42,122.17,120.37,52.497,270.15,
2017-09-18,654.19,781.37,5.8896,83.68,888.4,523.58,477.21,486.24,681.42,536.7,,64.023,880.21,201.17,17288.0,56.147,57.329,3958.11,54.74,95.23,121.78,120.03,52.6,269.57,
2017-09-19,655.3,784.03,5.8822,83.838,886.4,522.67,476.44,486.78,682.01,533.91,,63.884,884.85,202.82,17192.0,56.035,57.212,3944.85,54.758,94.88,121.38,119.35,53.192,270.8,
2017-09-20,656.7,787.49,5.8923,84.144,888.19,525.98,480.89,488.0,682.88,534.42,,63.814,883.81,202.92,17201.0,55.937,57.115,3910.82,54.352,94.47,121.09,118.81,53.124,271.35,
2017-09-21,658.67,781.93,5.8538,84.429,888.58,528.15,483.34,487.71,678.14,533.68,,63.596,883.59,202.4,17181.0,55.769,56.942,3947.91,54.691,95.15,121.85,119.53,53.223,270.15,
2017-09-22,658.61,786.52,5.8569,84.371,894.19,521.96,480.41,487.88,678.67,534.34,,63.727,879.01,201.76,17198.0,55.769,56.939,3940.83,54.382,94.59,121.01,118.43,53.231,271.51,
2017-09-25,659.45,786.14,5.8665,84.449,890.81,525.1,480.59,489.4,679.18,534.02,,63.604,873.66,200.81,17187.0,55.699,56.869,3938.08,54.31,94.63,121.21,118.58,53.133,269.32,
2017-09-26,660.76,783.55,5.9184,84.563,891.34,524.58,479.68,489.51,684.42,534.5,,63.538,869.96,201.71,17148.0,55.548,56.716,3960.26,54.53,94.94,121.58,118.22,53.639,271.0,
2017-09-27,661.92,781.24,5.9008,84.727,891.65,522.34,477.48,489.19,684.05,536.35,,63.43,871.81,201.66,17153.0,55.395,56.562,3982.7,54.85,95.22,122.56,119.1,53.44,270.77,
2017-09-28,662.85,779.36,5.8813,84.89,889.07,520.93,478.72,488.14,682.67,531.6,,63.585,876.2,204.65,17219.0,55.353,56.517,3993.44,55.458,95.47,122.77,119.81,53.94,274.7,
2017-09-29,663.69,782.33,5.9089,84.966,892.5,521.14,479.7,489.2,684.6,534.19,,63.634,871.31,203.45,17245.0,55.293,56.456,3973.56,55.153,95.11,122.19,119.57,53.572,273.4,
2017-10-09,664.93,780.92,5.9145,85.184,870.73,517.81,470.59,487.51,680.73,530.91,,63.545,873.23,206.59,17197.0,55.167,56.329,3991.39,55.167,95.25,121.88,120.04,55.921,278.92,
2017-10-10,662.73,778.54,5.8809,84.911,871.02,514.61,468.22,486.45,676.51,528.1,,63.791,879.18,208.22,17234.0,55.419,56.583,4004.89,55.258,95.63,122.57,120.41,55.925,281.69,
2017-10-11,658.41,778.02,5.8596,84.374,869.53,512.75,466.02,485.71,675.58,526.17,,64.077,881.82,208.04,17223.0,55.799,56.971,3994.88,55.211,95.67,122.53,120.67,56.311,285.79,
2017-10-12,658.08,780.61,5.8527,84.31,870.73,513.23,466.83,486.13,676.17,528.58,,64.03,878.44,205.55,17207.0,55.816,56.991,3958.65,54.69,95.36,122.25,120.29,55.4,284.24,
2017-10-13,658.66,779.49,5.8695,84.365,873.99,515.49,469.68,486.82,675.59,528.12,,64.055,875.42,204.64,17196.0,55.763,56.937,3959.04,54.765,95.49,123.29,119.97,55.552,286.89,
2017-10-16,658.39,777.65,5.8817,84.343,874.53,518.86,472.47,487.59,675.23,527.42,,64.049,869.16,201.67,17134.0,55.79,56.966,3961.93,54.658,95.74,123.36,119.87,55.213,287.58,
2017-10-17,658.83,777.14,5.8739,84.375,873.18,517.02,473.63,487.18,675.69,526.45,,63.968,868.72,202.08,17127.0,55.716,56.891,3958.6,54.463,95.77,122.96,119.86,55.308,289.01,
2017-10-18,659.91,777.34,5.888,84.52,871.38,518.21,473.54,487.59,675.48,528.44,,63.898,866.26,202.76,17111.0,55.605,56.777,3961.25,54.482,95.75,123.41,120.16,55.494,284.51,
2017-10-19,660.93,780.02,5.8519,84.64,873.45,519.02,473.38,487.34,674.16,530.47,,63.856,867.43,205.19,17101.0,55.563,56.732,3947.52,54.28,95.42,123.04,120.28,55.596,285.54,
2017-10-20,660.92,783.18,5.8707,84.725,869.42,520.62,463.82,487.37,677.27,529.68,,63.869,866.38,204.41,17084.0,55.563,56.732,3926.78,54.053,95.04,122.93,119.92,55.214,284.54,
2017-10-23,662.05,779.44,5.8149,84.855,873.96,517.5,460.01,486.25,672.56,524.69,,63.742,868.62,206.6,17095.0,55.42,56.586,3946.58,54.297,95.48,123.32,120.62,55.612,286.37,
2017-10-24,662.68,778.96,5.8442,84.961,875.07,517.79,462.71,486.97,673.22,524.37,,63.907,867.69,206.76,17038.0,55.426,56.592,3953.65,54.278,95.56,123.72,120.73,56.058,287.87,
2017-10-25,663.22,780.19,5.8234,85.009,871.23,515.62,457.98,486.81,669.72,523.57,,63.78,868.69,207.26,17021.0,55.356,56.521,3970.28,54.391,95.4,123.92,120.68,56.409,289.86,
2017-10-26,662.88,783.6,5.8362,84.951,880.13,510.68,456.08,487.63,670.4,517.86,,63.82,870.79,212.39,16985.0,55.388,56.556,3957.02,54.143,94.99,123.86,120.84,56.675,288.21,
2017-10-27,664.73,773.56,5.8282,85.19,873.01,509.19,454.58,485.97,666.38,517.56,,63.65,871.02,214.03,16976.0,55.211,56.371,4010.23,54.94,96.18,125.75,123.08,57.426,288.63,
2017-10-30,664.87,771.58,5.8455,85.199,873.22,509.79,456.09,486.86,666.12,518.21,,63.792,873.7,212.15,16957.0,55.244,56.404,4020.26,55.023,96.43,125.78,122.74,56.994,288.06,
2017-10-31,663.97,773.33,5.87,85.128,876.82,510.77,456.11,488.07,667.14,517.54,,63.77,872.53,211.71,16925.0,55.321,56.487,4021.19,54.977,96.24,125.82,122.82,56.951,290.02,
2017-11-01,663.0,772.5,5.8324,84.985,881.04,507.44,456.97,486.63,664.56,514.26,,63.828,878.96,213.07,16873.0,55.396,56.562,4029.56,54.88,96.33,126.3,123.15,57.151,289.21,
2017-11-02,661.96,769.85,5.8016,84.851,877.57,508.48,456.57,486.49,660.4,514.35,,63.873,880.4,212.42,16836.0,55.48,56.652,4035.98,54.997,96.68,126.86,123.02,57.646,288.32,
2017-11-03,660.72,770.25,5.7947,84.687,862.38,509.18,456.82,486.17,661.21,515.76,,64.005,881.74,211.61,16841.0,55.587,56.759,4035.1,54.986,96.63,127.06,123.14,57.522,287.39,
2017-11-06,662.47,769.28,5.8022,84.903,866.58,506.82,457.66,485.57,662.3,519.22,,63.912,889.13,214.41,16831.0,55.429,56.597,4036.78,55.153,96.72,127.24,123.22,58.621,289.29,
2017-11-07,662.16,768.77,5.8199,84.873,872.17,508.87,459.61,486.17,663.71,520.82,,63.845,880.87,212.99,16805.0,55.474,56.641,4044.7,55.136,96.81,126.82,122.87,57.86,287.65,
2017-11-08,662.77,768.94,5.8283,84.931,873.09,507.32,458.04,486.31,663.86,519.44,,63.788,893.79,214.43,16794.0,55.416,56.588,4046.9,55.191,96.79,126.49,123.09,58.61,288.7,
2017-11-09,663.25,768.84,5.8243,85.082,869.74,509.23,461.31,486.99,663.33,521.15,,63.726,893.1,213.41,16807.0,55.379,56.547,4055.42,55.093,96.81,126.37,123.03,58.285,288.03,
2017-11-10,662.82,771.93,5.8484,84.986,871.08,509.08,460.19,487.76,666.74,522.75,,63.385,894.2,214.98,16853.0,55.419,56.589,4040.62,54.82,96.4,126.36,122.65,58.348,287.3,
2017-11-13,663.47,773.33,5.8376,85.031,872.03,507.43,459.27,487.56,665.84,522.8,,63.178,892.93,216.91,16864.0,55.361,56.528,4028.47,54.619,96.19,125.99,122.67,58.242,287.94,
2017-11-14,663.99,774.47,5.8432,85.117,870.93,505.84,458.0,487.53,666.33,521.29,,63.111,894.48,217.93,16868.0,55.312,56.48,4023.37,54.677,96.05,126.31,123.04,58.282,287.89,
2017-11-15,662.63,781.85,5.8455,84.914,872.43,505.46,455.8,487.83,669.79,520.51,,63.2,910.11,216.78,16838.0,55.409,56.58,3988.54,54.36,95.18,126.72,123.45,58.685,289.08,
2017-11-16,662.86,780.76,5.8738,84.902,873.2,503.15,455.39,488.42,670.39,519.36,,62.99,908.07,217.3,16720.0,55.413,56.578,3996.77,54.332,95.33,127.28,124.37,58.574,290.24,
2017-11-17,662.77,780.28,5.8603,84.868,874.68,502.79,454.23,488.71,666.85,519.66,,62.976,900.24,213.55,16556.0,55.42,56.586,3996.54,54.334,95.38,126.77,123.93,58.295,287.47,
2017-11-20,662.71,778.21,5.912,84.832,875.44,500.77,450.94,488.59,670.05,518.43,,62.739,892.39,211.06,16527.0,55.431,56.595,4006.18,54.381,95.62,127.47,124.64,58.363,285.81,
2017-11-21,663.56,778.72,5.8936,84.95,878.5,501.04,452.09,488.92,668.01,517.86,,62.534,894.93,211.72,16536.0,55.35,56.519,4011.42,54.309,95.54,127.83,124.99,59.182,286.24,
2017-11-22,662.9,778.36,5.8993,84.868,878.04,502.66,453.56,489.67,668.99,518.73,,62.345,891.83,210.85,16472.0,55.404,56.573,4025.22,54.213,95.62,127.16,123.92,59.752,283.83,
2017-11-23,660.21,780.35,5.9351,84.519,879.34,502.69,453.99,490.24,672.16,519.68,,62.193,884.62,209.49,16452.0,55.637,56.81,4015.38,54.01,95.39,126.34,123.53,59.349,282.47,
2017-11-24,658.1,779.89,5.9137,84.265,875.6,501.72,453.29,489.14,670.45,517.61,,62.409,888.24,210.93,16490.0,55.81,56.987,4006.3,53.98,95.44,126.06,123.59,59.598,282.99,
2017-11-27,658.74,785.34,5.9026,84.377,877.99,501.37,452.74,489.2,672.01,518.24,,62.46,885.65,213.43,16479.0,55.757,56.93,3970.95,53.599,94.74,125.75,123.51,59.946,281.77,
2017-11-28,659.44,784.81,5.9364,84.525,878.53,501.55,456.22,489.85,672.07,516.83,,62.4,886.44,208.57,16523.0,55.703,56.874,3960.02,53.627,94.81,125.72,123.52,59.246,281.72,
2017-11-29,660.11,782.1,5.9154,84.599,881.79,501.68,455.1,490.49,670.89,515.17,,62.138,884.28,207.04,16415.0,55.641,56.815,3973.17,53.733,95.16,126.39,124.76,60.056,280.78,
2017-11-30,660.34,782.52,5.8945,84.577,885.67,499.81,453.03,490.1,670.72,513.26,,61.815,887.51,206.94,16346.0,55.623,56.796,3986.81,53.697,95.11,126.74,124.95,59.925,281.15,
2017-12-01,660.67,786.21,5.8682,84.588,893.8,499.46,451.13,489.84,671.6,512.35,,61.899,884.69,207.76,16460.0,55.591,56.762,3981.48,53.46,94.65,126.86,125.93,59.298,282.24,
2017-12-04,661.05,784.62,5.8628,84.617,892.61,501.9,453.59,490.32,674.34,520.21,,61.876,890.61,208.24,16424.0,55.564,56.735,3998.26,53.623,94.84,126.69,125.45,59.328,282.22,
2017-12-05,661.13,784.6,5.8762,84.571,890.82,502.84,454.3,490.81,671.4,521.44,,61.388,888.92,204.56,16443.0,55.554,56.726,3997.89,53.63,94.85,127.36,125.85,58.613,281.5,
2017-12-06,661.63,782.36,5.8782,84.666,887.68,502.77,454.9,490.98,669.89,521.22,,61.44,888.33,203.31,16424.0,55.514,56.683,4013.38,53.797,95.1,126.43,124.85,58.074,283.65,
2017-12-07,661.95,781.21,5.8947,84.727,885.98,500.65,455.4,490.64,668.85,517.59,,61.581,894.28,204.41,16524.0,55.482,56.656,4021.61,53.918,95.24,127.26,124.89,58.162,285.0,
2017-12-08,662.18,779.41,5.8498,84.8,891.99,497.25,452.08,489.85,665.67,514.99,,61.716,894.9,207.37,16520.0,55.463,56.635,4038.74,53.998,95.48,128.18,125.59,58.354,286.38,
2017-12-11,661.52,778.7,5.826,84.721,885.88,496.65,452.8,489.1,666.3,514.36,,61.749,893.25,206.76,16510.0,55.522,56.691,4029.52,53.897,95.57,127.87,125.46,58.017,286.47,
2017-12-12,661.62,779.14,5.8267,84.733,882.97,498.11,457.08,489.69,667.31,514.67,,61.592,890.95,205.69,16465.0,55.516,56.683,4036.57,53.912,95.53,128.48,126.61,57.95,288.01,
2017-12-13,662.51,777.79,5.8338,84.866,882.25,500.8,459.67,489.74,668.17,514.7,,61.559,894.51,206.35,16492.0,55.437,56.607,4034.29,54.102,95.67,127.1,125.93,58.06,289.48,
2017-12-14,660.33,781.92,5.8579,84.608,885.85,504.41,463.21,490.52,670.01,515.14,,61.827,886.4,203.91,16448.0,55.627,56.8,4026.32,54.005,95.25,127.34,125.88,57.789,288.16,
2017-12-15,661.13,778.38,5.8837,84.648,887.84,506.7,461.9,491.09,668.43,516.62,,61.735,889.52,204.21,16471.0,55.561,56.73,4038.0,54.261,95.64,127.68,125.5,58.804,289.15,
2017-12-18,661.62,777.07,5.8713,84.691,881.09,505.95,463.13,490.3,667.64,514.03,,61.68,889.31,197.82,16469.0,55.515,56.685,4041.38,54.186,95.79,128.6,126.79,58.316,288.99,
2017-12-19,660.98,778.8,5.8725,84.559,884.43,506.63,462.42,490.32,670.6,513.69,,61.752,887.5,192.58,16447.0,55.568,56.741,4022.72,54.006,95.57,127.63,126.48,57.94,288.63,
2017-12-20,660.66,782.26,5.8513,84.501,884.52,506.07,460.84,490.53,670.61,513.24,,61.755,889.67,192.65,16427.0,55.591,56.766,4000.03,53.717,95.15,127.14,126.42,58.03,290.77,
2017-12-21,657.95,781.49,5.8056,84.116,879.71,504.49,461.05,489.6,666.97,512.83,,61.873,892.76,193.58,16430.0,55.816,56.994,4004.56,53.821,95.28,127.62,127.79,58.07,292.35,
2017-12-22,658.21,780.41,5.8069,84.15,880.83,507.2,461.8,489.57,665.92,516.67,,61.95,887.94,193.83,16429.0,55.793,56.976,3997.99,53.768,95.35,127.35,127.11,58.045,295.85,
2017-12-25,656.83,778.72,5.7975,84.002,877.94,506.66,460.6,488.79,663.96,516.27,,62.079,887.83,192.05,16415.0,55.912,57.095,3995.94,53.885,95.6,126.98,126.75,58.027,300.45,
2017-12-26,654.16,776.56,5.7734,83.745,874.8,505.02,459.59,486.72,661.65,513.97,,62.334,887.43,192.73,16478.0,56.141,57.328,4013.36,54.018,95.86,127.35,127.15,58.169,301.84,
2017-12-27,654.21,775.8,5.7795,83.734,874.86,505.62,460.02,486.98,661.06,515.64,,62.407,881.26,191.08,16439.0,56.137,57.324,4017.33,54.125,95.97,127.65,127.02,58.209,303.67,
2017-12-28,654.12,778.37,5.7788,83.733,877.08,508.63,462.59,488.2,663.71,517.01,,62.386,881.79,187.47,16402.0,56.144,57.329,3985.21,53.833,95.65,126.38,126.33,58.342,301.42,
2017-12-29,653.42,780.23,5.7883,83.591,877.92,509.28,463.27,488.31,667.79,520.09,,62.224,881.4,189.5,16369.0,56.212,57.397,3973.0,53.576,95.43,126.24,126.24,57.834,301.65,
2018-01-02,650.79,781.98,5.773,83.231,879.63,507.87,461.69,487.0,667.98,518.42,,62.142,886.33,190.25,16383.0,56.44,57.626,3970.45,53.414,95.21,125.7,125.87,58.243,302.11,
2018-01-03,649.2,783.26,5.7849,83.058,882.69,508.47,460.85,488.49,668.22,519.09,,61.925,885.25,191.63,16364.0,56.581,57.772,3948.46,53.148,95.05,125.7,125.12,58.033,300.78,
2018-01-04,650.43,780.96,5.7748,83.2,878.75,509.01,460.84,488.89,665.57,518.65,,61.722,879.22,190.12,16374.0,56.468,57.658,3951.06,53.1,95.31,125.76,124.65,58.145,297.69,
2018-01-05,649.15,783.65,5.7565,83.031,879.79,510.56,464.71,489.13,666.23,519.93,,61.665,878.06,189.45,16359.0,56.576,57.77,3932.42,52.94,95.02,125.28,124.24,57.75,297.4,
2018-01-08,648.32,780.58,5.7308,82.913,880.08,509.79,464.67,488.71,664.97,522.97,,61.61,878.19,190.11,16379.0,56.652,57.846,3951.4,53.223,95.41,125.63,124.11,57.607,295.91,
2018-01-09,649.68,777.46,5.7409,83.054,881.49,509.5,466.16,487.59,664.63,522.97,,61.54,878.9,190.63,16432.0,56.539,57.729,3973.84,53.658,95.78,126.3,124.32,57.637,295.59,
2018-01-10,652.07,777.7,5.7863,83.378,882.48,509.67,466.06,488.1,662.76,522.86,,61.508,871.65,189.34,16410.0,56.325,57.515,3977.25,53.871,95.7,126.27,124.4,57.83,295.1,
2018-01-11,651.47,778.82,5.851,83.274,880.27,511.12,469.23,488.36,666.14,519.65,,61.469,876.14,190.85,16434.0,56.381,57.568,3972.09,53.612,95.62,125.78,123.9,58.335,296.12,
2018-01-12,649.32,782.31,5.8375,82.997,879.48,512.34,471.93,488.74,665.65,518.56,,61.354,870.43,190.72,16429.0,56.567,57.761,3947.92,53.291,95.23,125.17,123.31,58.122,296.18,
2018-01-15,645.74,787.17,5.8145,82.543,886.21,510.62,468.0,487.04,666.42,518.15,,61.454,877.38,191.7,16448.0,56.941,58.14,3925.4,53.039,94.69,124.67,122.81,58.221,294.5,
2018-01-16,643.72,789.57,5.8193,82.272,887.81,512.42,469.38,486.67,668.16,517.96,,61.486,875.84,191.2,16526.0,57.094,58.298,3910.68,52.876,94.35,124.54,122.46,59.08,293.19,
2018-01-17,643.35,789.33,5.8293,82.226,887.64,512.75,467.72,487.26,670.65,517.54,,61.383,877.81,190.66,16532.0,57.09,58.292,3909.04,52.86,94.36,124.88,122.33,59.045,291.63,
2018-01-18,644.01,784.82,5.7854,82.399,890.17,513.02,467.79,485.46,667.31,517.47,,61.399,883.52,191.28,16595.0,57.03,58.233,3931.06,53.093,94.87,125.01,122.4,59.303,290.71,
2018-01-19,641.69,785.74,5.7812,82.067,891.68,514.0,468.57,486.09,669.45,517.42,,61.481,880.97,188.94,16671.0,57.239,58.448,3923.78,52.963,94.77,124.87,122.2,58.767,289.86,
2018-01-22,641.12,785.29,5.7888,82.013,889.84,512.52,466.64,485.4,666.24,513.21,,61.4,884.26,188.24,16656.0,57.298,58.502,3936.06,53.204,94.8,125.28,122.55,59.736,290.4,
2018-01-23,640.09,784.76,5.768,81.861,895.07,512.68,468.67,485.1,665.34,514.01,,61.431,882.53,188.35,16699.0,57.38,58.59,3944.93,53.112,94.87,125.39,122.76,59.01,292.15,
2018-01-24,639.16,786.3,5.7979,81.749,895.15,511.17,470.09,485.35,667.59,514.61,,61.383,881.4,188.23,16759.0,57.47,58.678,3932.78,52.997,94.68,125.27,122.38,58.946,292.51,
2018-01-25,637.24,789.96,5.832,81.514,906.61,512.86,467.31,486.92,673.52,515.9,,61.245,882.9,186.53,16757.0,57.646,58.858,3916.86,52.606,94.29,124.53,121.75,58.778,290.83,
2018-01-26,634.36,786.21,5.7881,81.145,897.59,509.19,463.95,483.58,673.66,512.38,,61.281,883.19,187.94,16798.0,57.911,59.136,3932.89,52.708,94.71,124.98,122.11,59.304,293.42,
2018-01-29,632.67,786.03,5.8212,80.923,895.05,513.12,465.22,483.82,677.36,513.54,,61.167,888.87,187.51,16820.0,58.051,59.279,3933.29,52.629,94.72,124.44,121.52,59.301,292.25,
2018-01-30,633.12,783.63,5.81,80.986,890.71,512.45,463.53,483.08,675.2,513.12,,61.356,888.83,188.75,16885.0,58.03,59.253,3954.67,52.906,94.96,124.56,121.81,59.881,294.02,
2018-01-31,633.39,785.53,5.8216,80.993,896.0,512.19,464.91,482.72,677.59,513.32,,61.493,890.51,189.15,16946.0,57.988,59.21,3956.87,52.942,94.75,124.58,121.94,59.65,296.35,
2018-02-01,630.45,782.18,5.7667,80.6,894.45,507.67,464.3,480.07,676.19,511.75,,61.917,892.31,188.22,16978.0,58.32,59.549,3963.49,53.088,95.16,125.13,122.45,59.654,295.26,
2018-02-02,628.85,786.41,5.7452,80.413,896.61,505.09,464.77,480.55,678.59,512.48,,61.884,889.04,188.51,17044.0,58.434,59.666,3932.52,52.886,94.7,124.8,121.61,59.419,291.73,
2018-02-05,630.19,783.53,5.7215,80.572,887.56,497.93,458.92,476.6,676.13,506.36,,61.744,898.27,191.5,17271.0,58.345,59.57,3951.76,53.201,94.97,125.6,123.0,59.942,296.31,499.57
2018-02-06,630.72,780.35,5.772,80.65,880.04,497.02,458.75,476.82,676.38,503.17,,61.883,909.75,192.12,17338.0,58.275,59.501,3975.61,53.31,95.4,126.46,124.24,60.032,298.3,501.91
2018-02-07,628.82,777.84,5.7323,80.419,876.48,495.81,460.49,476.27,671.17,502.28,,62.264,905.36,190.03,17250.0,58.475,59.707,3983.32,53.451,95.71,126.54,124.38,60.005,296.46,501.78
2018-02-08,628.22,770.07,5.7446,80.359,870.83,490.94,453.16,473.56,665.56,499.44,,62.294,920.14,192.23,17309.0,58.519,59.754,4032.38,54.15,96.66,128.8,125.98,60.624,299.32,504.29
2018-02-09,631.94,774.47,5.8192,80.815,880.57,491.94,456.48,474.71,675.52,502.04,,62.139,922.67,192.26,17272.0,58.122,59.343,4017.64,54.108,96.08,128.29,125.26,60.518,298.68,504.06
2018-02-12,630.01,771.83,5.7935,80.57,870.42,492.32,456.32,474.27,670.25,500.03,,62.506,926.3,190.87,17220.0,58.314,59.541,4045.79,54.238,96.49,128.5,126.64,60.608,297.22,503.1
2018-02-13,632.47,777.4,5.8159,80.876,875.69,496.84,459.19,478.0,673.6,502.74,,62.245,914.26,188.32,17140.0,58.074,59.297,4010.29,53.597,95.77,127.44,125.09,60.047,294.1,499.96
2018-02-14,634.28,783.43,5.885,81.094,880.68,498.61,461.62,479.49,678.21,503.81,,62.045,908.96,188.63,17105.0,57.907,59.127,3981.81,53.177,95.1,126.57,124.09,60.044,293.97,496.33
2018-02-22,635.3,779.66,5.904,81.19,883.7,495.46,464.65,479.55,676.61,500.33,,61.482,893.73,183.8,16979.0,57.818,59.037,4005.48,53.509,95.47,127.86,123.88,59.726,296.45,497.09
2018-02-23,634.82,782.76,5.9465,81.139,885.95,497.62,465.28,481.37,680.67,499.61,,61.627,890.24,183.54,17026.0,57.858,59.071,3996.44,53.426,95.15,127.88,123.66,59.607,293.23,495.81
2018-02-26,633.78,778.92,5.9225,81.009,885.34,496.74,461.67,479.93,676.67,501.19,,61.786,887.42,182.59,16991.0,57.957,59.175,4018.9,53.603,95.62,129.05,123.9,59.783,292.9,495.87
2018-02-27,631.46,777.56,5.8963,80.714,881.33,495.57,460.28,479.43,672.62,497.58,,61.801,881.41,183.17,16976.0,58.18,59.406,4034.8,53.649,95.81,129.21,123.94,59.99,295.82,495.73
2018-02-28,632.94,773.55,5.8872,80.858,879.39,492.93,457.53,477.4,673.33,495.16,,61.839,890.51,185.25,17048.0,58.102,59.326,4060.3,53.943,96.24,130.03,124.44,60.349,298.0,497.84
2018-03-01,633.52,772.29,5.9413,80.939,871.25,491.55,456.35,477.93,670.69,493.63,,61.838,889.71,186.21,17128.0,57.979,59.201,4063.57,54.073,96.41,130.9,124.72,60.022,297.32,497.15
2018-03-02,633.34,777.02,5.9655,80.913,872.32,491.46,459.74,478.95,672.71,493.55,,61.938,895.23,187.3,17069.0,57.989,59.211,4035.09,53.907,95.85,130.21,123.79,60.15,297.62,496.55
2018-03-05,634.31,781.03,6.0088,80.992,874.62,491.92,458.72,480.7,676.73,491.95,,61.471,895.36,188.04,17018.0,57.903,59.123,4014.49,53.62,95.31,130.07,122.73,60.068,296.91,495.42
2018-03-06,633.86,782.11,5.9651,80.934,877.89,492.56,458.15,480.92,674.34,488.49,,61.556,889.39,186.67,17011.0,57.944,59.169,4017.92,53.566,95.26,130.34,123.34,60.115,296.39,495.46
2018-03-07,632.94,785.93,5.9931,80.802,879.68,492.75,460.9,480.11,674.52,489.77,,61.606,899.49,186.93,16898.0,58.027,59.252,3981.01,53.29,94.79,129.74,122.86,60.005,297.87,495.29
2018-03-08,632.39,784.92,5.9602,80.718,879.14,494.78,460.56,481.15,670.27,489.93,,61.707,898.46,187.17,16888.0,58.081,59.303,3979.04,53.652,94.93,130.07,123.47,60.155,295.83,495.33
2018-03-09,634.51,780.89,5.9641,80.923,876.03,494.11,460.64,481.56,666.97,492.02,,61.6,899.52,187.66,16875.0,57.887,59.109,3992.6,53.839,95.37,130.3,123.58,60.258,293.61,494.36
2018-03-12,633.33,779.56,5.9244,80.795,877.39,497.73,462.54,481.16,665.91,494.16,,61.698,895.59,186.68,16846.0,57.992,59.215,3996.46,53.762,95.57,130.2,122.83,60.168,294.04,494.52
2018-03-13,632.18,780.02,5.9459,80.635,879.06,497.62,461.57,481.69,667.29,492.21,,61.74,899.13,187.02,16847.0,58.1,59.327,3998.11,53.899,95.5,130.33,122.49,60.807,294.03,494.96
2018-03-14,632.05,783.25,5.9352,80.611,883.12,496.65,463.2,481.94,669.85,487.67,,61.637,902.94,186.62,16879.0,58.108,59.331,3979.36,53.777,95.09,129.97,122.4,61.246,294.3,493.88
2018-03-15,631.41,781.31,5.9446,80.532,881.91,497.44,461.82,482.36,668.39,487.37,,61.829,904.55,186.46,16854.0,58.17,59.396,3984.93,53.779,95.35,129.57,122.39,61.466,294.46,493.35
2018-03-16,633.4,779.26,5.9589,80.772,882.45,493.38,460.36,481.68,665.63,485.29,,61.885,908.35,187.8,16887.0,57.998,59.219,3992.34,54.06,95.55,129.19,121.81,61.517,295.24,493.05
2018-03-19,633.2,777.64,5.9751,80.731,882.77,488.63,457.43,480.39,664.53,483.56,,61.739,907.87,189.09,16887.0,58.01,59.231,3999.78,54.253,95.78,129.43,122.0,61.917,295.29,492.92
2018-03-20,632.46,780.38,5.9672,80.636,887.03,487.32,457.59,480.39,665.05,483.4,,61.899,913.27,190.12,16945.0,58.07,59.288,3988.4,54.123,95.45,129.1,122.09,62.324,295.89,493.29
2018-03-21,633.96,776.53,5.9519,80.809,887.82,487.53,455.16,480.53,663.22,484.97,,61.813,907.88,188.77,16897.0,57.94,59.155,4011.13,54.458,95.92,129.61,122.1,62.044,295.9,492.24
2018-03-22,631.67,780.2,5.9626,80.509,893.47,490.95,456.62,481.47,666.01,489.79,,62.015,899.96,187.07,16911.0,58.145,59.362,3991.38,54.168,95.49,129.59,121.67,61.873,292.05,493.29
2018-03-23,632.72,779.75,6.0361,80.621,892.92,487.06,456.81,480.75,668.59,489.35,,61.845,905.95,187.84,17021.0,58.052,59.272,4002.31,54.166,95.51,130.25,122.35,62.943,295.21,494.14
2018-03-26,631.93,781.36,6.0297,80.52,894.35,487.41,457.95,480.77,667.47,490.77,,61.971,904.85,185.08,17116.0,58.121,59.341,4003.69,54.168,95.34,130.41,122.67,63.011,292.79,493.76
2018-03-27,628.16,782.18,5.954,80.047,893.89,486.54,458.24,479.94,664.46,488.85,,61.974,912.22,185.42,17163.0,58.49,59.715,4000.29,53.977,95.17,130.34,122.2,63.155,291.99,495.86
2018-03-28,627.85,779.1,5.9559,80.019,890.15,482.32,456.24,479.29,663.5,487.45,,61.677,913.3,185.62,17096.0,58.503,59.73,4015.73,54.066,95.64,131.09,122.86,63.393,292.94,497.19
2018-03-29,630.46,775.98,5.9011,80.349,887.47,482.7,454.12,480.0,658.99,488.0,,61.342,916.48,186.67,16954.0,58.256,59.483,4025.0,54.182,96.01,132.53,124.68,63.653,290.45,496.18
2018-03-30,628.81,773.78,5.9066,80.125,881.91,483.25,454.56,479.5,657.8,487.88,,61.501,910.61,188.27,16944.0,58.408,59.637,4037.69,54.411,96.38,132.95,124.66,62.736,289.16,496.97
2018-04-02,627.64,772.99,5.9047,79.969,880.87,482.42,453.96,478.68,657.54,486.77,,61.559,910.65,188.45,16910.0,58.517,59.75,4041.53,54.511,96.43,133.04,125.15,63.021,289.95,496.9
2018-04-03,628.33,772.74,5.9395,80.058,882.77,481.47,453.0,478.68,658.01,486.5,,61.469,913.58,188.65,16832.0,58.459,59.686,4044.27,54.473,96.39,133.62,125.59,63.329,290.26,497.08
2018-04-04,629.26,772.06,5.9075,80.174,884.83,483.38,456.87,479.71,656.27,491.52,,61.42,915.15,187.94,16776.0,58.374,59.601,4039.21,54.308,96.49,133.4,124.54,63.43,289.59,495.76
2018-04-09,631.14,774.12,5.9014,80.414,889.15,484.74,459.27,479.34,657.74,493.97,,61.337,921.17,190.64,16943.0,58.196,59.42,4030.93,54.215,96.17,132.97,124.21,64.152,289.98,495.38
2018-04-10,630.71,777.31,5.9104,80.352,891.41,485.5,461.02,480.94,659.71,496.51,,61.312,961.75,191.67,16959.0,58.231,59.459,4006.41,53.94,95.8,132.5,123.44,64.647,290.98,495.49
2018-04-11,629.11,777.66,5.8697,80.145,891.81,488.3,463.59,480.48,657.55,499.43,,61.463,1001.42,191.43,16947.0,58.393,59.624,4003.4,53.867,95.77,131.95,123.95,65.412,290.29,496.21
2018-04-12,628.34,777.16,5.8808,80.048,891.08,487.6,462.55,479.89,656.01,499.65,,61.659,995.65,190.34,16983.0,58.472,59.698,4007.68,53.847,95.82,132.54,123.54,65.931,289.91,495.89
2018-04-13,628.98,774.98,5.8617,80.126,894.67,487.73,463.79,479.06,653.27,499.39,,61.685,986.4,191.75,17020.0,58.437,59.664,4016.53,53.922,96.09,133.73,123.54,65.461,289.29,496.53
2018-04-16,628.84,775.22,5.8487,80.107,895.23,488.55,462.15,478.92,652.64,498.77,,61.682,998.69,192.16,17037.0,58.427,59.654,4008.95,53.759,96.07,134.78,123.64,65.129,287.22,496.38
2018-04-17,627.71,777.0,5.8578,79.965,899.78,488.08,462.15,479.07,653.76,499.25,,61.874,975.28,192.0,17059.0,58.532,59.763,3991.73,53.447,95.86,134.12,123.82,65.314,286.94,497.1
2018-04-18,628.17,776.82,5.8661,80.023,897.74,487.75,460.83,478.9,649.56,500.07,,61.918,979.73,190.86,16976.0,58.483,59.711,3995.06,53.582,95.87,133.79,123.59,65.22,287.24,496.8
2018-04-19,628.32,777.57,5.8557,80.047,892.23,489.24,459.85,479.57,648.69,497.42,,61.833,968.98,189.83,16991.0,58.467,59.701,3992.3,53.541,95.78,133.72,123.52,63.976,287.82,497.09
2018-04-20,628.97,776.11,5.853,80.142,885.48,485.72,456.34,479.14,647.17,496.44,,61.826,970.18,190.44,16979.0,58.429,59.658,3997.26,53.669,95.95,133.72,123.95,64.361,293.48,497.1
2018-04-23,630.34,773.59,5.8456,80.349,882.5,483.11,454.03,478.31,645.78,493.62,,61.832,974.74,191.94,16985.0,58.305,59.529,4016.5,53.989,96.27,134.14,124.28,64.713,294.12,497.4
2018-04-24,632.29,771.32,5.8095,80.615,880.52,480.35,451.64,476.66,645.9,491.81,,61.694,978.97,195.22,17046.0,58.141,59.365,4046.31,54.486,96.54,134.78,124.88,65.032,299.78,499.17
2018-04-25,630.66,771.44,5.7936,80.372,881.97,479.23,448.26,476.83,643.96,491.6,,61.944,975.66,195.73,17074.0,58.263,59.49,4052.14,54.56,96.55,134.98,125.3,64.818,298.39,498.87
2018-04-26,632.83,769.85,5.7823,80.648,881.6,479.06,447.58,476.37,643.72,492.85,,61.792,986.66,196.72,17087.0,58.064,59.284,4067.09,54.895,96.76,135.26,125.92,64.525,298.03,498.43
2018-04-27,633.93,767.14,5.7967,80.785,881.75,478.7,447.45,477.11,640.56,492.28,,61.832,990.43,195.6,17026.0,57.966,59.187,4076.28,55.113,97.13,136.63,126.1,64.219,296.3,498.72
2018-05-02,636.7,762.74,5.7917,81.114,865.66,476.05,445.25,476.57,638.33,495.16,,61.676,997.43,199.07,16881.0,57.742,58.955,4113.49,56.03,97.67,139.06,127.15,64.543,297.91,498.27
2018-05-03,637.32,761.49,5.8025,81.198,864.74,477.22,445.83,476.75,637.64,494.64,,61.749,1003.92,199.38,16912.0,57.657,58.874,4130.57,56.08,97.82,139.94,127.45,65.679,299.9,498.29
2018-05-04,635.21,761.37,5.8189,80.924,861.83,478.22,447.1,477.24,636.62,494.18,,61.928,991.91,198.42,16936.0,57.837,59.052,4122.33,56.035,97.86,138.71,126.76,66.52,300.09,498.1
2018-05-07,635.84,760.47,5.8258,81.005,860.75,478.64,446.33,476.69,635.72,494.72,,61.944,983.34,196.76,16923.0,57.772,58.989,4125.39,55.84,97.98,138.61,126.7,66.749,303.02,499.22
2018-05-08,636.74,759.32,5.8386,81.116,863.5,478.44,446.85,476.58,635.0,494.0,,61.945,988.06,196.95,16941.0,57.693,58.909,4142.39,56.106,98.09,138.75,126.67,67.022,305.4,500.09
2018-05-09,637.33,756.01,5.8423,81.192,863.49,474.52,443.83,475.27,636.2,492.09,,61.953,992.75,197.5,16938.0,57.649,58.861,4165.64,56.624,98.53,138.28,127.62,68.19,307.16,501.71
2018-05-10,637.68,755.57,5.8071,81.238,863.86,475.55,442.19,473.21,634.29,496.2,,61.945,990.74,196.95,16950.0,57.613,58.824,4173.99,56.422,98.6,136.56,126.7,67.23,307.06,504.47
2018-05-11,635.24,756.85,5.802,80.925,858.47,478.01,442.33,474.61,633.11,497.37,,62.202,971.83,193.8,16850.0,57.847,59.063,4152.61,56.193,98.47,136.17,125.98,66.733,303.13,503.53
2018-05-14,633.45,757.03,5.7934,80.695,858.14,478.15,441.11,474.33,633.28,495.49,,62.522,977.43,193.76,16855.0,57.997,59.22,4168.11,56.349,98.44,135.62,126.21,68.149,305.69,503.54
2018-05-15,634.86,757.11,5.7858,80.877,860.63,477.67,438.82,474.95,634.43,495.81,,62.272,975.25,194.24,16860.0,57.882,59.102,4165.6,56.426,98.37,136.1,126.57,68.618,308.68,502.62
2018-05-16,637.45,753.52,5.7784,81.206,860.29,476.02,437.29,473.81,636.57,494.95,,62.128,977.51,197.47,16938.0,57.67,58.886,4200.7,57.025,98.82,136.42,127.48,69.922,308.93,504.05
2018-05-17,636.79,752.2,5.7693,81.124,862.22,478.7,439.36,475.16,636.27,498.07,,62.317,969.05,195.38,16939.0,57.691,58.908,4201.35,56.823,99.02,136.58,126.76,69.568,307.5,502.75
2018-05-18,637.63,751.88,5.7517,81.228,861.42,478.54,438.9,474.82,636.52,496.68,,62.277,975.83,197.72,16963.0,57.626,58.842,4219.19,57.16,99.05,137.09,127.51,70.005,310.01,503.46
2018-05-21,638.52,750.7,5.7551,81.342,859.93,479.96,440.87,475.04,639.43,495.53,,62.211,976.4,200.08,16941.0,57.546,58.758,4239.92,57.299,99.2,137.27,127.21,70.474,311.92,504.26
2018-05-22,637.99,752.02,5.7459,81.288,856.64,483.46,443.21,476.17,639.89,499.14,,62.33,965.71,198.68,16962.0,57.599,58.815,4226.44,57.064,99.04,136.02,126.21,71.802,311.1,504.11
2018-05-23,637.73,751.3,5.7531,81.242,856.62,483.08,442.41,476.13,642.54,497.43,,62.237,961.01,197.21,16902.0,57.608,58.821,4231.14,57.043,99.15,136.23,126.35,74.502,310.09,502.43
2018-05-24,638.16,747.17,5.805,81.316,853.17,482.85,441.91,475.38,641.77,497.22,,62.408,960.63,195.22,16917.0,57.57,58.785,4260.84,57.608,99.72,137.12,126.69,71.663,307.91,502.77
2018-05-25,638.67,748.3,5.841,81.386,854.39,483.59,442.53,476.43,644.06,495.65,,62.31,964.41,194.6,16916.0,57.529,58.741,4265.55,57.59,99.55,137.22,126.87,74.519,306.61,501.76
2018-05-28,639.62,747.53,5.8334,81.53,851.14,483.49,442.76,476.82,644.4,492.9,,62.253,972.91,195.33,16815.0,57.431,58.643,4266.78,57.652,99.64,136.64,127.43,73.614,305.47,498.86
2018-05-29,640.21,744.25,5.8509,81.605,852.1,483.12,444.27,476.66,644.37,492.75,,62.213,973.67,194.53,16780.0,57.384,58.591,4281.21,57.787,100.07,137.87,127.96,71.592,306.02,499.76
2018-05-30,642.07,740.74,5.9234,81.839,851.01,481.03,442.69,476.95,647.9,492.9,,62.042,979.25,197.63,16836.0,57.205,58.41,4330.96,58.522,100.46,139.7,129.14,71.026,308.69,499.58
2018-05-31,641.44,748.14,5.8986,81.754,852.1,485.67,447.91,479.01,648.9,497.83,,62.15,968.21,195.33,16807.0,57.265,58.473,4273.24,57.607,99.49,137.35,127.64,69.685,308.58,499.48
2018-06-01,640.78,749.61,5.8906,81.672,851.73,484.82,449.1,478.87,650.71,495.11,,62.116,973.6,198.14,16819.0,57.324,58.532,4266.31,57.597,99.31,137.51,127.58,70.703,310.6,500.03
2018-06-04,642.08,748.9,5.8609,81.838,857.34,485.96,448.22,479.6,649.44,495.36,,61.982,969.04,197.36,16700.0,57.203,58.41,4269.38,57.44,99.39,137.38,127.47,72.389,310.58,498.78
2018-06-05,641.57,750.58,5.8368,81.763,854.25,490.86,451.14,480.05,649.26,496.3,,61.908,967.84,195.85,16701.0,57.254,58.457,4247.59,56.933,99.16,136.5,126.55,71.494,312.72,498.87
2018-06-06,640.4,750.72,5.8281,81.606,858.48,488.38,450.16,479.9,650.6,494.72,,62.033,969.51,199.19,16720.0,57.367,58.574,4245.41,57.001,99.14,136.61,126.55,71.749,318.67,498.69
2018-06-07,639.19,753.16,5.8029,81.459,857.73,489.91,449.76,479.71,648.24,493.73,,62.17,967.5,198.91,16705.0,57.472,58.68,4222.17,56.662,98.88,136.53,126.33,71.347,317.92,499.22
2018-06-08,640.03,754.96,5.836,81.578,858.9,487.69,449.48,479.77,652.77,493.28,,62.169,975.26,202.55,16730.0,57.394,58.597,4221.02,56.66,98.65,135.96,125.91,70.008,319.02,500.1
2018-06-11,640.64,754.46,5.854,81.648,858.9,486.53,450.02,479.71,650.3,493.68,,62.225,974.36,204.52,16774.0,57.343,58.549,4239.79,56.705,98.73,135.94,125.71,69.894,317.6,500.5
2018-06-12,641.21,754.23,5.8079,81.718,857.18,487.43,449.67,479.85,649.93,493.58,,62.191,979.42,205.32,16794.0,57.284,58.489,4255.02,56.546,98.75,135.23,125.61,70.542,321.01,500.09
2018-06-13,641.56,753.51,5.8084,81.757,857.77,485.82,449.45,479.68,649.92,492.88,,62.201,983.99,207.52,16825.0,57.26,58.464,4241.62,56.829,98.86,134.7,125.45,71.549,322.81,500.35
2018-06-14,639.62,754.59,5.8007,81.508,855.55,483.92,449.0,478.95,649.28,492.76,,62.47,977.69,208.25,16941.0,57.45,58.656,4251.28,56.697,98.77,134.64,125.32,72.9,323.23,502.44
2018-06-15,643.06,743.79,5.8122,81.928,852.28,479.98,447.68,477.78,644.95,490.45,,61.995,975.33,209.15,16925.0,57.115,58.317,4337.36,57.604,100.15,136.02,126.5,73.762,323.86,501.61
2018-06-19,642.35,746.68,5.8203,81.835,850.84,476.04,444.97,475.27,645.54,486.39,,62.238,984.84,212.4,17191.0,57.197,58.401,4336.88,57.637,99.79,137.29,126.52,73.261,319.86,508.21
2018-06-20,645.86,749.85,5.8774,82.282,852.39,478.03,446.63,477.18,650.9,487.34,,61.832,984.73,212.42,17147.0,56.77,57.967,4298.96,57.49,99.37,137.43,126.48,73.273,317.29,505.57
2018-06-21,647.06,748.97,5.8613,82.488,852.42,476.87,444.03,476.31,649.53,486.22,,61.89,982.87,211.06,17110.0,56.766,57.961,4321.37,57.628,99.5,137.28,126.41,73.323,314.88,507.01
2018-06-22,648.04,752.06,5.8944,82.614,858.61,477.99,445.13,477.28,653.78,486.65,,61.915,981.57,209.51,17119.0,56.678,57.871,4338.05,57.551,99.09,137.16,125.37,73.021,313.79,507.15
2018-06-25,648.93,756.66,5.9078,82.706,860.86,482.5,448.6,477.73,657.03,488.68,,61.689,970.75,206.76,17092.0,56.603,57.797,4288.58,57.115,98.5,136.51,124.75,71.011,308.78,506.99
2018-06-26,651.8,763.23,5.9482,83.057,866.05,483.51,449.39,478.93,660.87,490.65,,61.606,961.15,207.75,17089.0,56.324,57.508,4266.52,56.933,97.63,135.64,124.22,71.839,305.37,504.69
2018-06-27,655.69,764.41,5.9592,83.539,867.6,485.03,449.59,481.55,662.23,493.33,,61.291,959.82,206.22,17002.0,55.973,57.151,4265.15,56.729,97.47,135.28,123.87,70.326,303.67,502.76
2018-06-28,659.6,763.89,5.9966,84.044,866.97,485.3,448.76,483.44,663.02,495.7,,60.969,955.27,209.66,16950.0,55.56,56.731,4285.42,56.919,97.5,135.76,123.87,69.93,304.87,499.6
2018-06-29,661.66,765.15,5.9914,84.31,865.51,486.33,447.04,483.86,663.5,499.47,,61.075,948.94,208.22,16940.0,55.494,56.661,4289.43,56.981,97.37,136.47,123.73,69.387,298.26,500.54
2018-07-02,661.57,772.43,5.9777,84.309,873.69,489.54,448.23,485.58,668.18,503.41,,60.993,951.03,207.32,16840.0,55.493,56.666,4259.02,56.49,96.45,135.37,123.25,69.43,299.01,499.27
2018-07-03,664.97,774.12,6.0007,84.753,874.19,488.11,446.22,485.84,669.73,504.4,,60.719,953.32,208.01,16803.0,55.211,56.376,4259.76,56.793,96.23,134.74,122.82,69.372,300.39,498.1
2018-07-04,665.95,776.65,6.0294,84.9,878.97,491.86,450.0,487.98,671.5,506.91,,60.754,948.91,205.45,16760.0,55.127,56.287,4213.63,56.599,95.93,132.58,122.14,70.168,292.56,497.84
2018-07-05,661.8,771.72,5.991,84.371,875.55,488.43,447.41,484.89,666.91,503.67,,61.124,956.54,206.75,16844.0,55.499,56.669,4214.86,56.796,96.56,132.68,122.56,70.584,293.65,500.74
2018-07-06,663.36,775.58,5.9973,84.525,877.19,490.16,450.87,486.17,667.94,505.11,,60.945,952.23,204.19,16862.0,55.371,56.536,4172.0,56.103,96.08,132.18,121.5,69.372,289.98,500.39
2018-07-09,663.93,779.86,6.0111,84.591,882.48,493.42,453.56,489.22,670.98,506.97,,60.828,949.43,202.83,16787.0,55.316,56.483,4144.81,55.811,95.55,131.41,120.91,68.967,287.24,499.19
2018-07-10,662.59,779.05,5.9726,84.42,878.05,495.09,453.74,488.67,668.39,505.32,,60.741,943.95,202.41,16794.0,55.432,56.598,4155.95,55.334,95.68,131.58,121.02,71.166,289.52,499.57
2018-07-11,662.34,776.87,5.9733,84.39,878.21,491.45,451.46,487.38,667.27,503.94,,60.757,932.42,201.62,16836.0,55.457,56.624,4168.37,55.587,95.96,132.14,121.27,71.138,286.79,501.36
2018-07-12,667.26,779.73,5.9691,85.018,882.53,492.27,451.45,489.93,671.33,505.96,,60.4,933.15,202.88,16836.0,54.948,56.107,4167.86,55.594,95.51,131.9,121.29,73.169,285.28,498.43
2018-07-13,667.27,778.33,5.9234,85.021,879.18,494.36,451.85,489.18,665.34,506.84,,60.524,933.49,199.57,16840.0,55.047,56.206,4171.77,55.514,95.8,132.99,121.58,72.99,284.31,498.24
2018-07-16,667.58,780.16,5.9405,85.058,883.72,495.66,451.77,489.34,666.52,507.74,,60.586,935.27,198.57,16881.0,54.982,56.142,4140.75,55.272,95.52,133.02,121.53,72.619,282.92,498.48
2018-07-17,668.21,782.39,5.9471,85.14,884.36,495.35,453.03,490.66,670.38,508.65,,60.505,932.19,197.88,16879.0,54.964,56.126,4127.68,54.987,95.26,131.98,121.28,72.592,281.84,497.77
2018-07-18,669.14,780.04,5.9262,85.254,877.27,494.19,453.6,490.38,669.22,507.03,,60.439,935.37,198.32,16824.0,54.864,56.019,4144.78,55.052,95.53,132.08,121.79,71.717,282.11,497.19
2018-07-19,670.66,780.9,5.9466,85.446,876.95,496.25,455.65,491.32,671.58,509.4,,60.498,938.99,197.98,16853.0,54.765,55.919,4150.14,55.174,95.42,132.13,121.82,71.525,281.8,496.61
2018-07-20,676.71,787.59,6.0181,86.213,881.02,497.87,456.42,494.19,677.33,510.24,,60.016,939.93,200.08,16771.0,54.271,55.414,4138.8,55.043,94.52,131.62,121.59,71.063,281.3,493.69
2018-07-23,675.93,793.26,6.0813,86.114,888.38,501.93,460.47,496.59,682.13,515.15,,59.924,937.26,198.36,16696.0,54.331,55.475,4101.34,54.479,93.95,130.96,120.79,70.685,281.5,492.89
2018-07-24,678.91,793.87,6.0963,86.513,889.77,501.16,460.63,497.41,683.95,515.53,,59.813,927.05,198.16,16682.0,54.075,55.214,4108.41,54.489,93.82,130.48,120.69,69.735,278.62,492.0
2018-07-25,680.4,795.33,6.1187,86.724,895.08,505.54,463.03,499.14,684.99,517.54,,59.708,931.74,195.06,16630.0,53.954,55.089,4097.78,54.097,93.68,129.59,120.16,71.711,277.12,490.37
2018-07-26,676.62,794.03,6.1029,86.249,892.97,504.4,462.94,498.32,682.74,518.99,,59.886,928.29,193.76,16581.0,54.283,55.428,4096.47,54.121,93.85,129.34,120.17,70.94,276.01,490.88
2018-07-27,679.42,791.09,6.1138,86.578,890.79,501.52,461.07,498.27,683.77,519.95,,59.741,926.22,194.85,16495.0,54.033,55.17,4088.61,54.19,94.13,129.65,120.42,71.648,274.25,491.68
2018-07-30,681.31,794.86,6.1438,86.812,893.81,504.59,463.33,500.61,685.77,521.91,,59.559,921.23,193.41,16374.0,53.881,55.012,4057.14,53.902,93.7,129.55,120.1,71.231,273.14,489.44
2018-07-31,681.65,797.99,6.1398,86.852,895.42,504.95,465.3,500.86,689.93,523.29,,59.534,913.3,192.91,16397.0,53.879,55.014,4029.37,53.49,93.32,128.4,119.29,71.677,271.85,488.56
2018-08-01,682.93,798.64,6.1126,87.009,896.35,507.03,465.05,501.57,689.96,524.91,,59.476,918.18,193.84,16373.0,53.745,54.878,4012.29,53.497,93.27,128.68,119.38,71.897,273.0,486.75
2018-08-02,679.42,792.5,6.0857,86.566,891.79,503.13,461.58,498.95,685.14,522.75,,59.841,925.64,194.55,16463.0,54.062,55.2,4047.86,53.769,94.04,129.59,120.33,73.449,273.59,487.53
2018-08-03,683.22,792.1,6.1238,87.042,889.99,503.27,460.62,499.62,686.95,525.3,,59.615,925.91,196.64,16481.0,53.715,54.846,4052.69,53.961,94.07,129.97,120.48,74.408,272.65,486.84
2018-08-06,685.13,792.57,6.1647,87.295,891.55,507.03,462.32,501.57,689.47,526.97,,59.51,924.91,194.6,16431.0,53.562,54.689,4035.7,53.706,94.0,130.13,120.43,74.399,270.77,485.32
2018-08-07,684.31,791.26,6.1493,87.182,886.07,505.64,460.59,500.27,687.15,526.54,,59.591,930.08,196.31,16430.0,53.652,54.781,4044.53,53.8,94.19,130.55,120.49,77.065,270.8,486.94
2018-08-08,683.13,792.77,6.1364,87.03,884.32,507.25,460.28,501.04,686.45,523.28,,59.651,929.56,195.09,16425.0,53.76,54.892,4035.91,53.712,94.02,130.4,120.0,76.963,270.12,486.04
2018-08-09,683.17,793.23,6.1615,87.037,879.97,507.62,457.79,501.25,687.97,524.8,,59.623,959.47,196.21,16388.0,53.755,54.888,4026.86,53.755,93.97,131.03,120.27,77.594,270.29,486.0
2018-08-10,683.95,788.26,6.1595,87.131,877.3,504.22,451.79,499.99,688.1,524.4,,59.551,974.76,200.17,16418.0,53.689,54.823,4067.53,54.275,94.58,131.73,121.62,81.154,273.49,485.84
2018-08-13,686.29,782.86,6.207,87.428,876.97,501.03,452.53,500.09,690.92,522.57,,59.482,995.66,207.05,16449.0,53.478,54.604,4128.77,54.903,95.18,133.08,121.81,97.369,276.98,485.02
2018-08-14,686.95,783.95,6.2119,87.512,877.49,499.79,452.16,499.66,692.21,523.72,,59.535,983.76,209.69,16490.0,53.421,54.55,4118.39,54.875,95.06,132.64,121.67,101.115,278.4,485.07
2018-08-15,688.56,781.36,6.194,87.716,876.28,498.63,452.76,499.87,693.15,527.81,,59.422,964.25,207.17,16377.0,53.297,54.421,4128.53,55.03,95.36,132.73,122.11,92.52,274.06,483.17
2018-08-16,689.46,782.85,6.243,87.837,876.34,499.47,452.86,500.31,695.05,525.34,,59.389,972.89,211.49,16391.0,53.191,54.319,4141.84,55.177,95.19,133.39,122.51,86.848,277.86,482.4
2018-08-17,688.94,784.37,6.2177,87.767,877.0,500.78,454.26,501.5,691.72,524.25,,59.477,970.17,213.19,16372.0,53.236,54.365,4127.36,54.868,95.04,133.25,122.93,84.6,275.65,481.39
2018-08-20,687.18,786.5,6.2233,87.543,876.76,502.59,455.43,501.57,690.97,526.48,,59.611,974.37,214.56,16323.0,53.407,54.541,4106.13,54.712,94.82,133.14,122.94,87.166,274.82,482.46
2018-08-21,683.6,786.64,6.2218,87.088,875.43,501.9,454.24,499.72,690.62,524.39,,59.794,978.45,212.26,16359.0,53.706,54.842,4119.79,54.806,94.9,133.74,123.36,88.899,277.77,481.45
2018-08-22,682.71,790.46,6.2024,86.974,881.39,502.41,457.79,500.26,693.87,523.89,,59.973,983.8,210.67,16360.0,53.779,54.918,4092.0,54.304,94.36,133.15,123.0,88.765,277.25,478.02
2018-08-23,683.67,791.95,6.1838,87.096,882.64,501.53,457.89,500.27,695.61,526.0,,59.925,994.69,207.24,16351.0,53.705,54.84,4072.53,53.893,94.15,132.54,122.11,88.139,274.42,478.39
2018-08-24,687.1,793.57,6.1764,87.53,880.88,498.44,456.02,500.6,697.46,525.33,,59.691,991.83,209.54,16340.0,53.396,54.523,4083.96,54.025,93.95,132.9,121.92,88.584,276.46,477.83
2018-08-27,685.08,797.77,6.1625,87.273,881.82,502.94,459.04,502.41,697.93,526.88,,59.847,983.9,207.82,16309.0,53.57,54.703,4057.09,53.593,93.5,132.91,121.43,87.339,274.4,477.02
2018-08-28,680.52,795.45,6.1245,86.692,877.5,500.02,456.02,499.75,694.85,525.14,,60.196,990.05,208.1,16330.0,53.957,55.099,4072.96,53.712,93.79,133.59,122.29,90.542,276.19,478.11
2018-08-29,680.72,795.9,6.1225,86.725,876.06,499.68,456.98,498.98,697.04,526.55,,60.182,997.1,208.76,16294.0,53.955,55.09,4069.71,53.654,93.7,134.2,122.54,92.067,280.21,478.71
2018-08-30,681.13,797.59,6.0998,86.784,887.9,497.99,457.1,499.35,702.08,527.92,,60.229,996.81,210.65,16292.0,53.911,55.053,4081.29,53.745,93.49,134.07,122.27,94.954,277.96,479.58
2018-08-31,682.46,796.46,6.1524,86.949,888.54,495.82,454.24,499.52,705.09,525.97,,60.126,997.53,215.34,16257.0,53.791,54.927,4103.56,53.987,93.6,133.56,122.24,98.883,279.83,479.45
2018-09-03,683.47,793.2,6.1552,87.079,884.01,491.6,451.86,498.33,705.44,523.64,,60.109,988.14,215.15,16307.0,53.701,54.835,4114.59,54.224,93.98,133.81,122.67,96.167,279.34,479.24
2018-09-04,681.83,792.14,6.1406,86.865,877.56,491.59,450.23,497.08,703.58,520.76,,60.55,995.6,218.0,16300.0,53.859,54.999,4123.52,54.183,94.11,133.4,122.51,97.269,281.53,479.68
2018-09-05,682.66,790.96,6.1268,86.974,877.93,490.46,447.1,496.44,701.07,518.22,,60.608,996.41,224.56,16337.0,53.787,54.93,4141.35,54.485,94.24,133.02,122.92,97.732,284.0,480.07
2018-09-06,682.17,793.88,6.121,86.912,881.17,490.91,450.07,496.32,702.64,517.93,,60.745,999.16,225.95,16396.0,53.845,54.986,4125.92,54.488,93.91,132.66,123.09,96.562,283.53,480.3
2018-09-07,682.12,792.95,6.1723,86.898,882.0,490.74,449.2,496.44,706.98,518.86,,60.734,1013.56,224.57,16462.0,53.828,54.971,4111.41,54.528,94.05,133.51,123.4,96.475,281.93,480.33
2018-09-10,683.89,790.59,6.1671,87.124,884.52,486.7,447.03,496.29,706.35,519.47,,60.604,1020.52,223.01,16454.0,53.685,54.822,4115.02,54.534,94.33,132.26,123.36,93.823,282.44,479.59
2018-09-11,684.88,793.8,6.1642,87.248,892.53,487.18,446.87,496.79,702.79,520.43,,60.518,1029.8,221.83,16474.0,53.631,54.77,4091.36,54.303,93.93,132.31,122.49,94.444,281.44,479.03
2018-09-12,685.46,794.82,6.1425,87.326,892.43,487.74,446.75,498.32,704.7,525.08,,60.488,1012.12,219.81,16404.0,53.593,54.728,4083.38,54.149,93.84,132.0,121.44,93.907,280.03,478.17
2018-09-13,684.88,796.69,6.1577,87.266,893.92,491.34,449.48,499.21,706.21,527.05,,60.533,1005.43,218.34,16420.0,53.623,54.762,4079.43,54.073,93.64,131.04,120.53,92.652,277.99,477.31
2018-09-14,683.62,799.49,6.1042,87.105,896.66,491.65,449.62,499.06,707.83,525.93,,60.587,998.85,216.11,16389.0,53.724,54.86,4054.44,53.845,93.31,130.93,120.16,89.747,275.57,476.58
2018-09-17,685.09,796.82,6.1211,87.297,896.3,490.07,448.74,498.74,708.9,525.6,,60.369,991.74,217.89,16335.0,53.582,54.72,4075.38,54.024,93.61,132.02,120.37,89.825,275.43,476.51
2018-09-18,685.54,799.92,6.1371,87.388,901.21,490.22,450.15,498.87,712.06,524.96,,60.363,993.89,218.09,16431.0,53.578,54.708,4061.05,53.729,93.26,130.12,119.33,92.253,275.53,476.18
2018-09-19,685.69,800.57,6.1051,87.398,902.93,495.56,451.85,500.59,711.47,528.62,,60.417,982.17,216.94,16377.0,53.567,54.697,4043.56,53.559,93.19,129.82,118.91,93.336,274.25,474.85
2018-09-20,685.3,800.08,6.103,87.37,900.58,497.5,455.31,500.57,708.46,530.5,,60.412,975.35,213.71,16353.0,53.594,54.725,4039.88,53.575,93.26,129.42,118.94,91.259,273.92,472.78
2018-09-21,683.57,805.35,6.0796,87.163,907.51,498.25,457.13,501.22,713.14,529.76,,60.482,970.79,209.15,16346.0,53.722,54.858,4016.13,53.282,92.6,128.28,119.12,90.974,275.66,473.0
2018-09-25,684.4,804.34,6.0682,87.598,897.75,496.54,454.66,501.09,709.79,528.73,,60.319,961.2,209.88,16315.0,53.656,54.791,4020.64,53.419,92.72,128.5,118.89,89.903,277.05,473.57
2018-09-26,685.71,806.58,6.0694,87.756,903.85,497.16,455.53,502.12,710.6,529.33,,60.32,958.97,209.16,16284.0,53.557,54.688,4017.74,53.131,92.47,128.53,118.59,90.284,276.92,472.38
2018-09-27,686.42,806.42,6.088,87.915,904.33,498.21,457.14,502.66,711.35,526.65,,60.326,958.5,205.92,16245.0,53.512,54.636,4010.63,52.967,92.46,128.24,118.06,89.0,274.66,472.47
2018-09-28,687.92,801.11,6.0705,87.995,900.11,496.05,455.44,503.15,704.73,528.12,,60.141,952.26,205.07,16167.0,53.35,54.473,4038.93,53.297,93.08,128.6,118.46,87.283,273.01,470.97
2018-10-08,689.57,795.29,6.071,87.999,906.26,486.74,444.34,498.96,696.33,533.32,,60.016,967.72,214.57,16399.0,53.172,54.292,4077.3,54.067,93.74,131.26,119.62,89.199,271.89,476.1
2018-10-09,690.19,793.12,6.1055,88.167,903.63,488.23,445.02,498.83,695.42,532.61,,60.191,963.66,215.13,16405.0,53.215,54.336,4101.11,54.43,94.07,131.63,119.9,88.636,274.41,476.4
2018-10-10,690.72,794.0,6.1096,88.172,907.9,490.93,447.55,499.85,696.22,533.61,,60.156,957.7,211.14,16387.0,53.202,54.324,4086.77,54.199,93.96,131.73,119.68,88.44,275.19,476.8
2018-10-11,690.98,796.55,6.1549,88.17,912.23,488.12,446.25,499.59,698.34,529.31,,60.117,967.46,213.7,16485.0,53.166,54.291,4087.65,54.228,93.63,132.16,119.02,88.012,277.38,477.28
2018-10-12,691.2,800.45,6.1571,88.22,913.88,491.98,450.64,501.82,697.63,530.16,,60.17,959.79,211.4,16466.0,53.189,54.312,4061.29,53.809,93.22,129.98,118.92,85.79,274.78,473.8
2018-10-15,691.54,799.3,6.1691,88.253,907.19,491.79,450.0,501.98,698.38,531.26,,60.021,952.42,209.83,16357.0,53.071,54.194,4053.59,53.757,93.32,129.63,118.1,85.146,272.76,473.09
2018-10-16,691.19,800.78,6.1816,88.199,909.36,493.32,454.5,502.49,700.32,532.24,,60.116,948.68,207.55,16368.0,53.148,54.293,4030.23,53.596,93.19,129.44,117.87,83.591,272.47,472.34
2018-10-17,691.03,800.18,6.1529,88.178,911.51,493.53,455.12,503.04,697.85,534.35,,60.048,945.35,205.03,16257.0,53.136,54.271,4021.62,53.547,93.25,128.9,117.84,82.323,271.32,470.33
2018-10-18,692.75,796.86,6.1523,88.377,907.89,492.93,453.52,502.8,696.5,532.09,,59.9,946.16,205.64,16277.0,52.993,54.125,4039.82,53.83,93.6,129.36,118.53,80.68,272.35,469.72
2018-10-19,693.87,795.47,6.1904,88.513,904.27,492.78,454.07,502.6,697.24,530.99,,59.865,948.28,207.94,16384.0,52.887,54.022,4060.88,54.1,93.78,130.13,119.17,81.148,275.87,470.15
2018-10-22,692.36,797.08,6.1585,88.299,904.58,492.13,456.42,502.8,694.85,528.24,,60.031,946.46,208.22,16354.0,53.048,54.189,4052.72,53.938,93.61,129.84,118.81,81.624,278.65,470.57
2018-10-23,693.38,795.36,6.1525,88.446,899.83,490.86,454.78,502.79,696.68,529.8,,59.95,939.46,206.49,16327.0,52.934,54.071,4058.18,53.944,93.8,129.68,118.98,81.655,279.7,472.78
2018-10-24,693.57,795.56,6.169,88.477,900.42,491.5,454.28,503.24,697.12,530.17,,60.028,944.84,205.33,16373.0,52.957,54.094,4055.16,54.003,93.77,130.13,119.5,82.863,278.19,472.97
2018-10-25,694.09,791.66,6.1968,88.529,894.76,490.56,452.25,502.78,696.59,532.42,,59.99,944.61,209.64,16376.0,52.886,54.016,4088.16,54.477,94.26,131.28,120.16,82.093,282.27,474.07
2018-10-26,695.1,790.36,6.1853,88.658,891.26,491.87,453.51,503.23,695.07,531.76,,59.996,943.46,210.19,16359.0,52.841,53.966,4100.08,54.527,94.4,131.14,120.08,81.074,280.4,473.81
2018-10-29,693.77,791.13,6.1991,88.487,890.28,492.29,452.6,502.81,695.49,529.87,,60.171,947.56,209.85,16421.0,52.946,54.073,4098.34,54.524,94.34,131.62,120.47,80.568,279.26,476.41
2018-10-30,695.74,791.37,6.1924,88.705,890.77,491.47,454.11,502.97,694.6,530.03,,60.058,945.61,211.31,16399.0,52.789,53.909,4101.7,54.678,94.28,131.5,120.56,79.885,288.08,478.05
2018-10-31,696.46,790.08,6.159,88.771,884.92,494.63,456.87,502.73,692.87,531.06,,60.026,939.81,209.77,16356.0,52.738,53.859,4108.86,54.82,94.45,131.73,120.76,78.654,288.23,477.88
2018-11-01,696.7,789.23,6.1782,88.826,891.04,493.89,455.05,503.4,691.88,529.98,,59.996,943.01,211.81,16357.0,52.667,53.787,4112.74,55.012,94.51,131.33,120.88,80.078,291.41,474.61
2018-11-02,693.71,791.2,6.1531,88.532,901.73,499.83,461.28,504.02,692.13,530.09,,60.177,947.7,207.83,16280.0,52.951,54.076,4082.08,54.634,94.32,130.42,120.47,79.638,290.89,474.56
2018-11-05,689.76,786.55,6.0952,88.145,897.13,496.74,459.0,502.21,687.91,526.59,,60.301,959.47,207.16,16240.0,53.254,54.384,4088.96,54.798,94.89,131.19,121.15,78.745,290.37,476.04
2018-11-06,690.75,787.98,6.0997,88.182,902.53,497.98,460.02,502.62,687.78,526.86,,60.4,955.32,204.86,16239.0,53.173,54.302,4084.18,54.615,94.65,131.13,120.99,76.982,287.79,476.4
2018-11-07,690.65,789.64,6.0915,88.181,905.33,500.01,465.18,503.1,689.22,526.42,,60.381,955.83,204.3,16233.0,53.181,54.311,4075.6,54.5,94.47,130.86,121.0,77.636,285.51,476.54
2018-11-08,691.63,790.46,6.0891,88.334,908.12,502.99,469.05,504.3,690.24,527.3,,60.167,957.42,201.06,16169.0,53.111,54.24,4064.97,54.238,94.37,130.42,120.65,77.574,287.27,474.58
2018-11-09,693.29,788.26,6.0845,88.547,906.34,503.76,468.53,504.25,689.65,527.65,,60.028,964.75,203.59,16150.0,52.952,54.077,4069.94,54.283,94.62,130.03,120.8,78.712,290.84,475.44
2018-11-12,694.76,786.72,6.1026,88.708,898.77,501.94,467.73,503.78,690.88,526.6,,60.13,976.32,206.45,16261.0,52.854,53.977,4086.69,54.518,94.79,130.67,121.39,78.611,289.45,475.51
2018-11-13,696.29,781.95,6.1246,88.873,895.5,499.82,467.73,503.07,689.51,526.2,,60.1,973.45,207.55,16329.0,52.708,53.831,4121.66,55.034,95.39,131.28,122.24,78.51,292.15,475.66
2018-11-14,694.02,785.21,6.0985,88.613,903.62,501.83,469.79,503.76,689.96,524.79,,60.34,978.37,208.17,16292.0,52.926,54.05,4111.19,54.67,95.03,130.24,122.16,78.923,294.97,474.45
2018-11-15,693.92,785.35,6.1084,88.632,901.86,502.0,471.38,503.34,689.85,524.11,,60.434,966.64,206.88,16325.0,52.933,54.071,4105.72,54.707,95.03,130.85,122.56,78.719,294.05,474.59
2018-11-16,693.77,785.8,6.1102,88.58,886.34,504.76,473.61,504.27,689.02,526.53,,60.395,949.69,204.73,16261.0,52.947,54.084,4097.13,54.566,94.98,130.7,122.31,77.467,291.91,474.88
2018-11-19,692.45,790.46,6.1442,88.423,889.11,506.91,475.63,504.7,692.79,526.87,,60.478,953.11,202.31,16236.0,53.053,54.19,4070.09,54.599,94.42,130.04,121.88,77.141,291.05,474.72
2018-11-20,692.8,793.42,6.161,88.449,890.91,505.41,473.93,505.34,697.71,525.94,,60.423,945.87,202.39,16262.0,53.02,54.161,4047.55,54.565,94.05,129.89,122.35,76.706,293.92,474.79
2018-11-21,694.49,790.06,6.1652,88.67,888.78,501.49,471.73,505.24,698.61,522.4,,60.284,951.1,202.91,16270.0,52.854,53.987,4066.87,54.546,94.43,130.83,123.5,77.445,293.06,475.04
2018-11-22,693.91,790.3,6.1369,88.61,886.66,503.98,473.79,505.23,697.89,524.66,,60.434,948.22,200.67,16292.0,52.934,54.071,4069.44,54.451,94.41,130.19,122.81,76.629,291.95,474.56
2018-11-23,693.06,790.36,6.1347,88.532,892.46,502.52,471.88,504.76,696.81,525.63,,60.548,946.9,198.32,16300.0,52.999,54.134,4065.25,54.333,94.43,130.44,123.1,76.457,293.0,475.62
2018-11-26,694.53,787.52,6.1528,88.738,890.52,502.54,470.65,505.16,696.74,525.41,,60.316,958.17,199.42,16291.0,52.864,53.996,4091.47,54.489,94.74,130.86,123.65,76.223,293.63,475.79
2018-11-27,694.63,787.15,6.1191,88.808,889.78,501.67,470.52,505.09,695.75,524.27,,60.282,966.15,200.32,16257.0,52.874,54.013,4111.21,54.563,94.78,130.84,123.56,75.557,296.46,475.65
2018-11-28,695.0,785.34,6.1111,88.803,885.7,502.6,472.41,504.73,696.15,522.92,,60.262,964.91,200.3,16264.0,52.836,53.974,4125.38,54.661,95.01,130.94,123.66,75.698,294.42,475.2
2018-11-29,693.53,788.39,6.1055,88.616,889.51,506.38,475.92,505.18,698.2,522.5,,60.497,965.49,198.7,16198.0,52.964,54.102,4106.1,54.381,94.67,130.31,123.38,75.272,292.45,474.51
2018-11-30,693.57,789.91,6.1153,88.682,886.51,507.56,475.89,506.44,696.26,522.2,,60.355,954.01,197.03,16128.0,52.958,54.097,4096.56,54.277,94.46,130.78,123.09,74.547,291.86,474.59
2018-12-03,694.31,787.34,6.1067,88.764,885.62,511.4,479.52,507.18,695.54,523.98,,60.2,960.21,197.86,16120.0,52.874,54.011,4110.28,54.459,94.78,130.64,123.24,74.675,290.34,473.22
2018-12-04,689.39,782.84,6.0692,88.198,877.27,507.17,477.66,504.36,690.82,522.33,,60.414,965.56,198.67,16119.0,53.278,54.419,4119.55,54.633,95.34,130.72,123.62,76.166,295.02,475.52
2018-12-05,684.76,777.64,6.0757,87.71,870.86,502.97,475.04,501.53,686.52,516.48,,60.55,976.94,201.84,16216.0,53.638,54.788,4166.46,55.121,96.08,131.71,124.22,78.676,299.48,478.55
2018-12-06,685.99,778.33,6.0682,87.792,873.25,498.18,472.65,501.71,687.92,513.37,,60.553,969.83,201.76,16238.0,53.541,54.685,4153.88,55.005,95.88,130.85,123.96,77.634,299.16,477.31
2018-12-07,686.64,781.11,6.0917,87.932,877.64,496.46,472.25,501.39,691.54,512.69,,60.621,971.44,204.62,16282.0,53.491,54.634,4134.26,54.787,95.55,130.88,124.01,77.751,296.32,477.97
2018-12-10,686.93,783.33,6.1086,87.895,873.94,493.87,470.62,501.25,694.14,515.7,,60.647,967.92,206.57,16344.0,53.473,54.622,4125.84,54.795,95.3,131.57,123.68,77.401,295.14,477.89
2018-12-11,689.96,783.93,6.0986,88.296,867.73,496.52,474.75,502.74,697.91,515.56,,60.394,965.12,208.19,16344.0,53.188,54.326,4124.97,54.743,95.21,131.69,124.01,77.118,294.07,475.69
2018-12-12,690.64,782.0,6.0888,88.351,862.88,498.26,475.47,502.86,695.41,516.12,,60.571,962.45,207.42,16354.0,53.182,54.321,4138.46,54.993,95.45,131.54,124.16,77.661,292.19,475.06
2018-12-13,687.69,782.25,6.0719,87.997,868.7,496.41,471.36,501.3,692.67,515.18,,60.82,965.8,205.11,16360.0,53.413,54.556,4127.85,54.873,95.44,132.1,124.63,77.757,291.87,476.26
2018-12-14,687.5,781.02,6.0528,88.025,869.44,496.65,471.37,501.28,691.7,514.99,,60.789,964.37,206.25,16370.0,53.428,54.565,4138.11,55.004,95.57,131.76,124.46,77.744,295.13,476.07
2018-12-17,689.08,779.4,6.0813,88.194,867.32,494.53,468.2,500.78,690.88,515.09,,60.719,966.94,208.72,16411.0,53.284,54.419,4150.91,55.05,95.78,131.42,125.0,77.94,292.29,475.73
2018-12-18,688.54,781.53,6.1046,88.111,868.67,494.31,468.79,501.65,693.61,513.36,,60.7,966.55,209.0,16410.0,53.349,54.479,4139.63,54.796,95.55,131.49,125.51,78.041,291.64,475.78
2018-12-19,688.69,783.47,6.1251,88.054,871.62,495.14,471.99,502.82,694.17,511.87,,60.623,978.78,208.27,16360.0,53.333,54.465,4111.18,54.66,95.31,131.5,126.68,77.541,291.15,475.0
2018-12-20,689.36,784.78,6.132,88.068,870.41,490.24,467.08,502.44,693.44,511.55,,60.648,978.77,208.5,16355.0,53.28,54.421,4111.05,54.637,95.12,131.83,126.41,76.834,291.62,474.9
2018-12-21,688.25,788.48,6.1905,87.932,872.0,489.88,466.46,502.52,697.44,509.91,,60.698,992.14,209.09,16327.0,53.37,54.523,4078.33,54.333,94.7,130.31,126.01,76.497,288.91,474.4
2018-12-24,690.06,785.29,6.2166,88.099,873.58,486.93,463.99,502.78,695.01,508.0,,60.516,995.83,211.94,16311.0,53.184,54.328,4099.83,54.605,95.1,130.96,127.01,76.978,288.54,472.61
2018-12-25,689.19,785.76,6.2456,87.983,875.42,485.69,464.21,501.84,698.45,506.58,,60.707,995.05,211.51,16311.0,53.293,54.441,4090.14,54.567,95.01,131.32,126.95,76.732,288.37,472.1
2018-12-26,688.45,785.71,6.2435,87.899,873.5,485.04,463.05,501.72,698.14,506.33,,60.772,997.79,212.22,16346.0,53.353,54.503,4094.79,54.602,95.04,131.45,127.18,76.834,289.55,473.0
2018-12-27,688.94,782.8,6.1972,88.002,871.11,487.17,463.89,501.96,692.8,507.61,,60.618,997.23,210.52,16319.0,53.309,54.455,4103.96,54.72,95.37,131.95,127.03,76.612,288.89,472.85
2018-12-28,686.32,784.73,6.1887,87.62,867.62,482.5,459.54,500.62,694.94,503.81,,60.683,1013.83,211.19,16327.0,53.537,54.685,4091.61,54.732,95.17,131.34,127.74,77.151,287.02,473.99
2019-01-02,684.82,785.21,6.2469,87.415,873.03,482.53,460.21,502.43,697.27,502.57,,60.388,1012.9,210.13,16266.0,53.648,54.796,4094.47,54.655,95.13,129.57,126.22,77.256,286.67,472.05
2019-01-03,686.31,778.18,6.3793,87.601,860.48,474.3,454.48,501.98,695.05,503.05,,60.325,1006.02,212.84,16352.0,53.519,54.658,4145.67,55.232,95.96,131.53,127.55,80.543,286.23,470.4
2019-01-04,685.86,781.57,6.3613,87.604,866.13,480.55,458.59,502.75,694.74,508.97,,60.381,1001.04,208.73,16411.0,53.558,54.691,4108.35,54.918,95.56,131.25,126.68,79.764,286.08,469.31
2019-01-07,685.17,781.86,6.3117,87.463,872.45,488.0,461.54,504.29,694.79,512.38,,60.212,990.84,203.98,16289.0,53.61,54.745,4104.89,54.913,95.54,130.62,125.61,77.785,283.16,466.69
2019-01-08,684.02,785.12,6.2961,87.283,874.63,488.76,461.8,504.63,698.62,514.55,,60.104,975.53,202.86,16345.0,53.705,54.846,4089.83,54.72,95.12,130.02,124.67,78.724,283.09,466.88
2019-01-09,685.26,784.43,6.2981,87.419,872.42,489.75,461.17,504.73,698.45,516.49,,60.024,976.41,203.7,16395.0,53.6,54.74,4099.5,54.749,95.16,130.14,124.63,79.924,282.28,467.3
2019-01-10,681.6,787.65,6.3006,86.959,872.23,488.83,462.73,503.72,699.98,515.92,,60.238,978.48,203.14,16420.0,53.896,55.043,4081.64,54.644,94.84,130.03,124.2,80.412,282.03,468.58
2019-01-11,679.09,781.49,6.2678,86.634,865.76,487.95,460.62,502.16,690.06,512.84,,60.366,985.27,204.13,16475.0,54.1,55.252,4111.5,54.978,95.54,131.09,124.8,79.923,281.7,470.03
2019-01-14,675.6,774.47,6.2289,86.168,868.41,486.68,460.94,499.18,686.51,509.18,,60.61,989.37,205.43,16551.0,54.374,55.535,4147.87,55.42,96.39,132.29,126.39,81.256,283.3,472.53
2019-01-15,675.42,774.87,6.2422,86.116,869.9,486.21,460.9,499.0,688.41,508.69,,60.687,991.49,203.88,16612.0,54.382,55.536,4151.91,55.387,96.32,132.47,126.52,80.725,281.15,472.65
2019-01-16,676.15,771.42,6.2245,86.206,869.85,486.9,460.84,498.67,684.47,509.71,,60.717,991.49,203.17,16603.0,54.332,55.486,4187.89,55.642,96.75,132.69,126.33,80.55,280.87,471.97
2019-01-17,675.92,770.38,6.1975,86.184,870.8,484.78,458.05,498.93,682.75,509.92,,60.764,981.78,202.3,16575.0,54.34,55.494,4171.55,55.571,96.9,133.01,126.28,79.078,279.39,468.71
2019-01-18,676.65,770.73,6.1991,86.268,878.34,486.47,457.3,499.24,680.82,509.54,,60.754,980.25,202.82,16567.0,54.282,55.433,4145.29,55.614,96.85,133.27,126.37,79.136,280.95,468.74
2019-01-21,677.74,770.39,6.1797,86.404,871.7,485.46,456.76,498.92,681.04,510.73,,60.654,976.93,204.12,16562.0,54.199,55.349,4124.97,55.652,96.88,133.14,126.25,78.622,281.73,468.29
2019-01-22,678.54,771.42,6.1879,86.486,874.85,485.67,456.47,499.29,680.3,510.32,,60.606,977.38,203.69,16639.0,54.131,55.277,4114.98,55.533,96.78,132.81,126.11,78.457,282.35,468.45
2019-01-23,679.69,772.25,6.215,86.621,880.68,484.23,458.84,499.82,681.66,508.95,,60.714,977.81,205.5,16628.0,54.038,55.178,4118.4,55.487,96.67,132.75,126.55,78.592,281.94,467.51
2019-01-24,678.02,772.04,6.1897,86.428,886.88,484.34,460.54,499.18,681.69,508.2,,60.994,974.27,203.81,16611.0,54.17,55.315,4119.49,55.553,96.73,132.97,126.3,78.003,280.72,467.46
2019-01-25,679.41,768.17,6.201,86.588,888.87,481.25,459.12,499.14,682.1,508.66,,60.945,967.55,201.98,16607.0,54.061,55.201,4148.47,55.803,97.18,133.59,126.29,77.607,280.06,466.86
2019-01-28,674.72,770.27,6.1652,85.995,890.94,484.54,461.29,498.69,679.75,510.54,,60.988,975.2,201.67,16586.0,54.44,55.59,4124.5,55.667,96.97,134.06,126.15,78.113,281.5,467.45
2019-01-29,673.56,769.97,6.1642,85.847,886.01,482.31,459.98,497.78,679.11,507.9,,61.04,983.23,202.83,16607.0,54.53,55.679,4121.44,55.749,96.97,134.41,126.32,79.057,282.67,467.95
2019-01-30,673.43,770.03,6.1559,85.857,881.01,481.87,459.78,498.06,677.01,507.43,,61.043,980.24,202.09,16593.0,54.542,55.692,4119.59,55.77,96.95,134.62,126.19,78.864,283.64,467.09
2019-01-31,670.25,769.81,6.1478,85.457,878.9,485.77,462.21,497.43,674.23,509.72,,61.159,976.29,199.18,16604.0,54.835,55.993,4102.74,55.699,97.01,134.86,125.64,78.117,285.33,466.52
2019-02-01,670.81,767.75,6.1605,85.512,879.15,487.7,463.91,498.24,674.7,510.94,,61.017,975.72,197.68,16589.0,54.766,55.923,4114.25,55.524,97.25,134.84,125.72,77.228,284.85,465.98
2019-02-11,674.95,764.32,6.145,86.02,873.19,479.06,456.49,497.86,675.31,508.39,,60.209,970.09,201.69,16633.0,54.409,55.554,4170.25,56.379,97.62,137.32,127.98,77.785,282.4,464.43
2019-02-12,677.65,764.18,6.1396,86.354,871.78,478.62,456.29,498.07,674.95,509.47,,60.093,969.72,203.63,16595.0,54.2,55.338,4185.01,56.572,97.64,137.29,128.56,77.872,284.83,463.3
2019-02-13,676.75,767.11,6.1253,86.232,872.83,480.43,456.06,499.1,672.79,511.67,,60.182,972.7,203.33,16583.0,54.276,55.42,4146.6,56.428,97.29,136.7,127.69,77.601,284.34,462.17
2019-02-14,677.44,762.81,6.1077,86.32,870.46,480.17,461.03,498.13,671.2,510.86,,60.034,981.71,207.38,16592.0,54.221,55.359,4179.56,56.863,97.79,136.84,127.85,78.043,286.71,463.6
2019-02-15,676.23,764.0,6.1199,86.173,865.55,480.29,462.19,498.18,672.93,508.69,,60.223,985.02,208.87,16650.0,54.314,55.456,4168.61,56.669,97.66,137.38,127.87,78.015,284.8,462.94
2019-02-18,676.59,764.12,6.1223,86.211,872.88,483.29,464.26,498.75,673.56,510.83,,60.26,978.99,208.2,16637.0,54.293,55.434,4160.85,56.667,97.65,137.14,127.66,78.106,284.72,462.02
2019-02-19,676.42,765.05,6.1163,86.192,874.13,482.12,463.38,498.64,673.37,511.0,,60.373,979.05,208.51,16640.0,54.301,55.444,4155.91,56.59,97.52,136.78,127.24,78.355,284.65,461.59
2019-02-20,675.58,766.22,6.1076,86.074,882.32,484.11,464.68,499.44,674.75,511.46,,60.282,973.74,207.82,16653.0,54.371,55.513,4142.05,56.519,97.38,137.81,126.84,78.216,283.52,461.12
2019-02-21,672.2,762.68,6.0665,85.648,877.02,481.77,461.06,497.32,671.93,510.3,,60.503,976.64,208.47,16717.0,54.64,55.79,4156.62,56.785,97.84,138.47,127.74,79.201,285.95,462.66
2019-02-22,671.51,761.68,6.0682,85.572,875.58,476.84,457.2,496.21,670.95,507.45,,60.681,976.93,208.61,16747.0,54.695,55.843,4168.33,56.898,97.98,139.47,128.45,79.25,287.21,464.6
2019-02-25,671.31,761.38,6.0594,85.537,877.0,480.12,460.71,497.22,671.26,511.17,,60.664,974.41,207.99,16750.0,54.716,55.867,4175.0,57.004,98.01,139.0,128.08,79.264,285.12,466.28
2019-02-26,669.52,760.63,6.0291,85.302,878.52,479.95,460.68,496.06,669.26,507.7,,60.745,979.31,206.58,16722.0,54.859,56.011,4177.15,57.031,98.1,139.08,128.42,79.243,285.83,467.21
2019-02-27,668.57,761.68,6.0472,85.177,886.35,480.79,460.77,496.31,668.68,507.81,,60.845,981.64,206.95,16704.0,54.94,56.096,4155.67,56.767,97.98,138.78,128.01,79.328,286.96,468.0
2019-02-28,669.01,760.82,6.0321,85.231,890.57,478.02,458.09,496.09,668.41,508.82,,60.797,983.67,208.25,16732.0,54.911,56.065,4154.09,56.679,98.05,138.57,127.79,79.446,286.52,469.93
2019-03-01,669.57,761.21,6.0094,85.297,887.94,475.28,456.41,495.3,671.13,508.53,,60.765,984.83,210.26,16805.0,54.862,56.015,4147.64,56.521,97.98,138.02,127.84,79.799,287.91,471.31
2019-03-04,670.49,762.47,5.9891,85.426,887.46,476.02,457.17,495.41,671.42,504.81,,60.744,982.76,211.66,16790.0,54.779,55.933,4142.06,56.449,97.84,138.04,127.82,80.125,287.43,473.75
2019-03-05,669.98,759.66,5.9953,85.354,882.91,475.01,457.01,494.67,670.77,503.33,,60.821,980.88,212.24,16803.0,54.823,55.976,4155.3,56.595,98.23,139.45,129.14,80.303,288.01,475.28
2019-03-06,670.53,757.96,5.9931,85.421,882.28,475.08,455.73,494.53,667.52,502.1,,60.798,981.17,211.32,16795.0,54.777,55.931,4162.07,56.735,98.43,138.82,129.2,80.345,287.22,473.71
2019-03-07,671.1,758.95,6.0087,85.494,883.99,471.84,454.29,494.41,668.01,499.27,,60.956,982.86,212.59,16822.0,54.738,55.889,4155.54,56.628,98.29,138.48,129.05,80.935,288.52,474.64
2019-03-08,672.35,752.64,6.0263,85.652,879.97,472.12,454.58,494.11,664.97,500.08,,60.795,986.52,215.78,16834.0,54.635,55.783,4200.7,57.302,99.11,140.66,130.58,81.231,291.07,473.91
2019-03-11,672.02,754.85,6.0492,85.609,872.76,473.0,457.17,494.44,666.75,500.84,,60.841,987.55,214.64,16888.0,54.658,55.806,4180.32,56.98,98.83,140.33,130.11,80.83,290.17,472.44
2019-03-12,671.28,755.84,6.0318,85.516,889.24,474.66,458.73,494.62,664.67,501.23,,60.851,981.48,213.22,16839.0,54.723,55.874,4175.79,56.899,98.72,139.61,128.91,80.997,288.89,471.8
2019-03-13,671.14,757.54,6.0299,85.498,877.35,474.44,460.04,494.86,666.19,502.49,,60.834,978.1,213.83,16833.0,54.733,55.883,4161.0,56.74,98.48,139.56,128.66,81.323,288.19,471.63
2019-03-14,670.09,759.24,6.0237,85.366,890.58,474.72,459.45,495.19,667.77,503.99,,60.978,975.88,215.36,16882.0,54.84,55.995,4144.48,56.652,98.3,138.7,127.82,81.533,288.04,471.76
2019-03-15,671.67,759.4,6.0119,85.566,890.0,474.71,459.09,495.53,669.24,504.08,,60.872,974.28,216.27,16896.0,54.684,55.833,4138.47,56.658,98.25,138.48,127.57,81.433,287.53,472.54
2019-03-18,670.88,759.54,6.0162,85.467,892.03,475.2,459.09,495.96,669.37,502.83,,60.924,965.9,215.1,16917.0,54.749,55.901,4139.31,56.612,98.26,137.68,127.21,81.227,286.45,472.2
2019-03-19,670.62,760.28,6.0235,85.433,889.14,476.17,459.08,496.33,669.91,502.69,,60.798,959.07,215.28,16876.0,54.773,55.924,4128.86,56.454,98.16,137.62,127.47,81.549,284.24,472.12
2019-03-20,671.01,761.7,6.0235,85.481,890.26,475.47,459.67,496.56,671.76,503.63,,60.738,959.07,216.15,16845.0,54.742,55.891,4108.5,56.28,97.96,137.16,127.08,81.603,283.32,472.07
2019-03-21,668.5,763.76,6.035,85.169,882.12,476.29,461.89,496.47,674.13,502.73,,60.802,955.54,213.12,16853.0,54.985,56.141,4106.83,56.054,97.75,136.59,127.1,81.26,281.74,473.76
2019-03-22,669.44,761.35,6.0429,85.318,878.53,476.07,461.07,496.34,674.79,500.91,,60.616,954.12,212.29,16850.0,54.869,56.023,4133.82,56.288,98.01,137.03,126.25,81.642,281.71,474.05
2019-03-25,670.98,757.87,6.0969,85.515,886.17,474.74,461.35,496.05,675.09,499.7,,60.562,961.04,216.16,16903.0,54.736,55.889,4174.03,56.714,98.46,138.19,127.64,84.385,284.81,471.77
2019-03-26,670.42,758.61,6.0922,85.419,885.36,476.74,463.28,496.66,675.69,500.36,,60.678,954.51,213.49,16899.0,54.788,55.942,4166.01,56.573,98.39,137.8,127.25,83.245,283.85,470.48
2019-03-27,671.41,756.88,6.0758,85.542,887.0,479.13,463.92,496.61,675.6,501.83,,60.634,958.71,214.62,16891.0,54.709,55.86,4208.25,56.678,98.62,137.55,127.21,79.946,284.53,471.27
2019-03-28,672.63,756.58,6.0898,85.689,884.5,476.23,457.09,495.98,676.18,501.43,,60.548,963.87,217.26,16909.0,54.604,55.755,4226.1,56.721,98.66,137.91,128.35,80.219,287.97,474.05
2019-03-29,673.35,756.07,6.0867,85.779,879.08,476.75,456.34,496.43,676.77,501.27,,60.57,963.38,216.7,16869.0,54.545,55.695,4237.08,56.809,98.73,137.97,128.28,82.735,287.39,472.96
2019-04-01,671.93,754.2,6.0566,85.6,874.89,477.74,458.12,496.02,675.13,503.27,,60.695,977.24,213.37,16900.0,54.661,55.812,4257.06,57.042,98.98,138.14,128.22,83.257,288.01,472.37
2019-04-02,671.61,752.57,6.0294,85.562,877.66,477.47,455.87,495.49,672.16,504.5,,60.765,971.73,211.26,16886.0,54.695,55.847,4272.8,57.099,99.2,138.29,127.89,82.103,285.5,472.21
2019-04-03,671.94,752.9,6.0364,85.605,882.39,474.35,453.66,495.72,673.27,503.63,,60.767,972.13,211.48,16911.0,54.661,55.812,4265.81,57.058,99.15,138.78,127.99,83.625,286.15,472.67
2019-04-04,670.55,754.09,6.0186,85.428,883.49,477.41,455.17,495.6,672.46,502.62,,60.826,972.05,210.76,16913.0,54.777,55.931,4239.85,56.914,99.0,138.07,127.69,83.856,286.6,473.05
2019-04-08,672.01,753.74,6.0173,85.613,876.05,477.08,452.17,495.92,672.03,502.46,,60.84,972.46,209.78,16924.0,54.657,55.811,4261.42,56.918,99.04,138.32,128.11,83.91,283.84,474.81
2019-04-09,671.42,755.79,6.0231,85.587,876.92,478.24,452.5,495.7,672.06,504.38,,61.009,966.93,210.33,17022.0,54.708,55.861,4248.54,56.719,98.77,138.01,127.38,84.767,282.72,474.79
2019-04-10,671.1,755.95,6.0386,85.616,876.13,478.27,452.94,495.8,671.27,503.5,,61.021,966.86,209.86,17005.0,54.733,55.884,4263.33,56.681,98.76,137.91,127.51,84.714,282.02,473.62
2019-04-11,670.88,756.27,6.0447,85.592,878.18,480.58,453.73,496.19,669.24,503.55,,61.248,957.64,207.37,16967.0,54.771,55.926,4251.06,56.605,98.73,138.11,126.67,84.733,280.63,473.41
2019-04-12,672.2,757.07,6.023,85.687,877.75,478.93,452.08,495.57,670.33,502.64,,61.229,961.1,208.45,16979.0,54.642,55.794,4252.31,56.568,98.6,138.06,126.88,85.302,280.08,473.76
2019-04-15,671.12,758.71,5.9899,85.567,878.01,481.38,454.28,496.12,669.51,503.44,,61.281,960.34,208.06,16929.0,54.734,55.881,4237.35,56.4,98.38,138.0,126.48,86.14,279.52,473.49
2019-04-16,670.97,758.43,5.9924,85.606,878.91,481.19,454.01,495.96,668.38,501.76,,61.248,959.03,209.39,16907.0,54.744,55.895,4221.17,56.358,98.38,138.13,126.55,86.511,281.3,473.76
2019-04-17,671.1,757.24,5.9919,85.554,875.28,480.88,450.19,495.36,665.96,502.36,,61.575,954.53,209.08,16938.0,54.733,55.885,4220.86,56.44,98.58,138.0,126.58,86.27,281.33,474.15
2019-04-18,669.11,755.85,5.9711,85.279,872.27,479.98,450.0,494.6,661.96,501.2,,61.798,955.21,208.91,16955.0,54.904,56.055,4226.94,56.505,98.78,138.19,126.93,86.014,281.16,475.09
2019-04-19,670.43,753.42,5.9874,85.458,870.95,479.37,448.34,494.5,660.61,501.12,,61.785,952.99,209.67,16958.0,54.785,55.934,4246.38,56.783,99.1,138.79,126.92,86.7,280.45,474.46
2019-04-22,670.35,753.73,5.9897,85.441,871.0,479.24,448.26,494.62,660.73,501.04,,61.635,955.06,209.84,16968.0,54.791,55.941,4245.38,56.763,99.05,138.86,127.06,86.9,280.07,474.69
2019-04-23,670.82,755.0,5.9934,85.507,870.88,478.53,448.09,494.71,660.6,502.66,,61.592,950.92,211.18,17010.0,54.754,55.902,4242.07,56.737,98.88,138.7,126.62,86.865,280.63,475.33
2019-04-24,672.05,754.06,6.0088,85.707,869.51,476.99,447.19,495.22,658.88,500.47,,61.44,947.46,212.27,17007.0,54.657,55.804,4251.08,56.817,99.01,139.27,127.27,86.86,281.51,475.59
2019-04-25,673.07,750.53,6.002,85.843,868.4,471.92,443.77,493.84,659.48,498.72,,61.375,956.68,214.68,17173.0,54.574,55.719,4287.19,57.234,99.48,140.18,128.46,87.441,283.53,476.5
2019-04-26,673.07,749.9,6.0387,85.803,868.68,472.65,446.7,494.34,660.26,499.7,,61.402,959.21,214.15,17216.0,54.534,55.68,4294.76,57.221,99.55,141.55,128.69,88.408,282.46,475.98
2019-04-29,673.1,750.44,6.0314,85.813,869.67,474.14,448.59,494.25,660.27,500.11,,61.378,961.74,213.4,17221.0,54.568,55.712,4294.71,57.24,99.49,141.33,129.06,88.333,281.42,474.5
2019-04-30,672.86,752.56,6.0255,85.784,870.17,474.73,448.8,494.29,660.1,500.13,,61.405,957.89,212.86,17223.0,54.59,55.738,4294.59,57.039,99.2,141.34,128.6,88.434,282.59,474.27
2019-05-06,673.44,753.24,6.0795,85.848,885.68,470.39,445.57,493.76,662.32,500.19,,61.564,970.76,214.65,17319.0,54.566,55.713,4290.91,56.867,99.08,142.04,129.81,88.866,283.01,475.17
2019-05-07,676.14,756.1,6.0962,86.176,884.43,472.03,446.07,495.21,663.75,502.0,,61.42,965.95,214.29,17318.0,54.405,55.551,4280.24,56.643,98.73,141.71,129.28,90.195,281.42,472.86
2019-05-08,675.96,756.47,6.1319,86.125,883.41,473.93,446.0,496.01,662.98,501.79,,61.36,966.29,213.61,17298.0,54.34,55.481,4284.56,56.711,98.7,141.92,129.41,91.092,281.61,471.84
2019-05-09,676.65,757.51,6.1496,86.224,880.48,473.11,445.55,496.77,663.14,502.31,,61.319,960.38,212.43,17297.0,54.285,55.427,4279.1,56.656,98.54,142.04,129.51,91.052,282.03,469.58
2019-05-10,679.12,761.87,6.1851,86.535,883.62,474.75,447.54,497.98,668.85,504.37,,61.149,956.57,211.12,17350.0,54.088,55.227,4252.71,56.402,97.98,142.08,129.28,90.673,282.96,467.49
2019-05-13,679.54,763.27,6.1933,86.584,884.01,474.79,448.08,498.31,672.31,505.83,,61.215,957.62,208.89,17313.0,54.058,55.194,4234.8,56.309,97.81,141.57,128.42,88.092,281.48,464.11
2019-05-14,683.65,767.68,6.2588,87.101,886.1,474.89,449.37,499.16,679.96,507.22,,60.937,953.15,209.62,17343.0,53.73,54.86,4218.73,56.075,97.25,140.9,128.1,89.006,281.06,462.34
2019-05-15,686.49,768.99,6.2614,87.46,886.23,476.18,451.06,501.57,680.79,510.05,,60.782,945.13,207.58,17307.0,53.516,54.645,4218.05,56.019,97.09,139.9,127.38,87.953,279.03,458.86
2019-05-16,686.88,769.74,6.2736,87.508,882.36,475.74,450.61,502.03,681.36,511.09,,60.733,941.23,206.98,17293.0,53.477,54.599,4218.07,55.869,97.03,139.77,126.9,87.569,277.51,459.06
2019-05-17,688.59,769.26,6.2688,87.724,881.01,474.38,449.88,501.47,681.75,511.54,,60.481,939.1,207.51,17299.0,53.346,54.464,4217.91,55.918,97.07,140.05,127.12,87.951,277.58,459.79
2019-05-20,689.88,770.75,6.2715,87.891,879.2,476.58,450.74,501.55,683.35,513.51,,60.443,936.39,208.83,17281.0,53.185,54.298,4231.26,55.83,96.89,139.62,127.2,87.745,277.12,460.62
2019-05-21,689.9,770.98,6.2722,87.894,878.79,477.93,451.6,501.92,684.6,514.3,,60.495,933.43,208.29,17289.0,53.21,54.327,4234.78,55.743,96.88,139.99,127.27,87.321,276.13,461.18
2019-05-22,689.92,771.26,6.2514,87.896,878.17,475.67,449.53,501.83,683.52,515.56,,60.487,931.98,208.35,17283.0,53.158,54.274,4227.67,55.807,96.82,139.64,126.73,87.753,275.17,462.41
2019-05-23,689.94,769.85,6.2603,87.899,873.97,474.65,448.12,500.42,683.95,513.8,,60.664,932.16,208.3,17252.0,53.221,54.34,4238.58,55.914,97.0,139.53,126.88,88.558,275.21,462.71
2019-05-24,689.93,771.31,6.2978,87.909,873.75,476.03,450.02,500.33,687.74,512.01,,60.742,939.37,209.95,17227.0,53.242,54.36,4231.01,55.79,96.81,139.4,126.92,88.683,276.01,461.34
2019-05-27,689.24,772.62,6.3007,87.819,877.22,477.94,451.88,501.56,688.06,513.06,,60.739,934.88,209.04,17203.0,53.285,54.405,4211.69,55.578,96.67,138.31,126.02,88.223,276.26,461.48
2019-05-28,689.73,771.89,6.2955,87.879,874.46,477.27,451.43,501.47,686.91,513.2,,60.693,933.22,209.19,17173.0,53.259,54.375,4219.2,55.574,96.72,138.9,126.21,87.963,276.28,461.37
2019-05-29,689.88,771.46,6.3201,87.891,874.82,478.39,452.18,500.98,686.23,512.24,,60.602,936.04,212.91,17201.0,53.146,54.265,4238.68,55.684,96.76,138.71,126.13,87.281,277.61,461.11
2019-05-30,689.9,769.52,6.3062,87.895,872.62,478.02,450.06,500.44,685.4,511.35,,60.687,939.69,211.99,17256.0,53.156,54.276,4234.72,55.787,97.06,138.2,126.56,87.142,276.89,460.6
2019-05-31,689.92,768.33,6.3019,87.913,870.42,477.04,449.22,500.49,685.1,511.37,,60.743,946.08,213.36,17232.0,53.222,54.342,4225.88,55.816,97.21,138.12,127.08,85.59,279.25,460.58
2019-06-03,688.96,769.97,6.3648,87.877,870.77,477.77,450.33,501.67,689.29,509.58,,60.754,950.97,212.06,17230.0,53.317,54.438,4218.22,55.617,97.0,137.7,127.1,85.055,284.87,457.84
2019-06-04,688.22,773.99,6.371,87.788,871.67,479.91,453.81,503.79,693.35,511.99,,60.731,948.26,210.11,17130.0,53.381,54.502,4174.2,55.31,96.5,137.24,126.43,84.805,287.81,455.05
2019-06-05,689.03,775.96,6.3713,87.874,875.89,482.07,455.76,504.69,694.95,514.91,,60.55,944.02,212.3,17099.0,53.269,54.39,4148.27,55.123,96.24,136.83,126.11,83.779,283.86,454.07
2019-06-06,689.45,775.31,6.3767,87.929,876.29,481.34,457.6,505.39,694.76,514.48,,60.448,945.75,215.01,17083.0,53.194,54.313,4143.56,55.152,96.33,136.71,126.49,82.88,285.97,454.45
2019-06-10,689.25,779.97,6.3558,87.885,876.92,482.04,458.68,505.65,696.16,519.4,,60.258,939.99,216.77,17119.0,53.294,54.417,4103.88,54.607,95.74,136.43,125.09,84.725,279.88,453.91
2019-06-11,689.3,781.47,6.3752,87.896,876.97,480.84,456.66,506.06,698.46,521.02,,60.235,935.81,214.46,17125.0,53.146,54.266,4093.64,54.499,95.53,136.29,125.21,83.793,277.93,453.46
2019-06-12,689.32,781.47,6.3569,88.027,877.73,480.14,454.01,505.95,695.16,519.44,,60.308,934.77,212.74,17087.0,53.241,54.368,4108.81,54.554,95.57,136.96,125.09,84.124,277.14,453.13
2019-06-13,689.34,780.2,6.3717,88.162,877.41,479.18,454.62,505.78,694.76,518.39,,60.189,936.95,215.17,17119.0,53.141,54.262,4125.16,54.504,95.67,137.01,125.3,84.111,277.37,452.46
2019-06-14,689.37,778.93,6.3774,88.015,875.99,477.62,453.08,505.53,695.36,518.41,,60.283,933.86,215.09,17114.0,53.163,54.284,4130.93,54.606,95.85,137.24,125.63,85.042,277.76,451.74
2019-06-17,689.4,775.85,6.3728,88.046,871.45,475.92,449.66,504.71,693.07,515.93,,60.24,929.61,213.95,17133.0,53.081,54.201,4151.76,54.838,96.23,137.03,125.86,85.479,276.66,451.51
2019-06-18,689.42,775.24,6.3655,87.998,866.49,473.62,448.95,504.16,691.96,515.33,,60.441,930.12,214.39,17147.0,53.147,54.269,4155.08,54.937,96.29,137.12,126.32,84.986,277.49,453.62
2019-06-19,688.93,773.04,6.3607,87.967,867.72,474.93,451.07,505.15,690.2,516.39,,60.504,927.24,210.35,17063.0,53.189,54.31,4179.8,55.08,96.6,138.05,126.59,84.421,276.96,452.25
2019-06-20,688.05,773.79,6.3716,88.0,870.99,474.08,451.5,505.21,693.46,518.58,,60.554,925.35,208.18,17032.0,53.393,54.519,4183.02,55.102,96.55,137.73,126.27,84.231,276.53,453.11
2019-06-21,684.72,773.3,6.3801,87.685,869.9,473.93,450.92,504.98,697.83,519.3,,60.581,918.49,209.53,16956.0,53.645,54.778,4177.97,55.002,96.57,137.42,124.9,84.247,277.51,450.83
2019-06-24,685.03,779.35,6.3801,87.683,873.07,475.38,451.56,505.8,701.89,518.69,,60.52,919.87,208.97,16908.0,53.615,54.749,4157.62,54.561,95.79,136.44,124.03,84.153,278.84,449.75
2019-06-25,685.8,781.61,6.3878,87.827,873.63,477.9,454.47,506.9,705.58,520.37,,60.349,910.98,209.5,16818.0,53.562,54.692,4137.79,54.383,95.51,135.27,123.66,84.596,279.95,446.94
2019-06-26,687.01,781.09,6.4121,87.983,872.23,478.46,456.02,507.47,705.11,521.65,,60.295,914.36,208.59,16819.0,53.435,54.559,4138.1,54.453,95.55,135.07,124.27,84.291,279.71,447.7
2019-06-27,687.78,782.04,6.3831,88.069,873.01,480.5,459.36,507.77,703.63,524.04,,60.308,916.2,206.97,16801.0,53.402,54.528,4133.55,54.464,95.44,134.61,123.5,83.914,278.29,447.0
2019-06-28,687.47,781.7,6.3816,87.966,871.13,481.56,460.77,508.05,703.88,524.9,,60.266,917.32,206.1,16828.0,53.429,54.551,4140.19,54.385,95.49,134.89,123.81,83.968,278.9,447.72
2019-07-01,687.16,780.99,6.3424,88.0,872.58,482.7,461.95,508.28,701.81,525.11,,60.095,918.57,204.82,16817.0,53.445,54.568,4135.28,54.334,95.57,135.19,123.96,83.51,278.65,446.17
2019-07-02,685.13,773.27,6.3246,87.692,866.29,477.21,457.25,505.27,694.04,521.69,,60.348,919.12,206.33,16951.0,53.609,54.736,4180.08,54.818,96.52,136.59,125.3,82.492,278.74,447.49
2019-07-03,686.4,774.74,6.3642,88.034,864.61,479.97,458.29,506.28,696.75,523.9,,60.297,921.96,205.29,16986.0,53.51,54.634,4165.55,54.757,96.33,135.97,124.85,82.346,277.64,445.24
2019-07-04,687.05,775.44,6.375,88.152,864.38,483.21,460.91,506.65,696.89,526.16,,60.206,920.79,204.81,17014.0,53.459,54.587,4155.71,54.66,96.23,135.44,124.12,81.828,276.81,445.59
2019-07-05,686.97,775.25,6.3717,88.214,864.39,482.59,459.67,506.73,697.58,526.48,,60.144,923.74,204.6,17014.0,53.465,54.59,4165.39,54.711,96.26,135.66,124.16,81.554,276.68,446.3
2019-07-08,688.81,773.26,6.3498,88.335,862.78,481.03,456.91,506.44,695.03,526.92,,60.035,925.39,206.23,17055.0,53.316,54.439,4188.23,54.965,96.49,136.99,125.04,83.344,275.84,446.7
2019-07-09,688.53,772.14,6.3319,88.243,861.67,479.96,456.17,506.21,692.45,525.56,,60.106,925.09,206.01,17133.0,53.349,54.472,4204.29,55.12,96.63,137.45,125.51,83.267,274.95,447.61
2019-07-10,688.56,771.49,6.323,88.158,857.91,477.0,454.63,505.57,692.94,524.55,,60.137,926.93,206.05,17152.0,53.344,54.469,4219.17,55.332,96.74,137.56,125.61,83.193,278.21,447.76
2019-07-11,686.77,773.13,6.3397,87.834,858.95,478.06,456.46,505.93,695.04,525.22,,60.149,919.34,203.63,17121.0,53.496,54.625,4212.33,55.163,96.56,137.08,124.9,82.796,278.86,446.45
2019-07-12,686.62,773.03,6.33,87.779,860.36,479.01,457.78,505.94,693.64,525.62,,59.892,914.72,203.32,17108.0,53.486,54.615,4216.7,55.217,96.62,136.59,124.35,82.788,277.66,447.9
2019-07-15,686.77,773.93,6.3659,87.726,863.25,482.0,459.78,505.63,697.59,526.91,,59.876,918.54,203.5,17144.0,53.485,54.616,4207.19,55.17,96.47,136.4,124.29,83.419,276.54,449.75
2019-07-16,687.1,773.78,6.3692,87.784,860.23,483.8,462.17,506.77,698.19,526.69,,59.796,911.64,202.31,17162.0,53.451,54.579,4202.66,55.074,96.5,136.05,124.26,83.109,276.15,449.44
2019-07-17,688.27,771.67,6.3606,88.07,854.32,482.88,461.25,506.79,696.71,526.01,,59.728,915.49,202.67,17140.0,53.354,54.48,4222.85,55.152,96.75,136.41,124.55,82.99,277.45,449.32
2019-07-18,687.61,771.86,6.3695,88.024,854.63,481.99,462.91,505.27,696.63,526.65,,59.828,915.66,203.78,17170.0,53.431,54.564,4229.78,55.232,96.74,136.21,124.94,82.687,277.42,449.36
2019-07-19,686.35,772.72,6.3894,87.844,860.66,484.83,464.96,505.71,698.44,526.43,,59.912,915.02,201.99,17107.0,53.524,54.655,4216.21,55.063,96.63,135.8,124.57,81.95,276.45,448.75
2019-07-22,687.59,771.35,6.3803,88.131,860.37,484.49,465.09,505.52,699.91,526.75,,59.791,915.78,202.45,17105.0,53.405,54.534,4215.04,55.101,96.76,136.49,124.68,82.227,276.61,448.52
2019-07-23,688.18,771.17,6.377,88.111,858.52,483.94,464.58,505.52,700.36,524.39,,59.765,915.91,201.5,17105.0,53.373,54.506,4217.12,55.06,96.81,136.82,125.17,82.428,276.85,448.27
2019-07-24,688.6,767.79,6.3639,88.158,856.28,481.54,461.21,504.06,698.82,524.18,,59.806,918.16,202.35,17127.0,53.341,54.468,4242.81,55.447,97.24,137.59,126.12,83.019,278.59,449.07
2019-07-25,687.37,765.82,6.3542,87.961,858.05,479.59,460.53,503.77,698.0,523.05,,59.891,920.64,201.99,17136.0,53.435,54.567,4248.65,55.521,97.49,137.12,125.75,83.11,277.49,449.55
2019-07-26,687.96,766.8,6.3316,88.025,856.8,478.22,458.15,503.08,694.31,522.82,,59.821,919.02,204.74,17198.0,53.388,54.515,4253.78,55.513,97.37,137.34,126.1,82.886,276.51,450.05
2019-07-29,688.21,766.11,6.3362,88.03,851.81,475.48,456.71,502.62,692.95,522.62,,59.845,918.84,207.05,17201.0,53.366,54.498,4265.67,55.761,97.47,138.09,126.6,82.185,276.56,448.6
2019-07-30,688.62,767.49,6.3281,88.051,841.7,475.34,456.73,502.73,694.51,523.28,,59.861,920.81,205.67,17171.0,53.321,54.451,4271.16,55.866,97.28,137.75,126.3,81.548,276.7,447.86
2019-07-31,688.41,768.03,6.3401,87.984,837.05,473.2,455.33,502.31,695.36,523.5,,59.931,922.67,206.3,17163.0,53.354,54.486,4263.35,55.96,97.23,138.95,127.19,80.758,276.99,447.42
2019-08-01,689.38,763.56,6.3401,88.066,838.36,472.28,452.26,501.92,693.81,522.91,,59.88,922.4,207.83,17214.0,53.245,54.37,4268.91,56.132,97.76,140.04,128.48,80.902,277.6,448.12
2019-08-02,689.96,763.7,6.4179,88.219,835.97,468.84,451.6,500.56,696.23,521.54,,60.174,932.99,212.02,17263.0,53.307,54.445,4286.0,56.431,97.76,140.11,129.04,81.325,278.98,448.44
2019-08-05,692.25,768.21,6.4915,88.443,840.61,469.82,451.07,502.39,704.38,524.03,,60.087,940.29,213.17,17342.0,53.099,54.235,4257.14,56.067,97.18,139.24,128.86,80.297,279.61,444.5
2019-08-06,696.83,782.52,6.5925,88.837,846.98,471.3,457.12,502.96,717.38,527.28,,59.967,937.03,214.7,17399.0,52.73,53.859,4178.28,55.206,95.36,137.51,127.97,80.224,282.63,442.03
2019-08-07,699.96,784.51,6.5839,89.308,852.27,473.65,457.36,507.1,717.78,527.23,,59.817,930.7,213.21,17314.0,52.448,53.562,4137.89,55.006,95.12,136.7,127.09,78.944,279.88,438.84
2019-08-08,700.39,786.11,6.6115,89.323,852.58,474.77,453.05,507.79,719.81,527.61,,59.669,928.39,214.4,17263.0,52.326,53.446,4142.79,54.921,94.9,137.21,127.5,78.225,279.77,438.86
2019-08-09,701.36,785.12,6.6297,89.433,852.36,477.43,455.09,507.71,720.84,530.57,,59.619,925.43,214.39,17190.0,52.324,53.446,4127.59,55.028,95.03,136.72,127.18,78.118,276.82,437.98
2019-08-12,702.11,787.67,6.6684,89.539,845.28,476.65,454.22,507.11,723.64,532.0,,59.484,926.5,217.14,17236.0,52.229,53.343,4119.14,54.887,94.73,135.71,126.23,78.119,276.2,437.44
2019-08-13,703.26,789.16,6.684,89.637,850.45,475.58,453.77,507.7,726.53,531.96,,59.496,928.25,217.28,17275.0,52.167,53.28,4105.06,54.825,94.53,135.78,126.61,78.997,278.21,437.42
2019-08-14,703.12,787.97,6.6152,89.616,850.89,479.39,455.6,509.71,722.8,533.71,,59.437,921.43,214.47,17209.0,52.054,53.16,4101.6,54.958,94.67,135.22,125.72,78.951,274.64,437.36
2019-08-15,702.68,782.78,6.6346,89.657,847.02,474.53,452.35,505.47,721.69,527.62,,59.651,940.65,219.51,17288.0,52.289,53.404,4157.65,55.847,95.3,137.02,127.8,79.878,279.84,438.93
2019-08-16,703.12,781.09,6.6266,89.681,850.11,476.32,452.39,506.21,720.02,528.05,,59.632,939.68,217.22,17252.0,52.238,53.347,4166.7,55.973,95.49,137.09,128.28,79.204,278.87,438.67
2019-08-19,703.65,780.52,6.6135,89.712,855.65,477.45,452.12,508.16,718.82,530.54,,59.309,942.9,217.33,17188.0,52.181,53.289,4157.45,55.601,95.52,137.32,127.92,79.37,278.97,439.18
2019-08-20,704.54,780.88,6.6101,89.811,854.67,476.6,451.66,508.05,718.17,528.76,,59.294,949.89,219.23,17182.0,52.122,53.221,4179.66,55.922,95.48,137.4,127.46,80.169,281.85,437.87
2019-08-21,704.33,781.72,6.6289,89.809,857.14,477.4,451.62,508.66,720.43,529.0,,59.359,942.42,218.01,17133.0,52.132,53.234,4187.22,55.76,95.36,137.51,127.6,81.352,280.52,436.9
2019-08-22,704.9,781.83,6.6154,89.888,855.48,478.33,451.52,509.65,718.11,530.74,,59.224,931.65,215.49,17056.0,52.084,53.181,4185.52,55.594,95.35,136.41,126.8,81.184,279.18,436.48
2019-08-23,705.72,783.05,6.6371,90.044,866.01,477.63,451.16,510.1,718.69,531.61,,59.233,926.34,215.45,17108.0,51.962,53.056,4187.34,55.617,95.18,136.87,127.04,81.604,280.26,435.62
2019-08-26,705.7,786.27,6.7235,89.983,865.65,473.64,449.07,507.43,725.3,530.08,,59.457,935.33,217.85,17174.0,52.058,53.152,4186.75,55.703,94.84,136.55,127.45,82.544,283.72,434.77
2019-08-27,708.1,788.36,6.7024,90.259,868.9,481.5,453.93,512.23,726.4,536.56,,59.136,926.61,214.8,17032.0,51.659,52.746,4170.01,55.245,94.52,136.08,126.72,81.935,280.34,430.31
2019-08-28,708.35,788.89,6.7296,90.281,874.78,480.69,452.83,512.74,725.96,536.02,,59.029,930.39,215.27,16996.0,51.577,52.666,4171.66,55.445,94.48,135.85,126.58,81.857,280.7,429.49
2019-08-29,708.58,789.02,6.7174,90.337,870.89,480.26,451.62,513.33,726.55,535.64,,59.101,934.36,216.06,16995.0,51.529,52.615,4177.08,55.565,94.4,136.38,126.86,81.663,282.7,429.65
2019-08-30,708.79,786.61,6.6845,90.332,867.91,479.4,449.59,513.14,722.17,536.15,,59.203,932.6,215.1,16975.0,51.562,52.649,4207.08,55.694,94.7,137.3,127.73,81.945,282.68,430.0
2019-09-02,708.83,781.53,6.7054,90.404,865.63,479.07,448.61,512.47,719.63,534.57,,59.095,935.14,214.02,16989.0,51.597,52.684,4234.09,55.908,95.33,137.99,128.11,81.988,282.42,430.01
2019-09-03,708.84,780.51,6.7118,90.375,860.38,478.76,449.57,512.49,719.98,535.06,,59.109,933.55,213.79,16982.0,51.495,52.583,4236.49,55.787,95.42,137.86,127.81,81.416,282.15,429.48
2019-09-04,708.78,780.28,6.7212,90.349,861.06,481.57,451.17,512.35,721.76,534.09,,59.166,934.01,211.89,16979.0,51.572,52.666,4221.64,55.62,95.47,137.89,127.86,80.406,280.45,429.8
2019-09-05,708.52,782.9,6.6725,90.381,869.73,482.7,451.47,513.19,724.2,537.02,,59.09,929.7,208.47,16932.0,51.719,52.82,4204.31,55.428,95.21,137.08,127.18,79.907,277.5,430.28
2019-09-06,708.55,784.11,6.6456,90.403,876.92,484.67,453.37,513.91,721.66,537.9,,58.851,928.48,209.05,16844.0,51.618,52.718,4198.94,55.282,95.05,136.14,126.63,80.014,277.09,431.02
2019-09-09,708.51,782.07,6.637,90.356,872.3,486.05,456.28,514.13,718.61,539.23,,58.863,925.48,208.41,16807.0,51.719,52.823,4215.13,55.434,95.35,135.8,126.48,80.351,275.18,431.72
2019-09-10,708.46,784.03,6.6183,90.378,876.5,487.44,456.49,514.59,716.02,539.34,,58.784,921.61,207.94,16780.0,51.716,52.819,4207.69,55.222,95.07,136.03,125.69,80.882,275.55,431.57
2019-09-11,708.43,783.59,6.5931,90.345,876.34,486.65,455.33,514.15,715.49,539.66,,58.791,919.7,206.55,16784.0,51.783,52.887,4230.87,55.266,95.19,136.46,126.19,81.335,274.9,431.64
2019-09-12,708.46,781.73,6.5784,90.415,875.95,488.24,456.12,515.49,715.16,538.55,,58.786,920.74,206.72,16762.0,51.7,52.803,4243.81,55.47,95.36,136.24,126.05,80.967,274.47,430.51
2019-09-16,706.57,783.47,6.5626,90.284,883.24,486.2,451.32,514.29,716.26,534.64,,58.911,903.97,207.16,16753.0,51.986,53.098,4233.36,55.253,95.35,135.83,126.33,81.069,274.89,431.31
2019-09-17,707.3,778.32,6.5444,90.478,878.92,485.59,448.73,514.12,712.38,534.2,,58.886,905.42,207.19,16757.0,51.927,53.035,4265.18,55.639,95.93,136.56,126.64,80.999,274.75,431.66
2019-09-18,707.28,783.12,6.5437,90.373,884.13,485.5,449.91,514.91,712.51,534.16,,59.067,909.07,207.85,16786.0,51.92,53.023,4259.2,55.313,95.34,136.68,126.18,80.594,273.75,431.53
2019-09-19,707.32,781.32,6.5373,90.33,883.68,483.62,447.82,514.76,710.58,532.97,,59.073,906.13,207.31,16820.0,51.826,52.927,4258.82,55.496,95.55,137.19,126.28,80.147,273.84,431.15
2019-09-20,707.3,782.36,6.557,90.32,886.92,481.14,445.95,513.77,713.52,534.28,,59.147,902.68,209.11,16847.0,51.848,52.947,4247.35,55.468,95.42,136.76,126.68,80.72,274.42,431.02
2019-09-23,707.34,780.3,6.5769,90.258,882.98,479.68,443.91,514.48,714.33,533.83,,58.857,904.0,210.61,16809.0,51.861,52.964,4276.71,56.023,95.69,136.96,127.94,81.065,274.29,430.25
2019-09-24,707.29,779.62,6.5956,90.255,882.45,480.9,446.85,515.25,717.24,535.47,,58.832,897.58,209.75,16807.0,51.74,52.84,4292.56,56.238,95.69,136.81,127.4,80.555,274.45,429.39
2019-09-25,707.24,779.35,6.6072,90.213,883.87,481.39,447.41,514.74,718.17,534.77,,59.042,901.62,210.01,16864.0,51.876,52.979,4276.84,56.161,95.73,136.62,127.26,80.461,274.7,431.44
2019-09-26,707.29,777.79,6.6018,90.247,878.64,480.24,446.08,515.88,717.58,536.21,,58.928,900.9,210.87,16850.0,51.659,52.761,4290.56,56.244,95.89,137.13,127.24,79.793,275.24,430.08
2019-09-27,707.31,774.77,6.5907,90.212,875.53,479.57,446.98,513.9,715.17,535.43,,58.974,902.62,211.6,16873.0,51.694,52.8,4323.86,56.516,96.26,137.51,127.87,79.765,276.61,431.24
2019-09-30,707.29,775.38,6.5699,90.201,871.76,479.81,445.89,513.55,715.93,535.86,,59.024,910.04,213.34,16902.0,51.785,52.891,4320.56,56.435,96.21,138.04,127.91,79.89,277.55,431.73
2019-10-08,707.26,777.95,6.6102,90.181,871.82,477.66,446.24,513.87,713.38,533.41,,59.08,912.36,213.85,16851.0,51.76,52.857,4280.71,55.586,95.95,139.74,128.77,82.282,275.73,429.16
2019-10-09,707.28,777.47,6.6319,90.169,867.38,477.92,447.38,513.61,715.48,533.03,,59.055,915.21,215.13,16841.0,51.731,52.824,4289.59,55.523,96.0,140.05,129.03,82.202,276.29,428.28
2019-10-10,707.3,779.25,6.6194,90.16,866.98,476.89,446.27,513.81,715.13,532.25,,59.093,913.27,214.45,16860.0,51.732,52.827,4283.32,55.423,95.76,140.16,129.23,82.763,276.14,427.24
2019-10-11,707.27,779.86,6.5679,90.187,880.94,479.47,448.26,515.35,711.75,533.4,,59.072,907.17,212.02,16813.0,51.813,52.911,4253.63,55.213,95.71,138.84,128.68,82.438,274.29,429.03
2019-10-14,707.25,780.23,6.5254,90.168,892.94,480.69,447.66,515.88,709.2,536.06,,59.065,906.92,208.91,16745.0,51.899,53.002,4254.21,55.121,95.71,138.69,128.38,83.306,272.98,429.35
2019-10-15,707.08,779.2,6.5195,90.133,891.09,478.73,445.33,516.26,708.42,534.15,,59.238,909.76,209.75,16763.0,51.978,53.082,4256.53,55.129,95.86,138.96,128.91,83.885,272.69,430.2
2019-10-16,707.46,780.52,6.501,90.173,902.5,477.59,445.29,515.99,708.46,535.87,,59.235,908.31,210.35,16746.0,51.918,53.023,4254.12,54.969,95.7,138.64,129.02,83.715,271.84,429.81
2019-10-17,707.89,784.05,6.5111,90.248,907.71,478.55,445.39,516.59,712.03,536.22,,59.232,904.77,211.07,16752.0,51.888,52.99,4240.95,54.624,95.28,138.1,129.61,83.122,271.29,429.02
2019-10-18,706.9,786.25,6.5081,90.136,909.52,482.38,448.85,517.89,715.7,538.03,,59.133,906.19,209.83,16695.0,51.975,53.074,4212.75,54.498,95.03,137.38,129.94,82.331,271.58,428.77
2019-10-21,706.8,788.43,6.5201,90.136,911.93,484.16,451.4,518.33,717.52,538.16,,59.191,902.76,209.15,16681.0,51.974,53.075,4194.13,54.319,94.76,136.74,129.69,82.021,270.61,428.61
2019-10-22,706.68,788.02,6.5055,90.111,916.27,485.36,453.05,519.22,716.63,540.07,,59.16,901.47,208.82,16579.0,51.974,53.075,4186.1,54.279,94.81,136.44,129.29,82.913,270.6,428.17
2019-10-23,707.52,787.25,6.523,90.219,911.61,485.34,453.48,519.07,715.19,540.39,,59.194,900.61,206.24,16568.0,51.914,53.015,4179.71,54.246,94.88,136.35,129.28,81.992,270.54,428.22
2019-10-24,707.27,787.31,6.5104,90.227,913.27,484.39,453.94,519.21,713.98,541.01,,59.198,904.5,207.02,16564.0,51.93,53.028,4166.74,54.263,94.88,136.32,129.05,81.13,270.29,428.39
2019-10-25,707.49,785.52,6.5133,90.274,908.28,482.25,451.27,518.83,712.96,541.3,,59.15,905.93,207.64,16597.0,51.914,53.01,4190.86,54.465,95.09,136.51,129.24,81.49,270.4,427.78
2019-10-28,707.62,784.18,6.5088,90.277,907.66,482.71,449.59,519.1,711.55,541.75,,59.152,903.36,206.63,16575.0,51.906,53.003,4189.32,54.532,95.25,136.86,129.96,81.527,269.25,426.66
2019-10-29,706.17,783.73,6.4804,90.071,907.92,482.9,448.57,518.45,709.89,540.84,,59.244,902.2,206.24,16553.0,52.011,53.109,4186.08,54.525,95.32,137.47,130.57,81.166,270.62,427.84
2019-10-30,705.82,784.34,6.4845,90.035,908.16,484.07,448.41,518.16,710.03,539.23,,59.27,905.75,207.22,16522.0,52.037,53.134,4203.46,54.385,95.25,137.47,130.74,81.468,270.91,428.18
2019-10-31,705.33,786.76,6.4827,90.001,910.16,486.59,451.94,518.08,713.17,535.87,,59.231,904.12,212.43,16506.0,52.075,53.174,4186.24,54.13,94.96,136.78,130.08,80.837,270.72,428.39
2019-11-01,704.37,784.7,6.514,89.88,909.91,484.77,451.21,517.02,713.11,534.39,,59.374,911.34,214.72,16602.0,52.209,53.31,4189.21,54.329,95.21,137.19,130.67,81.173,273.44,428.79
2019-11-04,703.82,785.48,6.501,89.779,910.03,486.17,452.46,518.48,713.67,535.34,,59.139,901.88,211.17,16532.0,52.206,53.305,4176.32,54.137,95.12,135.9,129.25,81.096,271.48,428.89
2019-11-05,703.85,783.21,6.4783,89.792,906.9,484.45,450.35,517.85,712.39,535.18,,58.946,902.53,210.29,16502.0,52.184,53.283,4204.12,54.498,95.39,136.7,129.88,81.472,272.45,429.32
2019-11-06,700.8,776.3,6.4222,89.473,902.9,482.99,446.78,515.76,706.06,532.88,,58.937,905.56,210.56,16517.0,52.408,53.512,4265.77,54.956,96.27,137.76,130.89,82.089,273.85,431.52
2019-11-07,700.08,774.94,6.4267,89.471,900.05,481.66,445.65,514.74,705.35,531.01,,59.098,912.08,211.64,16560.0,52.463,53.57,4282.28,55.037,96.41,137.4,130.97,82.15,273.64,432.83
2019-11-08,699.45,772.85,6.3976,89.402,896.25,482.29,445.42,515.24,702.91,530.85,,58.965,909.67,210.48,16543.0,52.525,53.63,4302.97,55.119,96.69,137.67,130.26,82.251,273.65,435.06
2019-11-11,699.33,770.78,6.4033,89.327,894.74,479.74,442.86,514.29,701.27,528.76,,59.135,912.26,212.44,16569.0,52.519,53.628,4327.28,55.333,96.93,138.71,130.65,82.432,273.23,434.17
2019-11-12,699.88,772.19,6.4176,89.4,899.8,479.3,445.38,514.36,704.68,528.72,,59.183,911.9,212.81,16627.0,52.479,53.586,4324.74,55.342,96.75,138.52,130.47,82.462,273.22,433.5
2019-11-13,700.26,771.13,6.4268,89.451,899.84,479.1,443.62,514.05,705.47,529.14,,59.152,917.26,213.25,16617.0,52.449,53.552,4340.34,55.52,96.89,138.71,130.81,82.473,275.9,433.07
2019-11-14,700.83,771.39,6.4425,89.507,900.72,479.08,449.4,514.44,708.18,528.84,,59.253,916.77,212.8,16669.0,52.41,53.514,4327.05,55.619,96.86,138.83,131.06,82.034,276.36,431.47
2019-11-15,700.91,772.53,6.4628,89.508,902.93,475.56,447.12,514.7,709.18,529.09,,59.285,911.45,211.48,16662.0,52.404,53.51,4326.28,55.45,96.73,138.11,130.78,82.038,275.73,430.9
2019-11-18,700.37,774.14,6.443,89.458,904.8,477.28,448.15,514.87,708.02,529.69,,59.267,910.11,210.11,16625.0,52.443,53.548,4320.89,55.22,96.53,137.55,129.73,82.038,274.11,431.72
2019-11-19,700.3,775.63,6.4476,89.461,907.38,476.87,448.05,515.13,708.16,530.47,,59.316,910.28,211.16,16636.0,52.433,53.534,4323.43,55.326,96.33,137.61,130.12,81.833,275.7,430.8
2019-11-20,701.18,776.67,6.4638,89.575,906.34,478.46,450.84,515.02,708.12,528.39,,59.288,909.54,210.66,16647.0,52.386,53.487,4283.41,55.167,96.21,137.44,130.23,81.337,276.14,430.51
2019-11-21,702.17,778.05,6.4742,89.718,908.04,477.58,450.43,515.67,709.3,527.88,,59.281,907.8,210.61,16666.0,52.288,53.389,4285.03,55.191,96.03,137.21,130.01,81.14,277.38,429.79
2019-11-22,703.06,777.87,6.4747,89.864,908.37,477.3,450.24,516.07,708.25,529.57,,59.27,905.89,208.76,16733.0,52.227,53.311,4298.93,55.228,96.04,136.81,130.09,81.026,275.65,429.64
2019-11-25,703.97,775.93,6.4764,89.935,904.81,478.24,451.28,516.11,705.72,529.57,,59.246,906.95,208.97,16737.0,52.164,53.249,4307.21,55.36,96.29,136.74,130.07,81.178,274.9,428.91
2019-11-26,703.44,774.74,6.4554,89.881,907.63,476.72,451.22,515.36,705.88,528.96,,59.373,908.71,209.91,16688.0,52.198,53.296,4335.14,55.475,96.44,137.01,130.52,81.593,276.32,429.65
2019-11-27,703.49,775.28,6.4499,89.852,904.82,477.48,452.21,515.58,705.26,530.05,,59.433,909.48,210.26,16714.0,52.21,53.307,4332.73,55.519,96.36,136.27,130.31,81.865,277.44,429.56
2019-11-28,702.71,773.34,6.4245,89.763,908.76,475.34,450.54,514.45,703.9,528.87,,59.355,910.33,210.22,16756.0,52.267,53.362,4347.46,55.713,96.62,136.35,130.47,82.233,278.27,430.25
2019-11-29,702.98,774.06,6.4186,89.802,907.63,475.85,451.26,514.78,703.99,529.33,,59.349,911.34,209.34,16767.0,52.249,53.341,4339.41,55.807,96.52,135.9,130.4,81.927,277.3,430.03
2019-12-02,702.62,774.17,6.4139,89.761,907.27,475.28,451.74,513.76,702.45,528.81,,59.449,914.84,208.51,16793.0,52.272,53.37,4322.87,55.701,96.52,136.24,131.15,81.835,278.11,430.04
2019-12-03,702.23,777.6,6.439,89.687,908.33,478.76,456.27,513.88,708.3,527.72,,59.448,913.22,207.17,16861.0,52.316,53.415,4270.84,55.127,96.08,135.93,130.61,81.785,278.85,430.96
2019-12-04,703.82,778.98,6.4707,89.897,913.7,481.45,458.38,515.55,712.22,528.84,,59.39,911.17,208.15,16887.0,52.251,53.348,4256.3,54.951,95.92,135.55,130.68,81.701,278.2,430.34
2019-12-05,705.21,781.41,6.4771,90.074,924.55,483.04,462.02,517.4,713.55,534.48,,59.165,906.3,206.98,16883.0,52.087,53.177,4235.68,54.746,95.6,134.85,129.97,81.523,275.67,429.8
2019-12-06,703.83,781.58,6.4738,89.897,926.17,480.86,460.46,517.34,712.97,534.02,,59.214,904.71,207.99,16877.0,52.187,53.283,4231.63,54.705,95.6,134.85,129.84,81.685,275.16,430.89
2019-12-09,704.05,778.53,6.4812,89.912,925.22,481.25,461.69,517.34,710.98,531.08,,59.069,905.06,207.7,16894.0,52.173,53.263,4249.08,54.92,95.96,134.92,129.66,82.108,273.76,431.13
2019-12-10,704.0,778.93,6.4837,89.925,925.3,480.37,460.84,517.75,712.7,531.8,,59.087,902.94,208.4,16913.0,52.171,53.267,4256.76,55.049,95.93,135.39,129.93,82.533,273.2,430.42
2019-12-11,703.85,780.76,6.4697,89.936,923.71,479.33,460.5,518.06,714.9,531.85,,59.107,902.48,210.11,16930.0,52.181,53.28,4237.96,54.957,95.71,134.89,130.38,82.486,273.6,430.66
2019-12-12,702.53,782.17,6.4731,89.962,927.29,482.54,462.23,517.8,715.02,533.26,,59.184,900.31,208.99,16942.0,52.289,53.389,4221.34,54.766,95.56,133.63,129.67,82.624,272.11,430.37
2019-12-13,701.56,784.6,6.4086,89.868,944.14,485.86,464.2,518.82,712.16,533.29,,59.115,896.96,205.7,16817.0,52.36,53.464,4198.67,54.634,95.24,133.14,128.81,82.347,270.95,430.37
2019-12-16,699.15,777.86,6.3918,89.668,933.44,480.68,460.96,516.19,710.67,530.4,,59.163,899.57,207.75,16796.0,52.535,53.641,4233.53,54.91,96.07,134.21,129.1,83.092,272.19,431.66
2019-12-17,699.71,779.32,6.3849,89.809,928.5,481.01,461.33,516.13,711.65,531.52,,59.197,893.78,205.43,16711.0,52.495,53.605,4216.97,54.626,95.89,133.89,128.84,83.607,270.65,432.02
2019-12-18,699.69,780.16,6.3888,89.858,918.7,479.55,459.69,516.27,714.09,531.88,,59.196,892.11,205.72,16643.0,52.494,53.606,4230.93,54.598,95.77,134.05,128.91,84.12,270.36,432.12
2019-12-19,700.25,778.3,6.3912,89.904,916.15,479.85,460.83,516.57,714.29,533.95,,59.092,894.99,204.31,16650.0,52.453,53.566,4247.92,54.785,95.99,134.54,128.65,84.612,271.15,431.58
2019-12-20,700.2,778.72,6.4025,89.789,911.17,482.32,462.75,516.89,715.87,533.52,,59.125,890.38,203.17,16610.0,52.455,53.574,4242.43,54.734,95.93,134.39,128.02,84.846,270.24,431.36
2019-12-23,701.17,776.56,6.403,89.914,912.04,483.68,463.0,517.32,713.6,533.36,,59.059,890.83,203.48,16562.0,52.385,53.505,4255.06,54.8,96.2,134.16,127.97,84.698,270.16,430.73
2019-12-24,701.19,777.74,6.4105,90.067,907.45,485.34,465.03,517.2,714.43,533.38,,59.055,888.51,202.68,16600.0,52.38,53.506,4260.03,54.943,96.06,134.52,127.72,84.82,270.21,430.28
2019-12-25,700.67,776.86,6.4054,89.965,906.14,484.97,464.94,516.95,714.6,532.32,,59.036,884.09,202.11,16594.0,52.421,53.558,4271.01,54.929,96.17,134.34,127.25,84.896,270.84,430.31
2019-12-26,698.01,774.7,6.3828,89.608,905.74,483.34,463.88,515.4,712.67,530.69,,59.236,885.06,202.69,16618.0,52.612,53.758,4285.15,54.983,96.47,134.65,127.7,85.049,271.62,431.73
2019-12-27,698.79,775.58,6.3785,89.714,908.28,485.33,466.12,516.21,712.2,533.0,,59.141,889.92,202.28,16619.0,52.563,53.702,4273.22,54.91,96.27,134.66,127.14,84.9,271.05,431.62
2019-12-30,698.05,780.74,6.3793,89.6,914.06,487.44,467.91,516.24,716.81,533.84,,59.087,888.75,201.29,16611.0,52.623,53.765,4236.76,54.6,95.71,133.64,126.26,85.236,269.86,432.02
2019-12-31,697.62,781.55,6.4086,89.578,915.01,488.43,469.73,517.39,720.28,534.21,,58.872,888.09,202.29,16579.0,52.654,53.772,4235.49,54.442,95.61,133.98,126.38,85.258,271.47,429.58
2020-01-02,696.14,781.13,6.406,89.327,922.63,488.46,468.78,517.52,719.6,536.47,,58.75,889.9,201.24,16584.0,52.762,53.883,4235.4,54.486,95.65,134.24,126.06,85.427,271.75,432.29
2020-01-03,696.81,778.51,6.418,89.456,915.84,486.69,466.77,517.09,717.27,536.71,,58.681,886.1,202.21,16619.0,52.712,53.833,4224.78,54.445,95.99,134.37,126.19,85.476,270.43,432.69
2020-01-06,697.18,778.43,6.462,89.596,911.93,483.95,464.08,516.39,718.04,536.78,,58.821,891.28,205.5,16741.0,52.682,53.814,4233.93,54.51,95.99,134.93,126.69,85.619,271.72,432.59
2020-01-07,696.9,780.05,6.4294,89.639,917.86,483.22,464.49,516.57,719.72,537.6,,58.859,886.41,203.96,16750.0,52.705,53.833,4225.39,54.235,95.8,134.92,126.2,85.66,270.41,432.71
2020-01-08,694.5,774.68,6.4271,89.336,910.91,476.34,460.59,514.08,717.05,534.13,,58.983,893.11,206.14,16838.0,52.89,54.016,4281.96,54.803,96.47,136.16,127.57,86.007,272.5,436.07
2020-01-09,694.97,771.95,6.3682,89.359,910.48,477.21,462.02,514.41,713.65,532.86,,59.026,882.01,203.92,16756.0,52.866,53.996,4286.18,54.839,96.8,136.07,127.65,85.074,270.93,436.8
2020-01-10,693.51,770.29,6.3322,89.308,906.25,475.43,458.28,513.2,712.58,531.08,,58.987,884.09,205.13,16728.0,52.963,54.097,4317.81,55.104,97.02,136.83,128.03,84.766,271.79,436.64
2020-01-13,692.63,769.94,6.3206,89.186,903.23,478.05,459.61,513.7,711.47,530.17,,58.827,883.03,206.91,16733.0,53.031,54.17,4335.63,55.035,97.07,137.21,128.38,84.865,271.41,436.59
2020-01-14,689.54,767.93,6.2705,88.69,895.78,475.74,456.89,512.04,710.27,528.17,,58.871,887.72,208.71,16747.0,53.268,54.413,4345.33,55.127,97.32,137.28,128.93,85.07,272.75,438.2
2020-01-15,688.45,766.15,6.2635,88.504,896.38,474.88,455.0,510.91,711.8,527.0,,59.157,892.65,209.28,16815.0,53.35,54.507,4340.58,55.117,97.54,137.49,128.93,85.481,273.07,439.65
2020-01-16,688.07,767.33,6.2615,88.559,897.26,475.17,455.38,511.26,713.87,527.6,,59.165,892.32,209.07,16816.0,53.381,54.527,4340.48,55.12,97.39,137.52,128.76,85.415,273.16,440.03
2020-01-17,688.78,767.03,6.2493,88.618,900.72,475.0,456.98,511.4,713.68,528.13,,58.98,895.97,209.23,16844.0,53.327,54.469,4361.97,55.16,97.42,137.79,129.06,85.022,272.62,441.02
2020-01-20,686.64,761.82,6.2329,88.39,892.85,472.44,454.29,509.61,709.29,525.56,,59.051,897.11,210.9,16896.0,53.491,54.644,4412.74,55.653,98.1,138.59,129.74,85.849,271.77,442.65
2020-01-21,686.06,761.17,6.2278,88.281,892.19,471.78,453.36,509.44,708.51,525.91,,59.164,897.23,211.34,16881.0,53.538,54.687,4396.6,55.767,98.16,138.73,130.17,86.211,272.07,442.17
2020-01-22,688.53,763.04,6.2641,88.625,898.39,471.36,454.08,509.96,710.76,526.61,,59.133,897.52,210.5,16938.0,53.352,54.493,4377.45,55.425,97.92,138.27,130.54,86.17,272.62,441.37
2020-01-23,688.76,764.0,6.2742,88.593,905.05,471.33,454.08,510.65,711.72,524.17,,59.037,897.59,208.15,16905.0,53.339,54.475,4399.56,55.469,97.81,137.92,130.36,85.976,271.5,441.13
2020-02-03,692.49,767.5,6.3863,89.163,912.9,463.48,447.44,507.61,718.61,522.99,,59.159,922.95,216.57,17222.0,53.031,54.167,4391.26,55.926,97.36,138.99,132.97,86.316,272.17,449.71
2020-02-04,697.79,771.78,6.4222,89.827,907.05,467.02,450.95,509.64,722.76,524.97,,58.968,909.9,213.24,17062.0,52.634,53.763,4368.18,55.664,96.78,138.21,133.02,85.749,269.71,445.16
2020-02-05,698.23,771.16,6.379,89.89,909.92,470.4,453.58,509.37,720.45,525.82,,58.867,900.73,211.71,16976.0,52.607,53.734,4355.65,55.428,96.9,137.3,131.98,85.647,267.43,443.35
2020-02-06,699.85,769.66,6.3723,90.137,909.47,472.4,453.32,506.63,718.82,526.84,,58.84,900.11,210.98,16931.0,52.485,53.608,4375.72,55.151,97.08,137.01,131.57,85.48,265.72,443.16
2020-02-07,697.68,766.24,6.3446,89.859,902.11,469.56,450.56,503.37,715.82,525.16,,59.102,907.9,213.79,16995.0,52.641,53.769,4409.14,55.593,97.52,137.95,132.18,85.83,267.39,446.8
2020-02-10,698.63,765.34,6.376,89.963,901.29,466.63,447.58,502.77,715.64,525.42,,59.214,916.3,215.59,17031.0,52.527,53.649,4419.1,55.8,97.61,138.17,133.06,85.695,268.69,447.93
2020-02-11,698.97,762.45,6.3673,90.014,902.5,467.33,446.04,503.06,715.03,524.82,,59.312,917.48,214.13,16982.0,52.547,53.665,4433.99,55.926,97.99,138.2,132.9,85.936,267.63,447.69
2020-02-12,697.18,761.13,6.3483,89.779,903.19,468.31,446.44,502.88,714.51,524.67,,59.26,909.33,212.44,16961.0,52.686,53.798,4450.62,55.922,98.17,138.18,132.59,86.31,267.63,447.79
2020-02-13,697.85,758.64,6.342,89.816,903.96,469.75,450.66,502.92,713.26,526.53,,59.292,906.57,212.84,16919.0,52.639,53.753,4480.38,56.04,98.5,138.11,132.29,86.62,266.87,446.34
2020-02-14,698.43,756.97,6.3621,89.928,911.08,468.94,449.57,502.24,713.2,526.59,,59.286,911.78,214.03,16946.0,52.588,53.702,4457.32,56.081,98.69,138.52,132.53,86.454,266.32,445.98
2020-02-17,697.95,756.49,6.3569,89.847,910.81,469.15,449.48,501.81,710.86,526.93,,59.295,909.29,213.44,16939.0,52.621,53.736,4438.4,56.143,98.76,139.14,132.44,86.773,265.7,446.42
2020-02-18,698.26,756.47,6.3584,89.891,907.94,468.4,449.44,502.47,712.0,527.54,,59.329,909.52,214.61,16977.0,52.602,53.716,4434.68,56.301,98.74,138.8,132.63,86.593,265.79,446.69
2020-02-19,700.12,755.71,6.3705,90.115,910.25,468.43,447.46,502.81,712.09,528.22,,59.312,912.57,214.42,16998.0,52.462,53.573,4440.37,56.457,98.83,139.72,133.23,86.619,265.52,445.54
2020-02-20,700.26,756.98,6.2965,90.091,904.94,468.02,447.29,502.29,712.06,529.79,,59.428,907.88,213.99,17015.0,52.45,53.561,4450.49,56.387,98.66,139.63,132.29,86.874,265.0,445.66
2020-02-21,702.1,757.43,6.2657,90.211,904.58,464.5,444.71,501.15,713.68,529.62,,59.59,913.96,215.11,17121.0,52.314,53.427,4465.1,56.477,98.59,139.65,132.72,86.921,268.41,448.02
2020-02-24,702.46,761.07,6.2977,90.133,909.63,463.99,444.06,501.26,717.57,530.05,,59.675,914.94,214.43,17229.0,52.284,53.403,4427.17,56.4,98.12,138.86,132.77,87.006,270.45,450.91
2020-02-25,702.32,762.04,6.3388,90.131,907.67,464.09,445.14,502.03,716.98,528.32,,60.13,929.3,215.49,17338.0,52.298,53.417,4438.07,56.511,98.03,138.58,133.19,87.099,271.55,450.75
2020-02-26,701.26,762.71,6.36,89.994,911.74,462.73,442.85,501.33,718.43,527.75,,60.366,931.38,217.01,17325.0,52.377,53.512,4439.33,56.435,97.95,138.63,133.53,87.646,272.08,452.68
2020-02-27,702.15,764.13,6.3588,90.097,906.05,459.67,441.44,502.35,718.99,526.34,,60.162,932.15,217.74,17292.0,52.311,53.438,4440.85,56.473,97.78,138.61,133.89,87.666,274.51,453.49
2020-02-28,700.66,770.59,6.3919,89.866,903.05,461.04,442.41,502.27,723.37,523.6,,60.06,947.09,221.01,17325.0,52.431,53.567,4401.13,56.109,96.98,137.88,134.03,88.619,278.1,451.53
2020-03-02,698.11,772.14,6.4834,89.553,893.6,454.38,434.39,501.29,724.68,520.38,,60.348,959.76,226.07,17261.0,52.617,53.738,4385.77,56.142,96.79,137.73,135.02,89.545,284.13,451.93
2020-03-03,695.16,774.57,6.4206,89.333,887.63,454.54,435.26,500.39,725.59,521.63,,60.425,952.9,222.04,17102.0,52.834,53.963,4353.71,55.724,96.49,137.26,133.64,88.799,279.37,452.09
2020-03-04,695.14,776.67,6.4991,89.473,891.57,457.79,436.11,500.87,727.47,519.49,,60.429,950.37,221.82,17092.0,52.864,53.996,4325.76,55.45,96.21,136.05,133.44,87.958,279.91,452.26
2020-03-05,694.03,772.67,6.4488,89.294,892.9,459.33,436.59,500.91,725.07,518.23,,60.236,955.7,220.01,17108.0,52.946,54.089,4346.32,55.583,96.72,136.54,133.43,87.63,281.52,452.02
2020-03-06,693.37,777.47,6.5229,89.215,897.08,458.19,437.21,500.99,732.25,517.05,,60.086,973.99,225.22,17126.0,53.037,54.195,4329.4,55.4,96.1,136.36,134.11,88.17,286.27,455.36
2020-03-09,692.6,787.56,6.662,89.169,906.06,457.69,437.77,502.54,745.87,508.84,,60.258,1034.94,231.0,17205.0,53.068,54.222,4260.87,54.728,94.85,135.56,137.23,88.536,302.68,453.76
2020-03-10,693.89,791.81,6.7633,89.273,907.73,457.87,440.11,501.32,748.12,508.23,,60.795,1077.0,231.86,17288.0,52.929,54.135,4240.95,54.65,94.28,136.28,137.6,88.7,300.83,453.01
2020-03-11,696.12,786.82,6.6216,89.594,898.51,452.43,436.49,500.27,742.59,507.25,,60.874,1023.15,228.92,17111.0,52.754,53.914,4255.89,54.719,94.99,136.66,137.68,88.666,298.59,451.6
2020-03-12,696.41,784.74,6.6633,89.613,892.8,451.24,436.24,498.76,741.77,505.62,,60.763,1041.43,233.12,17132.0,52.739,53.906,4291.27,55.144,95.21,136.87,139.12,89.174,307.25,452.07
2020-03-13,700.33,782.26,6.68,90.023,879.87,439.68,428.48,496.91,741.0,502.51,,60.842,1064.88,236.67,17307.0,52.452,53.617,4316.27,55.908,95.51,139.21,145.37,90.15,313.83,452.69
2020-03-16,700.18,781.69,6.5968,90.216,868.42,432.86,423.96,495.51,740.6,505.95,,61.123,1045.83,233.03,17344.0,52.463,53.642,4327.68,55.934,95.54,138.24,144.72,89.914,312.44,454.23
2020-03-17,700.94,782.59,6.6036,90.209,859.75,428.46,423.88,493.2,739.71,500.79,,61.434,1063.5,237.16,17616.0,52.394,53.576,4397.33,56.706,95.45,139.52,146.49,91.714,322.64,459.06
2020-03-18,703.28,774.24,6.5526,90.589,851.84,421.19,418.43,492.0,732.75,494.14,,61.925,1070.14,235.28,17624.0,52.22,53.379,4481.85,57.657,96.47,140.62,149.23,90.988,326.25,458.34
2020-03-19,705.22,771.73,6.5183,90.813,819.22,407.79,402.71,489.17,729.06,487.6,,61.974,1144.92,242.23,17805.0,52.067,53.275,4574.06,58.199,96.75,145.03,159.45,91.742,335.26,461.27
2020-03-20,710.52,757.78,6.4047,91.553,817.82,407.63,404.05,489.75,720.18,490.05,,62.045,1115.72,244.68,17746.0,51.624,52.852,4711.64,60.22,98.54,146.37,159.25,91.923,338.12,458.4
2020-03-23,709.4,757.79,6.4099,91.432,821.98,407.54,399.64,487.75,718.94,490.43,,62.101,1133.57,249.39,17785.0,51.774,52.94,4623.89,59.695,98.62,147.19,166.04,92.48,349.48,461.03
2020-03-24,709.99,763.94,6.4074,91.556,822.82,416.21,406.87,487.2,722.59,490.25,,62.624,1117.7,250.54,17822.0,51.737,52.914,4597.38,60.325,97.76,145.05,162.03,92.321,357.26,462.54
2020-03-25,707.42,763.8,6.3588,91.243,833.54,422.16,411.95,488.81,721.06,489.68,,62.564,1105.75,247.52,17470.0,51.926,53.093,4648.49,60.283,97.78,143.01,156.04,91.075,350.36,463.7
2020-03-26,706.92,769.8,6.3743,91.167,836.32,417.29,410.21,488.27,724.09,497.07,,61.998,1103.36,244.67,17350.0,51.958,53.142,4585.23,59.33,97.07,142.58,151.34,90.819,339.94,462.94
2020-03-27,704.27,777.32,6.4438,90.839,857.82,426.59,419.27,492.31,731.87,501.26,,61.378,1096.94,246.22,17261.0,52.196,53.39,4576.33,58.197,96.06,141.45,147.77,90.96,330.98,463.28
2020-03-30,704.47,782.88,6.5467,90.858,875.36,433.33,424.9,493.29,740.05,500.68,,61.38,1119.91,254.96,17202.0,52.171,53.381,4557.45,57.931,95.3,141.07,149.32,91.747,335.37,462.46
2020-03-31,708.51,780.88,6.5544,91.37,875.97,436.29,425.19,497.24,738.16,499.52,,61.003,1121.35,253.26,17247.0,51.848,53.077,4587.37,58.122,95.6,141.82,148.41,92.738,336.42,460.88
2020-04-01,707.71,780.9,6.5873,91.277,878.68,434.15,420.87,497.92,736.52,502.79,,60.937,1107.85,252.41,17208.0,51.9,53.193,4625.3,58.418,95.62,139.99,146.93,93.484,335.83,462.74
2020-04-02,709.95,776.78,6.6188,91.581,878.92,431.95,420.76,494.65,734.29,501.2,,61.46,1108.2,257.18,17403.0,51.755,53.031,4679.6,59.152,96.07,141.29,147.28,94.493,341.38,465.67
2020-04-03,711.04,770.81,6.5776,91.725,880.72,430.94,420.33,496.85,729.36,503.1,,61.275,1087.81,259.97,17287.0,51.659,52.94,4718.63,59.206,96.88,142.14,146.15,93.253,340.77,463.79
2020-04-07,709.39,765.78,6.4996,91.501,867.24,432.58,421.13,495.25,725.15,502.28,,61.263,1070.91,263.27,17249.0,51.781,53.022,4751.83,59.553,97.51,142.79,147.01,95.362,346.21,462.65
2020-04-08,704.83,768.28,6.4902,90.912,870.15,434.6,421.04,494.97,727.25,503.37,,61.591,1068.02,258.56,17303.0,52.112,53.362,4664.53,58.944,97.22,142.61,145.37,95.976,345.38,464.6
2020-04-09,705.36,766.09,6.4742,90.991,874.04,439.84,424.34,494.88,725.78,503.53,,61.498,1063.21,258.21,17226.0,52.077,53.335,4682.72,59.132,97.44,142.83,145.1,96.034,340.57,464.11
2020-04-10,703.54,769.32,6.4847,90.744,876.44,445.41,427.41,496.69,727.81,503.06,,61.425,1054.87,256.38,17229.0,52.221,53.478,4595.93,59.152,97.09,141.36,144.96,94.94,336.3,464.61
2020-04-13,703.0,768.95,6.4923,90.677,876.49,445.58,427.21,497.05,728.16,503.45,,61.291,1044.34,256.35,17253.0,52.243,53.5,4596.14,59.209,97.09,141.36,145.42,95.657,332.96,464.67
2020-04-14,704.06,768.31,6.536,90.815,881.05,450.08,429.35,497.42,728.0,507.18,,61.388,1042.4,257.37,17281.0,52.192,53.443,4599.49,59.085,97.16,141.99,146.18,96.264,335.08,464.78
2020-04-15,704.02,772.67,6.5685,90.819,888.33,452.77,429.3,497.75,732.65,506.76,,61.543,1036.56,260.21,17238.0,52.225,53.46,4551.65,58.499,96.59,141.21,146.49,96.928,332.68,464.16
2020-04-16,707.14,770.63,6.5752,91.227,885.31,446.07,423.14,495.85,732.53,500.75,,61.335,1058.46,264.03,17304.0,51.942,53.172,4566.41,58.793,96.81,142.1,148.68,97.522,343.07,462.6
2020-04-17,707.18,768.03,6.5489,91.235,882.97,449.96,424.31,496.75,729.72,504.05,,61.81,1040.96,263.81,17332.0,51.94,53.13,4571.74,58.988,97.15,141.47,146.48,97.87,336.19,460.83
2020-04-20,706.57,767.91,6.5625,91.159,882.43,448.37,425.36,496.41,730.09,503.06,,61.845,1047.66,266.07,17217.0,51.99,53.173,4599.76,58.836,97.17,141.4,146.23,97.753,339.46,459.77
2020-04-21,707.52,768.41,6.5705,91.289,880.16,448.65,427.21,497.93,730.81,500.92,,61.786,1066.63,265.6,17263.0,51.91,53.04,4586.09,58.834,97.04,141.67,147.57,98.082,339.34,459.29
2020-04-22,709.03,769.54,6.5831,91.486,871.91,445.9,422.54,495.31,731.08,499.55,,61.947,1086.09,267.69,17378.0,51.802,52.998,4598.9,58.873,96.88,142.43,149.97,98.367,344.07,458.43
2020-04-23,708.87,766.69,6.5754,91.457,874.06,446.96,420.6,496.14,729.17,500.28,,61.575,1071.04,267.97,17388.0,51.817,53.113,4658.95,59.326,97.3,142.58,152.08,98.467,345.48,456.51
2020-04-24,708.03,763.03,6.5768,91.345,874.63,451.34,425.1,496.89,725.3,503.41,,61.556,1057.14,269.89,17405.0,51.88,53.117,4683.11,59.529,97.74,142.2,150.14,98.242,349.95,457.06
2020-04-27,707.03,764.86,6.5767,91.225,874.29,452.31,425.77,496.81,726.15,501.07,,61.641,1053.16,269.16,17424.0,51.952,53.186,4656.61,59.303,97.52,142.34,150.26,98.554,353.51,458.75
2020-04-28,707.1,765.55,6.5906,91.227,878.57,456.2,426.12,497.96,724.71,504.06,,61.557,1050.41,265.96,17285.0,51.951,53.185,4640.34,59.244,97.42,141.59,148.22,98.794,349.97,459.18
2020-04-29,707.04,765.88,6.6231,91.222,879.18,459.95,429.53,499.22,726.0,505.71,,61.629,1046.88,263.1,17267.0,51.954,53.176,4666.74,59.364,97.36,139.75,147.26,98.795,343.69,458.62
2020-04-30,705.71,767.44,6.6195,91.056,879.96,462.49,433.32,500.25,724.71,508.59,,61.455,1033.84,257.17,17186.0,52.043,53.254,4620.71,59.236,97.19,139.47,146.18,98.485,336.81,458.96
2020-05-06,706.9,765.92,6.64,91.178,879.37,454.68,428.09,499.22,726.58,503.23,,60.892,1042.96,261.73,17305.0,51.971,53.13,4572.99,59.208,97.41,139.0,145.13,100.231,339.26,458.08
2020-05-07,709.31,765.48,6.6822,91.503,874.14,453.01,425.84,498.55,727.29,500.6,,60.941,1049.2,265.27,17270.0,51.786,52.957,4578.62,59.408,97.44,138.87,144.85,101.487,345.13,457.04
2020-05-08,707.88,767.23,6.657,91.328,875.89,459.92,430.98,500.84,727.62,506.53,,60.936,1042.45,262.39,17219.0,51.894,53.075,4573.71,59.362,97.27,138.56,144.57,100.111,339.57,457.19
2020-05-11,707.69,766.86,6.6187,91.302,878.15,461.82,433.77,500.68,728.48,507.72,,61.047,1037.39,259.35,17224.0,51.9,53.08,4555.49,59.295,97.28,138.31,144.26,100.18,334.5,455.4
2020-05-12,709.19,766.24,6.5903,91.499,874.3,459.33,430.49,500.13,728.81,505.81,,61.092,1036.33,259.52,17262.0,51.797,52.971,4567.7,59.418,97.32,139.24,145.17,99.622,337.08,453.93
2020-05-13,708.75,768.95,6.6111,91.444,868.7,458.45,430.77,499.69,730.83,503.73,,61.065,1039.17,259.93,17291.0,51.82,53.008,4571.44,59.33,96.97,137.9,143.42,98.688,343.07,453.27
2020-05-14,709.48,767.65,6.6317,91.533,868.2,457.92,425.6,499.72,729.86,503.45,,60.995,1041.71,260.78,17288.0,51.772,52.953,4611.06,59.461,97.14,138.3,143.18,98.274,341.15,451.94
2020-05-15,709.36,766.58,6.6117,91.507,867.67,458.84,426.17,498.56,728.99,505.43,,61.171,1034.97,259.82,17306.0,51.782,52.974,4619.69,59.476,97.28,138.14,143.11,97.621,336.48,452.45
2020-05-18,710.3,768.53,6.6252,91.632,858.78,456.46,421.97,497.77,730.9,504.04,,61.259,1032.88,261.68,17328.0,51.712,52.904,4613.22,59.359,97.0,138.88,143.95,96.968,336.92,451.51
2020-05-19,709.12,773.77,6.5995,91.485,864.91,462.47,428.1,500.07,729.71,508.59,,61.377,1022.99,258.81,17259.0,51.823,53.017,4562.21,58.966,96.37,136.85,141.38,97.014,334.87,451.54
2020-05-20,709.56,775.57,6.5772,91.549,869.86,464.43,431.89,500.61,730.75,509.28,,61.28,1020.41,258.29,17260.0,51.765,52.938,4516.97,58.644,96.14,136.48,140.58,95.595,333.71,449.77
2020-05-21,708.68,777.72,6.5856,91.439,866.55,466.93,435.31,501.16,734.25,509.52,,61.372,1003.84,252.98,17322.0,51.849,53.023,4498.5,58.295,95.88,135.32,139.79,95.757,327.75,449.15
2020-05-22,709.39,776.7,6.5909,91.48,867.23,465.86,434.39,500.58,730.94,508.6,,61.253,998.0,247.87,17364.0,51.773,52.945,4481.54,58.083,96.0,135.6,140.18,95.696,322.41,448.78
2020-05-25,712.09,776.53,6.6089,91.809,867.85,465.93,434.28,499.95,733.18,509.13,,61.248,1003.49,247.12,17384.0,51.58,52.768,4510.61,58.125,96.01,135.66,140.4,95.626,318.29,447.89
2020-05-26,712.93,777.03,6.6181,91.958,869.51,466.38,434.66,500.46,733.83,510.03,,61.175,1004.07,247.43,17403.0,51.516,52.705,4515.43,57.902,95.94,135.69,141.05,95.587,316.4,448.28
2020-05-27,710.92,780.66,6.6147,91.701,876.62,472.47,440.62,501.77,736.51,515.77,,61.281,993.15,244.75,17318.0,51.679,52.862,4461.22,56.873,95.57,135.33,139.13,94.744,312.71,448.17
2020-05-28,712.77,785.22,6.6154,91.941,874.33,471.99,441.11,502.44,736.58,518.2,,60.976,990.89,243.36,17310.0,51.521,52.693,4438.91,56.393,94.95,134.6,138.24,95.075,313.15,447.07
2020-05-29,713.16,789.7,6.6225,91.989,878.6,472.83,442.0,503.04,739.59,517.67,,61.016,984.72,245.42,17348.0,51.511,52.682,4426.65,56.384,94.39,133.53,137.17,95.579,311.57,446.7
2020-06-01,713.15,792.99,6.6194,91.998,881.11,475.64,442.56,505.06,742.31,517.93,,60.855,983.65,246.57,17259.0,51.505,52.658,4374.3,56.003,94.0,132.09,136.24,95.545,310.8,446.16
2020-06-02,711.67,792.26,6.6164,91.821,889.25,483.63,447.67,505.85,740.88,524.46,,60.488,969.5,244.2,17181.0,51.611,52.745,4354.2,55.579,94.12,131.58,135.21,95.69,309.9,444.72
2020-06-03,710.74,794.68,6.5361,91.702,893.19,490.95,453.19,507.88,738.72,525.9,,59.91,965.74,241.38,17159.0,51.679,52.811,4349.66,55.148,93.8,131.28,134.02,94.339,305.98,443.93
2020-06-04,710.12,797.47,6.5145,91.626,892.63,491.5,456.28,508.13,738.56,526.12,,60.035,962.08,238.23,17121.0,51.731,52.872,4326.27,55.298,93.49,130.89,133.2,94.783,305.99,444.37
2020-06-05,709.65,804.76,6.5002,91.566,894.71,492.84,459.07,507.73,742.95,525.89,,60.13,971.5,238.21,17148.0,51.762,52.916,4282.87,55.108,92.62,129.54,131.68,95.188,308.58,444.32
2020-06-08,708.82,801.82,6.4641,91.459,901.29,495.65,462.49,509.34,737.21,528.75,,60.167,962.25,236.64,17008.0,51.816,52.969,4284.74,55.296,92.99,129.22,130.82,95.473,303.3,444.22
2020-06-09,707.11,798.49,6.5164,91.238,900.1,496.4,463.89,509.18,737.83,528.36,,60.263,963.84,235.85,16969.0,51.987,53.117,4303.23,55.385,93.37,130.13,130.85,95.972,304.11,444.41
2020-06-10,707.03,801.5,6.5585,91.229,899.09,491.13,459.66,508.72,743.47,526.93,,60.412,969.34,235.27,16944.0,51.959,53.08,4296.15,55.445,93.03,130.22,131.25,96.123,309.52,443.03
2020-06-11,706.08,803.14,6.5995,91.1,898.87,492.94,460.5,510.05,748.45,526.23,,60.19,968.71,234.08,16871.0,52.044,53.17,4280.93,55.46,92.84,130.16,132.01,95.974,310.78,440.62
2020-06-12,708.65,800.36,6.6412,91.43,891.39,484.31,454.79,508.37,751.07,519.87,,59.993,990.59,242.75,17005.0,51.794,52.915,4317.6,55.814,93.12,131.67,135.97,96.413,322.34,438.68
2020-06-15,709.02,797.44,6.6067,91.484,886.53,484.3,455.26,508.36,744.93,520.21,,60.157,980.65,241.78,17004.0,51.803,52.935,4349.22,55.747,93.47,131.86,136.67,96.133,316.69,437.25
2020-06-16,707.55,801.73,6.5861,91.293,893.31,491.44,459.27,509.11,745.75,522.52,,60.342,979.96,241.61,17079.0,51.919,53.034,4316.7,55.079,93.01,131.03,134.47,96.497,313.49,437.85
2020-06-17,708.73,798.36,6.6013,91.447,891.2,488.29,457.39,508.36,745.14,523.35,,60.311,981.63,242.89,17083.0,51.829,52.935,4326.09,55.699,93.4,132.2,134.94,96.449,314.51,439.14
2020-06-18,709.03,796.98,6.6313,91.485,889.88,487.61,457.13,508.65,747.27,522.28,,60.351,982.18,242.37,17141.0,51.804,52.91,4324.38,55.988,93.53,131.61,134.46,96.48,315.4,439.39
2020-06-19,709.13,794.67,6.6287,91.496,880.83,486.24,455.99,508.52,745.16,521.69,,60.335,985.19,246.14,17084.0,51.801,52.91,4355.43,55.993,93.82,132.92,134.47,96.699,320.07,438.42
2020-06-22,708.65,792.09,6.634,91.435,874.63,483.28,453.64,506.72,744.05,520.34,,60.308,981.52,245.74,17110.0,51.832,52.945,4367.12,56.421,94.16,133.6,136.41,96.665,319.71,437.95
2020-06-23,706.71,796.23,6.607,91.185,882.2,489.11,458.43,507.65,745.8,523.02,,60.543,978.2,245.04,17119.0,51.999,53.116,4358.8,55.733,93.64,132.6,135.74,96.905,317.64,438.23
2020-06-24,705.55,798.32,6.6292,91.037,883.67,489.66,458.64,507.5,747.06,521.0,,60.552,974.12,243.86,17103.0,52.058,53.178,4376.06,55.702,93.38,131.64,134.87,97.061,317.46,437.58
2020-06-29,708.08,795.02,6.6112,91.361,874.29,485.81,454.5,508.3,747.45,517.66,,60.584,986.28,244.17,16985.0,51.837,52.944,4466.58,56.18,93.72,131.71,137.03,96.693,325.54,436.49
2020-06-30,707.95,796.1,6.5808,91.344,871.44,486.57,454.95,508.13,744.34,518.43,,60.494,990.77,243.82,16931.0,51.882,52.984,4476.75,55.937,93.59,131.77,136.57,96.81,325.68,436.19
2020-07-01,707.1,794.3,6.5479,91.232,876.03,488.0,456.05,507.4,746.55,520.89,,60.575,1007.03,245.29,16980.0,51.942,53.046,4464.45,55.951,93.83,131.84,136.09,96.902,325.39,436.97
2020-07-02,705.66,794.05,6.5701,91.046,880.08,488.08,457.44,506.39,746.16,519.38,,60.709,999.66,241.62,17030.0,52.045,53.15,4442.84,56.352,93.85,131.85,134.81,97.004,321.58,438.91
2020-07-03,706.38,793.79,6.5702,91.142,880.73,488.98,459.93,506.37,747.2,520.74,,60.649,996.82,240.46,16985.0,51.997,53.1,4425.65,56.205,93.87,131.89,134.84,96.999,318.15,440.08
2020-07-06,706.63,794.94,6.5694,91.176,881.49,490.75,461.83,506.88,747.91,521.4,,60.603,1010.01,241.64,16957.0,51.98,53.083,4452.27,56.11,93.71,131.9,134.06,97.141,316.8,440.48
2020-07-07,703.1,795.46,6.5469,90.722,878.16,490.36,461.02,505.01,746.1,519.16,,60.823,1022.58,241.63,16977.0,52.265,53.374,4430.41,56.115,93.71,131.45,133.55,97.629,317.71,442.07
2020-07-08,702.07,791.7,6.525,90.588,880.73,487.57,459.88,503.21,744.88,516.04,,60.895,1019.13,244.47,17041.0,52.316,53.426,4475.34,56.52,94.12,131.87,135.16,97.694,324.71,444.89
2020-07-09,700.85,794.21,6.5296,90.432,883.8,489.41,460.51,503.63,746.65,518.38,,60.874,1016.89,241.69,17035.0,52.429,53.538,4465.92,56.316,93.79,130.96,133.77,97.891,323.72,444.99
2020-07-10,699.43,789.48,6.5241,90.248,881.63,486.84,459.39,502.3,743.76,515.03,,60.952,1012.41,240.77,17131.0,52.517,53.628,4475.87,56.588,94.35,132.03,135.37,98.09,323.34,446.85
2020-07-13,699.65,791.37,6.5459,90.257,883.67,486.35,459.99,503.19,744.03,514.7,,60.945,1012.12,240.46,17171.0,52.497,53.608,4466.25,56.403,94.1,131.46,134.82,98.099,321.24,447.31
2020-07-14,699.96,794.23,6.524,90.303,878.95,485.86,457.74,503.48,743.2,514.48,,60.928,1013.87,240.41,17192.0,52.472,53.584,4475.89,56.56,93.73,131.27,134.99,97.983,324.58,448.4
2020-07-15,699.82,798.47,6.5244,90.284,879.69,488.79,457.77,503.37,744.86,514.61,,61.015,1013.1,238.79,17188.0,52.49,53.602,4447.41,56.015,93.25,129.83,133.82,98.098,320.14,450.44
2020-07-16,699.13,798.12,6.5404,90.178,880.09,489.76,459.58,503.2,740.35,517.67,,60.962,1016.08,237.19,17180.0,52.535,53.645,4431.85,56.087,93.3,129.73,132.73,98.091,319.5,451.2
2020-07-17,700.43,797.37,6.5263,90.337,879.65,488.48,457.99,503.02,740.86,515.88,,60.915,1022.78,239.18,17211.0,52.442,53.551,4438.25,56.191,93.36,129.66,132.79,97.91,319.96,452.76
2020-07-20,699.28,799.89,6.5319,90.185,878.89,489.45,458.64,503.33,745.17,515.03,,60.978,1027.78,238.51,17216.0,52.523,53.633,4414.48,55.986,93.06,129.19,132.73,98.048,321.9,453.25
2020-07-21,698.62,800.23,6.5164,90.123,884.74,490.5,459.61,503.23,744.11,516.42,,61.013,1021.52,237.86,17176.0,52.57,53.68,4401.55,55.656,93.04,128.34,131.96,98.121,321.92,455.08
2020-07-22,697.18,803.62,6.5224,89.95,887.07,496.82,462.85,503.98,747.26,518.21,,61.102,1013.31,235.52,17136.0,52.716,53.824,4359.46,55.172,92.63,127.33,130.66,98.01,320.36,453.01
2020-07-23,699.21,807.64,6.5147,90.199,888.93,498.55,465.0,504.26,751.15,520.54,,60.909,1017.33,235.6,17127.0,52.612,53.72,4308.76,54.731,92.14,127.06,131.16,98.072,320.29,452.54
2020-07-24,699.38,811.41,6.5464,90.225,890.71,496.74,464.11,504.72,755.98,521.83,,60.89,1018.93,238.09,17142.0,52.518,53.629,4270.5,54.34,91.76,126.61,131.78,97.805,321.45,453.21
2020-07-27,700.29,815.14,6.5973,90.344,894.98,496.73,464.8,506.08,759.27,521.32,,60.901,1022.98,238.55,17140.0,52.517,53.627,4246.21,54.033,91.31,126.38,130.91,97.875,318.77,452.18
2020-07-28,698.95,821.67,6.6311,90.177,899.47,499.48,466.85,506.85,759.18,523.31,,60.85,1022.94,234.99,17096.0,52.592,53.706,4213.53,53.459,90.6,124.97,129.97,98.614,314.5,450.82
2020-07-29,699.69,819.92,6.6586,90.278,904.31,500.95,466.03,507.37,762.22,523.0,,60.783,1035.5,235.89,17107.0,52.498,53.612,4231.2,53.814,90.77,125.43,130.33,99.249,313.66,450.03
2020-07-30,699.02,823.87,6.6558,90.196,907.79,501.83,465.59,508.65,766.22,524.08,,60.655,1037.76,236.54,17016.0,52.544,53.66,4192.2,53.495,90.35,124.87,129.28,99.878,314.4,449.53
2020-07-31,698.48,828.82,6.6726,90.125,915.9,502.72,467.33,509.37,769.01,520.54,,60.706,1045.89,239.68,17031.0,52.598,53.712,4163.04,53.198,89.8,124.31,129.69,99.891,315.21,448.73
2020-08-03,699.8,823.89,6.6118,90.294,915.99,499.54,464.02,508.58,765.56,522.12,,60.605,1061.76,243.59,17080.0,52.491,53.603,4178.01,53.594,90.38,125.45,130.29,99.758,318.36,446.89
2020-08-04,698.03,820.5,6.5809,90.065,912.46,496.53,461.41,506.99,760.37,521.01,,60.521,1046.7,246.39,17092.0,52.628,53.743,4197.37,53.767,90.76,125.39,130.87,99.8,324.48,447.03
2020-08-05,697.52,823.21,6.5963,90.001,911.74,499.62,462.73,507.93,763.45,523.96,,60.476,1052.96,249.08,17102.0,52.669,53.781,4207.56,53.409,90.5,125.05,130.4,99.377,324.81,445.24
2020-08-06,694.38,824.44,6.5753,89.595,911.33,499.94,461.68,507.01,764.36,523.39,,60.386,1049.09,249.49,17076.0,52.925,54.042,4185.89,53.341,90.38,124.71,128.87,101.642,322.16,446.84
2020-08-07,694.08,824.25,6.5767,89.557,912.12,502.05,463.91,507.05,762.51,521.37,,60.337,1053.55,251.08,17055.0,52.919,54.031,4198.09,53.582,90.38,125.2,129.25,104.475,322.7,447.88
2020-08-10,696.49,820.51,6.5788,89.865,909.09,498.51,459.62,507.31,763.06,520.19,,60.186,1057.41,253.61,17046.0,52.744,53.856,4215.64,53.761,90.74,125.6,129.89,105.178,321.52,447.61
2020-08-11,697.11,817.92,6.5758,89.948,911.23,498.4,459.25,507.33,761.26,521.92,,60.213,1053.16,254.01,17026.0,52.692,53.798,4212.66,53.759,91.01,125.64,129.69,105.251,322.47,446.64
2020-08-12,695.97,816.79,6.5335,89.8,908.37,497.14,457.0,506.72,758.8,523.0,,60.25,1051.49,251.49,17045.0,52.777,53.884,4221.4,53.943,91.18,125.9,129.49,103.953,322.25,447.2
2020-08-13,694.29,818.89,6.4968,89.573,905.55,497.44,456.56,506.11,761.35,524.21,,60.366,1062.0,251.49,17054.0,52.913,54.023,4215.89,53.74,90.95,125.08,128.7,105.562,321.9,447.55
2020-08-14,694.05,820.04,6.4878,89.551,907.0,496.02,454.25,505.6,763.1,524.95,,60.405,1051.0,251.09,17065.0,52.919,54.03,4209.94,53.639,90.81,125.16,127.96,105.81,319.53,447.23
2020-08-17,693.62,821.72,6.5087,89.49,908.72,498.34,453.47,506.28,763.23,523.24,,60.405,1049.91,250.39,17082.0,52.957,54.071,4214.4,53.486,90.64,125.19,128.09,106.221,316.56,448.41
2020-08-18,693.25,823.28,6.5388,89.448,908.62,500.19,454.21,506.79,764.74,524.14,,60.428,1063.01,252.54,17083.0,52.983,54.097,4237.87,53.377,90.45,125.24,127.55,106.508,319.5,449.41
2020-08-19,691.68,825.79,6.5659,89.247,915.98,501.05,456.59,506.99,765.64,525.49,,60.446,1054.79,250.39,17107.0,53.122,54.245,4223.2,53.009,90.17,124.9,127.71,106.645,320.26,450.39
2020-08-20,692.74,820.59,6.5332,89.385,908.2,497.89,454.72,505.53,757.24,524.29,,60.26,1057.26,249.2,17078.0,53.028,54.147,4249.94,53.609,90.75,125.54,128.61,105.129,319.89,451.74
2020-08-21,691.07,819.87,6.5352,89.167,913.2,497.4,451.43,505.5,761.44,524.28,,60.432,1068.45,249.73,17152.0,53.174,54.299,4252.29,53.449,90.81,125.98,128.94,105.691,319.81,454.48
2020-08-24,691.94,816.68,6.5381,89.279,906.39,495.84,452.61,504.49,759.01,525.23,,60.371,1080.11,247.63,17195.0,53.081,54.204,4292.23,54.005,91.17,126.93,130.2,105.826,317.31,455.95
2020-08-25,691.83,815.86,6.5277,89.266,904.09,495.62,451.25,504.77,758.57,523.27,,60.359,1076.23,245.12,17187.0,53.093,54.214,4313.52,53.866,91.24,127.05,130.1,106.601,317.92,455.16
2020-08-26,690.79,817.53,6.4952,89.13,908.28,497.23,452.42,505.03,760.88,524.6,,60.339,1089.91,243.63,17180.0,53.168,54.289,4313.12,53.791,91.05,126.73,129.61,107.073,317.14,455.22
2020-08-27,689.03,814.98,6.5022,88.905,909.84,498.45,456.31,504.25,758.49,523.83,,60.554,1096.0,245.01,17220.0,53.358,54.484,4365.6,54.14,91.33,126.6,128.86,107.001,318.72,454.33
2020-08-28,688.91,813.91,6.4581,88.891,908.88,499.99,457.35,504.11,757.39,524.7,,60.577,1088.08,247.6,17219.0,53.332,54.457,4374.26,54.184,91.45,126.69,129.38,106.846,321.49,453.93
2020-08-31,686.05,816.49,6.4957,88.52,915.22,504.82,461.93,504.82,758.48,523.93,,60.754,1079.91,241.9,17230.0,53.578,54.71,4334.52,53.728,91.16,125.84,128.13,106.92,317.42,453.92
2020-09-01,684.98,817.73,6.4646,88.383,915.18,505.32,461.34,503.47,757.53,525.12,,60.734,1077.53,247.48,17329.0,53.642,54.773,4344.65,53.77,91.03,126.27,127.48,107.432,320.0,453.74
2020-09-02,683.76,814.65,6.452,88.227,915.41,504.02,462.26,502.16,751.41,523.46,,60.636,1076.82,243.48,17344.0,53.744,54.878,4369.39,53.875,91.39,126.99,128.12,107.798,318.4,455.98
2020-09-03,683.19,809.41,6.4304,88.151,911.86,500.98,462.31,501.33,749.57,523.65,,60.662,1104.03,246.13,17371.0,53.775,54.913,4424.7,54.5,91.95,127.63,129.53,107.974,318.13,457.94
2020-09-04,683.59,809.74,6.4441,88.203,906.94,496.32,457.55,500.67,751.45,520.41,,60.648,1100.3,245.15,17394.0,53.731,54.868,4431.3,54.793,91.89,127.84,130.61,108.769,317.45,459.55
2020-09-07,683.86,809.58,6.4347,88.236,905.94,498.1,459.04,501.0,748.61,523.04,,60.658,1101.82,243.05,17373.0,53.711,54.845,4452.66,55.073,91.91,127.76,130.51,108.725,315.16,459.0
2020-09-08,683.64,807.81,6.4314,88.207,899.92,497.73,457.55,500.22,746.03,522.12,,60.8,1108.47,244.64,17378.0,53.732,54.871,4452.57,54.874,92.12,128.29,130.71,109.043,316.02,459.47
2020-09-09,684.23,805.27,6.4572,88.284,887.13,493.42,452.54,499.06,745.35,516.84,,60.866,1114.37,248.16,17368.0,53.674,54.812,4437.55,55.264,92.41,129.1,133.83,109.345,319.44,458.77
2020-09-10,683.31,806.72,6.4321,88.163,888.31,497.13,456.53,499.84,749.19,519.49,,61.014,1102.1,243.17,17358.0,53.77,54.911,4426.46,55.051,92.25,127.96,131.91,109.544,313.12,457.66
2020-09-11,683.89,808.77,6.4425,88.24,876.11,496.79,454.9,499.52,751.44,518.59,,60.879,1099.05,246.9,17359.0,53.714,54.855,4421.5,55.053,92.0,128.11,132.48,108.924,313.46,457.84
2020-09-14,683.61,809.36,6.4412,88.203,875.11,497.51,456.11,499.83,751.98,518.32,,60.732,1096.3,244.65,17360.0,53.727,54.869,4415.58,54.947,91.92,128.38,132.19,109.382,311.23,458.01
2020-09-15,682.22,809.56,6.4526,88.028,876.3,496.78,456.95,499.98,750.97,517.69,,60.729,1102.61,244.17,17350.0,53.838,54.98,4415.03,54.954,91.91,128.54,132.51,109.764,309.08,458.9
2020-09-16,678.25,803.24,6.4348,87.516,873.46,494.86,454.97,498.12,746.32,513.89,,60.949,1107.95,242.39,17401.0,54.172,55.325,4456.81,55.462,92.64,129.66,133.3,110.473,311.95,460.13
2020-09-17,676.75,798.8,6.4427,87.322,876.82,493.75,454.93,497.91,743.08,513.44,,61.05,1108.28,240.69,17378.0,54.284,55.438,4497.79,55.717,93.16,130.16,133.57,110.705,309.96,459.81
2020-09-18,675.91,800.98,6.4521,87.213,877.07,494.42,457.13,498.1,744.12,513.93,,61.101,1107.39,239.29,17298.0,54.36,55.511,4501.69,55.596,92.89,129.79,133.7,111.66,309.09,461.02
2020-09-21,675.95,801.28,6.4679,87.219,874.82,493.41,457.18,497.74,742.33,512.36,,60.84,1117.15,241.0,17197.0,54.339,55.492,4497.41,55.615,92.88,129.71,134.5,111.923,312.35,459.71
2020-09-22,678.72,797.86,6.477,87.576,869.38,490.2,452.27,497.92,741.25,509.76,,60.825,1118.57,247.6,17141.0,54.163,55.31,4537.07,56.307,93.23,130.44,136.95,112.505,314.77,461.53
2020-09-23,679.86,795.22,6.4727,87.722,865.61,487.25,450.54,497.71,738.68,510.94,,60.862,1119.85,247.17,17134.0,54.05,55.193,4563.92,56.365,93.57,131.21,137.64,112.885,319.16,461.96
2020-09-24,680.28,793.44,6.4601,87.776,865.12,480.82,445.22,495.42,736.47,508.08,,61.087,1129.2,251.57,17159.0,53.996,55.14,4601.84,56.843,93.81,132.5,139.66,113.254,329.27,463.68
2020-09-25,681.21,794.81,6.4588,87.896,868.74,480.5,446.03,495.32,735.11,510.19,,61.18,1129.14,248.6,17170.0,53.93,55.072,4564.6,57.211,93.63,133.55,139.34,111.866,324.95,463.39
2020-09-28,682.52,793.98,6.4654,88.065,871.01,480.69,447.21,495.69,735.15,510.09,,61.062,1145.51,250.88,17193.0,53.82,54.961,4574.74,57.332,93.77,133.7,140.21,112.319,326.78,463.01
2020-09-29,681.71,795.57,6.4608,87.962,875.97,482.94,447.16,496.96,737.36,509.91,,61.2,1158.97,250.11,17166.0,53.89,55.033,4600.53,57.652,93.58,132.53,138.92,114.372,328.55,464.48
2020-09-30,681.01,799.41,6.4429,87.872,875.77,486.27,449.15,497.69,740.51,508.64,,61.032,1158.84,248.65,17163.0,53.963,55.109,4567.55,56.628,93.15,131.66,138.18,114.855,328.89,464.28
2020-10-09,677.96,798.65,6.4043,87.478,878.4,486.92,447.16,499.93,740.54,514.63,,61.145,1139.52,244.13,17006.0,54.104,55.254,4474.75,56.165,93.2,130.48,136.32,116.955,314.79,459.44
2020-10-12,671.26,792.29,6.3474,86.614,873.62,484.45,446.73,494.98,736.44,510.57,,61.684,1144.85,246.13,17122.0,54.791,55.956,4494.58,56.392,93.93,131.24,136.4,117.363,315.6,463.56
2020-10-13,672.96,793.86,6.3804,86.833,878.12,484.22,446.71,495.41,739.49,512.63,,61.693,1143.12,245.55,17066.0,54.64,55.805,4503.85,56.133,93.71,130.89,135.96,117.342,315.38,463.51
2020-10-14,674.73,792.22,6.395,87.061,872.55,483.24,448.88,495.95,737.11,513.34,,61.382,1141.69,244.13,17013.0,54.458,55.616,4565.86,56.72,93.97,130.9,136.94,117.47,316.26,463.07
2020-10-15,673.74,791.29,6.4058,86.934,876.62,480.94,448.27,496.1,737.46,512.29,,61.537,1154.48,245.28,17032.0,54.526,55.685,4592.29,57.057,94.07,131.06,137.24,117.407,316.54,463.01
2020-10-16,673.32,788.23,6.3887,86.879,868.57,477.37,444.37,494.99,736.16,509.15,,61.69,1159.1,247.4,17004.0,54.56,55.718,4626.37,57.661,94.44,131.81,139.06,117.866,316.12,463.71
2020-10-19,670.1,784.93,6.3529,86.464,865.91,475.05,443.32,493.35,731.97,508.16,,61.929,1161.83,246.96,17062.0,54.83,55.995,4643.43,57.91,94.83,132.08,139.7,118.177,315.07,465.64
2020-10-20,669.3,787.57,6.3459,86.361,866.52,472.23,441.24,492.67,735.0,507.35,,61.875,1160.7,246.87,17058.0,54.886,56.049,4633.01,58.058,94.49,131.94,139.53,117.756,316.68,466.27
2020-10-21,667.81,789.5,6.3258,86.169,864.6,470.9,439.3,491.97,736.03,508.68,,62.201,1157.92,246.51,17059.0,55.044,56.207,4599.26,57.781,94.29,130.95,138.85,117.787,316.22,468.02
2020-10-22,665.56,788.63,6.3572,85.878,873.72,472.96,442.29,491.05,734.37,505.87,,62.28,1153.39,245.4,17023.0,55.214,56.382,4610.45,57.963,94.36,131.37,138.73,117.397,317.56,469.07
2020-10-23,667.03,787.62,6.357,86.068,871.92,475.2,444.75,491.38,734.89,507.6,,62.15,1146.7,243.12,17003.0,55.095,56.256,4623.8,58.023,94.43,131.42,138.68,119.162,314.57,469.15
2020-10-26,667.25,789.95,6.369,86.096,870.27,475.47,445.66,491.16,737.24,507.25,,62.272,1141.47,243.21,16930.0,55.076,56.235,4619.39,57.802,94.19,131.32,138.82,119.56,313.36,469.16
2020-10-27,669.89,790.83,6.3873,86.437,871.9,476.99,447.3,492.07,737.72,507.21,,62.15,1139.58,241.86,16855.0,54.846,56.002,4616.03,57.899,94.07,130.55,137.98,120.87,312.78,466.89
2020-10-28,671.95,791.21,6.4277,86.703,875.31,478.33,449.95,493.34,738.92,509.26,,62.023,1150.74,241.16,16794.0,54.682,55.835,4615.62,57.96,94.02,130.11,136.95,121.992,313.27,465.1
2020-10-29,672.6,790.0,6.4457,86.778,873.1,474.11,446.77,492.6,738.37,505.02,,61.91,1176.12,243.55,16848.0,54.628,55.781,4662.16,58.607,94.24,131.57,139.23,122.997,316.05,464.82
2020-10-30,672.32,784.63,6.4268,86.722,869.05,472.73,445.39,491.86,734.06,504.62,,61.832,1174.05,243.93,16835.0,54.655,55.808,4687.29,58.937,94.9,132.77,141.92,123.528,317.88,464.66
2020-11-02,670.5,780.69,6.4086,86.48,866.86,470.38,442.58,490.59,731.22,502.2,,61.988,1186.14,242.4,16940.0,54.781,55.94,4694.25,59.024,95.37,132.92,142.66,124.775,317.13,465.07
2020-11-03,669.57,779.14,6.3896,86.378,864.78,472.12,443.73,490.57,728.45,506.33,,62.075,1200.85,242.06,16935.0,54.873,56.027,4703.34,59.067,95.58,133.07,142.81,126.073,319.33,464.88
2020-11-04,667.71,783.75,6.3792,86.123,874.63,479.75,448.42,491.47,732.59,509.19,,62.227,1185.04,239.89,16948.0,55.035,56.199,4632.67,57.891,94.95,131.96,139.91,126.412,314.85,464.87
2020-11-05,668.95,785.03,6.4078,86.256,867.49,480.53,448.35,492.9,734.41,510.03,,62.247,1161.6,236.92,16964.0,54.876,56.033,4619.97,57.775,94.79,131.2,139.18,126.131,312.95,464.58
2020-11-06,662.9,782.78,6.3908,85.498,869.9,480.98,447.78,490.29,732.28,506.7,,62.636,1162.67,237.07,16989.0,55.461,56.631,4585.91,57.841,95.17,131.38,138.67,127.264,313.39,465.07
2020-11-09,661.23,786.26,6.4034,85.284,871.31,481.72,449.31,490.86,735.34,507.79,,62.464,1170.4,235.85,16952.0,55.549,56.72,4559.22,57.278,94.77,130.57,138.01,127.668,310.51,462.77
2020-11-10,658.97,778.77,6.2625,84.997,867.31,479.72,449.78,488.99,721.71,506.64,,62.374,1158.94,233.65,16928.0,55.761,56.938,4613.51,57.525,95.62,130.85,137.1,123.05,308.39,464.08
2020-11-11,660.7,780.78,6.2777,85.208,876.2,481.33,451.31,490.04,722.12,506.97,,62.325,1156.82,236.14,16886.0,55.594,56.768,4558.21,57.614,95.35,130.41,136.29,123.789,307.69,459.35
2020-11-12,662.36,779.96,6.2831,85.42,875.84,482.12,456.0,491.02,722.43,507.06,,62.378,1163.16,235.98,16788.0,55.456,56.628,4554.3,57.45,95.45,130.37,137.06,117.824,309.12,457.15
2020-11-13,662.85,782.57,6.3069,85.485,869.73,479.55,452.93,491.35,724.68,504.4,,62.309,1164.81,236.04,16821.0,55.41,56.581,4532.93,57.355,95.14,130.36,138.4,115.941,310.95,456.45
2020-11-16,660.48,782.46,6.3104,85.187,872.25,480.99,452.95,490.39,724.12,503.38,,62.386,1170.95,235.06,16807.0,55.6,56.771,4575.29,57.301,95.22,131.3,138.35,116.045,308.28,456.88
2020-11-17,657.62,779.88,6.291,84.818,869.57,481.4,454.26,488.92,720.8,503.01,,62.524,1158.95,232.88,16844.0,55.857,57.037,4606.15,57.306,95.48,131.01,137.73,117.107,308.08,458.92
2020-11-18,655.93,777.72,6.2936,84.608,869.05,477.98,451.54,488.43,719.39,500.35,,62.562,1161.35,234.51,16877.0,56.019,57.202,4648.48,57.714,95.77,131.46,138.31,117.4,309.37,460.21
2020-11-19,654.84,776.18,6.3067,84.472,868.66,478.3,453.29,487.88,718.46,500.73,,62.399,1159.87,235.76,16892.0,56.09,57.275,4643.4,57.553,96.02,131.28,137.67,117.716,310.23,462.74
2020-11-20,657.86,780.64,6.3352,84.849,871.69,478.62,454.48,488.96,722.19,502.99,,62.292,1155.13,234.4,16941.0,55.837,57.017,4599.05,57.221,95.42,130.77,136.95,114.838,307.6,461.89
2020-11-23,657.19,779.63,6.3289,84.772,873.97,480.3,456.16,489.14,721.36,502.11,,62.259,1159.19,234.77,16964.0,55.891,57.067,4614.66,57.288,95.54,131.01,137.16,116.331,305.65,461.01
2020-11-24,658.09,779.27,6.2968,84.895,876.95,480.47,456.29,489.71,721.33,503.41,,62.178,1154.64,233.89,16903.0,55.83,57.006,4627.94,57.358,95.52,131.06,137.09,119.774,305.53,460.74
2020-11-25,657.49,782.08,6.29,84.82,878.49,484.19,458.78,490.06,721.69,505.92,,62.14,1146.05,231.09,16869.0,55.863,57.039,4611.89,57.061,95.16,129.9,135.34,121.65,304.51,461.41
2020-11-26,657.8,783.88,6.3004,84.863,880.4,484.39,460.72,491.04,724.41,505.83,,62.127,1147.59,230.08,16840.0,55.837,57.015,4604.43,56.942,94.94,129.15,134.17,120.572,303.57,460.85
2020-11-27,657.55,783.22,6.3074,84.835,877.92,483.76,460.48,491.15,725.32,504.93,,61.864,1150.73,231.23,16810.0,55.861,57.04,4606.69,57.137,95.04,129.66,135.06,119.747,304.8,460.55
2020-11-30,657.82,787.19,6.3181,84.867,877.02,486.75,463.13,491.68,727.41,506.85,,61.846,1152.94,231.66,16787.0,55.833,57.01,4592.47,57.0,94.52,129.19,134.09,119.253,304.51,460.4
2020-12-01,659.21,786.77,6.3185,85.041,878.87,484.66,462.57,491.57,725.58,507.18,,61.812,1159.06,234.51,16814.0,55.722,56.899,4563.46,56.913,94.58,130.05,134.83,118.712,305.82,459.44
2020-12-02,656.11,791.54,6.2894,84.635,880.26,483.92,463.29,490.33,729.0,507.05,,62.148,1154.79,232.46,16861.0,56.012,57.195,4506.06,56.193,94.03,129.38,134.32,119.31,305.53,461.21
2020-12-03,655.92,794.23,6.2767,84.614,876.74,486.16,463.44,490.17,732.89,507.68,,62.119,1143.91,233.04,16781.0,56.002,57.187,4526.16,56.349,93.71,129.12,134.11,119.752,304.89,460.9
2020-12-04,655.07,795.68,6.3081,84.51,881.35,487.24,463.26,491.07,735.28,509.16,,62.091,1135.7,231.75,16672.0,56.077,57.268,4488.69,56.144,93.55,128.95,133.75,118.879,303.73,460.88
2020-12-07,653.62,792.48,6.2712,84.33,876.8,485.67,460.3,489.96,733.1,511.33,,62.17,1134.74,232.71,16586.0,56.207,57.398,4526.55,56.406,93.94,129.35,134.79,119.41,302.52,461.79
2020-12-08,653.2,791.01,6.2794,84.276,872.06,484.43,459.59,488.56,733.1,510.07,,62.334,1129.34,232.11,16589.0,56.24,57.436,4556.31,56.553,94.11,128.58,133.84,119.45,304.61,461.64
2020-12-09,653.11,790.79,6.2713,84.258,873.28,484.17,459.95,488.22,734.87,509.64,,62.328,1123.7,229.62,16618.0,56.233,57.436,4538.12,56.26,94.12,129.59,134.11,119.617,302.98,459.8
2020-12-10,654.76,790.7,6.2788,84.46,874.41,486.84,459.42,489.31,736.05,510.4,,62.05,1125.0,228.78,16593.0,56.104,57.303,4507.05,56.005,94.12,129.71,134.96,119.487,303.57,459.01
2020-12-11,654.05,794.02,6.2737,84.381,869.96,492.4,463.89,489.71,738.01,513.26,,62.088,1116.81,229.63,16622.0,56.17,57.362,4458.86,55.742,93.74,129.1,134.07,120.662,305.87,459.33
2020-12-14,653.61,792.85,6.286,84.322,870.61,493.34,463.79,489.48,735.61,512.59,,61.96,1115.99,230.72,16687.0,56.202,57.393,4471.41,56.04,93.87,128.98,134.32,120.242,307.44,459.93
2020-12-15,654.34,794.68,6.2896,84.41,872.04,492.96,463.45,490.34,737.8,512.8,,61.977,1125.8,229.57,16696.0,56.137,57.331,4455.29,55.829,93.64,128.38,133.46,119.967,309.26,459.76
2020-12-16,653.55,794.14,6.305,84.312,878.35,493.72,462.99,490.51,737.96,514.67,,61.99,1122.14,227.76,16690.0,56.202,57.398,4484.34,55.911,93.7,128.24,133.45,119.885,305.0,459.5
2020-12-17,653.62,796.94,6.3161,84.314,882.42,494.77,464.47,491.75,738.24,512.89,,61.974,1122.2,226.71,16734.0,56.2,57.402,4455.27,55.669,93.37,127.79,132.6,119.339,303.84,459.31
2020-12-18,653.15,800.72,6.3325,84.254,886.3,497.4,466.8,492.6,738.21,513.15,,61.768,1116.82,224.18,16742.0,56.241,57.444,4436.61,55.407,92.91,126.8,131.21,117.921,303.6,456.42
2020-12-21,655.07,799.98,6.3353,84.498,878.27,497.41,465.62,492.38,739.69,511.67,,61.71,1126.05,224.18,16792.0,56.073,57.273,4470.83,55.99,92.95,126.46,131.7,116.979,306.29,455.99
2020-12-22,653.87,800.19,6.3269,84.335,879.37,495.12,463.72,490.66,738.31,508.59,,61.946,1143.43,223.49,16867.0,56.18,57.381,4505.75,56.16,92.98,126.16,131.98,117.001,305.92,459.85
2020-12-23,655.58,797.97,6.3296,84.562,877.42,494.2,461.89,490.73,737.84,508.21,,61.939,1159.0,223.96,16919.0,56.03,57.234,4537.88,56.442,93.21,127.18,133.28,116.81,307.11,460.99
2020-12-24,653.61,796.56,6.3089,84.307,882.66,494.98,463.62,490.64,735.9,508.55,,62.153,1148.81,223.35,16921.0,56.207,57.415,4545.97,56.534,93.39,126.8,132.27,116.891,307.04,462.2
2020-12-25,653.33,795.82,6.3024,84.266,885.31,496.24,463.68,491.56,733.42,508.07,,62.148,1132.27,223.75,16866.0,56.226,57.446,4551.8,56.582,93.46,126.18,132.07,116.063,304.26,459.74
2020-12-28,652.36,795.99,6.3003,84.139,884.72,496.22,464.19,491.07,733.15,508.12,,62.23,1134.5,224.31,16863.0,56.302,57.53,4548.82,56.563,93.43,126.53,132.19,116.068,304.64,461.09
2020-12-29,654.51,799.63,6.3114,84.413,880.84,496.32,464.82,491.94,736.65,509.52,,61.857,1129.34,223.75,16757.0,56.122,57.346,4548.83,56.185,92.97,126.4,131.88,113.805,305.82,460.87
2020-12-30,653.25,800.59,6.308,84.255,881.78,497.13,467.13,492.18,738.91,509.59,,61.954,1132.62,225.27,16704.0,56.231,57.452,4554.72,56.709,92.93,125.55,131.93,113.169,305.22,460.06
2020-12-31,652.49,802.5,6.3236,84.164,889.03,501.63,470.5,493.14,740.06,511.61,,61.833,1140.11,224.33,16675.0,56.302,57.505,4542.93,57.079,92.71,125.59,130.77,113.161,304.86,458.96
2021-01-04,654.08,800.95,6.3354,84.363,894.4,504.0,470.46,495.04,740.53,514.18,,61.413,1134.02,224.09,16615.0,56.132,57.331,4534.41,56.908,92.88,125.38,130.7,113.68,303.53,458.29
2021-01-05,647.6,793.42,6.2789,83.527,878.64,496.42,464.63,490.46,734.87,506.47,,61.883,1148.7,227.3,16755.0,56.713,57.919,4559.7,57.429,93.77,127.37,132.12,114.605,308.14,461.83
2021-01-06,646.04,794.04,6.2883,83.329,879.69,501.0,468.15,490.07,735.2,509.5,,62.191,1147.67,231.94,16838.0,56.888,58.101,4521.58,57.094,93.69,126.7,131.16,114.466,308.23,463.49
2021-01-07,646.08,797.12,6.2696,83.331,879.94,504.68,471.59,490.37,735.83,510.03,,62.075,1145.85,233.09,16826.0,56.85,58.065,4499.85,56.765,93.32,126.29,130.03,113.071,304.14,463.02
2021-01-08,647.08,793.74,6.2331,83.457,877.64,502.7,469.98,488.49,731.0,510.12,,62.39,1150.61,238.49,16875.0,56.766,57.977,4527.33,56.895,93.7,126.56,130.3,113.349,309.44,464.37
2021-01-11,647.64,789.75,6.2266,83.514,876.39,501.03,466.95,487.77,730.31,509.27,,62.282,1147.32,236.5,16890.0,56.722,57.932,4550.86,57.109,94.16,127.44,130.37,113.619,309.02,465.12
2021-01-12,648.23,787.86,6.2213,83.588,876.1,499.46,464.79,487.08,728.2,507.44,,62.535,1152.29,239.62,16935.0,56.668,57.883,4586.26,57.43,94.41,128.11,131.66,115.35,309.46,465.16
2021-01-13,646.05,787.68,6.2193,83.316,881.86,501.41,466.16,487.71,728.11,507.76,,62.801,1137.3,235.68,16978.0,56.923,58.144,4558.09,57.404,94.45,127.76,130.9,115.504,306.83,465.42
2021-01-14,647.46,786.98,6.2321,83.504,883.11,501.2,465.28,487.89,729.4,509.78,,62.46,1140.56,235.48,16972.0,56.745,57.959,4578.98,57.661,94.51,128.83,130.77,114.327,306.6,463.96
2021-01-15,646.33,785.49,6.2263,83.363,884.56,502.59,466.55,488.12,727.62,511.11,,62.431,1132.76,233.37,16961.0,56.835,58.048,4573.78,57.819,94.71,128.59,130.99,114.046,305.08,464.07
2021-01-18,648.45,783.17,6.2431,83.632,881.26,499.58,462.63,487.3,727.72,509.33,,62.297,1136.15,234.57,17011.0,56.661,57.865,4600.95,57.929,94.96,129.47,132.12,115.143,305.37,463.63
2021-01-19,648.83,783.58,6.257,83.686,881.24,498.6,461.48,487.69,728.17,508.87,,62.41,1139.65,234.13,17001.0,56.608,57.812,4591.08,57.864,94.93,129.43,132.45,115.352,303.48,463.99
2021-01-20,648.36,786.95,6.2405,83.64,884.48,499.84,462.13,488.1,730.02,509.57,,62.434,1136.87,231.44,16994.0,56.655,57.86,4547.34,57.61,94.53,128.48,131.41,115.265,303.04,462.69
2021-01-21,646.96,783.59,6.2457,83.461,884.02,501.84,464.76,488.35,727.39,512.42,,62.526,1136.43,230.41,16994.0,56.789,57.995,4557.86,57.87,94.94,128.93,131.05,114.543,302.82,463.2
2021-01-22,646.17,786.02,6.2407,83.358,886.96,501.54,466.09,488.44,729.83,511.06,,62.376,1143.84,231.12,17020.0,56.861,58.067,4539.03,57.658,94.65,128.05,130.13,114.093,305.42,463.3
2021-01-25,648.19,788.48,6.2439,83.612,886.91,500.28,465.46,488.23,731.88,509.33,,62.382,1162.55,233.65,17030.0,56.678,57.885,4531.84,57.544,94.34,128.14,131.21,114.48,307.81,462.56
2021-01-26,648.47,787.15,6.2486,83.658,886.68,500.01,466.6,488.47,730.1,508.86,,62.371,1162.03,234.94,16993.0,56.655,57.859,4542.72,57.674,94.51,127.73,131.62,114.28,310.14,462.47
2021-01-27,646.65,786.2,6.2382,83.416,888.22,500.86,467.67,488.0,729.15,509.38,,62.548,1160.22,232.95,17044.0,56.823,58.03,4572.86,57.793,94.61,128.39,132.15,113.703,309.5,463.61
2021-01-28,648.45,784.35,6.2233,83.647,886.18,495.9,463.39,487.37,728.83,505.97,,62.392,1169.42,235.68,17102.0,56.67,57.873,4596.93,57.989,94.85,129.14,133.72,114.114,313.51,462.74
2021-01-29,647.09,784.04,6.2021,83.462,887.68,496.47,464.08,486.76,727.98,504.62,,62.554,1177.91,235.04,17241.0,56.784,57.989,4578.1,57.936,94.87,128.96,132.97,113.596,312.91,463.83
2021-02-01,646.23,783.3,6.1673,83.35,885.02,491.97,462.61,485.7,724.7,504.2,,62.589,1172.35,235.14,17320.0,56.857,58.06,4559.94,57.703,94.94,129.59,133.06,112.892,317.03,463.29
2021-02-02,647.36,781.03,6.1695,83.498,885.01,494.14,463.64,485.9,721.92,503.89,,62.461,1175.91,232.72,17260.0,56.752,57.953,4560.33,57.738,95.22,130.07,132.69,111.072,314.66,463.3
2021-02-03,646.69,778.69,6.1554,83.426,883.54,492.22,465.79,485.54,720.25,505.82,,62.567,1178.51,231.37,17252.0,56.81,58.018,4569.8,57.551,95.53,129.82,133.0,111.286,311.27,463.9
2021-02-04,646.05,777.61,6.1517,83.345,881.54,492.92,466.16,484.86,718.84,505.42,,62.679,1174.16,231.38,17244.0,56.862,58.069,4569.24,57.676,95.65,130.0,132.82,110.832,312.74,464.52
2021-02-05,647.1,774.23,6.1296,83.466,884.78,492.07,463.42,484.02,715.68,504.62,,62.743,1167.03,231.82,17306.0,56.779,57.983,4594.55,58.123,96.05,130.7,133.37,110.298,315.03,464.7
2021-02-08,646.78,778.91,6.1361,83.426,888.36,496.42,465.9,484.82,719.36,506.99,,62.89,1154.09,230.59,17322.0,56.78,57.989,4577.32,57.572,95.44,129.46,131.84,109.144,310.98,464.7
2021-02-09,645.33,777.5,6.1301,83.245,886.57,497.0,465.86,484.08,717.78,506.43,,62.97,1151.29,230.34,17325.0,56.926,58.138,4610.91,57.583,95.66,130.06,131.73,109.723,311.75,464.8
2021-02-10,643.91,779.96,6.1574,83.064,889.2,498.06,465.79,485.6,721.26,507.11,,62.832,1147.21,228.78,17301.0,57.058,58.271,4593.63,57.371,95.35,129.34,131.21,109.775,312.03,464.83
2021-02-18,645.36,777.34,6.0968,83.245,894.64,500.48,464.18,485.92,718.32,507.96,,62.546,1142.48,226.8,17150.0,56.919,58.127,4611.24,57.776,95.67,128.94,131.59,108.064,313.25,464.73
2021-02-19,646.24,781.62,6.1175,83.358,903.09,502.23,466.68,487.32,721.5,509.87,,62.518,1141.15,225.7,17124.0,56.828,58.032,4590.03,57.433,95.14,128.51,130.94,107.847,314.24,464.26
2021-02-22,645.63,782.4,6.117,83.272,904.92,508.36,471.25,487.66,719.62,511.84,,62.563,1146.92,227.24,17113.0,56.895,58.097,4581.27,57.305,95.04,128.16,131.04,108.176,317.5,464.35
2021-02-23,645.16,784.97,6.1456,83.206,907.91,510.81,472.75,488.44,720.39,511.7,,62.639,1147.15,227.39,17209.0,56.927,58.131,4573.44,57.277,94.73,128.16,131.5,108.773,321.4,464.84
2021-02-24,646.15,784.99,6.1382,83.339,911.93,510.91,474.07,489.59,714.11,513.04,,62.554,1145.63,225.33,17181.0,56.848,58.047,4566.97,57.415,94.73,128.18,131.14,110.023,317.61,464.62
2021-02-25,645.22,785.01,6.0911,83.205,912.61,514.17,480.21,489.16,711.39,515.64,,62.63,1139.19,224.64,17173.0,56.929,58.132,4580.77,57.403,94.73,128.25,129.83,111.108,316.07,465.59
2021-02-26,647.13,786.86,6.0831,83.449,906.29,509.15,476.74,487.45,714.35,513.18,,62.553,1155.06,231.97,17271.0,56.802,58.001,4589.89,57.438,94.51,128.21,131.4,113.586,322.96,467.57
2021-03-01,647.54,782.91,6.0792,83.482,904.6,501.8,470.57,486.8,713.36,509.86,,62.572,1153.22,232.43,17360.0,56.722,57.922,4628.19,57.73,94.99,130.07,133.14,114.529,321.26,468.75
2021-03-02,646.25,778.56,6.0488,83.318,899.76,501.92,469.64,486.8,706.22,511.05,,62.691,1149.52,232.13,17289.0,56.843,58.052,4672.46,58.21,95.52,130.34,132.47,112.67,319.67,467.69
2021-03-03,645.65,780.16,6.0469,83.228,900.85,504.86,470.47,485.61,705.45,510.81,,62.795,1141.43,231.32,17403.0,56.9,58.107,4669.3,58.182,95.31,129.89,131.28,113.819,319.26,468.47
2021-03-04,647.58,780.26,6.0471,83.483,901.92,502.43,468.35,485.57,703.78,511.01,,62.597,1143.29,233.1,17389.0,56.737,57.948,4666.06,58.246,95.29,130.19,131.52,115.209,323.56,468.6
2021-03-05,649.04,776.4,6.0114,83.627,901.4,500.76,465.97,485.02,698.23,511.94,,62.634,1152.06,235.66,17451.0,56.609,57.816,4700.83,58.756,95.76,131.04,132.43,115.953,325.63,468.71
2021-03-08,647.95,772.48,5.9725,83.457,897.43,499.5,465.29,483.27,696.3,512.84,,62.905,1142.35,236.67,17395.0,56.72,57.932,4751.09,59.388,96.28,131.64,131.68,116.106,328.05,470.62
2021-03-09,653.38,774.23,5.9977,84.12,903.16,500.11,465.8,483.76,697.86,516.23,,62.885,1141.04,237.58,17447.0,56.211,57.414,4747.09,59.358,96.04,131.3,130.62,118.905,328.95,471.79
2021-03-10,651.06,774.66,5.9935,83.875,904.21,502.36,467.25,484.65,701.39,515.2,,63.217,1137.3,234.93,17466.0,56.406,57.611,4732.98,58.987,96.0,130.54,130.07,116.958,325.49,472.45
2021-03-11,649.7,774.79,5.9927,83.717,905.17,502.32,467.2,483.59,698.85,514.99,,63.441,1130.89,232.01,17524.0,56.522,57.719,4735.39,59.049,95.96,130.49,129.85,115.457,321.72,472.61
2021-03-12,648.45,777.33,5.9754,83.583,907.37,505.08,468.72,484.1,701.45,517.67,,63.322,1128.89,228.54,17448.0,56.634,57.831,4695.98,58.967,95.66,130.29,129.69,115.325,317.68,471.0
2021-03-15,650.1,776.76,5.9589,83.737,905.35,504.51,467.11,483.37,699.43,521.09,,63.343,1127.89,229.95,17463.0,56.495,57.694,4723.08,58.972,95.73,130.56,129.58,116.359,318.59,472.93
2021-03-16,650.29,775.47,5.9579,83.754,903.65,503.82,468.29,483.38,701.02,521.18,,63.199,1119.69,228.61,17450.0,56.481,57.678,4733.84,59.171,95.89,130.95,130.08,115.84,317.83,472.61
2021-03-17,649.78,773.39,5.9592,83.667,903.26,503.17,467.27,483.05,702.58,522.27,,63.288,1121.23,228.9,17401.0,56.524,57.719,4750.39,59.407,96.15,130.82,130.51,115.288,317.14,473.33
2021-03-18,648.59,777.15,5.9583,83.537,906.38,506.63,469.98,484.29,703.47,523.46,,63.456,1132.15,225.81,17311.0,56.617,57.813,4714.96,59.141,95.66,130.22,129.54,115.593,314.19,473.37
2021-03-19,650.98,775.74,5.9765,83.826,906.57,505.1,466.67,484.28,701.99,521.16,,63.168,1142.58,226.15,17327.0,56.42,57.615,4750.32,59.538,95.84,130.79,130.76,112.483,314.62,474.26
2021-03-22,651.91,774.9,5.9857,83.935,902.14,503.84,466.64,485.11,701.1,520.71,,63.042,1142.0,227.3,17360.0,56.34,57.535,4745.53,59.616,95.94,131.24,131.26,124.842,316.87,473.25
2021-03-23,650.36,776.04,5.9782,83.747,901.37,503.25,463.34,485.27,704.25,519.26,,63.238,1151.34,226.39,17333.0,56.466,57.661,4718.0,59.211,95.82,130.89,130.73,120.452,316.63,474.94
2021-03-24,652.28,772.69,6.0098,83.962,896.05,496.73,456.35,484.68,698.17,518.05,,63.239,1171.03,228.05,17366.0,56.305,57.488,4735.53,59.773,96.23,131.83,132.54,121.705,319.09,475.05
2021-03-25,652.82,771.09,6.003,84.033,893.37,495.36,454.88,484.76,697.56,518.9,,63.291,1173.6,229.15,17379.0,56.268,57.451,4729.81,59.993,96.43,131.96,131.77,121.289,320.22,475.03
2021-03-26,653.76,769.85,5.9874,84.141,898.75,496.39,455.39,485.0,695.86,518.87,,63.406,1163.94,229.46,17330.0,56.173,57.362,4732.84,60.183,96.59,132.26,132.08,121.569,316.37,476.07
2021-03-29,654.16,771.04,5.9595,84.198,902.0,499.51,457.3,485.99,696.22,519.88,,63.371,1157.16,229.35,17270.0,56.15,57.335,4700.46,60.092,96.44,132.16,131.25,124.032,315.36,475.61
2021-03-30,656.41,772.46,5.9762,84.437,903.8,501.34,459.75,486.89,699.15,521.41,,63.076,1152.62,227.3,17241.0,55.957,57.14,4694.43,60.398,96.26,132.37,130.2,125.867,313.93,475.2
2021-03-31,657.13,770.28,5.9554,84.518,903.13,499.87,459.25,487.68,697.64,520.52,,63.155,1154.84,226.89,17246.0,55.895,57.075,4717.91,60.439,96.55,132.9,130.07,126.648,313.09,476.05
2021-04-01,655.84,769.05,5.9197,84.368,903.92,497.96,457.85,487.56,694.74,522.01,,63.192,1153.77,225.34,17206.0,56.003,57.187,4706.16,60.216,96.72,133.15,130.39,125.853,311.64,476.59
2021-04-02,656.49,773.08,5.9352,84.435,908.21,500.18,461.1,488.15,696.93,523.28,,63.126,1160.94,222.75,17190.0,55.939,57.122,4671.63,59.322,96.18,132.74,129.81,123.756,309.08,475.83
2021-04-06,655.27,774.33,5.947,84.273,911.58,501.71,462.97,488.76,699.87,523.49,,63.113,1165.46,222.06,17154.0,56.045,57.231,4652.71,59.282,96.05,132.78,129.7,123.876,309.9,478.2
2021-04-07,653.84,776.32,5.9569,84.077,904.13,500.95,461.43,488.44,702.46,520.02,,63.106,1178.17,221.94,17098.0,56.163,57.356,4644.33,59.127,95.79,131.74,129.84,124.591,308.58,478.95
2021-04-08,654.63,776.92,5.959,84.09,899.28,498.3,458.73,488.13,704.06,518.94,,63.133,1175.12,222.63,17092.0,56.11,57.3,4619.78,58.853,95.72,131.81,129.58,124.715,308.84,479.19
2021-04-09,654.09,779.43,5.9838,84.096,898.47,500.72,461.77,488.22,707.82,520.63,,63.195,1173.13,221.94,17051.0,56.151,57.336,4596.42,58.299,95.41,130.5,129.26,124.434,307.27,480.36
2021-04-12,655.78,780.41,5.9772,84.323,899.01,499.88,461.54,488.86,708.8,523.36,,63.052,1180.23,222.4,17101.0,56.009,57.193,4580.47,58.056,95.29,130.23,129.59,124.687,307.5,479.67
2021-04-13,654.54,779.68,5.9836,84.203,899.98,498.97,459.94,488.35,709.54,520.99,,63.121,1181.2,222.66,17181.0,56.107,57.287,4581.28,58.118,95.38,131.0,129.57,124.543,307.79,481.01
2021-04-14,653.62,781.22,5.9958,84.083,899.14,499.62,461.39,487.7,710.12,521.43,,63.231,1161.19,221.95,17171.0,56.187,57.374,4598.68,58.438,95.19,130.18,129.52,124.069,307.33,481.55
2021-04-15,652.97,782.45,5.9948,84.081,899.63,504.47,466.31,488.83,707.47,521.71,,63.174,1162.03,220.37,17095.0,56.247,57.437,4580.57,58.196,95.04,129.63,128.5,123.662,307.54,480.05
2021-04-16,652.88,781.37,6.0072,84.06,899.92,506.09,468.47,489.24,708.12,520.5,,63.153,1165.67,216.97,17121.0,56.255,57.444,4596.69,58.238,95.17,129.36,128.37,122.994,305.55,478.77
2021-04-19,652.33,780.88,6.001,83.932,901.73,503.61,465.28,488.81,708.69,521.24,,63.25,1164.0,219.39,17119.0,56.301,57.495,4622.59,58.154,95.23,129.44,128.52,123.748,305.5,478.23
2021-04-20,651.03,783.73,6.0207,83.816,910.63,505.29,467.74,489.48,711.36,519.62,,63.323,1172.74,218.44,17146.0,56.423,57.613,4604.51,58.071,94.88,128.98,127.36,124.393,304.54,479.27
2021-04-21,650.46,782.93,6.0177,83.797,906.59,502.48,466.31,489.42,710.14,515.77,,63.269,1181.71,219.82,17155.0,56.467,57.656,4613.22,58.14,95.0,129.71,128.51,124.748,306.77,480.77
2021-04-22,649.02,781.09,6.0064,83.601,903.95,503.17,467.45,488.49,707.87,519.03,,63.47,1179.97,219.67,17211.0,56.597,57.797,4638.15,58.333,95.21,129.53,128.54,126.294,306.68,482.5
2021-04-23,649.34,780.2,6.0143,83.67,898.72,500.42,464.83,488.47,708.05,519.48,,63.333,1162.11,220.35,17231.0,56.569,57.764,4662.57,58.499,95.31,129.87,128.72,128.137,307.0,483.24
2021-04-26,649.13,784.72,6.0144,83.65,900.07,502.84,466.91,488.93,710.19,519.76,,63.309,1154.54,219.89,17192.0,56.602,57.794,4631.84,57.996,94.76,129.26,127.92,129.719,305.82,483.77
2021-04-27,649.24,784.23,6.0011,83.657,902.02,506.13,469.32,489.67,709.8,523.69,,63.134,1154.66,219.87,17133.0,56.576,57.765,4635.09,58.118,94.81,129.16,127.77,127.731,306.08,484.08
2021-04-28,648.53,783.95,5.9629,83.547,901.59,503.73,467.15,488.9,709.56,522.82,,63.172,1152.14,221.61,17157.0,56.632,57.827,4623.37,58.286,94.85,129.11,127.59,126.788,309.1,483.74
2021-04-29,647.15,785.21,5.9624,83.372,902.91,504.78,470.28,488.65,711.85,525.93,,63.381,1147.79,219.89,17135.0,56.756,57.959,4609.89,58.284,94.68,128.78,126.31,126.73,307.54,484.12
2021-04-30,646.72,783.97,5.9382,83.306,902.01,502.87,468.54,487.6,711.47,526.76,,63.416,1153.49,221.01,17130.0,56.803,58.003,4594.28,58.247,94.85,129.43,126.63,126.975,309.95,482.46
2021-05-06,648.95,779.05,5.9414,83.525,902.43,502.87,468.47,485.89,710.52,528.86,,63.489,1155.28,221.23,17341.0,56.609,57.799,4605.49,58.7,95.42,130.77,128.59,128.319,312.12,479.73
2021-05-07,646.78,780.03,5.9288,83.252,898.32,503.3,467.56,484.91,712.29,531.9,,63.755,1147.8,219.49,17358.0,56.804,58.007,4594.14,58.599,95.33,130.28,128.43,128.141,310.94,482.83
2021-05-10,644.25,783.59,5.9311,82.959,903.62,505.7,469.31,486.05,714.96,531.31,,63.808,1144.42,218.33,17323.0,57.039,58.245,4568.88,58.105,94.92,128.99,127.54,128.004,309.23,483.33
2021-05-11,642.54,779.44,5.9014,82.736,907.17,503.13,466.64,484.19,712.96,530.91,,63.927,1157.79,218.59,17378.0,57.19,58.396,4589.16,58.498,95.39,129.81,128.69,128.8,310.08,484.34
2021-05-12,642.58,780.27,5.9125,82.724,908.3,503.57,466.62,484.47,710.92,531.17,,64.092,1154.61,217.74,17438.0,57.169,58.372,4594.13,58.177,95.28,129.5,128.59,129.166,310.73,485.03
2021-05-13,646.12,780.23,5.8911,83.19,908.39,499.51,463.06,484.51,710.78,532.94,,63.847,1154.99,218.54,17498.0,56.855,58.05,4579.7,58.36,95.29,130.42,129.12,130.606,311.8,484.27
2021-05-14,645.25,779.2,5.893,83.07,906.38,498.43,463.35,483.73,712.25,530.28,,63.934,1147.58,218.94,17493.0,56.927,58.133,4579.23,58.093,95.44,130.29,129.46,131.81,309.22,486.06
2021-05-17,643.07,781.08,5.8787,82.788,906.61,500.2,465.77,482.47,713.28,530.89,,64.204,1149.58,219.91,17540.0,57.119,58.322,4548.84,57.98,95.2,129.44,127.85,131.386,309.02,487.51
2021-05-18,643.57,782.33,5.8944,82.867,910.43,500.25,464.5,482.04,712.59,533.44,,64.137,1146.52,219.01,17646.0,57.065,58.268,4492.57,57.866,95.04,129.41,128.27,129.088,307.24,488.79
2021-05-19,642.55,785.33,5.8999,82.746,911.67,500.76,465.37,483.09,715.75,532.49,,64.189,1146.16,217.97,17565.0,57.166,58.37,4464.49,57.57,94.69,128.91,128.1,130.057,308.83,489.17
2021-05-20,644.64,784.91,5.9008,83.015,909.7,497.94,462.0,482.88,713.17,531.4,,64.241,1145.24,218.6,17555.0,56.981,58.179,4469.35,57.643,94.73,129.53,129.12,130.518,309.27,487.77
2021-05-21,643.0,786.15,5.9075,82.834,912.04,499.75,462.73,483.22,716.41,532.99,,64.452,1142.79,217.46,17534.0,57.13,58.328,4442.63,57.144,94.58,129.13,129.08,130.36,309.16,487.79
2021-05-24,644.08,784.51,5.9129,82.959,910.87,497.84,461.88,483.62,717.5,533.69,,64.273,1143.96,216.78,17510.0,57.031,58.23,4448.07,57.273,94.79,129.21,130.13,130.761,309.49,487.16
2021-05-25,642.83,785.03,5.9056,82.794,909.86,498.22,463.7,483.87,716.53,533.43,,64.503,1143.82,216.68,17512.0,57.146,58.352,4421.89,57.094,94.73,129.37,129.62,130.414,309.12,487.76
2021-05-26,640.99,785.17,5.892,82.575,906.74,496.88,463.17,483.71,715.84,531.3,,64.628,1146.53,216.29,17506.0,57.301,58.504,4441.39,57.081,94.7,128.8,129.59,131.877,310.51,489.05
2021-05-27,640.3,780.66,5.8667,82.481,903.86,495.53,466.06,483.22,713.17,527.97,,64.724,1149.44,214.93,17458.0,57.363,58.576,4478.26,57.647,95.26,129.89,130.69,132.026,310.56,489.13
2021-05-28,638.58,778.22,5.811,82.281,906.54,494.14,464.85,481.89,711.46,528.81,,64.855,1151.06,215.61,17515.0,57.539,58.756,4472.73,57.7,95.56,129.69,130.77,133.176,312.68,490.06
2021-05-31,636.82,776.16,5.7939,82.043,902.87,490.88,461.08,481.19,707.38,527.09,,65.024,1150.88,216.52,17514.0,57.701,58.919,4481.16,57.764,95.82,130.45,131.3,134.669,313.23,490.87
2021-06-01,635.72,777.2,5.8046,81.913,903.81,492.03,462.25,481.22,707.31,526.93,,64.889,1153.84,215.94,17430.0,57.793,59.024,4466.38,57.624,95.69,130.37,130.77,133.62,313.6,490.75
2021-06-02,637.73,779.05,5.8248,82.188,902.51,494.51,462.55,482.13,710.74,528.13,,64.688,1152.42,215.74,17357.0,57.594,58.814,4442.42,57.255,95.45,129.68,130.45,135.016,313.13,488.47
2021-06-03,638.11,778.95,5.821,82.239,904.08,494.28,461.5,482.47,710.4,529.98,,64.614,1146.05,211.86,17413.0,57.57,58.789,4448.57,57.196,95.45,129.62,130.09,134.673,312.05,487.85
2021-06-04,640.72,777.13,5.8099,82.585,903.86,490.84,457.89,482.47,709.06,529.11,,64.392,1143.39,212.64,17435.0,57.324,58.533,4466.12,57.394,95.68,130.01,130.76,135.911,314.48,486.98
2021-06-07,639.63,777.89,5.8351,82.463,905.59,494.83,460.81,482.91,711.15,529.44,,64.569,1138.24,209.94,17375.0,57.437,58.647,4445.26,57.256,95.59,129.44,129.87,135.674,312.2,487.36
2021-06-08,639.09,778.96,5.8478,82.367,905.94,495.68,461.68,483.1,711.94,528.85,,64.555,1138.32,211.74,17394.0,57.474,58.691,4451.63,57.348,95.46,129.29,129.29,134.737,310.3,487.83
2021-06-09,639.56,778.49,5.8418,82.425,905.0,494.89,460.19,483.04,713.05,527.99,,64.431,1128.97,212.23,17447.0,57.433,58.648,4479.26,57.317,95.52,129.35,129.28,134.526,308.14,487.86
2021-06-10,639.72,778.89,5.8348,82.434,902.57,494.32,458.73,482.82,713.95,528.0,,64.373,1130.6,214.73,17451.0,57.425,58.64,4445.84,57.428,95.47,129.22,129.35,134.203,308.47,487.27
2021-06-11,638.56,777.29,5.837,82.291,904.88,494.89,459.11,482.4,713.67,527.97,,64.506,1123.27,212.93,17422.0,57.528,58.747,4443.71,57.477,95.66,129.21,129.54,131.989,308.5,487.5
2021-06-15,640.7,776.43,5.8222,82.542,903.98,494.16,457.93,482.97,712.33,527.66,,64.192,1125.22,214.93,17444.0,57.329,58.542,4505.29,58.147,95.76,129.9,129.74,132.103,311.17,485.76
2021-06-16,640.78,776.85,5.8212,82.544,902.17,492.42,456.24,482.66,713.12,525.86,,64.26,1127.03,214.89,17437.0,57.327,58.535,4521.22,58.263,95.73,129.91,129.81,133.562,312.74,486.33
2021-06-17,642.98,770.65,5.8023,82.821,898.68,489.32,454.54,480.95,706.85,523.34,,64.162,1130.6,218.16,17547.0,57.18,58.381,4568.58,58.707,96.49,131.68,131.89,134.132,317.05,486.81
2021-06-18,643.61,766.71,5.836,82.893,896.91,486.31,451.38,479.55,701.38,521.35,,64.313,1123.66,219.21,17576.0,57.067,58.267,4639.29,59.439,96.99,132.83,132.68,135.458,317.36,487.87
2021-06-21,645.46,766.47,5.858,83.148,892.22,484.47,448.76,480.01,700.02,518.72,,64.122,1128.01,222.1,17569.0,56.894,58.093,4636.76,59.365,97.0,133.29,134.19,135.621,319.35,487.49
2021-06-22,646.13,769.82,5.859,83.22,899.92,486.96,451.44,481.21,703.69,522.49,,64.124,1130.54,220.02,17510.0,56.836,58.032,4588.97,58.805,96.59,132.07,132.72,135.882,317.36,489.2
2021-06-23,646.21,771.44,5.8397,83.211,901.55,488.03,453.41,480.92,703.7,525.05,,64.323,1125.59,220.55,17512.0,56.83,58.032,4540.45,58.542,96.36,131.18,132.15,133.832,314.9,490.26
2021-06-24,648.24,773.26,5.8403,83.479,905.25,491.08,456.85,481.63,705.86,526.92,,64.204,1119.7,219.55,17544.0,56.66,57.854,4528.39,58.559,96.17,130.83,131.69,133.27,311.57,491.51
2021-06-25,647.44,772.34,5.8381,83.411,901.13,490.95,457.24,482.07,705.2,525.48,,64.233,1116.46,219.37,17478.0,56.73,57.922,4550.0,58.513,96.29,130.93,131.31,134.426,306.53,492.44
2021-06-28,645.78,770.91,5.8286,83.205,897.0,490.01,456.49,480.99,704.19,525.25,,64.344,1118.02,219.35,17463.0,56.875,58.072,4554.29,58.541,96.46,131.52,131.53,135.64,307.07,492.4
2021-06-29,645.67,769.95,5.8377,83.184,895.98,488.43,454.73,480.81,701.95,523.37,,64.228,1117.58,220.87,17501.0,56.886,58.088,4550.36,58.46,96.58,131.85,132.07,134.545,306.93,494.66
2021-06-30,646.01,768.62,5.8428,83.208,894.1,485.28,451.53,480.27,701.34,520.97,,64.268,1125.93,222.19,17498.0,56.861,58.061,4573.29,58.792,96.74,131.95,132.5,135.193,306.77,496.34
2021-07-01,647.09,767.01,5.8224,83.336,894.64,485.06,452.44,480.95,699.27,522.02,,64.174,1130.2,220.6,17464.0,56.774,57.979,4580.08,58.954,96.94,132.17,133.06,134.552,308.15,495.27
2021-07-02,647.12,766.34,5.7991,83.338,890.31,483.01,450.66,479.47,698.66,520.04,,64.286,1135.05,223.5,17520.0,56.768,57.965,4580.77,58.918,97.03,132.61,133.35,134.058,309.18,495.75
2021-07-05,646.95,767.16,5.8213,83.297,894.82,486.47,454.48,480.32,702.01,524.74,,64.302,1130.95,220.15,17480.0,56.763,57.96,4583.28,58.81,96.91,132.1,133.08,134.301,306.06,496.85
2021-07-06,646.13,766.57,5.8252,83.178,895.19,487.33,455.8,480.51,700.71,523.68,,64.329,1136.57,220.66,17511.0,56.843,58.048,4588.18,58.698,97.01,132.34,132.53,134.089,307.08,496.87
2021-07-07,647.62,765.38,5.8524,83.376,893.53,485.25,454.22,480.49,700.2,519.7,,64.182,1149.75,221.91,17530.0,56.73,57.932,4622.28,58.959,97.13,132.79,134.43,134.151,309.14,498.23
2021-07-08,647.05,763.23,5.8504,83.293,892.99,484.26,453.78,479.71,699.2,518.46,,64.339,1153.62,220.95,17618.0,56.765,57.968,4674.94,59.397,97.43,133.28,134.92,134.204,308.37,499.63
2021-07-09,647.55,766.82,5.897,83.36,892.8,481.15,449.79,478.75,707.76,516.58,,64.567,1152.46,221.09,17686.0,56.72,57.923,4658.77,59.198,96.96,132.77,135.72,134.154,308.73,502.04
2021-07-12,647.85,768.89,5.8771,83.401,900.12,484.83,453.46,479.32,708.61,520.04,,64.615,1146.38,219.84,17682.0,56.708,57.913,4616.77,59.105,96.71,132.48,134.1,133.689,306.96,502.69
2021-07-13,647.57,768.13,5.8689,83.383,899.2,484.37,452.46,479.11,707.63,519.94,,64.713,1149.12,222.29,17700.0,56.721,57.92,4624.38,59.246,96.82,132.6,134.28,133.352,306.44,504.45
2021-07-14,648.06,763.2,5.8583,83.445,894.92,482.44,450.22,477.96,705.26,517.66,,64.735,1148.21,227.41,17751.0,56.679,57.881,4678.22,59.978,97.44,133.52,135.47,133.077,309.42,503.98
2021-07-15,646.4,764.83,5.8769,83.222,895.48,483.38,454.71,477.59,706.69,516.41,,64.96,1146.75,224.21,17732.0,56.822,58.024,4686.54,59.721,97.24,133.38,135.22,132.859,307.97,504.95
2021-07-16,647.05,764.12,5.8919,83.298,894.69,480.4,453.27,477.59,705.0,513.62,,64.935,1150.62,225.09,17659.0,56.779,57.981,4690.46,59.925,97.32,133.9,136.34,132.435,308.11,505.27
2021-07-19,647.0,764.08,5.8851,83.288,890.26,478.13,452.65,476.87,704.02,512.76,,65.0,1144.9,222.67,17647.0,56.77,57.972,4702.58,59.984,97.33,134.14,136.79,131.96,307.72,506.44
2021-07-20,648.55,764.81,5.9217,83.458,886.6,476.09,449.71,475.52,706.16,508.75,,65.098,1150.87,224.53,17738.0,56.635,57.835,4704.85,60.081,97.24,134.01,138.0,132.364,309.15,506.48
2021-07-21,648.35,763.75,5.8985,83.418,883.67,475.54,448.57,474.48,703.74,511.4,,65.171,1146.92,225.63,17718.0,56.653,57.854,4704.57,60.141,97.4,134.16,138.82,132.244,310.66,506.08
2021-07-22,646.51,762.36,5.863,83.173,886.46,475.37,450.0,474.04,704.57,514.45,,65.445,1143.37,225.47,17802.0,56.808,58.016,4718.37,60.048,97.57,134.38,137.41,132.392,311.76,508.03
2021-07-23,646.5,761.22,5.8709,83.195,890.44,477.31,451.31,475.73,703.48,514.59,,65.314,1139.21,227.55,17774.0,56.812,58.017,4698.54,59.953,97.71,134.23,136.88,132.422,310.99,508.5
2021-07-26,647.63,762.43,5.8595,83.343,890.98,477.18,452.16,476.12,704.21,515.4,,65.247,1137.33,228.94,17780.0,56.712,57.92,4724.15,60.031,97.53,134.2,136.79,132.064,309.84,508.36
2021-07-27,647.34,764.18,5.8661,83.229,894.94,478.06,453.17,476.87,707.09,516.19,,65.322,1137.08,228.28,17784.0,56.729,57.937,4729.78,60.103,97.32,133.25,136.16,132.183,309.61,508.05
2021-07-28,649.29,767.41,5.9147,83.422,901.4,478.25,452.02,477.47,710.11,515.66,,65.202,1132.85,227.78,17729.0,56.566,57.766,4679.49,59.897,96.9,132.8,136.76,131.85,307.54,507.29
2021-07-29,649.42,769.32,5.9115,83.502,903.17,479.11,452.0,478.77,713.85,518.8,,65.147,1131.84,227.12,17726.0,56.549,57.743,4683.07,59.727,96.66,132.29,135.44,131.769,306.83,505.88
2021-07-30,646.02,767.91,5.9013,83.12,901.8,477.81,452.86,477.5,713.05,518.94,,65.621,1133.44,225.48,17729.0,56.877,58.085,4656.34,59.513,96.86,132.43,135.17,130.959,307.61,508.91
2021-08-02,646.6,767.25,5.8927,83.185,898.67,474.87,450.96,477.39,713.73,518.52,,65.286,1130.53,226.1,17803.0,56.8,57.997,4675.73,59.505,96.94,132.95,136.51,130.545,307.41,509.39
2021-08-03,646.1,767.14,5.9111,83.103,897.52,475.88,451.42,477.47,713.68,516.86,,65.369,1128.93,223.89,17805.0,56.85,58.05,4649.52,59.422,96.97,133.01,136.59,129.279,308.03,509.74
2021-08-04,646.55,767.3,5.9317,83.135,899.64,478.24,455.36,478.58,715.35,515.8,,65.313,1127.58,221.36,17761.0,56.809,58.007,4633.91,59.325,96.92,133.07,136.33,129.997,307.41,510.8
2021-08-05,646.91,765.79,5.9076,83.183,898.48,477.59,455.72,478.65,713.6,515.75,,65.247,1131.72,222.07,17697.0,56.776,57.975,4631.37,59.323,97.1,133.07,136.66,131.044,308.78,512.27
2021-08-06,646.25,764.66,5.8871,83.103,900.1,478.4,455.6,478.32,712.7,517.11,,65.234,1131.58,224.58,17681.0,56.833,58.031,4620.86,59.448,97.26,133.29,136.36,131.925,308.41,514.64
2021-08-09,648.4,761.81,5.8806,83.335,898.89,475.59,453.39,478.2,708.06,515.73,,65.096,1133.6,225.86,17677.0,56.638,57.837,4640.46,60.033,97.6,133.85,137.6,133.043,309.71,515.22
2021-08-10,648.42,761.0,5.8774,83.324,897.82,475.29,453.39,477.59,704.27,515.59,,65.208,1135.92,227.96,17684.0,56.646,57.837,4640.49,59.967,97.73,134.27,137.98,133.345,309.58,515.94
2021-08-11,648.31,759.79,5.864,83.314,897.0,476.34,454.37,476.81,702.51,517.84,,65.234,1140.34,228.27,17781.0,56.655,57.848,4652.7,60.245,97.88,134.48,137.7,132.722,309.89,516.07
2021-08-12,647.54,760.34,5.8663,83.243,898.17,477.52,456.13,477.41,702.69,517.88,,65.434,1132.79,226.18,17845.0,56.712,57.906,4651.02,60.215,97.8,134.06,136.69,133.253,307.77,512.35
2021-08-13,647.99,760.51,5.8704,83.264,895.0,475.73,453.86,477.25,701.95,517.62,,65.341,1135.26,228.01,17972.0,56.683,57.88,4639.53,60.138,97.78,134.01,136.55,132.166,307.9,511.21
2021-08-16,647.17,763.02,5.9018,83.148,896.97,476.49,455.33,477.5,706.75,516.81,,65.498,1130.42,227.58,17989.0,56.767,57.97,4619.66,59.823,97.44,133.54,136.07,131.621,307.24,514.89
2021-08-17,647.65,762.76,5.9261,83.186,896.35,475.24,455.08,477.66,709.76,515.19,,65.41,1131.07,229.11,18038.0,56.713,57.913,4608.32,59.778,97.48,133.56,136.29,130.622,307.17,515.94
2021-08-18,649.15,760.26,5.9251,83.283,892.3,471.27,449.92,476.65,709.76,514.37,,65.278,1133.04,229.52,18135.0,56.564,57.756,4622.38,60.001,97.81,134.93,137.34,129.852,307.92,512.97
2021-08-19,648.53,759.41,5.9071,83.252,891.81,469.16,446.16,476.55,707.3,512.29,,65.321,1139.04,230.85,18049.0,56.633,57.828,4613.62,59.997,97.92,134.57,137.31,130.362,308.92,513.58
2021-08-20,649.84,758.82,5.9195,83.426,885.9,464.51,443.47,476.1,707.31,506.62,,65.204,1142.86,234.22,18087.0,56.522,57.712,4622.31,60.381,98.0,135.45,139.1,131.283,310.36,513.26
2021-08-23,649.69,759.89,5.9142,83.402,885.35,464.05,443.95,476.92,708.12,506.74,,65.176,1141.44,235.69,18101.0,56.531,57.721,4607.78,60.25,97.86,135.54,138.94,130.721,313.65,512.9
2021-08-24,648.05,761.15,5.9081,83.165,889.42,467.32,446.7,477.84,710.28,512.26,,65.169,1142.85,233.63,18055.0,56.67,57.862,4597.87,60.209,97.7,134.46,137.56,130.032,313.54,513.25
2021-08-25,647.28,760.64,5.899,83.104,888.29,469.59,449.09,477.78,708.72,513.88,,65.106,1139.43,231.92,18004.0,56.755,57.957,4577.42,60.137,97.77,134.27,136.45,130.04,312.19,508.54
2021-08-26,647.3,761.9,5.8849,83.161,890.87,470.93,451.23,478.55,708.42,514.07,,64.907,1141.77,230.97,18015.0,56.74,57.939,4572.22,60.019,97.59,134.19,136.11,129.452,312.6,505.57
2021-08-27,648.63,762.32,5.8945,83.284,888.58,469.55,450.63,478.89,706.74,511.41,,64.683,1145.02,230.08,18065.0,56.628,57.83,4574.57,59.994,97.53,134.16,136.2,129.272,313.94,505.15
2021-08-30,646.77,762.97,5.8871,83.039,889.93,472.77,453.19,480.5,709.53,512.79,,64.701,1134.53,227.58,18004.0,56.797,57.997,4579.28,59.978,97.47,133.54,134.67,129.221,312.21,503.25
2021-08-31,646.79,763.03,5.8822,83.07,889.87,471.73,452.95,480.78,705.19,513.04,,64.263,1136.14,226.64,18033.0,56.792,57.994,4561.29,59.751,97.45,133.39,134.06,129.525,311.4,501.92
2021-09-01,646.8,763.77,5.8798,83.17,889.6,473.33,455.91,481.06,706.58,512.72,,64.23,1133.53,224.55,17928.0,56.789,57.989,4567.91,59.223,97.36,133.31,134.35,128.571,310.34,498.58
2021-09-02,645.94,764.71,5.8672,83.062,889.31,475.7,456.24,480.35,705.43,511.58,,64.333,1129.96,222.93,17916.0,56.873,58.073,4549.39,58.967,97.24,133.39,134.64,128.386,309.71,500.6
2021-09-03,645.77,766.79,5.8729,83.108,893.44,477.84,459.07,481.04,706.15,514.42,,64.401,1128.45,223.69,17939.0,56.881,58.086,4545.67,58.834,96.96,132.75,133.87,128.3,309.13,502.62
2021-09-06,645.29,766.74,5.8785,83.03,894.24,480.46,461.39,481.16,705.95,515.03,,64.263,1127.74,221.63,17939.0,56.928,58.13,4534.25,58.784,96.98,132.48,134.33,128.963,308.7,503.82
2021-09-07,645.33,766.2,5.8757,83.021,893.03,480.0,460.59,480.97,705.19,514.95,,64.273,1130.67,220.57,17926.0,56.913,58.115,4537.38,59.023,97.06,132.63,134.13,128.33,308.4,503.36
2021-09-08,646.74,765.95,5.8634,83.191,891.2,477.77,459.13,480.47,703.36,511.33,,64.254,1134.03,221.03,17970.0,56.79,57.991,4550.54,58.893,97.08,132.83,134.25,129.083,308.23,504.98
2021-09-09,646.15,763.58,5.8618,83.087,889.49,475.79,458.62,479.99,700.87,509.16,,64.251,1132.38,219.6,18073.0,56.839,58.043,4580.23,59.151,97.37,133.52,134.86,131.094,308.62,507.05
2021-09-10,645.66,763.48,5.8812,83.012,893.52,475.77,458.79,480.87,704.39,509.91,,64.23,1129.35,219.97,18119.0,56.883,58.088,4589.32,59.47,97.39,133.34,134.27,130.75,308.66,506.62
2021-09-13,644.97,761.85,5.8695,82.92,892.57,475.1,458.97,480.66,702.44,508.59,,64.15,1134.34,220.2,18165.0,56.947,58.153,4596.7,59.652,97.61,133.86,134.29,131.281,308.22,507.33
2021-09-14,645.0,761.71,5.8641,82.91,892.66,475.23,459.01,480.66,699.36,510.11,,64.318,1125.76,219.27,18190.0,56.94,58.145,4592.9,59.7,97.6,133.39,133.94,130.618,308.16,509.49
2021-09-15,644.92,761.06,5.8773,82.904,890.26,471.88,457.46,479.83,700.79,508.08,,64.564,1131.31,222.17,18181.0,56.959,58.163,4595.06,59.772,97.72,133.52,134.08,130.836,308.78,510.73
2021-09-16,643.3,760.25,5.8833,82.671,890.78,472.07,458.32,479.85,699.42,509.59,,64.649,1123.44,223.91,18152.0,57.098,58.305,4589.94,60.04,97.81,133.41,133.22,131.076,308.72,510.84
2021-09-17,645.27,759.01,5.8795,82.906,890.07,470.54,456.32,479.43,695.56,508.74,,64.531,1123.49,226.4,18219.0,56.929,58.132,4619.22,60.227,97.96,133.62,133.81,132.297,309.03,513.17
2021-09-22,646.93,758.03,5.9225,83.083,883.33,467.56,452.75,478.12,700.13,504.34,,64.691,1128.33,229.65,18272.0,56.789,57.987,4647.82,60.94,98.08,134.38,134.25,133.335,311.28,515.99
2021-09-23,647.49,756.93,5.8966,83.157,881.94,468.46,452.83,478.2,699.01,506.68,,64.748,1127.6,228.58,18279.0,56.728,57.935,4691.69,61.033,98.24,134.28,133.81,133.657,310.25,516.68
2021-09-24,645.99,758.62,5.8569,82.97,886.75,471.85,456.86,479.15,698.76,510.29,,64.667,1125.14,228.26,18181.0,56.858,58.061,4693.97,60.751,98.02,133.57,132.74,135.74,310.38,515.92
2021-09-27,646.95,758.22,5.8417,83.104,884.11,470.08,453.91,477.87,699.48,511.32,,64.737,1124.16,231.06,18207.0,56.776,57.978,4703.88,60.76,98.07,133.61,132.49,136.994,310.04,515.97
2021-09-28,646.08,755.52,5.8211,83.009,885.23,470.44,452.65,477.05,697.8,511.61,,64.815,1123.51,231.52,18235.0,56.85,58.061,4737.19,60.863,98.42,134.78,133.15,136.515,311.17,519.77
2021-09-29,646.62,755.47,5.7955,83.074,875.35,468.26,449.75,476.41,695.82,509.82,,64.717,1126.79,233.62,18332.0,56.806,58.015,4760.76,61.349,98.43,135.05,133.94,137.188,314.53,523.27
2021-09-30,648.54,752.47,5.7929,83.306,871.03,465.74,445.58,476.32,694.16,508.52,,64.535,1124.26,234.14,18291.0,56.632,57.832,4785.79,61.538,98.83,135.7,135.18,137.59,316.26,523.25
2021-10-08,646.04,746.3,5.7844,82.981,879.18,472.21,447.58,475.4,695.29,514.49,,64.774,1112.58,231.47,18453.0,56.874,58.073,4804.16,61.457,99.71,136.03,132.8,137.443,319.98,523.4
2021-10-11,644.79,745.91,5.7424,82.833,878.13,470.68,446.48,475.88,695.08,516.71,,64.799,1114.76,231.64,18532.0,56.972,58.172,4839.09,61.719,99.76,135.52,132.49,138.982,321.41,525.31
2021-10-12,644.47,744.33,5.6848,82.823,875.53,473.4,447.12,475.31,694.6,516.11,,64.724,1114.68,233.75,18551.0,57.001,58.205,4827.57,61.599,99.96,136.15,133.25,139.652,323.82,522.69
2021-10-13,646.12,745.06,5.6908,83.036,877.66,474.48,447.7,476.09,694.3,518.08,,64.464,1112.57,231.54,18546.0,56.852,58.058,4836.86,61.52,99.86,135.96,132.45,139.951,321.77,516.48
2021-10-14,644.14,746.55,5.6825,82.809,879.77,475.16,448.63,476.51,696.7,517.42,,64.594,1119.1,229.72,18484.0,57.048,58.258,4824.26,61.276,99.67,134.96,131.87,142.104,319.4,516.66
2021-10-15,643.86,746.52,5.659,82.764,880.29,477.52,452.95,477.4,696.8,520.35,,64.527,1108.45,229.59,18385.0,57.047,58.257,4807.68,61.26,99.68,134.12,131.25,142.696,319.21,515.31
2021-10-18,643.0,745.84,5.6253,82.658,884.92,477.54,455.84,476.98,696.49,519.92,,64.671,1104.25,227.25,18391.0,57.124,58.333,4822.48,61.177,99.76,133.95,130.87,143.999,316.62,519.12
2021-10-19,643.07,746.85,5.627,82.679,883.1,476.6,455.82,476.72,696.31,519.53,,64.834,1106.36,228.25,18438.0,57.11,58.324,4843.41,61.381,99.62,134.67,130.89,145.225,317.61,520.03
2021-10-20,640.69,744.96,5.5925,82.391,883.3,478.61,458.05,476.04,693.79,518.06,,64.983,1107.96,226.69,18418.0,57.349,58.565,4863.14,61.537,99.88,134.71,130.39,145.324,316.03,520.99
2021-10-21,638.9,744.42,5.5853,82.187,883.03,480.4,459.86,475.62,695.23,518.4,,65.11,1108.14,225.55,18379.0,57.5,58.724,4867.18,61.553,99.95,134.45,130.06,144.333,316.53,522.16
2021-10-22,640.32,744.31,5.6192,82.358,883.2,477.87,458.2,475.29,697.33,517.73,,64.939,1110.35,229.22,18408.0,57.364,58.581,4891.32,61.87,99.95,134.33,130.61,148.866,317.12,521.54
2021-10-25,639.24,744.21,5.626,82.237,879.73,477.28,456.92,474.06,697.56,516.71,,64.954,1100.89,231.87,18421.0,57.467,58.687,4892.78,61.77,99.97,134.2,130.67,152.536,315.83,520.93
2021-10-26,638.9,741.47,5.617,82.175,879.09,478.51,457.58,474.09,694.32,515.91,,64.967,1092.82,230.32,18298.0,57.495,58.713,4931.65,62.238,100.33,134.75,130.77,150.122,316.05,517.59
2021-10-27,638.56,740.45,5.5912,82.109,879.03,479.6,457.46,473.88,694.1,515.32,,64.947,1088.0,232.49,18293.0,57.524,58.745,4928.99,62.234,100.46,134.89,130.99,149.392,316.37,519.98
2021-10-28,639.57,741.6,5.622,82.228,878.15,479.87,458.2,474.05,696.44,517.16,,64.94,1104.22,235.71,18330.0,57.436,58.653,4896.71,62.305,100.31,134.29,131.73,148.715,317.55,520.88
2021-10-29,639.07,746.43,5.6251,82.164,881.46,481.17,459.37,475.28,700.98,517.43,,64.882,1098.99,236.9,18306.0,57.486,58.71,4840.81,61.926,99.63,133.24,130.39,149.23,319.04,519.51
2021-11-01,641.92,741.84,5.6207,82.517,878.33,482.49,460.4,475.59,700.74,518.39,,64.583,1105.92,237.22,18305.0,57.238,58.453,4852.72,62.134,100.25,133.9,131.62,149.437,320.23,519.19
2021-11-02,640.09,742.25,5.6091,82.222,873.84,481.26,459.36,474.63,703.61,517.15,,64.834,1118.86,241.25,18381.0,57.4,58.622,4857.62,62.189,100.23,133.13,131.59,149.131,325.91,520.55
2021-11-03,640.79,741.77,5.6215,82.348,872.21,476.09,456.33,474.91,700.42,516.28,,64.789,1117.64,240.69,18430.0,57.325,58.546,4843.69,62.085,100.29,133.81,133.08,149.953,324.49,519.43
2021-11-04,639.43,742.33,5.6062,82.155,875.19,477.09,458.27,474.42,701.4,516.3,,64.964,1120.44,238.46,18435.0,57.448,58.676,4832.51,61.733,100.19,133.43,132.94,150.841,321.54,520.67
2021-11-05,639.8,739.03,5.621,82.203,863.86,473.68,454.49,473.6,700.97,513.75,,64.953,1117.0,237.79,18534.0,57.408,58.63,4869.96,62.266,100.62,134.24,133.68,151.631,321.3,521.31
2021-11-08,639.59,739.45,5.6333,82.177,862.55,472.95,454.5,473.62,701.01,513.46,,65.001,1112.92,235.66,18498.0,57.441,58.659,4853.95,62.178,100.57,133.98,133.78,151.808,318.58,519.68
2021-11-09,639.03,740.23,5.6418,82.051,866.52,473.67,457.26,474.19,699.48,513.42,,64.979,1114.36,233.42,18485.0,57.488,58.699,4876.66,62.046,100.49,134.21,133.02,151.657,318.33,515.7
2021-11-10,639.48,741.28,5.6628,82.088,866.93,471.49,455.47,474.59,701.8,514.11,,64.888,1106.2,235.37,18448.0,57.44,58.653,4864.25,61.935,100.33,134.12,133.04,152.187,317.83,512.45
2021-11-11,641.45,736.66,5.6315,82.321,860.1,470.13,453.12,474.27,698.59,513.57,,64.77,1113.44,240.86,18491.0,57.267,58.477,4931.32,62.544,100.95,135.69,134.85,153.515,321.26,511.95
2021-11-12,640.65,733.38,5.6166,82.229,856.33,467.03,449.55,473.03,695.3,508.94,,65.072,1119.01,239.08,18452.0,57.331,58.542,4975.92,63.19,101.41,136.0,135.54,154.883,322.11,512.72
2021-11-15,638.96,731.26,5.6035,82.005,857.28,468.53,450.01,472.55,693.59,509.23,,65.191,1138.67,239.9,18478.0,57.479,58.696,5012.64,63.456,101.72,137.1,136.04,156.889,321.16,512.78
2021-11-16,639.24,727.02,5.6015,82.069,857.44,469.68,450.19,472.17,691.07,510.95,,65.137,1135.16,237.91,18504.0,57.457,58.676,5032.97,63.87,102.3,137.66,136.36,157.411,322.45,512.59
2021-11-17,639.35,723.71,5.5646,82.093,858.21,466.64,446.87,471.21,687.12,508.9,,65.209,1143.21,242.75,18507.0,57.442,58.662,5042.55,64.271,102.77,139.09,136.83,161.752,324.49,512.07
2021-11-18,638.03,722.09,5.5861,81.913,860.66,463.53,446.69,470.57,687.03,505.8,,65.488,1137.95,242.74,18517.0,57.575,58.8,5045.06,64.543,102.98,138.94,136.99,167.112,323.8,511.64
2021-11-19,638.25,725.54,5.5844,81.934,861.41,464.5,449.34,470.51,689.45,506.46,,65.496,1144.77,245.13,18521.0,57.554,58.78,5017.44,64.343,102.48,138.9,138.0,173.782,325.42,510.53
2021-11-22,639.52,720.86,5.6054,82.096,858.86,462.52,447.05,469.42,687.94,505.5,,65.43,1149.79,246.09,18567.0,57.44,58.666,5093.67,65.064,103.15,140.04,139.73,174.992,326.08,512.77
2021-11-23,639.29,718.44,5.5659,82.06,856.16,461.85,444.44,468.2,685.19,503.11,,65.495,1173.17,248.01,18587.0,57.465,58.692,5151.52,65.505,103.52,140.73,139.75,178.51,328.47,516.78
2021-11-24,639.03,718.65,5.5497,82.001,854.87,461.64,444.36,467.88,684.64,504.12,,65.696,1162.19,247.98,18614.0,57.482,58.711,5148.83,65.45,103.48,141.4,139.27,200.66,332.36,518.26
2021-11-25,639.8,716.68,5.5415,82.045,852.61,460.67,439.89,467.54,684.79,505.23,,65.845,1172.36,248.3,18586.0,57.418,58.64,5141.76,65.286,103.76,142.58,140.14,186.255,334.71,521.66
2021-11-26,639.36,716.83,5.5504,81.996,851.4,458.97,437.95,467.31,683.57,505.27,,66.137,1167.7,250.92,18630.0,57.448,58.675,5107.33,65.276,103.74,142.3,140.35,187.984,338.16,522.35
2021-11-29,638.72,720.88,5.6127,81.912,851.75,455.73,435.68,466.01,690.42,501.17,,66.372,1177.22,253.64,18676.0,57.52,58.751,5122.88,65.289,103.15,143.23,141.78,193.792,340.49,526.55
2021-11-30,637.94,720.63,5.6046,81.792,849.41,455.78,435.44,466.25,691.29,500.8,,66.433,1166.68,252.94,18661.0,57.582,58.814,5099.92,64.971,103.2,142.02,141.26,200.097,339.57,527.87
2021-12-01,636.93,721.83,5.6213,81.681,847.22,453.88,434.62,466.56,692.8,498.39,,65.992,1164.55,249.6,18588.0,57.672,58.912,5053.36,64.503,103.03,141.66,142.06,212.035,336.67,529.14
2021-12-02,637.19,721.09,5.6446,81.766,845.84,452.74,433.92,466.75,691.96,497.11,,66.207,1165.31,251.58,18483.0,57.648,58.886,5028.82,64.11,103.12,142.66,142.66,210.244,337.4,529.46
2021-12-03,637.38,720.37,5.6371,81.803,847.66,451.82,434.1,465.61,692.88,497.27,,66.409,1155.62,250.02,18462.0,57.627,58.86,5053.41,63.824,103.23,141.99,142.71,214.959,334.1,531.38
2021-12-06,637.02,720.0,5.6356,81.704,842.97,446.84,430.27,464.56,693.31,496.7,,66.418,1159.37,252.12,18570.0,57.671,58.904,5066.78,63.863,103.28,143.74,144.01,214.961,333.32,531.75
2021-12-07,637.38,719.13,5.6181,81.723,845.17,448.96,430.16,465.64,688.79,499.36,,66.386,1166.88,249.57,18540.0,57.627,58.86,5083.84,63.859,103.4,142.7,142.68,216.65,333.27,531.05
2021-12-08,636.77,717.85,5.6093,81.651,843.37,453.22,432.05,466.32,688.68,503.57,,66.428,1162.56,249.0,18495.0,57.689,58.921,5114.84,63.838,103.6,142.9,141.52,212.451,330.28,528.06
2021-12-09,634.98,719.81,5.5799,81.432,838.08,454.7,431.79,466.0,689.52,501.52,,66.494,1159.48,247.26,18509.0,57.871,59.109,5069.13,64.063,103.3,142.36,139.9,215.651,330.06,527.12
2021-12-10,637.02,717.31,5.5983,81.694,839.74,453.96,431.79,465.29,687.5,499.68,,66.423,1157.01,251.09,18515.0,57.838,59.073,5093.49,64.19,103.65,142.68,141.64,217.102,329.81,527.75
2021-12-13,636.69,720.07,5.6068,81.637,843.6,456.08,432.45,466.75,691.1,500.31,,66.195,1151.82,250.79,18532.0,57.717,58.948,5078.42,64.138,103.25,142.26,140.55,217.849,328.36,526.51
2021-12-14,636.75,718.23,5.606,81.601,841.13,453.79,429.82,465.41,690.01,497.01,,66.406,1154.61,251.71,18592.0,57.69,58.926,5120.64,64.563,103.53,142.85,142.14,217.159,329.98,524.53
2021-12-15,637.16,717.21,5.6013,81.672,842.75,452.59,429.24,465.02,689.27,495.25,,66.45,1158.71,252.71,18597.0,57.658,58.89,5124.3,64.531,103.69,143.5,142.83,225.867,333.22,524.54
2021-12-16,636.37,718.35,5.5739,81.553,843.84,456.19,431.36,465.92,688.14,495.72,,66.432,1157.33,251.37,18605.0,57.728,58.97,5141.79,64.349,103.52,142.72,141.48,232.77,330.57,525.07
2021-12-17,636.51,720.96,5.597,81.568,847.75,456.47,432.28,466.68,692.16,497.94,,66.165,1158.13,250.4,18611.0,57.724,58.989,5108.76,64.232,103.13,142.01,141.31,246.564,327.25,525.08
2021-12-20,639.33,718.37,5.6241,81.934,845.34,454.99,430.24,467.51,691.71,495.63,,66.074,1162.61,249.13,18573.0,57.473,58.718,5107.61,64.439,103.48,142.99,141.47,260.528,325.85,521.9
2021-12-21,637.29,718.24,5.6038,81.699,841.26,452.73,427.45,465.95,691.06,492.25,,66.362,1162.46,247.78,18674.0,57.668,58.942,5125.03,64.455,103.53,143.58,142.19,212.056,326.04,527.86
2021-12-22,637.03,718.79,5.5874,81.664,845.11,455.2,430.86,466.99,689.9,493.11,,66.071,1162.2,248.75,18695.0,57.664,58.943,5115.36,64.303,103.44,143.34,140.46,194.2,326.95,528.7
2021-12-23,636.51,720.46,5.5715,81.607,849.22,458.65,432.67,466.99,691.51,495.13,,66.226,1156.57,247.33,18678.0,57.763,59.047,5112.27,64.314,103.2,142.81,139.57,189.134,325.83,529.03
2021-12-24,636.92,721.28,5.5639,81.67,853.9,460.79,434.52,468.8,693.41,497.15,,65.926,1151.36,246.01,18628.0,57.673,58.961,5125.28,64.186,103.08,142.64,138.53,179.272,324.08,526.49
2021-12-27,636.86,721.15,5.5699,81.659,853.73,460.86,434.23,468.84,693.76,497.04,,65.865,1153.74,244.13,18624.0,57.671,58.967,5126.79,64.093,103.1,143.03,138.99,171.71,323.86,524.88
2021-12-28,637.28,721.93,5.549,81.717,856.49,461.14,434.33,469.97,694.74,498.25,,65.62,1151.67,243.92,18616.0,57.631,58.931,5121.29,63.737,103.0,142.84,138.73,181.709,324.68,526.19
2021-12-29,637.35,721.0,5.5541,81.734,856.09,460.86,433.76,470.6,694.92,497.31,,65.591,1156.7,246.98,18637.0,57.626,58.923,5122.59,63.774,103.11,141.96,138.06,186.245,324.16,525.89
2021-12-30,636.74,722.42,5.5362,81.653,858.54,461.59,434.93,470.84,695.93,497.68,,65.606,1161.23,250.33,18605.0,57.708,58.978,5121.47,63.642,102.92,141.94,137.96,198.662,323.34,526.06
2021-12-31,637.57,721.97,5.5415,81.76,860.64,462.2,435.53,471.79,697.76,500.46,,65.503,1170.04,249.78,18656.0,57.602,58.884,5109.1,63.624,102.98,141.84,138.23,207.365,320.9,523.08
2022-01-04,637.94,720.99,5.5313,81.81,860.06,459.11,433.19,471.37,694.46,500.48,,65.462,1169.68,248.85,18714.0,57.571,58.847,5090.62,63.453,103.16,142.72,139.02,204.512,321.2,521.76
2022-01-05,637.79,719.62,5.4885,81.836,862.84,461.76,434.57,470.45,695.86,502.09,,65.651,1181.48,251.19,18768.0,57.59,58.893,5040.6,63.426,103.36,142.65,138.99,210.372,321.85,521.51
2022-01-06,637.28,720.87,5.4882,81.739,863.82,460.21,432.98,469.39,694.56,499.59,,65.809,1202.85,249.35,18807.0,57.625,58.934,5024.39,63.421,103.19,142.97,138.9,214.786,322.86,521.33
2022-01-07,637.42,720.02,5.5002,81.707,862.74,456.77,430.0,468.48,691.73,500.89,,66.114,1196.99,246.84,18845.0,57.616,58.886,5002.95,63.254,103.31,143.46,139.43,216.33,321.66,525.94
2022-01-10,636.53,722.51,5.5037,81.622,864.67,456.72,430.83,469.23,692.44,503.06,,66.015,1184.2,244.75,18821.0,57.711,58.961,4966.78,62.904,102.96,142.34,138.87,217.438,320.49,528.32
2022-01-11,636.84,721.71,5.5264,81.689,864.91,457.23,430.97,469.76,687.02,502.6,,65.94,1175.76,246.26,18793.0,57.668,58.934,4969.71,62.912,103.07,142.83,139.09,217.007,319.86,527.63
2022-01-12,636.58,723.76,5.5198,81.662,868.04,459.13,432.09,471.43,689.45,506.36,,65.766,1169.17,243.86,18707.0,57.696,58.96,4933.54,62.684,102.81,141.91,137.72,216.241,320.31,523.02
2022-01-13,635.42,726.24,5.5344,81.549,869.97,462.08,434.5,471.54,694.43,507.62,,65.876,1172.89,241.26,18688.0,57.876,59.144,4861.74,62.321,102.47,140.91,136.5,208.961,320.91,524.12
2022-01-14,636.77,729.32,5.578,81.755,872.95,463.46,436.95,472.87,698.81,508.92,,65.605,1200.06,242.16,18657.0,57.691,58.946,4862.61,62.235,102.02,140.27,136.75,213.509,319.45,521.93
2022-01-17,635.99,725.54,5.5636,81.675,869.18,458.56,432.77,471.47,695.21,506.61,,65.786,1200.02,241.26,18713.0,57.757,59.007,4912.43,62.527,102.57,141.66,137.76,212.559,319.34,522.21
2022-01-18,635.21,724.64,5.5423,81.538,866.69,457.82,431.43,471.05,694.83,507.44,,65.865,1198.09,242.28,18737.0,57.824,59.072,4911.73,62.437,102.71,141.99,137.25,211.661,319.53,520.46
2022-01-19,636.24,720.6,5.5524,81.649,865.1,457.3,430.92,471.08,693.63,508.79,,65.809,1209.57,243.78,18736.0,57.726,58.967,4963.42,62.931,103.27,143.62,138.42,212.689,320.54,520.62
2022-01-20,634.85,719.94,5.5486,81.484,863.71,457.88,430.16,471.05,693.15,507.22,,66.036,1200.82,241.49,18737.0,57.874,59.109,4938.84,62.817,103.37,143.61,138.31,211.556,323.27,518.97
2022-01-21,634.92,718.04,5.5722,81.518,863.14,457.7,428.32,471.2,692.31,507.42,,65.993,1208.72,239.99,18787.0,57.855,59.086,4960.24,63.026,103.65,145.32,139.23,210.379,323.6,518.43
2022-01-24,634.11,719.05,5.5745,81.422,859.28,455.53,425.9,471.49,694.81,504.36,,65.99,1221.0,238.12,18828.0,57.923,59.158,4983.5,62.974,103.52,144.99,140.27,212.153,322.76,519.93
2022-01-25,634.18,718.01,5.5605,81.453,855.04,453.26,424.73,471.27,693.63,501.88,,66.06,1240.57,240.66,18869.0,57.922,59.156,5030.41,63.565,103.67,146.08,141.52,212.352,324.52,520.4
2022-01-26,632.46,714.76,5.5519,81.232,854.24,452.67,422.95,470.51,688.96,501.02,,66.255,1244.56,241.15,18922.0,58.076,59.314,5018.76,64.1,104.11,146.42,141.22,213.163,325.97,521.91
2022-01-27,633.82,712.1,5.5258,81.363,853.05,450.84,421.62,470.03,685.62,500.31,,66.195,1253.93,241.84,18935.0,57.956,59.195,5055.51,64.366,104.48,146.87,141.08,214.281,327.07,522.65
2022-01-28,637.46,710.3,5.5247,81.824,853.28,448.59,419.58,471.16,684.59,500.5,,65.82,1223.67,242.54,18892.0,57.619,58.859,5018.5,64.174,104.77,147.3,140.32,213.547,325.8,521.81
2022-02-07,635.8,724.71,5.4921,81.624,856.26,447.67,418.23,470.68,684.13,496.29,,66.133,1195.02,244.19,18897.0,58.067,59.309,4888.57,62.985,102.67,144.54,138.86,214.46,327.11,520.38
2022-02-08,635.69,726.93,5.523,81.577,860.11,452.74,421.58,473.07,688.37,501.71,,65.817,1186.16,243.88,18845.0,57.788,59.03,4864.7,62.375,102.39,143.59,138.11,213.93,324.04,518.86
2022-02-09,636.53,726.74,5.5065,81.667,862.35,454.85,423.22,473.32,688.03,501.05,,65.728,1178.79,241.2,18797.0,57.698,58.937,4866.63,62.305,102.4,143.61,138.63,213.238,323.62,516.54
2022-02-10,635.99,726.42,5.5015,81.622,860.72,456.52,424.89,473.9,688.07,501.95,,65.777,1175.3,239.34,18787.0,57.751,58.993,4858.11,61.847,102.44,143.34,138.65,212.978,322.21,514.55
2022-02-11,636.81,726.14,5.4869,81.656,862.67,455.83,424.46,473.28,687.75,500.3,,65.711,1178.76,238.09,18847.0,57.673,58.913,4875.64,62.006,102.41,146.37,138.69,211.966,322.93,513.72
2022-02-14,636.64,723.39,5.5132,81.611,863.72,454.83,423.06,472.82,688.47,500.2,,65.82,1217.29,238.94,18838.0,57.684,58.924,4925.55,63.133,102.84,146.19,139.12,212.383,322.35,513.37
2022-02-15,636.05,719.17,5.5052,81.522,860.78,453.54,420.84,472.25,688.03,499.82,,65.852,1203.45,237.62,18814.0,57.743,58.986,4965.78,63.321,103.49,147.55,139.78,213.69,321.04,510.06
2022-02-16,634.63,720.74,5.4885,81.338,859.35,453.73,421.36,471.85,685.79,498.98,,65.962,1189.49,237.98,18875.0,57.873,59.127,4907.38,62.407,103.27,146.37,140.36,214.37,321.4,509.95
2022-02-17,633.21,720.73,5.4855,81.176,860.45,456.28,423.49,471.63,687.08,499.23,,66.063,1186.67,236.86,18904.0,58.01,59.267,4924.58,62.502,103.24,146.41,140.19,214.753,320.38,509.56
2022-02-18,633.43,719.89,5.5146,81.212,862.52,455.21,423.86,471.66,688.8,498.62,,66.078,1202.59,236.88,18911.0,57.987,59.239,4951.42,62.819,103.33,147.38,140.79,213.726,320.54,507.04
2022-02-21,634.01,717.45,5.5191,81.275,861.54,454.68,424.01,470.89,688.27,496.96,,66.035,1230.55,238.81,18896.0,57.932,59.187,4977.23,63.099,103.67,148.21,141.74,214.959,320.16,507.38
2022-02-22,634.87,717.63,5.5425,81.372,862.71,456.05,424.88,471.29,693.24,497.52,,65.853,1263.55,238.81,18822.0,57.845,59.093,4973.22,63.311,103.65,148.84,142.06,215.601,320.27,508.04
2022-02-23,633.13,717.44,5.5014,81.144,860.46,457.6,426.63,470.76,687.12,496.02,,66.105,1244.88,238.02,18831.0,58.002,59.254,4957.58,63.382,103.69,147.33,140.44,217.765,320.59,511.94
2022-02-24,632.8,715.14,5.5079,81.079,856.99,457.16,428.31,470.01,689.73,496.96,,66.144,1283.55,239.05,18889.0,58.039,59.287,5046.66,64.149,104.02,148.4,140.58,218.486,319.98,509.91
2022-02-25,633.46,709.31,5.4835,81.128,847.42,453.94,424.01,467.51,684.75,494.48,,66.36,1342.68,242.43,19010.0,57.97,59.217,5191.32,65.269,104.9,149.76,141.35,221.914,324.64,513.81
2022-02-28,632.22,706.59,5.4663,80.932,844.32,453.97,422.84,465.03,682.01,495.54,,66.442,1328.17,243.24,19016.0,58.101,59.346,5181.71,66.514,105.35,151.42,141.79,222.472,325.35,516.73
2022-03-01,630.14,705.92,5.4697,80.647,844.66,457.01,425.82,464.52,686.21,496.69,,66.672,1656.95,244.17,19069.0,58.365,59.618,5247.72,66.52,105.37,150.3,139.85,219.858,325.38,518.73
2022-03-02,633.51,704.91,5.5194,81.054,844.28,460.02,428.57,466.41,689.52,497.39,,66.216,1722.44,243.1,19035.0,57.972,59.218,5337.26,67.26,105.45,152.16,140.16,219.456,325.8,515.92
2022-03-03,630.16,699.73,5.4514,80.638,843.46,459.12,426.87,465.19,684.01,498.23,,66.564,1636.45,243.39,19079.0,58.344,59.601,5412.32,67.846,106.32,153.85,140.62,222.525,328.01,515.76
2022-03-04,632.88,698.84,5.4732,80.964,843.85,463.43,429.88,465.81,689.02,498.69,,66.198,1726.43,240.46,19115.0,58.094,59.342,5437.31,68.807,106.42,154.13,140.96,223.158,326.52,515.88
2022-03-07,634.78,690.2,5.5238,81.22,838.39,469.09,436.86,465.9,689.53,498.22,,65.805,1921.85,242.14,19229.0,57.845,59.088,5592.51,71.407,107.73,156.1,141.64,224.356,330.27,515.72
2022-03-08,631.85,686.34,5.4811,80.811,828.54,462.7,431.87,463.97,682.77,493.32,,66.146,2039.95,242.77,19472.0,58.114,59.37,5735.64,72.538,108.45,157.95,143.21,227.576,337.23,522.2
2022-03-09,631.78,688.06,5.4587,80.8,826.95,459.25,429.72,462.67,679.23,490.04,,66.21,2057.18,241.98,19525.0,58.147,59.392,5655.56,70.839,108.18,157.39,142.26,229.594,338.24,525.57
2022-03-10,631.05,697.73,5.4397,80.702,830.77,461.06,430.79,464.31,680.38,492.03,,66.376,2155.31,238.08,19430.0,58.245,59.493,5414.27,68.381,106.64,153.55,141.42,232.458,331.86,523.28
2022-03-11,633.06,696.11,5.4502,80.916,828.77,465.83,434.87,465.74,680.84,495.91,,66.187,2132.39,237.85,19426.0,58.021,59.261,5470.7,68.669,106.85,152.94,141.25,234.837,330.47,523.7
2022-03-14,635.06,692.5,5.3903,81.112,826.36,461.93,431.14,464.75,677.41,497.51,,66.222,2083.1,237.49,19463.0,57.99,59.232,5514.38,69.111,107.45,153.46,142.04,233.225,330.03,525.62
2022-03-15,637.6,696.04,5.383,81.45,828.04,458.11,429.45,465.89,678.2,496.47,,66.046,1886.04,237.68,19493.0,57.699,58.936,5365.5,68.001,106.86,151.16,142.07,232.696,328.26,524.98
2022-03-16,638.0,699.21,5.3919,81.536,831.93,458.78,431.31,467.38,677.93,499.45,,65.879,1726.65,236.59,19469.0,57.571,58.81,5304.59,67.277,106.37,150.69,141.15,230.921,326.35,525.35
2022-03-17,634.06,698.29,5.3267,81.116,832.4,461.66,432.5,466.49,672.79,499.37,,66.199,1535.28,235.51,19334.0,57.985,59.23,5299.53,66.779,106.58,148.74,140.53,230.373,325.94,526.4
2022-03-18,634.25,703.37,5.3463,81.134,834.05,467.78,436.86,468.54,676.84,502.0,,66.171,1621.6,235.32,19092.0,57.946,59.187,5284.75,66.519,105.78,148.48,138.59,232.284,323.68,523.95
2022-03-21,636.77,703.04,5.336,81.381,838.12,471.65,439.22,469.47,682.5,505.14,,65.913,1630.02,234.91,19024.0,57.695,58.93,5335.16,67.0,105.84,147.98,137.45,232.778,320.18,523.54
2022-03-22,636.64,701.11,5.3214,81.341,838.07,470.75,437.81,468.67,681.65,505.56,,66.049,1667.71,234.71,19152.0,57.69,58.923,5323.25,66.944,106.11,149.13,137.35,232.854,320.06,527.61
2022-03-23,635.58,700.72,5.2423,81.201,842.97,474.28,442.43,468.37,680.82,505.25,,66.326,1654.64,233.16,19102.0,57.804,59.036,5284.84,66.735,106.15,148.63,137.82,233.308,319.23,526.82
2022-03-24,636.4,700.38,5.2534,81.35,840.35,476.97,443.64,469.02,683.72,506.52,,66.368,1518.69,231.85,19123.0,57.712,58.943,5335.53,67.42,106.17,148.4,136.41,233.092,317.76,527.95
2022-03-25,637.39,701.55,5.2104,81.472,841.03,478.76,443.67,469.45,685.9,508.85,,66.29,1603.34,227.79,19138.0,57.621,58.848,5346.72,67.99,106.05,147.53,135.92,232.59,315.1,526.13
2022-03-28,637.32,699.93,5.2138,81.407,839.42,479.12,443.42,469.11,684.46,510.59,,66.052,1570.02,228.39,19187.0,57.617,58.844,5321.25,66.953,106.27,147.76,135.32,232.748,314.3,527.4
2022-03-29,636.4,699.71,5.1441,81.289,833.85,477.02,439.22,467.83,681.56,508.35,,66.253,1492.23,230.44,19196.0,57.71,58.942,5359.2,67.106,106.32,148.98,136.73,232.917,315.65,530.51
2022-03-30,635.66,704.8,5.166,81.218,832.23,477.4,441.01,468.67,682.64,508.16,,66.319,1393.43,228.76,19052.0,57.827,59.081,5214.24,66.101,105.53,146.73,136.45,229.813,314.4,527.13
2022-03-31,634.82,708.47,5.1965,81.101,833.78,476.46,442.6,469.32,687.41,508.49,,66.212,1314.8,228.23,19063.0,57.859,59.099,5182.57,65.511,104.98,145.76,135.05,230.984,313.16,524.63
2022-04-01,635.09,702.89,5.2115,81.084,834.64,475.7,440.07,468.52,687.51,507.84,,66.203,1283.66,230.09,19137.0,57.834,59.073,5227.45,66.011,105.82,147.8,138.39,230.98,312.98,524.12
2022-04-06,637.99,695.64,5.159,81.418,834.25,484.1,443.49,469.36,686.32,511.0,,66.038,1316.74,230.16,19102.0,57.547,58.776,5403.9,66.694,106.88,147.77,137.37,230.687,313.08,525.88
2022-04-07,636.59,693.81,5.1425,81.217,832.01,478.11,440.21,468.01,682.2,506.81,,66.233,1290.83,230.64,19146.0,57.701,58.926,5467.31,67.145,107.2,149.0,138.24,231.304,316.57,527.73
2022-04-08,636.53,691.88,5.1299,81.209,831.97,476.09,438.24,467.46,681.2,505.68,,66.297,1245.67,231.6,19204.0,57.701,58.922,5468.57,66.985,107.49,148.58,138.4,231.599,316.33,526.16
2022-04-11,636.45,693.06,5.1173,81.183,829.81,474.57,435.42,466.94,681.66,506.19,,66.239,1299.29,229.87,19309.0,57.668,58.887,5453.76,66.856,107.3,148.25,136.61,231.443,314.94,527.48
2022-04-12,637.95,694.0,5.0833,81.392,830.86,473.24,435.07,467.18,684.81,504.7,,66.387,1301.06,228.67,19359.0,57.57,58.779,5449.12,67.13,107.12,149.08,138.25,229.919,312.41,527.58
2022-04-13,637.52,689.98,5.0797,81.341,828.62,475.17,436.83,467.32,683.2,504.51,,66.395,1338.56,227.83,19298.0,57.616,58.823,5479.51,67.199,107.79,149.39,137.66,228.815,310.8,526.53
2022-04-14,635.4,692.09,5.0657,81.047,833.55,473.58,432.11,467.01,680.22,505.68,,66.52,1294.8,228.93,19250.0,57.816,59.03,5446.07,67.04,107.47,149.05,137.67,229.729,311.1,526.83
2022-04-15,638.96,690.68,5.0623,81.47,834.55,473.03,433.06,470.89,677.64,506.39,,66.246,1289.43,229.44,19265.0,57.507,58.717,5443.67,67.126,107.66,149.22,137.56,228.975,312.61,527.22
2022-04-18,637.63,689.58,5.0355,81.293,832.14,471.37,430.98,469.4,676.24,505.38,,66.416,1297.91,229.84,19288.0,57.604,58.813,5453.2,67.136,107.88,149.99,138.02,229.508,313.19,527.42
2022-04-19,637.2,686.97,5.012,81.24,828.75,468.72,429.03,467.9,674.32,505.49,,66.732,1273.17,230.24,19370.0,57.642,58.85,5438.06,67.271,108.27,150.63,138.92,229.847,310.97,529.12
2022-04-20,639.96,689.28,4.945,81.6,831.1,472.39,430.78,467.06,670.93,506.72,,66.751,1263.56,234.29,19387.0,57.483,58.692,5393.38,67.344,107.9,149.27,138.19,229.311,313.38,529.07
2022-04-21,640.98,695.22,5.0033,81.715,837.37,477.1,434.62,470.01,675.25,513.01,,66.822,1282.48,234.59,19267.0,57.311,58.523,5332.42,66.727,106.99,147.4,137.54,228.944,311.98,527.17
2022-04-22,645.96,700.54,5.034,82.34,842.22,476.22,434.87,473.64,677.82,513.58,,66.486,1243.7,237.85,19202.0,56.808,58.007,5287.04,66.17,106.18,147.08,137.52,227.416,312.12,524.49
2022-04-25,649.09,701.53,5.0439,82.721,832.69,469.64,429.96,473.75,679.04,510.24,,66.63,1191.27,240.14,19137.0,56.583,57.775,5289.61,66.198,106.02,146.72,137.83,227.187,311.78,523.23
2022-04-26,655.9,702.92,5.129,83.578,835.88,471.13,434.27,477.51,684.62,515.14,,66.399,1149.66,239.19,19031.0,55.972,57.161,5294.67,66.023,105.78,148.02,138.96,225.162,308.21,519.1
2022-04-27,655.98,698.39,5.1552,83.603,825.37,468.53,431.34,475.96,681.81,512.21,,66.365,1152.76,241.75,19218.0,55.973,57.162,5397.77,67.563,106.54,149.93,140.81,225.583,310.68,522.37
2022-04-28,656.28,692.78,5.1121,83.64,823.36,467.71,429.44,475.62,677.87,512.31,,66.361,1119.68,241.98,19279.0,55.918,57.105,5455.7,67.935,107.39,149.91,142.21,225.5,310.36,523.3
2022-04-29,661.77,695.31,5.0616,84.338,825.35,470.65,430.01,477.67,681.39,517.07,,65.886,1098.32,241.41,19200.0,55.469,56.648,5440.71,67.435,107.02,149.24,142.18,223.549,308.71,519.88
2022-05-05,656.72,697.06,5.0827,83.679,828.42,475.87,429.62,477.96,674.62,515.61,,66.147,1011.07,235.48,19058.0,55.92,57.113,5389.87,67.383,106.71,148.38,140.78,224.355,305.27,518.22
2022-05-06,663.32,699.78,5.0967,84.505,820.96,472.9,427.12,479.53,674.07,517.57,,65.603,972.18,240.74,19118.0,55.323,56.501,5437.28,66.996,106.29,149.84,142.79,223.9,304.48,516.71
2022-05-09,668.99,705.02,5.1193,85.223,825.2,471.72,427.98,482.51,676.66,518.22,,65.289,1014.51,239.24,19005.0,54.85,56.018,5411.53,66.637,105.49,148.95,142.05,223.337,301.46,513.55
2022-05-10,671.34,708.92,5.1538,85.523,827.9,466.77,424.05,482.69,676.0,515.85,,65.273,1035.09,241.8,18990.0,54.705,55.868,5360.83,66.21,104.91,150.34,144.11,224.971,303.46,515.41
2022-05-11,672.9,708.87,5.1634,85.722,828.62,466.9,423.41,483.79,675.93,516.49,,65.126,1035.5,239.67,18966.0,54.573,55.732,5357.11,66.003,104.91,149.6,144.51,227.685,302.75,514.55
2022-05-12,672.92,707.88,5.187,85.723,823.64,466.59,423.19,484.18,677.04,517.96,,65.072,989.54,238.93,19014.0,54.559,55.722,5362.08,66.041,105.1,149.71,144.88,226.973,301.81,514.88
2022-05-13,678.98,705.55,5.2886,86.495,829.66,466.99,424.5,486.8,677.67,521.62,,64.625,947.87,236.86,18965.0,54.019,55.171,5427.03,66.104,105.44,149.32,145.15,226.68,297.19,510.8
2022-05-16,678.71,706.03,5.2444,86.461,831.79,471.37,426.37,487.21,676.79,525.74,,64.757,951.59,238.16,18845.0,54.109,55.259,5458.96,66.26,105.37,148.39,144.04,228.093,296.03,511.77
2022-05-17,678.54,708.45,5.2611,86.439,836.52,473.31,428.28,487.83,677.38,528.1,,64.791,939.98,238.05,18849.0,54.119,55.273,5508.1,65.734,105.03,148.22,143.92,229.933,295.07,511.36
2022-05-18,674.21,711.04,5.2056,85.892,841.68,473.99,428.79,486.9,678.11,526.36,,65.118,973.46,236.05,18813.0,54.481,55.64,5431.14,65.423,104.65,147.23,143.51,236.106,295.87,512.1
2022-05-19,675.24,707.38,5.2658,86.033,834.16,470.52,425.57,485.58,683.86,524.4,,65.132,950.25,237.8,18849.0,54.382,55.541,5423.02,65.632,105.19,148.7,146.44,236.277,296.52,512.87
2022-05-20,674.87,713.79,5.2785,86.004,841.25,475.31,430.7,488.74,694.28,526.44,,65.257,923.11,234.71,18802.0,54.429,55.586,5387.04,65.104,104.23,147.02,143.61,235.895,295.34,511.09
2022-05-23,667.56,706.34,5.2224,85.063,835.25,471.78,429.06,484.51,685.33,521.09,,65.687,917.02,237.36,18989.0,54.985,56.156,5434.18,65.542,105.38,148.64,145.53,238.426,297.23,513.85
2022-05-24,665.66,710.95,5.2097,84.804,836.59,471.58,428.94,484.41,689.2,520.41,,65.948,879.72,237.07,18957.0,55.164,56.337,5374.18,64.847,104.63,147.6,144.41,239.358,299.28,513.23
2022-05-25,665.5,714.38,5.2478,84.785,834.73,472.98,429.45,485.55,693.1,519.33,,65.972,839.26,235.22,18958.0,55.157,56.326,5356.46,64.346,104.11,146.57,143.63,241.856,298.02,512.33
2022-05-26,667.66,713.89,5.2483,85.057,841.01,474.05,433.08,486.0,694.51,521.13,,65.773,888.75,235.35,18927.0,54.992,56.161,5495.37,64.398,104.2,147.55,143.19,244.772,296.64,512.52
2022-05-27,673.87,723.32,5.3038,85.847,850.24,478.72,437.01,491.06,703.08,527.55,,65.205,958.61,233.17,18707.0,54.487,55.651,5423.82,63.622,102.83,146.28,141.48,242.758,293.26,507.43
2022-05-30,670.48,719.45,5.2691,85.42,846.64,480.01,437.79,489.98,699.99,527.02,,65.298,990.35,232.65,18682.0,54.774,55.937,5477.07,63.529,103.39,146.57,141.29,243.775,292.09,508.58
2022-05-31,666.07,717.47,5.2102,84.865,842.02,478.8,436.31,487.21,694.87,526.18,,65.546,957.21,232.5,18568.0,55.131,56.304,5489.07,63.9,103.69,146.46,141.26,245.973,293.51,512.0
2022-06-01,666.51,715.31,5.1756,84.946,840.31,478.77,434.7,486.48,694.68,527.41,,65.653,936.84,234.45,18622.0,55.099,56.264,5548.35,64.02,103.99,146.5,140.57,246.03,294.86,514.47
2022-06-02,670.95,714.83,5.1562,85.502,837.75,481.45,435.24,487.87,696.87,529.92,,65.398,943.71,232.26,18591.0,54.731,55.891,5541.64,64.125,104.03,146.68,141.29,244.837,293.55,512.02
2022-06-06,666.91,715.61,5.1006,84.997,833.75,481.11,434.35,485.2,693.34,530.33,,65.723,945.49,232.78,18740.0,55.036,56.203,5476.12,64.069,103.93,146.33,141.32,247.247,292.83,514.91
2022-06-07,666.49,712.28,5.0416,84.956,834.1,478.6,431.91,483.69,685.85,529.53,,65.882,920.89,231.94,18832.0,55.101,56.27,5435.57,64.346,104.43,147.04,141.52,249.251,293.78,516.61
2022-06-08,666.34,712.89,5.0168,84.927,838.72,481.39,431.9,484.84,684.54,531.53,,65.946,924.34,230.82,18826.0,55.119,56.294,5447.9,64.17,104.33,146.99,141.98,252.684,293.97,516.68
2022-06-09,668.11,716.08,4.9708,85.132,837.94,480.67,430.79,485.64,682.79,532.37,,65.728,902.11,228.78,18801.0,54.964,56.136,5518.37,64.005,103.86,147.01,141.73,257.222,292.99,516.48
2022-06-10,669.94,711.46,4.9857,85.355,836.85,475.65,427.88,484.58,683.28,527.57,,65.634,863.34,231.34,18871.0,54.808,55.977,5553.78,64.703,104.56,147.98,143.1,257.359,293.54,516.18
2022-06-13,671.82,705.36,4.9861,85.585,825.51,471.92,426.21,483.56,679.36,525.11,,65.514,864.6,236.25,19032.0,54.655,55.826,5634.99,65.358,105.45,149.4,145.05,256.483,297.71,517.81
2022-06-14,674.82,702.69,5.0267,85.965,819.19,468.32,423.43,484.31,676.97,523.5,,65.462,851.13,239.12,19076.0,54.426,55.595,5689.53,66.208,105.86,151.05,146.78,255.974,303.41,517.07
2022-06-15,675.18,704.3,4.9933,86.011,810.85,465.17,420.39,484.57,675.0,521.33,,65.476,860.61,237.51,19107.0,54.397,55.567,5690.61,66.157,105.61,150.86,148.17,255.783,304.62,518.89
2022-06-16,670.99,701.42,5.0021,85.486,816.59,470.12,421.54,483.74,674.36,520.78,,65.791,852.81,235.14,19113.0,54.73,55.909,5666.69,66.502,106.1,151.57,148.11,256.967,301.93,518.98
2022-06-17,669.23,705.82,5.0471,85.255,826.2,471.1,425.37,483.78,692.26,516.68,,65.744,872.28,239.13,19239.0,54.875,56.059,5648.24,66.946,105.37,151.63,148.81,258.479,305.16,523.14
2022-06-20,671.2,704.03,4.9601,85.505,820.14,466.23,424.18,483.15,691.96,515.91,,65.583,847.47,238.6,19234.0,54.722,55.906,5675.4,66.445,105.65,151.69,148.96,258.339,302.59,525.24
2022-06-21,668.51,703.27,4.9485,85.162,819.19,465.73,423.45,481.54,691.15,514.88,,65.814,824.23,239.82,19306.0,54.941,56.128,5645.93,66.088,105.79,151.3,147.92,258.974,303.32,528.5
2022-06-22,671.09,706.22,4.9163,85.49,822.77,466.78,423.81,483.89,694.1,518.62,,65.565,815.32,237.39,19290.0,54.743,55.926,5582.25,65.633,105.31,150.69,146.9,258.581,300.36,526.83
2022-06-23,670.79,708.75,4.9326,85.456,822.01,463.52,420.79,483.64,697.8,517.68,,65.633,807.15,237.36,19352.0,54.746,55.929,5584.55,66.253,104.93,150.53,147.95,258.6,299.02,527.54
2022-06-24,670.0,705.22,4.9668,85.354,821.87,462.66,421.27,482.19,697.16,516.12,,65.728,814.55,238.28,19412.0,54.811,55.999,5665.28,66.673,105.48,151.87,148.78,258.84,298.74,529.98
2022-06-27,668.5,706.43,4.9472,85.166,821.46,464.35,422.33,482.53,698.5,518.54,,65.804,806.81,236.28,19338.0,54.936,56.137,5676.11,66.354,105.32,151.29,146.87,249.683,297.44,530.25
2022-06-28,669.3,707.94,4.9434,85.305,821.01,463.26,421.38,483.08,699.86,520.01,,65.778,802.37,236.93,19213.0,54.878,56.082,5685.6,66.136,105.09,150.72,146.37,247.707,297.48,528.56
2022-06-29,670.35,705.45,4.9278,85.443,817.01,463.16,418.35,483.07,700.6,520.76,,65.585,798.71,239.84,19232.0,54.795,55.986,5627.83,66.566,105.44,151.44,146.55,248.058,300.42,524.54
2022-06-30,671.14,700.84,4.9136,85.519,813.65,461.45,417.71,481.7,702.99,520.58,,65.572,778.1,241.95,19397.0,54.722,55.9,5621.62,66.597,106.14,152.56,147.37,247.733,300.08,524.65
2022-07-01,668.63,700.67,4.9239,85.208,813.21,461.38,417.22,481.19,700.16,519.49,,65.877,815.38,243.62,19272.0,54.908,56.093,5657.51,67.044,106.13,153.04,147.24,249.599,300.71,527.91
2022-07-04,670.71,699.76,4.9595,85.469,811.85,457.42,416.51,480.5,699.53,520.51,,65.735,819.19,243.7,19362.0,54.782,55.972,5723.71,67.051,106.28,153.59,147.82,249.965,302.05,531.17
2022-07-05,669.86,698.88,4.9303,85.366,811.51,460.56,416.29,479.96,697.29,521.2,,65.887,840.18,244.12,19351.0,54.828,56.019,5757.83,67.465,106.46,154.2,146.6,250.701,302.65,532.82
2022-07-06,672.46,690.42,4.9597,85.695,803.91,457.05,415.0,478.64,694.39,516.05,,65.724,938.22,245.87,19452.0,54.601,55.808,5899.17,68.685,107.76,156.25,149.48,252.707,305.14,534.17
2022-07-07,671.43,683.84,4.9369,85.562,800.31,455.37,412.88,477.96,691.96,514.91,,65.904,942.07,250.08,19451.0,54.708,55.921,5987.78,69.744,108.84,156.95,150.95,256.406,307.65,539.22
2022-07-08,670.98,682.2,4.9334,85.495,806.73,459.22,414.33,479.1,688.82,517.29,,65.99,941.21,249.59,19369.0,54.743,55.954,5902.76,70.084,109.09,156.85,150.21,257.203,305.57,537.77
2022-07-11,669.6,681.12,4.9143,85.311,805.1,458.54,414.26,478.83,685.08,517.22,,66.077,952.59,251.71,19380.0,54.831,56.04,5936.05,70.086,109.25,157.23,150.7,257.764,305.62,535.5
2022-07-12,672.87,675.71,4.8996,85.718,800.38,453.38,411.64,478.83,684.57,517.55,,65.798,959.61,253.77,19465.0,54.577,55.783,6018.97,71.029,110.06,158.09,151.6,257.61,308.22,538.58
2022-07-13,672.82,675.06,4.9169,85.711,799.28,454.12,411.94,477.99,685.2,516.34,,65.972,893.11,253.05,19431.0,54.592,55.787,6034.01,71.335,110.22,157.25,152.45,256.839,310.32,538.25
2022-07-14,672.65,675.09,4.8899,85.694,798.11,453.48,411.32,478.77,686.08,517.67,,65.942,897.73,251.77,19432.0,54.603,55.809,6080.89,71.522,110.2,157.24,151.98,258.981,309.09,538.77
2022-07-15,675.03,676.23,4.8571,85.993,798.68,455.78,413.75,480.95,686.57,514.72,,65.812,890.04,254.36,19514.0,54.411,55.617,6008.99,71.209,110.04,156.76,151.56,258.667,308.34,541.57
2022-07-18,674.47,680.48,4.8729,85.92,801.39,459.01,416.55,482.39,691.32,518.27,,65.927,844.18,253.17,19566.0,54.466,55.684,5892.53,70.233,109.37,155.27,151.01,257.2,304.2,542.48
2022-07-19,674.51,683.89,4.8791,85.925,805.76,459.22,414.8,482.67,689.86,519.47,,66.008,847.4,253.92,19534.0,54.448,55.663,5859.41,69.948,108.82,154.23,149.74,258.911,303.21,543.43
2022-07-20,674.65,690.32,4.8804,85.943,809.78,465.55,420.69,484.8,696.32,524.08,,65.965,837.67,253.25,19383.0,54.446,55.68,5768.68,68.899,107.85,151.52,146.79,260.089,304.12,542.62
2022-07-21,676.2,688.3,4.884,86.144,809.2,465.5,420.85,485.2,695.82,524.69,,65.845,805.61,253.56,19422.0,54.328,55.576,5788.2,69.328,108.16,151.62,147.49,260.315,304.06,543.01
2022-07-22,675.22,689.96,4.9226,86.029,809.83,467.53,421.54,485.9,698.86,524.38,,65.954,854.03,252.48,19360.0,54.39,55.644,5771.16,69.013,107.87,150.97,147.27,262.565,306.04,544.24
2022-07-25,675.43,688.86,4.951,86.049,809.63,466.6,421.06,486.26,701.06,522.7,,65.896,861.46,249.23,19417.0,54.377,55.626,5763.0,68.788,108.01,151.42,147.26,263.003,304.19,542.88
2022-07-26,674.83,689.81,4.9466,85.973,813.35,469.17,422.39,486.77,699.75,525.11,,65.972,863.94,248.82,19441.0,54.419,55.67,5778.96,68.465,107.94,151.0,145.79,264.233,303.24,543.75
2022-07-27,677.31,686.31,4.9474,86.29,815.52,470.8,422.93,487.45,703.9,526.1,,65.809,887.77,249.65,19345.0,54.226,55.465,5839.34,69.275,108.41,152.17,145.86,263.887,301.94,542.21
2022-07-28,674.11,687.67,4.9453,85.881,819.79,471.52,422.1,487.68,703.15,525.92,,66.102,902.62,247.44,19400.0,54.488,55.716,5874.17,69.601,108.27,151.64,144.52,265.227,302.58,544.48
2022-07-29,674.37,687.39,5.0154,85.908,820.83,471.96,424.55,488.83,706.37,526.62,,65.997,923.9,245.11,19242.0,54.46,55.689,5885.37,69.259,108.27,151.41,144.33,266.174,300.88,541.24
2022-08-01,674.67,688.8,5.0552,85.948,820.93,470.71,423.84,488.24,707.99,526.54,,65.966,922.72,245.95,19326.0,54.445,55.673,5860.56,68.742,108.07,150.95,143.54,265.729,302.06,538.65
2022-08-02,674.62,692.58,5.1284,85.939,826.79,474.03,427.27,490.2,710.24,525.26,,65.94,937.43,244.44,19324.0,54.442,55.664,5783.89,68.091,107.48,149.99,142.8,265.12,302.32,534.65
2022-08-03,678.13,688.63,5.0793,86.388,823.76,468.08,422.24,489.94,707.34,526.38,,65.709,895.0,248.16,19354.0,54.161,55.405,5784.59,68.543,108.08,151.27,144.26,264.534,306.56,534.25
2022-08-04,676.36,687.15,5.0439,86.168,821.17,469.64,424.02,489.82,703.52,526.23,,65.885,907.86,248.01,19355.0,54.299,55.577,5739.94,68.36,108.32,151.06,143.71,265.098,303.0,535.92
2022-08-05,674.05,690.64,5.0773,85.868,819.39,469.3,424.39,489.97,706.36,523.81,,66.08,915.09,246.41,19331.0,54.489,55.741,5719.14,68.192,107.76,149.95,144.33,266.128,301.67,531.5
2022-08-08,676.95,688.43,5.0086,86.237,816.3,467.53,422.38,489.75,703.31,523.06,,65.777,900.82,248.01,19247.0,54.261,55.509,5718.24,68.437,108.07,150.81,145.01,264.703,301.66,528.33
2022-08-09,675.84,689.02,5.0073,86.096,816.53,472.1,424.83,490.26,707.52,525.58,,65.938,916.27,246.19,19288.0,54.347,55.616,5723.05,68.171,107.99,150.12,144.1,265.435,299.74,526.59
2022-08-10,676.12,690.15,5.003,86.133,816.28,470.37,424.87,490.27,708.62,524.63,,65.879,903.51,245.56,19345.0,54.327,55.605,5748.85,68.107,107.81,150.44,143.94,265.092,299.57,523.07
2022-08-11,673.24,693.16,5.068,85.791,821.94,476.62,431.02,491.68,714.19,526.95,,66.115,901.91,240.76,19365.0,54.561,55.851,5712.63,67.505,107.38,149.36,141.45,265.487,297.78,525.1
2022-08-12,674.13,695.5,5.0663,85.992,821.86,478.7,433.52,492.03,715.96,528.1,,65.941,903.2,241.33,19357.0,54.484,55.727,5675.53,67.361,106.94,149.33,141.34,266.316,295.95,522.33
2022-08-15,674.1,691.56,5.053,86.025,818.01,480.07,434.96,491.66,715.83,527.64,,65.92,911.85,240.66,19325.0,54.487,55.698,5677.02,67.364,107.56,151.32,142.12,266.114,294.45,523.66
2022-08-16,677.3,688.16,5.0898,86.418,816.46,475.33,430.77,491.48,716.11,524.75,,65.815,904.96,242.59,19300.0,54.216,55.427,5797.23,68.023,108.05,152.68,143.37,265.025,292.66,524.58
2022-08-17,678.63,690.25,5.0526,86.563,821.03,476.27,430.31,492.35,714.63,528.28,,65.792,900.46,241.42,19288.0,54.117,55.315,5847.49,67.553,107.75,152.31,142.45,264.234,293.31,521.5
2022-08-18,678.02,690.13,5.0196,86.441,816.67,470.1,425.68,490.72,712.59,524.85,,65.876,891.65,245.56,19379.0,54.171,55.371,5841.96,68.126,107.8,153.33,143.2,264.656,294.85,522.98
2022-08-19,680.65,686.63,5.0102,86.766,812.15,470.58,425.14,491.15,711.38,525.65,,65.746,882.64,247.84,19486.0,53.961,55.177,5916.59,68.816,108.3,154.41,143.03,265.596,295.75,524.01
2022-08-22,681.98,684.21,4.9785,86.913,805.85,468.88,421.09,489.96,711.3,524.7,,65.646,871.01,249.39,19531.0,53.845,55.05,5914.66,69.392,108.68,155.32,143.97,265.158,295.99,524.45
2022-08-23,685.23,680.7,4.9803,87.326,806.1,471.28,423.22,490.13,710.41,524.98,,65.489,877.14,247.98,19557.0,53.6,54.8,6007.66,69.914,109.25,156.4,143.45,264.034,293.91,527.11
2022-08-24,683.88,681.68,4.9999,87.153,809.19,473.41,424.53,491.16,709.18,527.87,,65.556,891.69,248.54,19584.0,53.681,54.887,6069.34,70.021,109.11,155.45,142.01,264.771,292.15,527.43
2022-08-25,685.36,684.47,5.0075,87.355,809.72,474.33,424.57,492.52,710.29,529.36,,65.319,878.08,246.93,19527.0,53.497,54.738,5980.07,69.667,108.65,154.56,141.26,264.379,290.03,525.29
2022-08-26,684.86,683.33,5.0178,87.284,810.65,477.62,426.03,493.42,711.23,529.87,,65.228,881.51,244.16,19475.0,53.582,54.803,6016.51,69.364,108.84,154.57,141.05,265.151,290.77,523.22
2022-08-29,686.98,683.46,4.98,87.541,804.21,472.21,420.64,492.23,710.23,526.62,,64.956,879.96,245.97,19432.0,53.393,54.604,6011.56,69.371,108.79,155.63,142.47,264.187,291.75,526.94
2022-08-30,688.02,690.22,4.9804,87.672,808.5,476.4,424.8,494.77,713.57,530.87,,64.957,892.87,243.93,19512.0,53.184,54.38,5898.48,68.519,107.68,154.49,141.15,263.351,289.81,526.71
2022-08-31,689.06,692.24,4.98,87.788,805.57,473.82,423.86,494.15,709.4,527.88,,64.758,874.14,245.59,19523.0,53.153,54.352,5808.14,68.204,107.4,154.53,142.0,263.153,291.5,527.55
2022-09-01,688.21,691.71,4.9482,87.687,799.11,470.72,420.97,492.83,703.84,524.3,,64.925,874.37,248.28,19467.0,53.291,54.54,5784.54,68.257,107.5,154.99,144.47,264.131,292.71,530.48
2022-09-02,689.17,687.9,4.9379,87.812,798.61,469.72,420.75,493.02,704.66,525.88,,64.826,869.75,249.89,19597.0,53.103,54.329,5837.15,68.495,108.08,156.11,145.33,263.23,291.73,531.76
2022-09-05,689.98,685.11,4.9224,87.901,793.48,469.65,420.91,492.47,703.01,526.02,,64.913,872.91,250.49,19714.0,53.134,54.384,5846.63,68.869,108.51,156.64,145.53,263.6,288.93,531.09
2022-09-06,690.96,688.86,4.9327,88.03,800.43,471.94,422.94,493.91,707.61,527.69,,64.834,884.16,247.91,19758.0,53.018,54.26,5862.14,68.515,107.93,155.74,143.57,263.007,288.45,527.41
2022-09-07,691.6,688.21,4.8614,88.105,800.52,468.17,419.58,494.27,706.47,529.06,,64.602,879.73,248.77,19820.0,52.749,53.97,5860.86,68.698,108.04,155.32,144.39,261.756,289.23,527.49
2022-09-08,691.48,693.68,4.8161,88.093,800.49,469.22,420.89,494.59,711.16,529.57,,64.705,885.63,248.59,19863.0,52.843,54.064,5700.61,67.88,107.18,154.1,144.19,262.268,287.7,525.39
2022-09-09,690.98,694.59,4.8238,88.031,799.36,469.56,421.58,494.24,715.99,530.35,,64.895,881.62,252.31,19920.0,52.96,54.189,5717.04,67.83,107.21,154.16,144.6,262.916,287.45,524.24
2022-09-13,689.28,699.65,4.841,87.82,807.18,475.7,424.33,494.67,724.71,531.92,,65.206,871.32,247.74,19897.0,53.196,54.422,5685.08,67.122,106.35,151.73,142.48,263.927,287.24,525.06
2022-09-14,691.16,691.57,4.8011,88.056,798.56,467.85,417.41,493.47,722.63,527.14,,64.973,897.45,251.09,19959.0,52.885,54.113,5759.62,68.055,107.65,154.02,145.85,262.428,288.26,526.72
2022-09-15,691.01,692.03,4.86,88.048,801.35,468.79,418.26,493.97,721.7,527.47,,65.231,864.65,251.87,20032.0,52.953,54.204,5855.0,68.094,107.61,154.06,145.57,262.909,287.4,526.85
2022-09-16,693.05,694.21,4.8561,88.297,797.25,465.4,415.04,493.95,723.67,525.25,,65.179,861.81,252.49,20020.0,52.809,54.019,5888.47,67.987,107.28,154.42,146.55,262.414,288.53,530.16
2022-09-19,693.96,697.45,4.8847,88.413,797.32,468.97,418.66,496.07,723.34,525.9,,65.033,909.05,253.0,19873.0,52.727,53.932,5803.97,67.607,106.81,154.16,146.46,261.993,287.29,527.82
2022-09-20,694.68,699.41,4.8813,88.507,798.78,469.72,416.44,495.86,724.24,527.28,,65.169,871.79,253.09,19883.0,52.635,53.88,5686.25,67.147,106.43,154.18,146.31,262.021,285.05,528.16
2022-09-21,695.36,696.41,4.8791,88.586,795.75,468.2,413.25,495.81,725.57,523.29,,65.246,875.14,252.99,19852.0,52.541,53.799,5753.98,67.797,106.91,155.73,147.93,261.681,285.52,528.74
2022-09-22,697.98,689.76,4.8812,88.917,790.69,464.56,410.51,495.62,726.53,521.74,,64.867,869.37,252.15,19868.0,52.266,53.533,5882.27,69.167,107.92,157.74,147.7,260.569,284.64,528.61
2022-09-23,699.2,691.12,4.9572,89.08,792.57,467.13,411.79,495.84,720.87,522.44,,64.938,856.73,249.89,19941.0,52.229,53.47,5855.97,68.672,107.92,157.36,148.2,260.386,282.81,530.21
2022-09-26,702.98,684.29,4.9377,89.551,765.01,462.01,407.48,494.88,720.53,521.43,,64.807,806.22,253.64,20016.0,51.942,53.184,5917.97,69.264,108.9,159.62,150.14,260.245,285.02,529.73
2022-09-27,707.22,682.84,4.926,90.093,761.72,459.94,403.68,494.66,716.2,518.21,,64.793,818.18,254.47,20095.0,51.75,52.986,5972.29,69.637,109.17,159.66,152.08,259.595,287.54,532.86
2022-09-28,711.07,683.05,4.923,90.584,764.25,458.5,401.73,495.46,718.89,519.72,,64.611,821.21,252.9,19961.0,51.532,52.771,5957.4,70.043,109.09,159.72,151.83,258.555,286.27,531.98
2022-09-29,711.02,692.83,4.9355,90.578,775.1,464.46,407.73,497.74,731.8,524.72,,64.897,806.65,250.25,20016.0,51.432,52.727,5969.95,69.713,107.69,157.37,150.15,259.643,283.91,530.42
2022-09-30,709.98,698.92,4.9276,90.444,794.81,462.96,408.41,497.17,730.14,520.84,,65.23,808.41,252.94,20143.0,51.612,52.798,6030.02,69.471,106.5,156.74,150.32,259.849,283.31,532.82
2022-10-10,709.92,692.47,4.8906,90.437,787.48,452.36,398.95,495.67,715.34,517.76,,65.346,883.12,254.72,19932.0,51.648,52.843,6130.29,70.26,107.49,157.78,150.69,260.67,282.09,527.93
2022-10-11,710.75,691.07,4.8877,90.542,788.67,448.15,396.66,495.58,712.47,517.02,,65.47,883.25,254.34,20006.0,51.608,52.816,6169.39,70.316,107.71,158.73,150.02,260.999,280.7,532.92
2022-10-12,711.03,692.43,4.8943,90.578,784.42,447.45,398.65,496.33,716.06,517.85,,65.552,906.44,254.57,20006.0,51.47,52.668,6209.45,70.184,107.58,159.25,150.74,260.429,281.78,533.21
2022-10-13,711.01,691.99,4.8585,90.585,791.13,447.29,399.98,497.04,715.19,516.02,,65.77,908.01,256.56,19955.0,51.562,52.756,6254.7,70.133,107.72,159.11,151.26,260.174,281.05,531.16
2022-10-14,710.88,695.96,4.8341,90.56,806.47,448.68,402.04,499.03,711.91,518.45,,65.892,895.96,256.32,20029.0,51.581,52.761,6170.5,69.151,107.07,158.08,148.75,260.424,281.21,532.98
2022-10-17,710.95,695.12,4.8083,90.568,803.44,443.92,397.95,501.54,712.18,515.72,,65.965,872.84,256.15,20029.0,51.464,52.644,6016.68,69.422,107.22,158.31,149.58,260.235,281.1,534.0
2022-10-18,710.86,700.66,4.7806,90.559,809.45,448.29,403.21,502.0,716.04,519.98,,66.181,863.0,253.79,20010.0,51.605,52.807,5883.85,68.584,106.38,156.64,148.06,260.688,281.3,533.64
2022-10-19,711.05,703.08,4.7793,90.583,810.02,450.38,406.25,503.06,718.61,520.17,,66.111,856.35,253.73,19881.0,51.532,52.697,5888.87,68.193,106.04,155.55,148.18,260.598,281.55,532.51
2022-10-20,711.88,699.49,4.7794,90.688,804.24,448.91,406.39,503.36,713.69,520.74,,65.908,855.43,255.73,19914.0,51.295,52.477,5929.59,68.867,106.64,156.82,148.64,259.504,281.72,533.38
2022-10-21,711.86,699.02,4.7607,90.689,803.2,448.46,405.57,502.72,712.57,519.46,,66.164,852.0,256.17,19931.0,51.419,52.606,5865.49,68.494,106.77,157.91,149.69,260.032,281.25,532.84
2022-10-24,712.3,704.21,4.8167,90.744,811.31,455.43,411.27,505.94,716.73,525.16,,66.272,852.75,252.6,19917.0,51.302,52.488,5833.55,68.023,105.95,156.73,147.19,260.225,279.87,530.3
2022-10-25,716.68,709.08,4.8136,91.299,812.61,453.9,408.54,506.2,718.92,525.16,,66.113,847.9,256.66,19962.0,51.162,52.35,5866.11,67.796,105.37,155.47,146.58,259.782,279.09,530.22
2022-10-26,716.38,716.14,4.8546,91.262,825.6,458.8,412.6,509.05,724.15,529.27,,65.81,852.75,253.11,19786.0,51.067,52.266,5801.94,66.816,104.19,152.71,144.96,258.703,277.36,526.48
2022-10-27,715.7,721.57,4.8878,91.176,831.8,464.0,417.29,509.73,726.05,527.92,,65.881,857.48,250.72,19809.0,51.354,52.55,5673.15,65.837,103.18,151.79,143.31,260.373,279.45,526.71
2022-10-28,716.98,716.12,4.9116,91.343,831.64,463.59,418.97,509.64,725.97,530.19,,65.793,851.3,250.39,19741.0,51.149,52.328,5720.0,66.053,104.01,152.6,143.1,259.169,276.67,525.28
2022-10-31,717.68,717.03,4.875,91.431,835.71,461.47,418.41,510.22,723.27,529.75,,65.712,848.49,251.93,19684.0,51.02,52.197,5751.28,65.931,103.97,152.28,143.5,258.159,275.76,525.61
2022-11-01,720.81,713.34,4.8588,91.828,829.86,462.72,420.79,511.03,722.44,531.33,,65.547,848.38,253.93,19658.0,50.875,52.04,5744.83,66.2,104.64,152.93,144.31,257.86,274.87,524.8
2022-11-02,721.97,714.1,4.8804,91.974,831.52,462.1,422.32,511.47,723.75,531.27,,65.668,864.61,251.83,19549.0,50.823,51.999,5711.02,66.069,104.46,152.55,143.42,257.431,273.89,520.77
2022-11-03,724.72,711.53,4.9,92.324,825.87,459.17,421.03,511.48,723.18,528.94,,65.514,840.67,252.02,19541.0,50.688,51.86,5739.43,66.33,104.75,153.47,144.66,257.129,272.45,519.75
2022-11-04,725.55,709.55,4.9097,92.429,814.02,457.79,420.04,512.1,718.91,530.2,,65.256,854.39,252.81,19546.0,50.454,51.624,5728.67,66.262,105.04,153.89,145.53,255.746,270.66,521.58
2022-11-07,722.92,717.66,4.9172,92.096,818.24,465.0,425.2,513.32,725.08,534.7,,65.719,857.64,249.39,19545.0,50.824,51.999,5612.39,65.393,103.72,151.5,142.31,257.519,271.08,518.71
2022-11-08,721.5,723.17,4.9197,91.913,830.78,467.23,428.54,514.97,729.79,534.86,,65.752,867.2,245.91,19302.0,50.909,52.084,5545.67,64.648,102.9,150.28,141.62,256.073,269.89,517.44
2022-11-09,721.89,726.28,4.9569,91.969,832.53,468.89,429.67,516.05,732.15,537.26,,65.637,846.59,245.71,19086.0,50.958,52.154,5544.51,64.689,102.51,149.21,142.09,257.188,271.52,512.58
2022-11-10,724.22,725.23,4.945,92.261,823.02,465.31,426.15,516.31,736.05,535.25,,65.006,842.54,245.4,18880.0,50.76,51.974,5557.17,65.09,102.63,150.36,143.34,257.078,270.96,508.98
2022-11-11,719.07,732.8,5.0734,91.698,841.34,474.78,432.02,519.22,744.89,539.12,,65.266,846.93,242.04,18796.0,51.153,52.361,5491.68,64.106,101.66,147.67,140.6,257.814,269.5,504.51
2022-11-14,708.99,732.64,5.0853,90.449,836.6,474.37,432.73,515.97,751.52,534.27,,65.184,856.27,243.99,18559.0,51.799,53.02,5529.87,63.903,101.59,146.68,140.07,261.661,275.59,507.35
2022-11-15,704.21,727.09,5.0247,89.861,827.75,471.63,429.12,512.99,746.45,528.83,,65.246,865.65,245.62,18809.0,52.156,53.373,5631.3,64.818,102.34,149.01,142.57,263.927,274.88,507.04
2022-11-16,703.63,727.93,5.0606,89.921,834.62,475.45,432.95,513.15,745.42,529.92,,64.544,862.1,245.96,18749.0,52.227,53.437,5669.85,65.241,102.22,149.01,142.2,264.687,275.46,505.68
2022-11-17,706.55,734.42,5.0635,90.323,841.89,476.34,434.46,515.99,748.51,530.33,,64.35,855.41,244.1,18828.0,51.982,53.194,5579.77,64.053,101.29,148.26,141.47,263.636,273.7,505.46
2022-11-18,710.91,736.26,5.064,90.823,843.69,475.56,436.16,517.3,746.54,533.69,,64.188,842.92,244.29,18825.0,51.732,52.939,5597.03,64.053,101.09,149.13,142.47,262.065,273.31,503.45
2022-11-21,712.56,735.51,5.077,91.108,846.54,475.65,438.37,518.09,746.8,532.52,,64.05,846.32,241.85,18829.0,51.556,52.759,5538.41,63.973,101.13,149.39,142.93,261.468,273.17,502.62
2022-11-22,716.67,733.78,5.0428,91.859,847.35,473.4,437.25,518.52,747.6,532.79,,63.965,846.52,241.96,18942.0,51.251,52.44,5572.66,64.082,101.35,149.43,143.22,259.687,272.79,506.08
2022-11-23,712.81,734.81,5.0498,91.182,847.64,474.02,438.57,517.45,749.14,533.3,,64.132,850.41,242.12,18962.0,51.526,52.724,5529.06,64.053,101.22,149.22,141.74,261.09,272.68,506.17
2022-11-24,712.01,741.48,5.1082,91.066,859.62,479.79,444.57,517.5,756.67,533.5,,64.155,844.21,238.49,18807.0,51.58,52.782,5535.97,63.473,100.33,146.6,139.62,261.427,271.88,505.97
2022-11-25,713.39,742.12,5.1435,91.325,863.97,482.21,446.07,518.66,755.92,534.94,,62.923,844.47,238.44,18629.0,51.49,52.68,5566.67,63.362,100.24,145.83,139.01,261.093,271.75,500.9
2022-11-28,716.17,742.9,5.1392,91.644,863.82,481.07,445.53,519.85,756.31,534.57,,62.646,835.81,239.56,18540.0,51.299,52.486,5511.58,63.222,100.11,145.88,138.39,260.243,269.94,501.23
2022-11-29,719.89,744.61,5.1866,92.115,861.24,479.07,443.88,522.04,758.58,533.97,,62.415,844.21,238.09,18594.0,51.034,52.211,5467.97,63.019,99.88,146.46,139.15,258.993,268.37,496.18
2022-11-30,717.69,741.29,5.1723,91.869,857.48,479.08,444.48,521.59,751.97,528.05,,62.89,849.5,236.9,18503.0,51.181,52.371,5480.35,63.15,100.38,147.64,139.54,259.918,268.06,493.91
2022-12-01,712.25,742.35,5.1712,91.304,860.07,484.09,449.33,523.83,754.2,530.87,,62.262,858.01,241.18,18398.0,51.568,52.78,5510.82,62.918,100.19,147.2,138.0,261.579,270.63,494.07
2022-12-02,705.42,742.82,5.2177,90.687,865.02,480.41,449.16,521.42,753.22,525.39,,62.373,867.16,249.1,18469.0,52.073,53.295,5552.09,63.167,100.15,146.04,137.79,264.273,271.44,493.59
2022-12-05,703.84,741.91,5.232,90.453,864.81,478.88,450.31,520.6,750.73,522.86,,62.312,876.91,246.36,18473.0,52.175,53.395,5516.48,63.005,100.25,146.65,138.67,264.692,275.34,493.09
2022-12-06,697.46,732.51,5.1067,89.775,850.69,467.69,441.21,514.34,740.18,513.16,,62.713,876.17,250.12,18697.0,52.66,53.889,5642.87,64.327,101.59,149.05,142.55,267.179,282.98,501.96
2022-12-07,699.75,732.46,5.1115,89.934,848.91,468.63,442.43,515.19,742.79,512.89,,62.813,864.95,247.63,18882.0,52.494,53.731,5615.96,64.03,101.52,148.77,143.03,266.219,282.42,501.29
2022-12-08,696.06,731.66,5.1036,89.353,849.78,467.8,442.12,513.49,740.05,509.9,,63.122,884.79,246.61,18915.0,52.772,54.026,5615.05,64.156,101.69,149.16,143.95,267.823,282.75,501.37
2022-12-09,695.88,734.6,5.0912,89.382,851.28,471.3,443.73,514.44,743.35,512.0,,63.154,888.64,246.69,18913.0,52.772,54.004,5697.39,63.757,101.27,148.41,143.19,267.9,281.96,499.1
2022-12-12,695.65,731.91,5.0857,89.341,851.33,471.76,445.02,513.87,743.83,509.48,,63.289,899.05,249.37,18743.0,52.807,54.066,5721.97,64.077,101.64,148.61,143.79,268.137,284.46,499.77
2022-12-13,697.46,734.95,5.0691,89.714,855.51,470.72,445.33,515.05,745.21,511.67,,63.352,890.38,251.91,18715.0,52.663,53.923,5640.26,63.843,101.22,148.1,143.12,266.858,284.78,499.23
2022-12-14,695.35,738.6,5.1257,89.409,858.84,475.46,448.38,516.05,748.2,513.13,,63.569,907.63,248.17,18617.0,52.818,54.066,5556.0,63.571,100.73,147.02,140.68,267.903,281.18,498.72
2022-12-15,693.43,740.62,5.1251,89.169,861.51,475.89,447.73,514.72,750.53,511.95,,63.307,929.66,247.62,18684.0,52.958,54.214,5471.18,63.2,100.43,146.62,140.18,268.567,282.92,498.15
2022-12-16,697.91,742.02,5.0666,89.731,850.7,467.9,442.66,513.06,752.15,511.03,,63.309,920.21,250.67,18810.0,52.629,53.89,5478.8,63.22,100.23,148.23,141.26,267.238,283.26,502.24
2022-12-19,697.46,738.61,5.1144,89.573,848.44,466.83,444.85,513.41,747.12,509.71,,63.428,926.76,252.57,18731.0,52.664,53.925,5499.74,63.487,100.74,149.16,141.73,267.383,283.78,500.03
2022-12-20,698.61,741.12,5.1003,89.792,848.88,468.27,444.16,515.04,752.02,512.16,,63.433,986.13,248.19,18638.0,52.575,53.827,5442.85,63.255,100.38,148.73,141.65,266.887,283.32,498.73
2022-12-21,696.5,740.14,5.2811,89.424,849.08,466.09,441.86,515.63,751.99,512.08,,63.642,1005.35,248.56,18458.0,52.723,53.982,5433.61,63.114,100.51,149.58,141.75,267.829,283.75,497.98
2022-12-22,697.13,739.64,5.2684,89.508,842.3,467.73,438.45,516.03,752.56,512.25,,63.626,1013.34,246.57,18359.0,52.683,53.951,5436.86,62.999,100.57,149.43,141.06,267.765,281.96,497.36
2022-12-23,698.1,739.84,5.2775,89.546,840.44,465.69,436.1,516.37,749.69,511.69,,63.389,975.24,245.7,18383.0,52.62,53.882,5415.22,62.72,100.51,149.9,141.47,267.601,280.25,498.89
2022-12-26,698.25,741.19,5.26,89.451,842.34,468.56,438.27,517.18,747.92,513.29,,63.357,989.35,243.56,18318.0,52.588,53.848,5397.17,62.583,100.3,150.67,141.19,267.091,277.33,497.38
2022-12-27,695.46,740.07,5.2391,89.139,840.03,469.02,438.31,516.18,746.21,512.73,,63.571,985.58,245.01,18318.0,52.806,54.074,5406.58,62.721,100.5,150.91,141.41,268.532,278.5,498.18
2022-12-28,696.81,740.9,5.2183,89.328,837.74,468.75,436.83,517.07,749.63,515.3,,63.509,996.36,247.04,18246.0,52.712,53.943,5411.21,63.166,100.38,150.33,141.0,268.086,279.56,496.84
2022-12-29,697.93,741.61,5.2031,89.573,839.64,470.87,440.78,517.13,752.08,513.22,,63.381,1034.87,245.47,18194.0,52.614,53.854,5415.62,63.236,100.26,149.89,141.66,268.098,278.43,497.3
2022-12-30,696.46,742.29,5.2358,89.327,839.41,471.38,441.62,518.31,754.32,513.85,,63.405,1061.93,243.12,18106.0,52.726,53.971,5383.29,62.98,100.17,150.17,142.01,268.597,279.58,496.47
2023-01-03,694.75,741.33,5.308,88.991,837.77,472.57,439.27,517.85,751.38,512.44,,63.338,1031.26,244.32,18336.0,52.862,54.107,5415.4,62.992,100.33,150.54,141.89,269.591,280.22,496.6
2023-01-04,691.31,729.21,5.2677,88.467,827.48,464.69,431.75,513.85,738.42,505.55,,63.766,1056.36,246.34,18474.0,53.13,54.378,5487.22,64.081,101.98,152.87,145.93,271.098,280.8,497.54
2023-01-05,689.26,731.6,5.2136,88.172,831.23,471.01,433.63,514.1,741.7,511.45,,63.868,1040.79,244.9,18433.0,53.303,54.559,5414.16,63.865,101.72,152.44,146.34,272.069,281.41,491.87
2023-01-06,689.12,725.35,5.1665,88.186,820.71,466.0,429.6,512.36,736.15,507.99,,63.785,1049.56,249.08,18460.0,53.321,54.56,5470.35,64.59,102.58,155.04,148.77,272.517,280.46,494.02
2023-01-09,682.65,727.18,5.1703,87.431,826.07,470.17,433.44,511.79,736.23,507.9,,64.286,1062.15,250.86,18387.0,53.813,55.064,5426.28,64.547,102.28,154.25,146.61,274.98,280.46,493.03
2023-01-10,676.11,725.49,5.1297,86.585,823.55,467.09,430.53,508.13,734.01,504.91,,64.686,1031.13,250.73,18345.0,54.326,55.562,5471.01,64.69,102.52,153.86,146.47,277.396,283.16,494.51
2023-01-11,677.56,727.46,5.1273,86.751,823.27,467.18,431.75,508.93,734.25,504.74,,64.526,1027.32,251.09,18334.0,54.201,55.4,5479.65,64.453,102.21,153.69,147.26,277.09,281.38,493.83
2023-01-12,676.8,728.77,5.134,86.64,823.07,467.97,431.13,508.83,727.2,504.31,,64.509,1038.88,249.91,18379.0,54.257,55.483,5465.17,64.303,102.07,154.45,147.51,277.397,279.95,493.04
2023-01-13,672.92,730.67,5.208,86.171,822.17,468.87,429.65,509.01,725.82,503.23,,64.607,1008.44,248.55,18406.0,54.59,55.828,5441.47,64.289,101.83,154.71,146.96,279.384,280.16,492.21
2023-01-16,671.35,727.09,5.2431,85.958,820.99,468.13,428.39,508.83,724.38,501.2,,64.532,1018.72,250.96,18446.0,54.699,55.953,5454.07,64.56,102.36,154.39,147.09,279.836,279.62,490.23
2023-01-17,672.22,727.92,5.2395,86.064,820.25,468.1,429.52,509.29,726.22,501.71,,64.184,1021.71,253.69,18409.0,54.629,55.86,5476.98,64.429,102.17,154.94,147.54,279.383,279.39,491.2
2023-01-18,676.02,729.13,5.2693,86.434,830.28,472.31,434.68,512.25,733.26,505.05,,64.019,1012.62,252.4,18298.0,54.35,55.576,5443.77,64.45,102.03,154.17,146.02,277.516,276.05,488.05
2023-01-19,676.74,730.44,5.2658,86.487,835.38,469.87,435.84,512.55,738.67,501.46,,63.778,1017.49,252.92,18300.0,54.275,55.488,5399.81,64.646,101.84,152.69,146.56,277.475,278.93,487.67
2023-01-20,677.02,733.61,5.2729,86.456,839.15,468.28,433.23,512.49,739.36,502.96,,63.568,1024.82,255.17,18204.0,54.255,55.485,5374.68,64.349,101.41,152.31,146.13,277.715,280.49,485.34
2023-01-30,676.26,735.17,5.2089,86.368,838.54,480.6,439.16,515.37,734.49,508.25,,62.722,1019.46,254.44,18194.0,54.315,55.511,5311.87,64.093,101.18,152.43,145.85,278.137,277.67,484.82
2023-01-31,676.04,733.54,5.184,86.267,834.83,476.96,437.29,514.35,730.45,504.96,,62.751,1036.22,257.17,18203.0,54.329,55.529,5316.69,64.22,101.43,153.81,147.64,278.125,277.65,484.89
2023-02-01,674.92,733.18,5.1895,86.084,830.94,475.93,434.23,513.72,736.67,507.29,,63.233,1044.01,257.93,18249.0,54.414,55.602,5334.55,64.217,101.46,154.74,147.9,278.724,279.21,486.95
2023-02-02,671.3,739.35,5.2211,85.624,832.05,479.84,437.38,514.3,740.48,506.0,,63.4,1043.56,253.72,18207.0,54.713,55.899,5274.52,63.624,100.62,153.57,147.22,280.205,277.07,488.14
2023-02-03,673.82,734.97,5.2348,85.905,823.57,476.77,436.49,514.14,737.62,505.89,,63.084,1042.92,253.56,18170.0,54.517,55.7,5243.95,63.753,101.26,154.05,149.06,279.218,276.98,490.08
2023-02-06,677.37,731.01,5.1434,86.314,816.06,469.21,428.78,511.39,731.72,505.06,,62.883,1049.2,257.82,18279.0,54.243,55.421,5311.6,64.51,101.82,155.37,150.91,278.071,280.43,493.78
2023-02-07,679.67,729.01,5.1234,86.611,817.22,468.08,428.62,511.8,732.49,505.49,,62.905,1053.85,259.87,18486.0,54.039,55.204,5411.97,65.043,102.07,156.21,152.07,277.032,282.03,496.11
2023-02-08,677.52,726.82,5.1677,86.329,816.31,471.39,428.06,511.75,735.06,505.71,,63.427,1047.71,258.67,18520.0,54.208,55.371,5394.67,65.31,102.37,156.06,152.3,277.849,278.7,494.95
2023-02-09,679.05,727.53,5.1697,86.517,819.6,470.38,428.62,511.91,737.46,504.96,,63.344,1063.83,261.66,18582.0,54.091,55.261,5315.74,65.152,102.25,155.91,151.89,277.333,278.92,493.29
2023-02-10,678.84,728.86,5.1636,86.479,822.63,471.18,429.52,512.15,736.03,504.65,,63.599,1074.56,261.68,18609.0,54.105,55.285,5318.73,65.243,102.11,152.45,149.95,277.358,276.65,494.65
2023-02-13,681.51,727.37,5.1773,86.819,821.12,471.05,429.74,512.33,737.45,510.35,,63.633,1077.19,262.95,18591.0,53.894,55.067,5320.21,65.603,102.38,153.46,148.92,276.316,273.96,495.24
2023-02-14,681.36,730.87,5.1493,86.799,827.3,474.6,433.23,513.02,741.38,510.99,,63.918,1076.37,262.03,18681.0,53.902,55.067,5236.52,65.497,101.93,152.22,148.11,276.559,272.51,496.09
2023-02-15,681.83,732.04,5.127,86.904,830.19,476.31,431.93,513.25,739.95,511.19,,63.788,1079.15,262.41,18652.0,53.866,55.033,5159.69,65.216,101.79,151.95,148.66,276.467,271.43,496.92
2023-02-16,685.19,732.28,5.1171,87.315,824.38,473.17,430.19,512.97,741.67,511.49,,64.149,1079.8,263.19,18742.0,53.605,54.751,5186.32,65.013,101.73,152.11,149.1,275.22,271.26,500.63
2023-02-17,686.59,731.93,5.1189,87.474,821.99,471.26,428.81,513.42,740.68,509.74,,64.262,1089.44,264.43,18782.0,53.503,54.635,5243.0,65.17,101.75,152.31,149.52,274.684,270.15,500.96
2023-02-20,686.43,733.3,5.1102,87.535,825.69,471.47,427.94,513.49,742.28,509.05,,64.499,1075.97,263.02,18903.0,53.51,54.636,5236.17,64.93,101.55,152.38,150.03,274.525,267.64,501.91
2023-02-21,685.57,732.65,5.1062,87.459,825.47,474.0,429.15,513.29,742.78,509.69,,64.611,1068.27,263.89,18896.0,53.573,54.71,5222.97,64.707,101.61,150.84,149.2,275.175,268.17,501.68
2023-02-22,687.59,732.29,5.0975,87.67,832.89,471.9,427.68,513.08,741.32,508.05,,64.503,1087.24,265.51,18927.0,53.416,54.559,5227.3,64.819,101.67,150.86,149.82,274.34,268.17,503.82
2023-02-23,690.28,732.14,5.1174,88.002,831.63,470.27,429.63,514.84,741.23,509.53,,64.394,1087.85,264.16,18896.0,53.211,54.345,5207.56,64.859,101.67,150.94,149.94,273.498,266.05,501.7
2023-02-24,689.42,730.7,5.1267,87.862,828.64,469.45,429.58,513.59,738.51,508.98,,64.292,1085.23,264.24,18815.0,53.275,54.419,5213.42,64.682,101.9,151.27,149.49,273.769,266.45,503.31
2023-02-27,695.72,734.06,5.104,88.647,831.43,468.36,428.78,515.26,739.79,511.49,,63.881,1090.49,264.78,18838.0,52.799,53.934,5174.16,64.272,101.4,150.76,149.12,271.51,264.29,502.27
2023-02-28,695.19,737.47,5.1024,88.604,838.85,468.58,428.47,516.19,742.98,512.18,,64.352,1078.28,264.87,18967.0,52.833,53.985,5122.98,63.934,100.92,149.46,148.69,271.685,264.36,503.53
2023-03-01,694.0,734.16,5.0926,88.416,835.13,467.02,429.13,514.88,736.81,508.65,,64.67,1080.38,264.18,19057.0,52.925,54.075,5151.91,64.123,101.38,150.8,149.62,272.085,263.79,507.85
2023-03-02,688.08,734.17,5.0576,87.662,827.65,465.19,430.38,512.82,732.39,506.29,,64.985,1093.26,263.34,19006.0,53.372,54.53,5082.93,63.644,101.37,151.61,150.84,274.424,263.28,504.55
2023-03-03,691.17,732.67,5.0576,88.051,826.01,465.31,429.84,512.9,733.81,508.31,,64.793,1092.35,263.53,18967.0,53.146,54.306,5135.17,64.13,101.57,151.99,151.08,273.233,262.15,503.74
2023-03-06,689.51,732.8,5.0718,87.837,829.7,465.79,428.41,512.57,736.12,506.85,,64.846,1093.83,263.01,18812.0,53.264,54.428,5167.06,64.242,101.53,152.03,150.88,273.732,260.66,501.03
2023-03-07,691.56,738.54,5.0874,88.102,831.2,465.39,428.37,514.17,742.57,508.05,,64.72,1088.98,263.77,18751.0,53.104,54.264,5101.79,63.473,100.74,151.14,150.65,273.328,260.28,498.87
2023-03-08,695.25,733.63,5.0652,88.569,822.32,458.16,425.19,513.31,737.9,505.45,,64.363,1086.85,267.72,18845.0,52.838,53.999,5168.51,63.963,101.49,154.3,153.84,272.158,260.42,503.95
2023-03-09,696.66,734.83,5.0762,88.751,825.42,459.18,425.76,514.78,740.4,504.86,,64.941,1092.1,266.68,18928.0,52.716,53.886,5147.78,63.693,101.26,153.97,153.25,271.865,258.04,503.5
2023-03-10,696.55,737.38,5.1145,88.736,830.29,458.93,424.89,514.69,746.6,503.57,,64.867,1089.49,266.4,19004.0,52.723,53.89,5189.7,63.542,100.91,153.97,153.08,271.655,263.37,502.73
2023-03-13,693.75,741.56,5.1534,88.392,838.92,460.34,427.6,515.01,756.46,504.01,,65.16,1097.96,262.87,19011.0,52.937,54.114,5162.55,63.101,100.38,153.49,152.27,273.442,264.23,499.97
2023-03-14,689.49,739.52,5.1744,87.962,838.91,459.11,428.53,511.63,755.77,501.68,,65.142,1101.32,264.1,18907.0,53.268,54.453,5313.86,63.301,100.69,153.82,153.16,275.139,274.42,501.19
2023-03-15,686.8,737.03,5.109,87.502,834.62,459.36,427.97,510.7,751.31,501.75,,65.208,1100.89,264.05,18977.0,53.463,54.664,5287.34,63.842,101.03,152.44,153.56,276.288,270.96,502.64
2023-03-16,691.49,731.94,5.1987,88.107,834.43,457.94,426.65,511.73,742.44,502.61,,65.008,1101.66,265.89,18999.0,53.118,54.317,5408.9,64.297,101.72,153.26,155.5,274.632,274.54,500.52
2023-03-17,690.52,733.01,5.1753,87.969,836.17,460.09,428.02,512.98,743.12,503.36,,65.166,1110.67,266.51,18935.0,53.183,54.397,5384.02,64.094,101.58,152.16,155.7,275.208,271.77,498.5
2023-03-20,686.94,733.8,5.1968,87.523,837.35,461.15,430.94,512.43,741.27,500.88,,65.235,1116.96,266.87,18956.0,53.458,54.677,5413.14,64.094,101.44,152.51,155.35,276.754,274.43,496.08
2023-03-21,687.63,737.03,5.2353,87.721,844.21,461.63,429.25,514.19,740.29,503.07,,65.208,1121.27,269.02,18988.0,53.405,54.628,5355.32,63.792,100.98,150.77,154.79,276.552,273.63,495.27
2023-03-22,687.15,740.12,5.1937,87.562,839.82,458.39,425.22,513.86,745.49,501.1,,65.046,1122.71,270.12,19014.0,53.445,54.673,5255.26,63.322,100.61,150.48,153.5,277.0,271.09,501.16
2023-03-23,687.09,746.75,5.2349,87.554,843.4,459.99,427.9,516.73,749.41,500.72,,64.83,1120.31,265.21,18946.0,53.449,54.664,5184.8,62.735,99.71,149.95,152.01,277.165,270.84,497.63
2023-03-24,683.74,740.69,5.2286,87.107,839.77,456.71,427.0,514.99,745.87,498.14,,64.629,1113.9,264.79,18780.0,53.712,54.942,5180.04,63.217,100.58,151.16,152.16,278.609,271.85,497.87
2023-03-27,687.14,740.38,5.2554,87.54,841.41,457.03,426.37,516.05,747.68,500.49,,64.441,1124.98,264.62,18876.0,53.443,54.668,5200.74,63.271,100.62,151.6,152.37,277.655,268.23,497.54
2023-03-28,687.49,743.03,5.2371,87.58,845.44,457.8,426.41,516.72,751.27,503.43,,64.26,1115.87,266.23,18883.0,53.416,54.628,5194.65,63.089,100.28,150.81,152.08,277.677,266.74,500.6
2023-03-29,687.71,745.51,5.2484,87.61,848.04,461.01,429.89,517.92,746.99,505.82,,63.918,1117.0,263.79,18871.0,53.396,54.601,5110.32,62.747,99.93,150.59,150.66,278.03,265.12,497.91
2023-03-30,688.86,746.8,5.1956,87.758,847.97,460.19,428.4,518.27,750.02,507.95,,64.122,1122.18,262.76,18947.0,53.311,54.507,5093.66,62.76,99.74,150.95,151.23,277.968,262.71,496.19
2023-03-31,687.17,749.45,5.1693,87.541,851.27,461.31,430.69,517.6,752.37,508.24,,64.262,1124.62,259.36,18884.0,53.443,54.622,5068.48,62.369,99.39,150.71,151.23,279.042,263.31,496.86
2023-04-03,688.05,743.81,5.166,87.652,846.14,459.03,428.99,516.09,750.33,509.85,,64.182,1130.41,258.46,19000.0,53.377,54.556,5116.63,62.887,100.15,151.43,151.79,278.943,262.05,497.46
2023-04-04,686.99,749.3,5.1955,87.534,853.56,466.39,432.88,517.96,753.05,511.54,,64.206,1142.1,259.26,19049.0,53.449,54.588,5041.35,62.347,99.4,150.88,149.62,279.455,263.29,497.89
2023-04-06,687.47,749.86,5.2532,87.578,856.89,462.09,434.43,517.63,758.68,511.11,,63.985,1164.84,262.75,19123.0,53.422,54.569,5021.53,62.485,99.35,151.38,151.89,280.051,266.39,493.68
2023-04-07,688.38,751.49,5.2253,87.693,856.16,459.2,429.79,517.37,760.92,510.0,,63.882,1179.38,265.07,19162.0,53.348,54.495,4998.12,62.325,99.15,151.52,151.8,279.669,264.98,495.51
2023-04-10,687.64,750.08,5.2045,87.599,854.32,458.68,429.88,516.63,760.1,509.08,,64.015,1180.84,265.15,19160.0,53.407,54.56,4996.44,62.394,99.33,152.3,152.68,279.981,263.89,497.12
2023-04-11,688.82,748.59,5.1581,87.753,853.43,457.88,428.87,517.03,757.82,509.96,,64.033,1185.93,268.31,19172.0,53.327,54.473,5012.31,62.603,99.54,152.6,152.74,279.744,263.62,498.85
2023-04-12,688.54,751.58,5.1528,87.714,855.75,457.95,426.36,516.75,762.41,511.4,,64.142,1181.1,266.84,19197.0,53.338,54.486,4998.42,62.106,99.14,151.74,153.37,280.284,263.96,497.55
2023-04-13,686.58,755.04,5.1631,87.489,857.72,459.73,426.77,517.35,766.63,510.88,,64.175,1194.85,268.35,19276.0,53.48,54.627,4957.35,61.649,98.69,150.55,152.07,281.316,263.23,497.13
2023-04-14,686.06,758.19,5.1759,87.399,859.28,465.38,432.07,518.9,771.56,514.26,,64.13,1190.61,262.95,18987.0,53.529,54.672,4927.27,61.156,98.26,149.63,150.19,281.923,262.6,495.97
2023-04-17,686.79,754.51,5.1288,87.492,851.87,460.51,426.14,515.78,767.53,513.79,,64.096,1191.83,263.69,18985.0,53.472,54.622,4949.82,61.528,98.75,150.46,151.15,282.118,261.97,499.34
2023-04-18,688.14,751.78,5.119,87.665,851.44,461.09,425.56,515.71,765.75,513.72,,64.287,1191.67,266.01,19156.0,53.373,54.5,4951.18,61.603,99.12,150.44,152.32,281.832,262.09,501.1
2023-04-19,687.31,754.36,5.129,87.576,854.14,462.69,427.02,515.83,767.1,513.25,,64.445,1189.96,264.33,19172.0,53.428,54.559,4917.1,61.284,98.78,149.95,152.3,282.282,262.54,498.82
2023-04-20,689.87,755.37,5.1206,87.895,857.31,462.49,425.18,516.74,768.39,512.2,,64.366,1185.26,263.79,19248.0,53.235,54.371,5014.0,61.155,98.66,150.13,153.49,281.229,261.68,499.52
2023-04-21,687.52,754.0,5.1271,87.609,855.12,463.55,424.57,515.98,770.26,509.99,,64.498,1186.39,262.25,19252.0,53.411,54.555,4997.78,60.985,98.84,149.95,154.04,282.241,261.8,499.3
2023-04-24,688.35,756.48,5.1382,87.719,856.74,460.71,422.79,516.14,771.75,508.43,,64.439,1184.24,262.81,19299.0,53.349,54.49,4971.77,60.963,98.48,149.67,153.8,281.915,261.51,499.53
2023-04-25,688.47,761.09,5.1357,87.715,860.39,461.33,425.0,516.54,776.11,508.68,,64.266,1182.74,263.61,19335.0,53.333,54.477,4936.4,60.426,97.93,148.78,152.88,281.783,261.17,498.34
2023-04-26,692.37,759.99,5.1803,88.206,859.41,459.2,425.38,517.49,776.37,508.31,,64.284,1174.14,264.62,19321.0,53.044,54.177,4972.9,60.46,98.07,148.88,154.17,280.623,260.81,496.27
2023-04-27,692.07,764.35,5.1859,88.166,863.08,457.31,423.45,518.37,776.78,507.75,,64.389,1182.7,265.3,19319.0,53.062,54.199,4893.38,59.97,97.53,149.12,153.64,280.676,262.4,493.12
2023-04-28,692.4,763.61,5.1723,88.206,865.04,458.94,425.54,518.62,774.52,508.93,,64.403,1180.31,264.29,19331.0,53.039,54.171,4886.92,59.91,97.62,148.63,153.33,280.745,260.55,492.8
2023-05-04,690.54,764.58,5.1335,87.977,868.1,458.88,428.93,519.36,782.01,506.72,,64.547,1151.08,265.03,19302.0,53.187,54.312,4909.35,60.046,97.46,148.48,155.8,282.184,260.41,490.41
2023-05-05,691.14,761.89,5.1491,88.059,869.67,463.16,434.73,520.6,780.54,511.11,,64.37,1135.59,264.69,19140.0,53.137,54.266,4896.91,60.238,97.77,148.03,154.49,281.345,258.97,488.88
2023-05-08,691.58,762.17,5.1163,88.118,873.45,466.94,435.8,521.68,776.33,517.13,,64.155,1125.36,266.38,19121.0,53.099,54.229,4876.33,59.998,97.74,147.08,152.78,282.067,256.81,489.77
2023-05-09,692.55,761.35,5.126,88.234,873.28,469.55,439.14,522.5,777.93,517.85,,64.075,1122.7,264.51,19113.0,53.027,54.155,4889.58,59.901,97.8,146.88,151.69,281.684,256.89,488.48
2023-05-10,692.99,760.04,5.1241,88.41,875.01,468.82,439.23,522.24,778.65,518.0,,64.198,1124.18,268.8,19122.0,52.991,54.12,4885.49,59.908,97.95,147.07,152.46,281.726,256.26,486.16
2023-05-11,691.01,759.11,5.1539,88.289,872.7,468.77,440.36,521.76,777.17,516.87,,64.424,1100.99,272.89,19049.0,53.14,54.273,4868.93,59.521,98.1,147.87,151.95,282.84,253.97,486.68
2023-05-12,694.81,758.5,5.1672,88.632,869.36,465.62,437.44,521.89,777.24,514.96,,64.372,1106.59,276.1,19144.0,52.849,53.977,4897.77,59.85,98.19,148.7,153.55,281.713,253.1,486.78
2023-05-15,696.54,755.83,5.1293,88.801,867.08,462.79,431.29,520.33,775.33,513.71,,64.358,1108.97,275.58,19220.0,52.725,53.848,4897.13,59.759,98.53,149.16,153.29,281.576,252.65,486.68
2023-05-16,695.06,755.93,5.1116,88.691,870.66,465.97,434.17,520.22,776.26,516.2,,64.665,1146.97,273.59,19203.0,52.83,53.949,4883.59,59.605,98.5,148.84,152.39,283.1,251.0,485.79
2023-05-17,697.48,757.78,5.1133,88.985,870.69,464.18,434.6,520.36,778.13,517.49,,64.592,1154.01,273.59,19217.0,52.653,53.771,4862.83,59.26,98.25,149.19,153.69,282.938,250.83,488.64
2023-05-18,699.67,758.58,5.087,89.376,873.89,466.12,437.18,521.51,778.91,519.88,,64.621,1142.73,275.22,19078.0,52.454,53.572,4875.34,59.589,98.17,149.24,153.85,282.438,251.42,489.26
2023-05-19,703.56,758.29,5.079,89.961,873.49,466.45,438.93,522.13,777.81,521.27,,64.518,1142.08,274.76,18952.0,52.17,53.284,4946.56,59.976,98.19,150.08,155.06,281.479,251.61,488.93
2023-05-22,701.57,759.11,5.0942,89.706,873.92,466.79,440.34,521.72,780.94,519.85,,64.648,1145.43,276.84,18878.0,52.335,53.45,4948.48,59.86,98.13,149.83,155.03,282.48,253.16,488.76
2023-05-23,703.26,760.31,5.0713,89.842,874.54,467.72,442.12,522.35,782.84,520.83,,64.689,1143.6,273.91,18678.0,52.213,53.323,4918.91,59.223,97.94,150.17,155.01,282.132,254.43,489.95
2023-05-24,705.6,760.02,5.0928,90.06,876.29,466.5,441.03,523.88,782.86,522.6,,64.816,1136.1,272.1,18655.0,52.044,53.148,4939.11,59.045,98.0,150.54,155.23,281.568,254.67,490.13
2023-05-25,705.29,758.43,5.0614,90.091,872.07,461.35,430.38,522.68,779.73,518.88,,65.198,1137.46,272.87,18687.0,52.068,53.178,4911.67,59.438,98.23,151.97,155.36,282.295,252.49,490.85
2023-05-26,707.6,758.88,5.0566,90.314,871.86,460.09,428.68,522.43,781.81,518.54,,65.39,1131.88,279.86,18757.0,51.896,53.0,4914.16,59.299,98.16,152.91,156.22,282.248,252.34,490.72
2023-05-29,705.75,756.79,5.0133,90.089,871.35,460.59,427.16,521.77,779.4,518.64,,65.211,1124.39,278.43,18757.0,52.033,53.143,4902.3,59.83,98.44,153.08,156.99,283.231,249.64,492.68
2023-05-30,708.18,758.36,5.0419,90.469,874.79,462.73,428.34,523.09,783.02,520.82,,65.024,1133.3,277.73,18681.0,51.857,52.961,4898.07,59.583,98.22,152.8,156.8,284.583,248.54,490.44
2023-05-31,708.21,760.16,5.0652,90.372,878.99,461.61,428.11,524.44,781.63,520.73,,64.981,1102.47,277.9,18642.0,51.853,52.945,4868.43,59.665,97.95,153.38,157.88,291.938,249.4,489.94
2023-06-01,709.65,758.87,5.1047,90.624,883.26,461.8,427.55,525.2,779.75,523.16,,64.965,1146.13,277.86,18620.0,51.753,52.855,4882.49,59.639,98.12,152.77,155.96,293.116,249.07,488.29
2023-06-02,709.39,763.21,5.1094,90.584,888.54,466.48,430.21,526.58,783.43,527.63,,64.947,1140.89,276.77,18512.0,51.769,52.861,4859.8,59.176,97.56,152.33,155.82,294.507,247.43,488.13
2023-06-05,709.04,758.54,5.0572,90.449,881.3,467.93,429.44,524.88,779.32,528.0,,64.616,1142.85,275.25,18421.0,51.803,52.9,4880.04,59.242,98.23,152.54,155.18,296.773,247.69,490.85
2023-06-06,710.75,761.15,5.0971,90.681,883.53,470.25,431.44,526.74,784.2,528.69,,64.456,1134.93,271.16,18346.0,51.676,52.768,4848.43,58.8,97.85,152.71,155.3,299.351,245.71,489.17
2023-06-07,711.96,761.44,5.1004,90.77,884.65,475.37,432.79,528.14,784.62,531.26,,64.731,1143.15,269.72,18266.0,51.592,52.677,4837.55,58.766,97.83,153.34,155.81,307.878,244.12,488.36
2023-06-08,712.8,762.69,5.091,90.906,886.68,474.42,430.33,528.47,783.44,532.96,,64.501,1143.64,267.81,18318.0,51.525,52.609,4830.73,58.803,97.65,152.88,155.02,327.039,243.55,488.51
2023-06-09,711.15,766.92,5.1216,90.763,893.26,477.49,433.45,529.76,791.31,532.32,,64.942,1157.11,265.08,18242.0,51.643,52.735,4818.35,58.324,97.16,151.88,153.3,330.272,244.46,486.89
2023-06-12,712.12,765.4,5.1101,90.864,895.72,480.32,436.47,530.09,788.24,533.91,,64.788,1159.25,262.83,18106.0,51.575,52.663,4810.28,58.054,97.35,152.03,151.02,331.251,242.7,485.82
2023-06-13,714.98,769.53,5.1264,91.256,894.71,482.72,437.96,532.18,786.98,534.97,,64.604,1171.84,259.57,17973.0,51.366,52.453,4795.48,57.786,96.84,151.31,151.01,330.954,241.75,484.58
2023-06-14,715.66,772.14,5.105,91.375,902.09,484.35,440.71,533.16,790.57,537.49,,64.486,1172.36,260.15,17740.0,51.322,52.404,4793.15,58.084,96.52,149.33,148.84,330.382,240.79,484.46
2023-06-15,714.89,774.86,5.1057,91.313,905.52,485.88,442.84,533.13,793.88,536.41,,64.626,1173.83,256.34,17820.0,51.374,52.456,4795.13,57.426,96.17,149.78,148.82,329.543,239.82,485.51
2023-06-16,712.89,780.42,5.0851,91.175,911.61,490.43,444.43,533.43,799.6,539.16,,64.934,1172.43,255.69,17868.0,51.523,52.613,4786.07,57.051,95.51,148.71,147.31,331.861,240.37,485.65
2023-06-19,712.01,778.95,5.0176,91.02,913.32,489.35,443.64,532.28,796.13,539.55,,64.815,1177.23,255.72,17911.0,51.586,52.68,4794.27,57.242,95.63,149.53,148.42,331.443,239.94,487.09
2023-06-20,715.96,782.26,5.0467,91.61,916.38,490.73,444.15,534.24,799.41,542.24,,64.634,1171.71,253.94,17907.0,51.271,52.363,4773.7,56.853,95.21,149.82,149.05,329.616,238.42,485.54
2023-06-21,717.95,783.96,5.0795,91.751,916.27,487.41,442.71,534.47,799.72,542.76,,64.632,1171.43,256.18,17929.0,51.158,52.249,4745.45,56.677,95.01,150.23,149.41,328.289,239.62,485.14
2023-06-26,720.56,786.18,5.026,92.013,917.74,481.72,443.54,533.38,804.88,547.78,,64.872,1168.48,259.92,18124.0,50.932,52.016,4709.45,56.441,94.7,148.76,150.06,350.578,237.9,488.45
2023-06-27,720.98,787.73,5.0357,92.048,917.88,481.99,444.95,533.53,806.1,549.12,,64.717,1167.72,258.4,18072.0,50.865,51.947,4685.53,56.353,94.53,148.56,148.69,360.78,237.22,487.56
2023-06-28,721.01,789.99,5.0118,92.055,919.03,481.74,443.98,534.32,806.79,546.49,,64.706,1182.96,256.89,18027.0,50.936,52.019,4684.0,56.293,94.26,148.78,149.69,360.704,237.01,489.23
2023-06-29,722.08,791.67,5.0247,92.183,916.92,478.93,440.61,536.15,808.9,547.36,,64.402,1187.9,257.18,18058.0,50.629,51.703,4689.43,56.529,94.06,148.6,148.4,358.977,235.64,490.89
2023-06-30,722.58,787.71,5.0094,92.198,914.32,479.92,440.03,534.42,806.14,547.21,,64.467,1199.55,258.81,18197.0,50.655,51.731,4712.28,56.463,94.51,149.81,148.99,359.098,236.1,491.56
2023-07-03,721.57,789.92,5.0171,92.065,919.65,482.31,444.18,535.46,809.18,546.85,,64.398,1220.72,260.17,18157.0,50.683,51.761,4712.64,56.105,94.21,148.99,148.4,359.272,236.37,487.39
2023-07-04,720.46,789.34,5.0026,91.973,918.24,483.1,445.53,535.38,807.25,546.37,,64.521,1233.83,259.13,18025.0,50.742,51.814,4740.15,56.144,94.28,149.89,147.76,357.722,235.67,484.48
2023-07-05,719.68,785.01,4.9944,91.909,917.37,482.83,447.09,534.7,804.48,545.67,,64.48,1243.12,258.42,17994.0,50.899,51.974,4775.55,56.502,94.87,150.07,147.58,360.16,236.32,483.4
2023-07-06,720.98,786.41,5.0176,92.208,920.35,482.41,447.84,535.45,806.33,545.63,,64.243,1253.17,259.41,17973.0,50.67,51.75,4838.36,56.739,94.65,151.1,147.3,359.946,234.59,482.28
2023-07-07,720.54,788.69,5.0303,92.095,922.66,480.2,446.46,535.39,808.79,542.0,,64.4,1257.31,263.65,18039.0,50.701,51.787,4888.13,56.823,94.41,150.95,148.53,361.13,237.85,485.67
2023-07-10,719.26,790.34,5.0669,91.857,925.21,481.98,447.0,535.45,810.74,543.06,,64.758,1266.14,261.5,18048.0,50.935,52.021,4867.57,56.335,94.24,150.47,147.36,361.655,237.8,487.66
2023-07-11,718.86,793.81,5.107,91.803,928.22,481.97,447.96,536.74,815.1,543.64,,64.71,1263.85,260.63,18005.0,50.896,51.984,4791.02,55.975,93.84,149.04,145.15,362.338,236.4,485.99
2023-07-12,717.65,791.98,5.1321,91.665,930.28,481.41,445.78,536.49,818.34,543.72,,64.737,1256.02,256.97,17964.0,51.07,52.158,4779.79,56.052,94.09,148.2,143.86,363.018,237.01,483.48
2023-07-13,715.27,797.39,5.1769,91.398,930.35,486.18,451.13,538.56,826.27,543.23,,64.679,1263.78,253.29,17838.0,51.284,52.381,4703.68,55.645,93.43,144.83,141.23,365.424,236.01,484.2
2023-07-14,713.18,801.69,5.18,91.191,937.7,491.85,456.56,540.28,831.66,544.85,,63.872,1261.89,251.27,17768.0,51.416,52.521,4662.4,55.472,92.94,142.84,139.23,364.965,235.94,483.79
2023-07-17,713.26,801.5,5.1467,91.273,934.54,487.95,454.33,540.14,828.22,539.7,,63.432,1263.48,253.7,17751.0,51.453,52.551,4667.26,55.602,92.94,143.46,140.68,367.023,234.61,485.59
2023-07-18,714.53,805.5,5.1687,91.436,936.92,488.75,453.45,542.42,833.08,543.28,,63.356,1263.23,251.52,17647.0,51.23,52.331,4640.18,55.071,92.44,142.87,140.32,368.049,233.29,482.54
2023-07-19,714.86,805.58,5.1625,91.49,935.17,489.14,452.02,542.49,836.59,545.23,,63.289,1261.89,248.89,17590.0,51.178,52.273,4636.15,55.211,92.45,142.23,140.02,375.52,233.4,474.62
2023-07-20,714.66,808.79,5.1724,91.516,933.6,488.92,452.42,544.73,841.1,548.65,,63.018,1267.45,247.75,17542.0,50.87,51.944,4670.96,55.01,92.08,142.21,138.94,371.6,231.41,471.12
2023-07-21,714.56,800.41,5.1399,91.447,925.56,487.5,448.05,541.96,830.0,546.08,,63.351,1258.48,249.14,17761.0,51.061,52.148,4762.3,55.563,93.02,143.74,139.9,373.363,234.56,475.6
2023-07-24,714.51,798.8,5.067,91.4,922.84,483.11,442.76,539.51,828.97,543.06,,63.637,1261.69,250.26,17887.0,51.153,52.233,4748.63,55.86,93.22,144.97,140.23,375.827,236.57,479.26
2023-07-25,714.06,796.36,5.0882,91.393,922.63,485.11,446.7,540.73,827.46,546.8,,63.489,1260.32,246.32,17809.0,51.0,52.08,4742.63,55.84,93.5,144.55,139.65,374.845,233.78,479.64
2023-07-26,712.95,788.5,5.0629,91.292,920.05,484.28,443.59,537.33,825.35,541.09,,63.95,1265.7,246.1,17880.0,51.475,52.567,4817.74,56.221,94.5,145.37,141.17,377.418,237.47,482.85
2023-07-27,712.65,792.08,5.0895,91.401,923.9,483.13,443.98,539.13,829.52,541.24,,63.625,1259.21,246.48,17819.0,51.393,52.485,4824.51,55.852,94.08,145.51,141.62,376.648,235.87,479.18
2023-07-28,713.38,786.27,5.1491,91.431,916.06,480.63,443.47,537.96,824.13,541.51,,63.358,1266.21,249.0,17887.0,51.286,52.379,4860.95,56.218,94.72,146.74,142.17,376.398,235.3,480.87
2023-07-31,713.05,788.36,5.0802,91.437,919.55,476.4,440.52,537.36,822.28,540.08,,63.696,1284.55,246.63,17838.0,51.386,52.429,4873.6,55.948,94.47,147.24,142.44,376.295,233.2,478.9
2023-08-01,712.83,785.79,5.0207,91.4,917.06,480.16,443.69,537.45,819.65,541.89,,63.128,1281.87,250.07,17871.0,51.402,52.505,4928.79,56.051,94.79,147.24,141.67,377.14,234.45,479.26
2023-08-02,713.68,788.35,5.0167,91.563,916.13,473.96,439.8,536.64,821.06,539.95,,63.216,1285.75,255.25,17950.0,51.28,52.386,4928.48,56.397,94.44,147.51,141.86,376.675,235.56,478.67
2023-08-03,714.95,786.14,5.0199,91.618,913.74,470.28,437.54,535.67,819.26,538.9,,63.444,1307.11,256.74,18050.0,51.109,52.197,4942.3,56.534,94.69,148.88,142.99,375.255,236.75,479.29
2023-08-04,714.18,785.63,5.031,91.468,912.37,470.8,436.77,535.19,820.23,537.9,,63.607,1314.48,260.02,18105.0,51.197,52.284,5013.64,56.767,94.76,148.73,142.63,376.63,241.63,481.66
2023-08-07,713.8,787.84,5.0515,91.388,912.99,470.89,436.91,534.72,819.17,535.69,,63.569,1333.4,257.57,18232.0,51.285,52.382,4941.88,56.343,94.49,147.76,141.57,376.853,238.54,483.92
2023-08-08,715.65,789.33,5.0443,91.663,917.36,472.18,438.88,535.7,822.4,537.28,,63.599,1329.31,260.7,18184.0,51.185,52.282,4924.78,56.067,94.27,147.43,141.3,376.555,237.96,484.87
2023-08-09,715.88,789.84,5.0389,91.613,918.87,471.72,437.34,535.2,823.49,537.64,,63.653,1341.44,262.42,18241.0,50.932,52.027,4936.07,56.45,94.21,148.55,142.31,375.156,237.4,485.07
2023-08-10,715.76,789.63,5.0135,91.535,915.17,470.49,436.38,534.66,820.49,536.64,,63.712,1344.01,263.7,18262.0,51.052,52.15,4922.99,56.587,94.25,148.17,141.66,374.35,237.21,486.8
2023-08-11,715.87,791.71,4.9842,91.551,913.75,470.23,434.1,534.58,822.47,536.79,,63.558,1343.06,261.02,18243.0,50.957,52.05,4871.0,56.17,93.97,148.23,142.83,375.89,237.08,486.56
2023-08-14,716.86,789.88,4.9992,91.701,917.56,469.73,433.23,534.54,824.47,538.83,,63.687,1372.08,261.71,18344.0,50.803,51.897,4839.9,56.081,94.19,149.74,144.22,374.259,235.1,485.07
2023-08-15,717.68,790.13,4.989,91.765,919.09,470.81,433.78,534.8,825.27,539.39,,64.03,1364.03,263.39,18402.0,50.673,51.758,4868.41,56.324,94.08,148.92,144.38,373.529,236.06,485.52
2023-08-16,719.86,792.05,5.0053,92.007,923.18,469.98,433.87,535.45,827.24,539.89,,64.098,1349.25,263.81,18340.0,50.532,51.604,4898.2,56.553,93.77,149.35,144.59,372.556,236.54,486.03
2023-08-17,720.76,791.51,4.9896,92.035,926.88,468.04,433.13,535.65,827.5,539.24,,63.932,1319.22,263.68,18364.0,50.44,51.505,4888.62,56.498,93.85,149.92,145.38,372.302,236.21,486.19
2023-08-18,720.06,790.87,5.0139,91.991,929.07,466.95,432.4,536.93,829.52,539.19,,64.167,1296.75,262.06,18355.0,50.406,51.467,4861.13,56.454,94.06,150.17,145.19,372.496,235.55,485.98
2023-08-21,719.87,790.51,5.0164,91.911,926.5,466.74,431.84,536.11,824.32,537.86,,64.218,1294.47,261.17,18373.0,50.506,51.568,4840.49,56.454,94.02,150.76,145.93,373.171,235.08,485.53
2023-08-22,719.92,793.5,4.9955,91.843,929.41,467.77,433.12,537.11,828.78,539.28,,64.203,1285.48,260.8,18398.0,50.418,51.482,4832.59,56.442,93.62,150.24,145.34,373.648,234.51,482.15
2023-08-23,719.88,789.65,5.0081,91.841,926.88,468.63,433.91,536.79,826.98,538.68,,64.183,1293.88,258.93,18337.0,50.43,51.502,4850.69,56.594,94.1,150.03,145.5,373.84,232.93,479.54
2023-08-24,718.86,788.64,5.0312,91.697,923.22,470.89,434.8,537.25,827.11,537.82,,64.378,1293.71,254.81,18296.0,50.585,51.659,4855.86,56.697,94.28,150.18,145.59,374.832,232.02,480.5
2023-08-25,718.83,785.1,4.9928,91.653,915.59,467.11,431.81,536.26,821.41,536.48,,64.277,1298.16,259.1,18228.0,50.498,51.579,4888.5,57.037,94.66,151.2,147.05,356.491,232.17,480.64
2023-08-28,718.56,784.37,4.9711,91.603,914.38,466.57,430.46,536.19,821.14,535.78,,64.23,1307.59,256.35,18175.0,50.553,51.623,4871.25,56.998,94.73,152.0,146.71,363.638,231.18,481.86
2023-08-29,718.51,786.02,4.976,91.575,915.76,467.76,430.51,536.4,822.02,535.57,,64.479,1309.03,256.21,18170.0,50.588,51.673,4881.36,56.94,94.48,150.89,147.0,361.882,232.09,483.71
2023-08-30,718.16,789.66,4.987,91.523,916.9,470.72,434.36,538.83,825.63,536.63,,64.19,1311.69,254.96,18154.0,50.628,51.709,4837.65,56.67,94.2,149.75,145.44,366.162,232.44,481.65
2023-08-31,718.11,792.71,4.9847,91.538,922.52,470.94,433.42,537.96,826.16,537.55,,64.282,1320.98,257.86,18169.0,50.626,51.705,4792.72,56.414,93.7,149.22,145.57,367.877,231.79,481.56
2023-09-01,717.88,788.15,5.0112,91.551,921.25,472.24,435.28,538.41,822.66,539.77,,64.189,1319.33,259.82,18178.0,50.515,51.586,4843.07,56.792,94.21,150.53,145.67,367.271,234.67,480.84
2023-09-04,717.86,781.44,4.9782,91.493,913.44,468.82,432.19,536.13,819.34,534.99,,64.435,1327.1,259.68,18154.0,50.625,51.691,4920.62,57.21,95.08,151.84,146.66,367.375,235.74,482.79
2023-09-05,717.83,781.27,4.9629,91.594,915.38,468.23,430.94,536.14,819.5,534.65,,64.279,1325.83,264.03,18155.0,50.651,51.728,4890.9,57.221,95.24,151.87,146.57,369.511,237.75,484.78
2023-09-06,719.69,781.2,4.9579,91.777,915.93,465.43,429.98,536.27,819.3,535.82,,64.48,1335.09,263.41,18244.0,50.411,51.483,4963.16,57.577,95.09,152.15,146.63,367.89,239.63,485.66
2023-09-07,719.86,781.2,4.9501,91.788,910.7,465.87,429.34,534.78,817.6,535.95,,64.56,1343.29,263.92,18241.0,50.402,51.471,4989.11,58.567,95.09,152.32,146.51,368.36,242.33,486.11
2023-09-08,721.5,780.69,4.9753,92.064,910.4,466.35,430.53,535.04,817.71,535.23,,64.504,1342.91,262.83,18209.0,50.31,51.376,4965.99,59.316,95.16,152.49,146.14,368.283,242.12,486.19
2023-09-11,721.48,781.4,4.971,92.016,910.54,467.48,431.87,535.14,817.63,536.83,,64.857,1347.97,261.92,18183.0,50.441,51.509,4968.62,59.461,95.26,152.07,145.79,368.808,242.47,484.82
2023-09-12,719.86,779.52,4.9573,91.894,907.06,466.77,430.0,533.36,813.68,534.81,,65.003,1322.05,260.8,18231.0,50.705,51.777,4943.17,59.789,95.62,152.87,146.6,371.74,239.65,487.87
2023-09-13,718.94,779.19,4.9356,91.859,904.91,466.23,429.06,532.74,812.67,535.33,,65.012,1314.81,261.7,18229.0,50.72,51.792,4958.88,59.979,95.66,153.13,147.2,372.274,238.83,489.51
2023-09-14,718.74,776.11,4.9174,91.807,903.23,465.19,429.02,531.57,809.38,534.36,,65.084,1331.06,260.59,18312.0,50.829,51.906,4967.95,59.846,96.14,153.89,148.01,372.886,238.35,492.54
2023-09-15,717.86,768.65,4.9064,91.706,897.32,465.36,427.01,530.32,807.42,535.79,,65.121,1317.23,263.45,18292.0,50.828,51.905,5018.48,60.57,97.29,154.89,148.78,373.622,237.86,493.03
2023-09-18,717.36,769.94,4.8848,91.663,894.71,465.23,426.63,529.75,804.7,534.47,,65.187,1340.16,263.59,18308.0,50.931,52.009,5005.8,60.605,96.91,154.71,149.1,373.207,237.73,493.3
2023-09-19,717.33,771.79,4.8907,91.778,893.9,465.57,428.19,529.73,804.61,536.26,,65.327,1329.53,263.81,18223.0,50.946,52.028,5004.19,60.539,96.69,154.26,149.56,375.16,238.88,491.88
2023-09-20,717.32,771.07,4.8897,91.715,894.14,466.69,430.57,529.04,802.71,537.23,,65.4,1337.79,262.64,18322.0,51.018,52.103,5004.05,60.788,97.03,154.56,149.37,375.244,237.74,496.94
2023-09-21,717.3,768.63,4.8722,91.693,890.43,465.61,429.24,528.17,802.44,536.42,,65.322,1331.15,261.88,18376.0,51.018,52.103,5028.83,60.359,97.23,154.49,149.54,375.4,238.1,499.24
2023-09-22,717.29,768.81,4.8935,91.753,887.41,463.47,429.18,527.41,798.02,536.0,,65.273,1327.52,263.33,18449.0,51.032,52.116,5070.96,60.32,97.28,154.89,149.53,376.474,240.08,498.76
2023-09-25,717.27,767.76,4.8729,91.755,882.85,465.15,431.2,527.46,795.04,535.58,,65.331,1329.21,260.62,18405.0,51.082,52.113,5088.02,60.269,97.41,154.32,149.2,377.435,239.68,497.18
2023-09-26,717.27,762.81,4.856,91.767,881.84,463.3,430.91,528.33,791.63,537.33,,64.954,1316.45,260.7,18420.0,50.978,52.064,5133.19,60.592,97.97,153.49,150.27,377.642,242.44,498.87
2023-09-27,717.17,762.88,4.8507,91.705,877.38,462.46,431.04,526.87,788.57,534.66,,65.292,1333.31,264.69,18595.0,50.975,52.062,5146.51,60.7,98.01,152.37,150.04,379.157,244.41,502.29
2023-09-28,717.98,758.49,4.8398,91.763,876.67,459.34,429.29,525.99,784.54,535.58,,65.502,1335.06,266.5,18606.0,50.976,52.061,5201.85,61.482,98.64,153.26,149.09,379.177,246.54,504.69
2023-10-09,717.89,762.29,4.8515,91.654,881.59,460.1,432.55,527.65,793.82,528.57,,65.667,1390.07,269.35,18574.0,50.996,52.08,5097.63,60.351,98.09,152.21,150.98,383.724,254.06,510.33
2023-10-10,717.81,761.71,4.8673,91.679,882.08,462.84,435.67,527.64,794.83,530.77,,65.835,1367.74,269.0,18639.0,51.083,52.168,5122.46,60.171,98.1,152.04,149.6,385.418,253.97,511.35
2023-10-11,717.79,764.43,4.8583,91.798,885.82,464.37,437.19,528.47,796.79,531.1,,65.892,1378.79,264.19,18571.0,51.084,52.168,5094.71,59.666,97.81,150.82,149.94,385.546,250.23,506.32
2023-10-12,717.76,765.61,4.8449,91.758,887.01,463.27,435.41,528.42,799.73,530.75,,65.759,1376.06,261.64,18505.0,51.069,52.156,5071.16,59.381,97.71,151.28,150.58,385.035,248.8,503.41
2023-10-13,717.75,760.45,4.8258,91.747,879.9,456.94,429.41,526.82,795.75,528.09,,65.798,1349.98,264.09,18552.0,50.969,52.042,5116.67,59.978,98.41,152.16,152.04,385.538,250.31,501.3
2023-10-16,717.98,759.2,4.832,91.77,877.2,456.0,427.53,526.5,799.27,529.17,,65.906,1348.32,263.54,18645.0,50.993,52.073,5138.33,59.095,98.59,152.6,151.55,384.276,251.33,499.82
2023-10-17,717.96,759.44,4.8314,91.851,880.46,456.87,425.85,526.52,800.88,530.16,,65.852,1344.97,260.9,18624.0,51.036,52.122,5100.65,58.763,98.44,151.75,152.07,387.008,249.73,501.28
2023-10-18,717.95,762.59,4.8287,91.764,878.63,459.83,426.9,526.67,801.53,529.09,,65.961,1348.71,261.24,18644.0,51.002,52.087,5065.76,58.261,98.15,151.29,151.95,388.142,251.11,502.06
2023-10-19,717.95,760.82,4.8278,91.721,877.13,457.7,424.13,525.46,803.27,527.32,,66.088,1349.35,263.52,18651.0,50.966,52.051,5076.27,58.863,98.44,152.65,153.31,388.821,254.31,501.82
2023-10-20,717.93,762.75,4.8232,91.786,875.1,456.34,422.46,524.62,808.35,526.15,,66.503,1332.28,264.29,18705.0,51.033,52.116,5042.5,58.622,98.18,152.0,152.73,389.317,255.52,503.32
2023-10-23,717.92,763.78,4.8234,91.739,876.96,456.47,422.08,526.49,807.98,526.96,,66.105,1322.6,263.86,18644.0,51.024,52.102,5028.29,58.625,98.04,152.21,153.45,389.133,253.96,504.21
2023-10-24,717.86,768.99,4.8265,91.739,882.71,457.34,423.26,526.9,807.75,527.09,,66.736,1308.48,263.58,18598.0,51.063,52.155,4987.9,58.298,97.39,152.2,153.77,390.243,253.03,502.17
2023-10-25,717.85,764.49,4.8268,91.757,878.12,459.85,423.68,526.92,807.3,525.72,,66.686,1293.69,264.28,18561.0,50.99,52.081,5038.37,58.697,98.02,154.13,154.81,390.319,254.51,499.12
2023-10-26,717.84,762.72,4.8212,91.76,874.0,455.29,419.83,525.59,804.1,523.78,,66.549,1286.99,265.5,18628.0,50.946,52.033,5071.87,58.987,98.21,154.37,155.34,391.637,255.55,499.65
2023-10-27,717.82,761.8,4.8094,91.782,875.36,457.46,421.86,526.42,801.16,522.48,,66.668,1290.26,263.13,18695.0,51.018,52.111,5053.2,58.763,98.31,154.62,155.29,390.995,253.02,501.13
2023-10-30,717.81,761.98,4.8301,91.769,874.0,458.04,420.9,525.94,798.43,520.8,,66.567,1300.26,261.41,18740.0,50.999,52.082,5061.47,58.86,98.31,154.53,155.09,391.304,252.33,500.07
2023-10-31,717.79,764.8,4.8433,91.783,876.39,459.63,422.48,527.44,797.48,521.71,,66.37,1282.23,262.07,18626.0,51.083,52.181,5032.98,58.466,97.96,154.62,154.74,392.877,251.96,496.47
2023-11-01,717.78,763.99,4.7861,91.727,878.14,458.84,421.34,526.93,794.47,521.43,,66.376,1287.95,258.71,18639.0,50.931,52.021,5033.14,58.651,98.06,154.67,154.82,392.521,251.56,497.8
2023-11-02,717.97,763.32,4.7994,91.783,877.98,463.59,425.17,527.27,795.95,521.56,,66.402,1282.07,257.31,18610.0,51.045,52.138,5049.89,58.851,98.14,154.79,154.81,393.5,247.69,499.39
2023-11-03,717.96,766.12,4.8037,91.746,879.04,464.05,426.57,528.0,794.67,525.0,,66.261,1290.19,255.94,18456.0,51.053,52.146,5017.35,58.431,97.88,154.11,154.92,394.464,244.63,497.67
2023-11-06,717.8,772.62,4.8303,91.753,890.77,469.41,432.77,531.49,800.62,527.73,,65.617,1286.08,254.07,18180.0,51.138,52.23,4929.43,57.961,96.9,151.18,153.35,394.784,243.84,493.02
2023-11-07,717.76,772.3,4.8118,91.766,889.49,468.26,431.1,532.67,801.43,526.4,,64.799,1279.48,254.5,18006.0,51.092,52.184,4936.36,57.995,96.88,151.49,153.51,395.585,244.74,491.55
2023-11-08,717.73,771.33,4.8051,91.793,886.72,464.46,429.22,531.72,801.32,524.4,,64.924,1275.55,254.77,18052.0,50.986,52.074,4925.5,58.006,96.92,151.41,155.21,395.515,243.4,491.46
2023-11-09,717.72,771.43,4.7843,91.835,885.14,462.12,427.08,530.65,801.51,522.87,,65.275,1271.54,256.93,18127.0,51.05,52.135,4931.76,57.779,96.88,151.14,155.11,396.256,244.38,492.02
2023-11-10,717.71,769.17,4.7744,91.928,881.53,459.61,426.27,529.64,798.91,522.81,,65.494,1270.1,259.24,18158.0,50.985,52.069,4946.57,57.889,97.21,151.45,155.62,395.943,247.94,493.55
2023-11-13,717.69,770.42,4.7693,91.882,881.63,459.5,426.38,529.56,798.16,522.92,,65.587,1277.81,260.51,18199.0,51.029,52.11,4914.81,57.701,97.06,151.1,154.2,396.134,245.97,497.68
2023-11-14,717.68,771.02,4.7629,91.902,884.9,460.26,425.23,529.76,799.44,522.52,,65.6,1270.43,260.08,18289.0,51.056,52.138,4913.93,57.672,97.02,150.39,153.84,397.523,245.57,497.82
2023-11-15,717.52,781.52,4.784,91.926,897.47,466.97,432.17,532.69,808.21,524.79,,65.431,1260.84,253.96,18163.0,51.225,52.309,4829.34,56.531,95.7,147.41,151.56,399.507,242.33,493.91
2023-11-16,717.24,780.27,4.7586,91.866,893.03,468.37,433.99,532.03,810.34,525.75,,65.257,1243.37,253.18,18097.0,51.142,52.207,4840.5,56.432,95.85,146.64,150.45,399.254,241.3,492.59
2023-11-17,717.28,780.57,4.7801,91.988,891.78,465.65,430.0,533.43,809.56,523.19,,65.305,1240.17,255.85,17979.0,51.126,52.201,4839.16,56.155,95.74,147.19,152.11,399.418,240.38,488.72
2023-11-20,716.12,783.4,4.8001,91.848,894.65,468.07,431.46,534.29,810.66,523.87,,65.21,1244.85,255.55,18036.0,51.179,52.264,4844.05,56.132,95.37,146.63,150.67,399.55,240.43,488.49
2023-11-21,714.06,783.49,4.8257,91.629,894.81,469.42,432.32,535.21,809.0,521.31,,65.257,1238.68,256.33,18001.0,51.391,52.476,4853.4,55.587,95.26,145.95,149.57,402.679,239.5,491.34
2023-11-22,712.54,779.46,4.8203,91.411,895.45,468.34,432.38,533.67,808.38,521.24,,65.247,1235.88,260.71,18123.0,51.46,52.549,4885.66,56.11,95.67,146.49,149.48,403.584,241.05,492.45
2023-11-23,712.12,777.38,4.7785,91.329,892.2,467.39,430.3,532.33,808.0,521.84,,65.507,1235.05,264.45,18188.0,51.437,52.528,4902.58,56.204,95.89,146.74,150.6,403.975,241.08,493.19
2023-11-24,711.51,777.08,4.7657,91.237,893.14,467.61,431.34,531.58,805.68,520.31,,65.733,1237.36,264.22,18214.0,51.566,52.663,4887.13,56.28,96.03,147.22,151.2,404.703,241.45,494.62
2023-11-27,711.59,778.73,4.7645,91.35,896.72,468.81,433.22,531.45,806.93,522.29,,65.777,1248.51,264.34,18293.0,51.597,52.694,4886.67,56.13,95.81,146.98,150.53,405.583,240.69,496.19
2023-11-28,711.32,779.89,4.7996,91.314,898.91,470.61,434.55,532.71,808.51,522.94,,65.729,1247.88,262.31,18210.0,51.64,52.733,4872.96,55.825,95.73,146.43,149.44,406.257,241.56,491.45
2023-11-29,710.31,782.25,4.8322,91.129,903.14,472.95,437.02,534.39,810.18,524.06,,65.578,1248.32,261.71,18127.0,51.686,52.791,4829.13,55.197,95.44,145.08,149.27,406.926,241.25,487.32
2023-11-30,710.18,780.45,4.8362,90.979,902.9,470.93,438.1,533.7,814.43,523.48,,65.454,1245.96,263.51,18127.0,51.644,52.757,4846.41,55.663,95.59,145.62,149.82,407.078,243.35,489.09
2023-12-01,711.04,775.86,4.8116,91.022,899.96,470.96,439.29,532.65,814.81,525.58,,65.566,1260.03,264.91,18186.0,51.586,52.694,4911.06,56.178,96.16,147.28,151.71,405.753,244.65,494.41
2023-12-04,710.11,773.82,4.8583,90.882,903.75,475.31,442.11,533.58,819.07,527.26,,65.568,1281.25,262.5,18230.0,51.67,52.782,4896.69,55.967,96.38,145.99,150.0,406.733,242.08,488.51
2023-12-05,711.27,771.67,4.8401,91.016,899.98,471.59,439.62,532.52,816.57,526.23,,65.477,1279.21,264.33,18334.0,51.582,52.696,4928.69,56.188,96.68,146.45,152.22,406.276,245.7,493.02
2023-12-06,711.4,769.37,4.844,90.993,897.97,467.53,437.69,531.57,814.71,524.7,,65.555,1280.06,266.17,18380.0,51.526,52.627,4937.74,56.234,96.94,147.05,153.24,405.573,244.07,493.22
2023-12-07,711.76,767.46,4.8442,91.138,895.37,467.25,438.25,531.37,815.28,524.67,,65.61,1297.04,266.26,18416.0,51.543,52.642,4959.97,56.47,97.28,146.91,153.97,405.693,242.96,493.12
2023-12-08,711.23,767.92,4.9431,91.045,894.92,469.26,438.83,531.53,813.04,523.36,,65.662,1297.23,264.54,18433.0,51.635,52.742,4978.33,56.467,97.24,145.96,152.85,406.545,245.9,492.97
2023-12-11,711.63,767.37,4.9166,91.099,894.64,469.21,437.21,531.16,810.43,524.72,,65.657,1287.77,266.11,18375.0,51.56,52.664,4972.92,56.587,97.34,146.87,153.01,406.277,243.93,496.45
2023-12-12,711.74,768.12,4.8853,91.182,895.9,468.87,437.56,530.83,812.01,525.87,,65.751,1273.03,267.63,18395.0,51.484,52.584,4998.48,56.55,97.19,146.97,153.63,406.049,244.18,497.4
2023-12-13,711.26,769.33,4.9062,91.087,895.45,468.02,437.8,531.19,814.15,524.59,,65.801,1263.64,266.29,18375.0,51.573,52.676,4978.34,56.353,97.12,146.36,153.84,407.424,243.38,499.84
2023-12-14,710.9,773.56,4.9908,91.064,897.48,474.11,440.49,533.41,816.69,526.63,,65.767,1261.86,262.75,18292.0,51.698,52.806,4908.61,55.653,96.52,145.02,151.72,408.11,243.26,494.06
2023-12-15,709.57,779.88,4.9897,90.898,905.42,475.19,440.44,534.17,817.85,528.97,,65.787,1262.57,258.47,18202.0,51.807,52.916,4873.63,55.39,95.75,144.44,148.14,408.533,242.52,491.53
2023-12-18,709.33,774.14,4.993,90.92,900.34,475.97,441.33,532.94,816.41,531.33,,65.731,1269.19,258.16,18257.0,51.683,52.79,4943.28,55.973,96.3,145.19,147.48,407.145,242.55,491.17
2023-12-19,709.82,775.84,4.9819,91.068,898.5,476.34,441.92,533.29,819.17,530.4,,66.159,1268.32,261.89,18279.0,51.715,52.829,4960.63,55.785,96.19,143.83,146.44,409.068,241.92,491.39
2023-12-20,709.66,779.75,4.9383,90.999,904.14,480.27,445.58,534.43,825.17,532.74,,65.788,1271.12,258.31,18306.0,51.729,52.836,4936.95,55.549,95.74,143.04,144.66,409.736,240.68,490.54
2023-12-21,710.12,777.75,4.9553,90.984,898.58,478.93,444.79,533.54,824.31,532.23,,65.625,1274.26,257.68,18276.0,51.692,52.771,4942.14,55.937,95.97,143.13,145.69,410.022,241.49,491.21
2023-12-22,709.53,781.6,4.9988,90.862,900.7,482.71,447.21,535.11,829.22,534.68,,65.479,1293.4,258.67,18259.0,51.751,52.858,4897.2,55.423,95.52,142.13,144.74,410.367,240.21,488.74
2023-12-25,710.1,782.38,4.9926,90.847,903.44,482.75,447.75,536.34,829.34,535.54,,65.284,1294.59,260.15,18271.0,51.722,52.823,4876.39,55.442,95.41,141.11,143.31,411.323,239.58,486.75
2023-12-26,709.65,783.35,5.0019,90.859,903.24,484.02,448.68,536.44,830.29,536.37,,65.063,1294.99,260.27,18240.0,51.678,52.778,4870.28,55.407,95.25,140.76,143.21,411.386,239.2,485.87
2023-12-27,710.02,784.52,4.9951,90.901,904.36,485.15,450.07,536.8,832.27,538.58,,65.271,1286.02,262.75,18193.0,51.7,52.799,4869.8,55.229,95.14,140.67,142.86,411.715,239.36,485.63
2023-12-28,709.74,789.01,5.0201,90.861,908.86,486.56,451.03,538.03,842.71,537.9,,65.115,1289.59,259.2,18187.0,51.749,52.841,4851.1,54.825,94.6,139.96,142.24,413.77,238.6,482.44
2023-12-29,708.27,785.92,5.0213,90.622,904.11,484.84,449.91,537.72,841.84,536.73,,64.87,1245.82,261.83,18136.0,51.745,52.836,4871.05,55.227,94.91,140.65,143.62,415.785,239.15,482.25
2024-01-02,707.7,782.18,5.0274,90.564,902.26,482.77,447.84,537.0,841.94,535.2,113.74,64.812,1260.6,258.32,18207.0,51.827,52.923,4896.92,55.57,95.33,142.1,143.53,416.662,239.4,483.68
2024-01-03,710.02,778.02,5.008,90.864,897.94,481.74,445.61,536.21,837.12,534.27,113.35,64.941,1273.68,261.09,18334.0,51.665,52.755,4914.31,56.247,95.9,143.45,145.47,418.546,240.07,480.36
2024-01-04,709.97,777.62,4.9788,90.946,902.16,479.59,445.36,535.69,838.55,533.57,113.34,65.197,1287.37,262.86,18328.0,51.605,52.698,4895.66,56.04,96.0,144.44,145.33,418.481,239.42,482.73
2024-01-05,710.29,779.07,4.923,90.939,902.83,477.56,444.12,535.14,837.31,533.22,113.17,65.356,1280.43,262.98,18383.0,51.628,52.717,4870.59,55.897,95.87,143.51,144.66,419.445,239.67,484.4
2024-01-08,710.06,778.28,4.9148,90.914,904.5,478.0,444.95,534.89,836.01,532.65,113.37,65.468,1276.55,262.65,18440.0,51.64,52.734,4863.12,55.919,95.96,144.29,145.07,419.363,237.75,486.57
2024-01-09,710.1,778.76,4.9376,90.934,906.43,478.11,445.06,535.3,838.7,532.78,113.27,65.539,1276.36,261.65,18421.0,51.682,52.773,4857.74,55.76,95.92,143.77,145.77,420.933,237.22,490.54
2024-01-10,710.55,778.09,4.9334,90.897,904.88,476.18,444.71,534.67,835.38,531.84,113.4,65.399,1256.84,262.32,18476.0,51.616,52.706,4879.93,55.973,95.98,143.99,145.63,421.085,238.93,490.01
2024-01-11,710.87,781.39,4.893,90.937,907.57,477.7,444.39,534.73,837.37,532.52,113.27,65.303,1253.83,262.24,18469.0,51.594,52.686,4846.92,55.581,95.61,143.47,145.34,419.393,238.98,490.96
2024-01-12,710.5,781.42,4.9109,90.894,909.17,476.85,444.6,535.06,836.02,531.92,113.32,65.32,1244.34,262.2,18420.0,51.619,52.708,4858.34,55.789,95.59,144.06,144.74,422.332,237.88,491.08
2024-01-15,710.84,779.75,4.9138,90.9,907.47,476.77,444.59,534.55,835.1,531.45,113.31,65.392,1235.75,262.38,18412.0,51.595,52.685,4873.85,55.992,95.82,144.41,144.53,422.562,237.38,490.03
2024-01-16,711.34,780.3,4.8934,90.934,906.93,474.53,441.89,534.42,833.18,531.13,113.32,65.682,1229.48,262.26,18513.0,51.542,52.628,4865.92,56.135,95.76,144.89,145.32,422.228,237.64,489.85
2024-01-17,711.68,777.29,4.8635,90.954,903.63,471.46,439.78,532.2,830.12,530.23,113.3,65.928,1233.26,265.62,18630.0,51.413,52.501,4893.32,56.633,96.07,145.97,146.42,421.712,241.63,494.43
2024-01-18,711.74,777.37,4.8265,91.021,905.7,468.25,437.61,530.94,826.45,529.25,113.22,66.215,1235.18,267.44,18753.0,51.447,52.534,4902.66,56.702,96.13,146.21,147.22,422.038,241.55,496.69
2024-01-19,711.67,775.51,4.825,91.006,907.08,469.57,437.02,530.94,822.4,529.55,113.23,66.258,1249.46,265.55,18679.0,51.485,52.576,4936.74,56.605,96.26,147.03,147.77,422.53,241.22,496.74
2024-01-22,711.05,776.79,4.8207,90.947,905.63,470.61,437.12,531.67,821.02,531.07,113.31,66.324,1232.41,267.16,18664.0,51.541,52.631,4931.59,56.19,96.22,146.69,147.15,423.728,240.32,497.35
2024-01-23,711.17,776.35,4.824,90.967,906.88,469.24,434.34,531.35,821.29,529.67,113.29,66.514,1231.94,269.52,18714.0,51.51,52.598,4954.65,56.341,96.3,146.65,147.48,424.249,241.57,498.01
2024-01-24,710.53,774.07,4.8114,90.839,904.98,469.74,435.76,531.31,819.47,529.91,113.45,66.522,1243.2,267.35,18726.0,51.566,52.648,5003.81,56.86,96.53,147.0,147.35,425.089,243.56,500.02
2024-01-25,710.44,774.46,4.8284,90.866,905.23,468.45,435.57,530.98,824.11,526.43,113.41,66.605,1242.67,265.71,18715.0,51.634,52.726,5008.25,56.687,96.45,146.69,147.13,425.123,242.77,501.45
2024-01-26,710.74,772.56,4.8326,90.909,905.59,469.41,436.0,531.28,821.81,528.96,113.36,66.58,1244.72,265.38,18717.0,51.572,52.658,4993.97,56.721,96.64,146.57,146.55,425.313,242.05,500.73
2024-01-29,710.97,772.18,4.8187,90.973,904.89,468.91,434.55,530.68,825.19,530.31,113.28,66.536,1257.43,264.0,18704.0,51.559,52.645,5033.06,56.653,96.64,146.93,146.51,425.324,241.51,498.78
2024-01-30,710.55,771.5,4.839,90.95,905.74,471.27,437.47,531.73,827.23,531.58,113.31,66.478,1249.77,264.24,18661.0,51.582,52.669,5049.75,56.692,96.73,146.63,146.4,426.141,242.31,496.18
2024-01-31,710.39,771.53,4.8322,90.878,904.21,469.55,436.93,531.44,826.51,531.73,113.4,66.514,1255.9,264.02,18626.0,51.596,52.682,5012.23,56.431,96.71,146.29,146.83,426.408,241.42,495.65
2024-02-01,710.49,769.53,4.8564,90.879,903.94,468.1,436.21,531.51,826.89,530.79,113.43,66.551,1259.09,262.21,18657.0,51.563,52.646,4991.87,56.311,96.95,146.0,147.74,426.163,242.14,497.62
2024-02-02,710.06,773.2,4.8649,90.805,906.67,467.75,437.42,532.12,829.65,531.88,113.51,66.568,1267.06,261.48,18631.0,51.655,52.738,4957.16,55.907,96.54,146.02,146.86,428.075,240.56,495.8
2024-02-05,710.7,767.55,4.8065,90.855,900.2,463.3,432.07,530.85,821.88,530.17,113.45,66.338,1271.17,265.48,18593.0,51.553,52.633,5017.03,56.39,97.28,147.63,149.38,427.708,241.68,496.15
2024-02-06,710.82,766.69,4.8087,90.864,894.76,463.14,433.06,529.43,819.91,527.61,113.36,66.799,1266.51,267.43,18593.0,51.497,52.583,5057.07,56.789,97.49,148.4,149.84,428.024,240.77,499.93
2024-02-07,710.49,766.09,4.8244,90.843,897.3,465.17,435.08,529.67,818.88,528.26,113.5,67.086,1267.81,264.74,18550.0,51.618,52.704,5057.7,56.917,97.63,147.44,148.76,429.465,239.94,497.87
2024-02-08,710.63,767.81,4.8208,90.879,899.8,465.35,436.46,530.29,815.14,529.71,113.34,66.99,1280.61,265.56,18569.0,51.578,52.667,5071.13,56.713,97.38,147.0,148.58,429.431,240.08,498.08
2024-02-09,710.36,768.58,4.7901,90.819,900.17,463.66,436.41,529.16,816.68,530.35,113.41,67.132,1274.16,266.29,18585.0,51.525,52.608,5071.33,56.436,97.22,146.82,148.92,430.178,241.15,501.25
2024-02-19,710.32,767.96,4.7572,90.819,899.04,466.02,437.36,529.45,809.74,529.47,113.51,67.245,1290.0,264.91,18626.0,51.541,52.63,5072.61,56.568,97.21,146.32,147.61,432.703,239.85,503.24
2024-02-20,710.68,767.99,4.7531,90.862,897.38,466.05,438.81,529.12,807.54,528.52,113.44,67.424,1293.05,266.27,18674.0,51.564,52.654,5078.46,56.537,97.32,145.78,147.31,433.329,239.96,504.61
2024-02-21,710.3,769.94,4.7587,90.826,899.0,467.15,440.18,529.64,807.6,527.15,113.46,67.545,1290.47,265.95,18679.0,51.616,52.7,5049.46,56.22,97.07,145.38,147.3,434.318,240.26,504.13
2024-02-22,710.18,770.88,4.7439,90.817,900.13,467.15,441.27,529.54,810.05,528.01,113.47,67.5,1292.6,265.78,18662.0,51.602,52.666,5036.86,56.163,96.96,145.4,147.18,435.684,240.06,502.56
2024-02-23,710.64,771.02,4.7401,90.848,902.09,467.79,442.44,530.24,809.5,528.82,113.43,67.296,1302.38,269.3,18582.0,51.614,52.707,5043.08,56.256,96.95,144.8,147.48,436.283,240.98,502.85
2024-02-26,710.8,771.71,4.7458,90.844,903.78,468.57,442.09,530.48,809.46,528.64,113.46,67.162,1316.0,271.17,18607.0,51.534,52.621,5054.16,55.981,96.84,144.75,147.78,435.637,240.78,503.15
2024-02-27,710.57,773.09,4.7385,90.832,903.59,466.21,440.25,529.52,809.57,527.94,113.45,67.239,1291.14,271.21,18631.0,51.581,52.672,5049.41,55.91,96.69,144.27,147.64,436.987,240.61,502.82
2024-02-28,710.75,772.9,4.7428,90.823,903.84,466.95,440.92,530.05,810.88,527.16,113.46,66.98,1287.0,268.3,18631.0,51.568,52.658,5072.76,55.89,96.73,144.57,147.84,437.194,240.21,502.41
2024-02-29,710.36,772.49,4.7391,90.753,902.49,463.45,435.52,529.37,811.42,525.48,113.56,67.092,1278.28,270.6,18656.0,51.552,52.64,5105.22,56.056,96.72,144.96,148.65,438.119,240.63,504.2
2024-03-01,710.59,770.17,4.7529,90.772,899.7,463.58,434.69,529.1,805.74,525.31,113.53,66.732,1277.03,269.72,18654.0,51.58,52.67,5116.21,56.227,97.09,145.51,149.11,439.411,240.06,502.29
2024-03-04,710.2,772.24,4.7524,90.725,901.55,465.45,435.92,529.44,806.2,525.86,113.59,66.601,1282.76,268.61,18634.0,51.573,52.691,5116.36,56.062,96.76,144.8,147.92,440.893,239.53,501.75
2024-03-05,710.27,773.47,4.7431,90.763,904.17,464.17,435.2,530.01,804.98,525.32,113.54,66.489,1278.86,267.51,18624.0,51.58,52.668,5131.62,56.041,96.63,145.48,148.44,443.269,238.7,500.45
2024-03-06,710.16,773.35,4.7577,90.767,905.01,463.71,434.42,530.13,806.29,524.54,113.53,66.71,1270.08,266.86,18681.0,51.588,52.681,5107.38,55.927,96.64,145.69,148.5,445.259,238.59,501.55
2024-03-07,710.02,775.94,4.7802,90.769,906.15,467.79,437.29,531.51,805.91,527.12,113.54,66.432,1269.94,264.67,18618.0,51.642,52.735,5089.66,55.574,96.35,144.48,147.42,446.889,237.84,499.23
2024-03-08,709.78,779.15,4.8211,90.765,911.29,471.35,440.54,533.35,810.52,529.13,113.53,65.993,1268.99,262.93,18548.0,51.673,52.77,5087.46,55.392,95.97,143.62,146.3,449.095,237.93,498.82
2024-03-11,709.69,778.78,4.8545,90.751,914.72,471.76,440.69,534.21,811.09,528.05,113.56,66.032,1274.47,264.44,18450.0,51.647,52.741,5073.16,55.422,96.01,143.48,146.59,449.624,236.8,496.91
2024-03-12,709.63,777.82,4.8568,90.731,912.08,471.17,440.0,534.69,811.2,528.35,113.58,66.003,1273.03,262.74,18368.0,51.64,52.731,5085.97,55.202,96.11,143.84,146.84,450.361,236.82,497.12
2024-03-13,709.3,777.96,4.8256,90.661,910.89,470.77,438.54,534.04,811.52,528.1,113.66,65.912,1284.75,262.61,18370.0,51.619,52.709,5141.64,55.27,96.06,143.72,147.76,450.904,236.66,499.63
2024-03-14,709.74,779.12,4.8276,90.739,910.69,471.85,439.37,533.71,808.99,528.66,113.56,66.044,1279.99,261.36,18408.0,51.66,52.754,5097.84,55.137,95.97,143.66,147.39,451.67,235.04,499.65
2024-03-15,709.75,775.69,4.8134,90.735,908.83,469.37,437.36,533.3,806.52,527.02,113.57,66.049,1280.62,263.28,18487.0,51.549,52.637,5116.71,55.525,96.37,145.07,148.36,451.937,235.22,499.97
2024-03-18,709.43,775.59,4.7895,90.696,907.25,467.92,434.58,532.19,806.65,526.56,113.66,66.267,1296.08,263.58,18600.0,51.559,52.652,5080.69,55.608,96.41,145.41,149.15,451.672,235.45,501.66
2024-03-19,709.85,774.39,4.7831,90.772,906.43,467.53,434.32,531.56,802.66,526.75,113.53,66.501,1282.87,266.51,18675.0,51.597,52.693,5116.56,56.012,96.58,146.41,149.63,454.276,237.2,503.56
2024-03-20,709.68,774.41,4.7282,90.722,906.82,465.87,431.95,530.61,802.51,525.77,113.59,66.642,1292.99,265.85,18699.0,51.545,52.638,5112.85,55.895,96.54,146.35,149.37,454.664,236.68,504.56
2024-03-21,709.42,777.69,4.7258,90.709,909.71,469.25,433.62,530.52,803.04,528.11,113.61,66.517,1292.81,263.23,18646.0,51.681,52.776,5076.36,55.608,96.15,145.82,148.48,455.923,235.31,504.3
2024-03-22,710.04,774.65,4.7118,90.792,903.55,469.12,432.7,530.52,795.43,527.57,113.5,66.437,1286.44,264.45,18578.0,51.586,52.683,5099.98,55.755,96.52,146.63,149.46,451.766,235.71,506.09
2024-03-25,709.96,771.67,4.7274,90.774,899.53,465.9,428.96,528.76,795.19,525.42,113.52,66.648,1283.08,266.48,18679.0,51.483,52.578,5170.49,56.236,96.96,147.86,150.52,449.627,235.76,508.05
2024-03-26,709.43,772.03,4.7127,90.706,899.94,466.2,428.48,528.89,791.74,524.85,113.61,66.526,1298.42,265.63,18696.0,51.589,52.687,5158.29,55.952,96.88,148.42,150.51,451.804,235.02,508.66
2024-03-27,709.46,771.79,4.7099,90.698,899.75,466.16,429.17,529.32,788.41,525.08,113.62,66.583,1293.83,266.83,18732.0,51.585,52.686,5145.47,56.073,97.02,148.57,151.11,452.33,234.65,507.76
2024-03-28,709.48,770.43,4.7195,90.685,899.58,465.32,427.93,528.73,787.38,525.48,113.64,66.625,1292.0,266.07,18818.0,51.553,52.656,5142.93,56.206,97.09,149.26,151.71,453.312,233.35,508.39
2024-03-29,709.5,767.65,4.7158,90.655,900.04,464.02,425.83,527.62,790.74,527.38,113.67,66.721,1292.5,266.0,18806.0,51.564,52.662,5145.42,56.216,97.32,150.37,152.76,454.454,233.93,509.76
2024-04-01,709.38,768.89,4.7148,90.644,899.89,465.97,427.73,528.35,789.82,527.26,113.7,66.594,1293.68,265.13,18799.0,51.592,52.692,5143.5,56.106,97.36,149.88,152.37,455.222,233.33,508.51
2024-04-02,709.57,766.5,4.7138,90.675,896.2,464.3,426.73,527.84,788.89,526.65,113.65,66.614,1289.06,265.98,18845.0,51.535,52.63,5166.45,56.255,97.62,151.1,153.46,452.686,233.98,509.95
2024-04-03,709.49,767.73,4.7106,90.629,895.79,464.81,426.53,526.9,784.69,525.9,113.7,66.92,1291.27,264.04,18830.0,51.583,52.686,5166.77,56.164,97.58,150.7,152.22,449.881,233.47,511.54
2024-04-08,709.47,771.37,4.7065,90.623,898.91,468.48,429.13,527.63,788.34,524.09,113.66,66.951,1292.02,263.21,18875.0,51.617,52.721,5073.04,55.761,97.08,149.49,151.1,449.366,232.21,512.52
2024-04-09,709.56,773.82,4.7022,90.605,901.61,471.2,431.35,528.36,787.08,525.52,113.74,66.941,1290.82,262.08,18902.0,51.599,52.702,5059.57,55.295,96.77,148.15,150.01,451.652,230.18,512.79
2024-04-10,709.59,774.02,4.706,90.615,903.46,473.2,433.71,529.62,789.16,525.77,113.73,66.899,1297.47,259.43,18880.0,51.57,52.675,5061.4,55.35,96.74,147.95,149.85,452.404,230.88,508.38
2024-04-11,709.68,766.9,4.6778,90.584,895.48,466.01,428.62,526.99,782.54,522.45,113.76,66.831,1301.71,263.63,18944.0,51.475,52.578,5126.98,55.909,97.66,150.08,151.89,452.658,231.83,510.92
2024-04-12,709.67,765.29,4.6654,90.55,895.48,467.08,429.51,526.99,783.75,521.94,113.8,66.885,1302.8,263.06,19036.0,51.535,52.64,5119.3,55.945,97.82,150.3,151.76,453.32,231.61,508.96
2024-04-15,709.79,761.79,4.6677,90.577,891.63,464.51,426.8,525.1,782.18,520.69,113.77,66.995,1304.15,264.29,19165.0,51.463,52.565,5161.94,56.373,98.09,151.5,152.0,453.526,233.3,511.29
2024-04-16,710.28,759.69,4.6419,90.705,889.83,461.51,422.88,523.77,783.02,519.35,113.61,67.186,1304.6,266.05,19280.0,51.478,52.582,5185.53,56.649,98.42,151.98,152.83,454.144,234.4,512.25
2024-04-17,710.25,759.73,4.6333,90.69,889.0,460.63,422.18,523.31,782.7,518.29,113.63,67.193,1312.9,266.75,19316.0,51.465,52.582,5199.85,57.487,98.42,152.9,153.3,454.773,238.78,511.46
2024-04-18,710.2,759.8,4.6363,90.707,888.54,459.29,421.49,523.92,782.71,518.63,113.73,67.259,1314.11,266.81,19208.0,51.583,52.666,5169.07,56.945,98.45,153.42,154.47,455.275,237.95,513.51
2024-04-19,710.46,758.73,4.6329,90.711,888.7,458.7,421.03,523.78,782.2,519.45,113.6,67.238,1310.1,268.32,19193.0,51.518,52.622,5186.17,57.014,98.63,153.71,155.07,455.756,239.4,513.51
2024-04-22,710.43,759.55,4.6334,90.696,884.56,459.44,420.97,524.13,783.06,520.12,113.62,67.16,1298.34,268.24,19191.0,51.514,52.613,5175.52,56.548,98.44,153.01,154.51,456.005,239.55,515.28
2024-04-23,710.59,760.53,4.6228,90.687,881.48,461.19,424.02,523.57,782.79,521.61,113.64,67.255,1307.56,269.38,19208.0,51.493,52.591,5204.53,56.995,98.46,152.46,154.02,456.44,241.13,516.99
2024-04-24,710.48,763.32,4.6199,90.678,887.59,463.33,424.78,523.45,781.92,522.42,113.64,67.261,1299.88,268.48,19141.0,51.553,52.654,5172.86,56.707,98.12,151.6,153.13,456.517,238.92,515.34
2024-04-25,710.58,763.72,4.6082,90.743,889.32,464.65,425.28,523.64,780.45,521.4,113.6,67.283,1287.53,269.97,19146.0,51.498,52.587,5181.77,57.016,98.04,152.47,154.21,456.384,240.4,517.17
2024-04-26,710.56,765.61,4.5967,90.777,892.5,466.36,426.91,524.6,781.82,523.06,113.55,67.246,1285.98,267.26,19135.0,51.515,52.606,5155.6,56.602,97.79,152.49,153.76,456.196,242.15,516.46
2024-04-29,710.66,764.86,4.5252,90.772,893.58,468.11,426.48,524.46,782.08,523.68,113.53,67.122,1280.98,263.89,19172.0,51.461,52.547,5157.04,56.767,97.89,152.92,154.35,455.424,241.54,515.9
2024-04-30,710.63,764.58,4.577,90.805,895.94,469.05,427.81,524.1,783.19,522.55,113.49,67.161,1300.2,261.77,19165.0,51.523,52.614,5140.39,56.669,97.94,153.21,154.3,454.533,239.53,517.4
2024-05-06,709.94,766.32,4.655,90.886,893.25,471.34,428.96,527.02,786.39,520.66,113.33,66.764,1280.82,260.38,19016.0,51.636,52.728,5102.61,56.628,97.68,151.71,152.67,454.31,239.36,514.25
2024-05-07,710.02,767.42,4.6289,90.806,895.0,472.74,429.46,526.79,786.09,521.78,113.49,66.772,1277.09,259.65,18954.0,51.574,52.662,5080.56,56.31,97.49,151.7,152.11,452.789,237.75,515.21
2024-05-08,710.16,766.59,4.6145,90.788,891.62,470.64,429.04,525.82,784.94,519.83,113.51,66.729,1277.18,259.93,19010.0,51.537,52.625,5092.88,56.457,97.59,152.29,153.22,452.537,238.11,516.16
2024-05-09,710.28,766.39,4.5939,90.878,891.03,469.84,429.34,525.83,785.44,520.15,113.39,66.723,1281.2,260.91,19050.0,51.53,52.62,5091.83,56.311,97.61,152.86,152.99,452.791,238.13,516.11
2024-05-10,710.11,768.17,4.5954,90.867,892.23,472.1,431.21,526.34,786.43,521.37,113.41,66.689,1292.91,259.55,19100.0,51.585,52.677,5068.3,55.989,97.41,152.23,152.39,453.194,236.51,513.72
2024-05-13,710.3,768.29,4.5867,90.889,893.54,471.73,430.84,526.04,786.94,522.07,113.37,66.716,1292.0,258.86,19119.0,51.538,52.626,5067.7,56.204,97.42,151.99,152.24,452.28,236.25,513.45
2024-05-14,710.53,769.51,4.5752,90.962,895.38,471.97,430.69,526.57,785.13,522.22,113.29,66.578,1277.86,257.84,19073.0,51.546,52.634,5048.54,55.918,97.29,151.99,151.77,452.408,236.51,513.89
2024-05-15,710.49,771.29,4.5676,90.955,897.5,473.16,432.4,526.95,786.34,522.75,113.3,66.314,1274.89,258.45,19050.0,51.534,52.636,5023.48,55.56,97.08,151.52,151.65,452.866,237.17,510.95
2024-05-16,710.2,774.98,4.6241,90.998,902.68,477.15,437.23,529.27,789.71,523.64,113.27,66.064,1273.49,256.93,18969.0,51.663,52.754,4994.95,55.182,96.61,149.71,149.93,452.325,235.17,508.52
2024-05-17,710.45,774.46,4.5959,91.057,903.02,476.79,438.01,528.96,786.41,523.87,113.17,65.954,1270.0,255.53,18856.0,51.589,52.678,5011.2,55.2,96.69,150.32,150.27,452.675,234.93,506.26
2024-05-20,710.42,775.28,4.5866,91.034,905.83,478.43,438.62,529.5,784.4,524.48,113.18,65.956,1270.79,255.23,18916.0,51.547,52.633,5010.38,55.151,96.52,150.08,149.83,452.229,233.62,504.51
2024-05-21,710.69,775.03,4.5754,91.153,907.05,476.87,437.43,529.16,784.01,524.39,113.06,65.99,1266.32,255.02,18952.0,51.508,52.598,5000.5,55.117,96.6,149.72,150.08,451.516,232.96,503.98
2024-05-22,710.77,775.08,4.5814,91.072,907.46,476.94,436.68,529.4,783.56,524.01,113.16,66.053,1261.2,253.52,19012.0,51.493,52.582,4993.24,55.085,96.58,149.69,149.52,451.147,233.86,507.51
2024-05-23,710.98,773.3,4.5695,91.094,908.67,473.96,437.55,528.81,780.56,522.47,113.12,66.058,1257.28,256.56,19009.0,51.46,52.545,5026.95,55.435,96.83,150.26,150.02,451.145,234.31,507.94
2024-05-24,711.02,772.54,4.5615,91.048,907.17,472.69,437.33,528.14,781.42,521.08,113.19,66.226,1277.11,258.98,19030.0,51.447,52.534,5022.39,55.441,96.92,150.21,149.5,450.951,235.2,510.21
2024-05-27,710.91,774.02,4.5595,90.981,908.51,473.52,438.28,528.28,780.36,522.27,113.27,66.256,1249.42,258.37,19054.0,51.516,52.605,4982.7,55.169,96.73,149.38,148.72,451.551,234.59,511.35
2024-05-28,711.01,775.04,4.5584,91.082,910.96,475.61,440.47,528.67,781.04,523.93,113.14,66.047,1239.53,258.03,18980.0,51.541,52.635,4986.16,55.243,96.67,148.73,147.22,450.483,234.67,510.34
2024-05-29,711.06,775.08,4.5519,91.025,911.16,475.58,440.15,529.07,782.83,523.88,113.21,66.056,1234.99,256.5,18970.0,51.473,52.56,4986.66,55.153,96.64,148.08,147.44,451.568,236.23,510.6
2024-05-30,711.11,772.22,4.548,91.019,908.14,473.66,438.77,528.31,783.33,521.89,113.22,66.194,1246.75,258.62,19072.0,51.387,52.48,5045.43,55.683,96.94,149.24,148.29,451.314,239.36,513.02
2024-05-31,710.88,773.22,4.5611,90.927,908.53,474.02,438.05,528.49,790.16,522.24,113.28,66.153,1257.06,262.87,19221.0,51.49,52.585,5053.33,55.603,96.79,148.32,147.9,451.777,239.24,512.17
2024-06-03,710.86,774.57,4.5504,90.892,909.51,475.84,440.32,528.13,791.35,524.4,113.39,66.199,1260.36,263.79,19258.0,51.495,52.585,5049.31,55.4,96.62,147.5,147.29,451.538,238.77,513.29
2024-06-04,710.83,777.87,4.5781,90.911,913.16,477.77,442.96,529.68,796.35,523.59,113.35,66.069,1246.09,260.24,19175.0,51.559,52.65,5038.68,55.156,96.26,145.94,146.66,451.42,248.65,511.94
2024-06-05,710.97,776.98,4.6174,91.024,911.99,475.5,442.51,529.94,802.23,522.68,113.21,66.099,1247.31,262.73,19169.0,51.477,52.566,5082.41,55.683,96.34,146.15,148.08,457.172,250.58,510.34
2024-06-06,711.08,776.64,4.5896,91.061,913.53,475.98,444.01,529.45,799.92,522.19,113.17,66.066,1241.74,265.73,19093.0,51.476,52.566,5050.04,55.497,96.39,145.49,148.18,451.769,246.35,510.04
2024-06-07,711.06,777.6,4.5984,91.037,913.05,476.88,443.91,530.27,802.28,522.81,113.2,66.044,1244.33,266.36,19071.0,51.489,52.581,5035.0,55.331,96.28,145.47,147.96,452.143,251.8,507.89
2024-06-11,711.35,769.7,4.5596,91.059,910.6,473.35,439.96,528.4,796.53,520.48,113.15,66.334,1237.68,262.41,19124.0,51.393,52.475,5133.12,56.486,97.25,146.48,148.97,453.09,259.42,511.53
2024-06-12,711.33,767.88,4.5588,91.081,910.85,473.48,440.99,528.22,794.99,520.53,113.14,66.3,1243.19,260.1,19163.0,51.4,52.484,5169.68,56.793,97.45,146.61,149.69,453.053,260.96,511.25
2024-06-13,711.22,771.97,4.5636,91.08,913.06,476.24,442.69,529.41,796.72,520.64,113.14,66.259,1244.92,257.97,19093.0,51.493,52.585,5139.77,56.377,97.0,145.36,148.32,453.044,264.04,510.86
2024-06-14,711.51,767.95,4.5603,91.091,912.28,475.18,441.96,528.96,798.58,521.04,113.13,66.204,1224.12,258.21,19132.0,51.4,52.496,5193.72,56.897,97.46,146.5,149.05,454.846,259.37,511.27
2024-06-17,711.49,765.55,4.5502,91.087,907.58,474.05,440.47,528.05,801.63,521.32,113.08,66.28,1247.45,257.31,19209.0,51.372,52.468,5221.64,57.394,97.77,147.03,149.44,458.138,259.95,510.42
2024-06-18,711.48,767.49,4.5461,91.095,908.28,473.64,439.76,528.47,802.68,521.62,113.14,66.189,1236.27,255.75,19201.0,51.415,52.526,5175.14,56.845,97.52,146.49,149.22,459.262,260.77,512.62
2024-06-19,711.59,766.87,4.5381,91.137,907.06,476.19,439.79,528.09,806.06,520.98,113.09,66.211,1195.38,253.12,19231.0,51.482,52.589,5162.0,56.827,97.66,146.21,148.33,456.326,259.16,511.16
2024-06-20,711.92,768.01,4.5378,91.199,908.66,477.61,440.16,528.64,806.51,521.81,113.01,66.194,1162.7,251.54,19239.0,51.453,52.553,5178.24,56.574,97.52,146.02,147.92,455.255,259.4,510.83
2024-06-21,711.96,766.23,4.5182,91.232,906.24,477.61,439.95,527.94,801.61,524.18,112.97,66.207,1213.08,251.63,19302.0,51.366,52.463,5203.93,56.749,97.73,146.64,147.45,459.046,257.89,511.0
2024-06-24,712.01,765.07,4.4952,91.239,904.5,475.89,439.03,527.8,799.15,523.14,112.96,66.139,1239.28,252.15,19308.0,51.351,52.448,5207.25,56.809,97.85,146.77,147.92,458.916,254.59,511.08
2024-06-25,712.25,767.03,4.494,91.234,906.03,476.26,438.98,527.74,798.56,523.63,112.98,66.203,1222.28,253.85,19288.0,51.444,52.547,5173.58,56.189,97.66,146.54,147.69,461.097,252.5,511.07
2024-06-26,712.48,766.54,4.5001,91.235,907.82,476.53,439.63,527.85,798.19,524.56,112.97,66.085,1221.69,255.37,19316.0,51.366,52.472,5189.02,56.362,97.69,146.82,148.5,460.77,254.78,510.76
2024-06-27,712.7,765.01,4.4783,91.272,904.23,476.97,437.1,526.58,797.24,523.34,112.85,66.188,1226.68,254.1,19315.0,51.305,52.406,5211.34,56.675,97.86,147.26,149.28,458.718,257.21,513.17
2024-06-28,712.68,766.17,4.4738,91.268,904.3,476.5,436.9,527.9,794.71,522.74,112.91,66.248,1188.94,258.46,19273.0,51.381,52.475,5198.0,56.533,97.74,148.44,149.13,459.736,259.24,512.4
2024-07-01,712.65,767.87,4.4682,91.261,904.27,477.68,437.58,527.13,793.44,523.36,112.93,66.21,1192.75,253.01,19207.0,51.434,52.539,5162.87,56.429,97.56,147.81,149.21,457.867,256.9,511.51
2024-07-02,712.91,768.92,4.4587,91.267,905.82,477.79,436.3,527.03,792.09,522.37,112.93,66.156,1207.04,256.47,19216.0,51.326,52.425,5155.36,56.387,97.38,148.06,148.99,455.935,258.01,510.64
2024-07-03,713.12,769.39,4.4552,91.278,908.31,478.3,436.97,527.35,790.8,524.13,112.92,66.24,1221.26,260.36,19275.0,51.35,52.449,5152.06,56.252,97.28,147.67,149.17,454.881,256.4,512.21
2024-07-04,713.05,772.32,4.4517,91.29,911.96,480.99,438.53,528.49,792.58,525.41,112.88,66.199,1230.43,257.86,19257.0,51.363,52.459,5133.1,55.909,96.97,146.54,147.64,454.979,255.3,510.22
2024-07-05,712.89,774.09,4.459,91.292,912.9,482.29,439.31,528.96,793.8,526.27,112.91,66.091,1237.42,255.62,19182.0,51.36,52.454,5100.7,55.578,96.77,146.65,147.8,456.099,254.02,509.27
2024-07-08,712.86,774.7,4.4739,91.24,916.3,483.53,441.07,530.1,797.9,525.03,112.94,66.123,1223.71,254.2,19171.0,51.376,52.468,5089.78,55.562,96.67,146.69,147.65,456.366,254.15,507.11
2024-07-09,713.1,775.35,4.4748,91.304,917.25,483.54,440.58,529.82,796.59,525.7,112.81,66.082,1215.67,253.39,19222.0,51.352,52.442,5109.97,55.277,96.57,147.62,148.13,457.13,252.62,506.51
2024-07-10,713.42,774.95,4.4628,91.329,916.33,483.99,440.65,529.84,797.03,526.21,112.81,66.002,1218.67,253.85,19223.0,51.301,52.388,5110.01,55.169,96.61,147.2,148.1,459.262,251.16,505.79
2024-07-11,713.39,776.28,4.457,91.34,920.79,484.63,437.84,530.93,795.27,526.77,112.8,65.865,1231.06,253.2,19202.0,51.214,52.418,5092.73,55.151,96.45,147.14,149.64,459.105,250.28,504.66
2024-07-12,713.15,777.26,4.5253,91.339,923.24,484.12,436.55,531.98,796.36,524.9,112.81,65.646,1214.54,252.04,19118.0,51.43,52.518,5087.95,55.083,96.4,146.83,150.09,461.373,249.67,502.53
2024-07-15,713.13,779.29,4.5354,91.333,928.26,485.38,437.76,532.52,797.15,524.99,112.84,65.555,1223.36,251.86,19141.0,51.344,52.431,5053.74,54.83,96.06,147.17,150.11,462.028,248.38,503.36
2024-07-16,713.28,780.47,4.5429,91.368,928.88,485.17,436.66,532.37,798.55,524.34,112.81,65.55,1226.74,254.68,19239.0,51.321,52.411,5036.52,54.78,95.93,147.99,151.03,461.062,248.83,502.73
2024-07-17,713.18,780.89,4.5384,91.358,929.32,482.9,435.77,532.27,800.45,524.53,112.83,65.559,1229.49,252.44,19217.0,51.318,52.409,5041.99,55.073,95.83,147.85,150.64,461.557,247.84,500.89
2024-07-18,712.85,782.53,4.6067,91.317,930.15,481.93,436.26,533.26,808.78,523.25,112.87,65.437,1231.52,254.93,19180.0,51.408,52.495,5017.31,55.078,95.72,147.36,150.11,462.926,249.14,499.98
2024-07-19,713.15,780.9,4.5691,91.311,927.95,481.42,434.62,532.62,806.21,523.54,112.87,65.487,1228.86,255.16,19229.0,51.287,52.376,5025.71,55.187,95.87,147.82,151.04,462.126,252.07,502.05
2024-07-22,713.35,780.87,4.5666,91.333,926.79,480.73,432.92,532.47,805.64,523.33,112.83,65.689,1221.11,254.74,19277.0,51.301,52.387,5024.3,55.143,95.85,148.48,151.73,461.948,252.33,504.22
2024-07-23,713.34,780.47,4.5756,91.377,926.74,476.87,429.93,531.89,804.14,521.5,112.77,65.647,1221.12,255.19,19259.0,51.296,52.388,5014.14,55.078,95.95,149.6,153.05,459.903,251.76,504.94
2024-07-24,713.58,777.64,4.6107,91.381,924.65,474.83,428.18,532.25,802.6,520.52,112.77,65.568,1220.57,257.34,19231.0,51.296,52.391,5042.64,55.275,96.31,150.22,153.92,458.439,254.8,502.09
2024-07-25,713.21,776.43,4.6703,91.34,923.92,471.68,425.83,532.89,808.0,519.23,112.83,65.536,1199.76,256.77,19204.0,51.332,52.426,5088.99,55.589,96.49,150.41,154.14,458.919,257.98,502.1
2024-07-26,712.7,775.99,4.6617,91.304,919.2,468.25,422.03,532.07,810.91,517.75,112.86,65.409,1184.6,257.15,19279.0,51.39,52.49,5072.25,55.392,96.44,151.38,154.32,463.362,258.99,504.89
2024-07-29,713.16,776.79,4.6526,91.339,920.92,470.16,423.19,532.31,808.13,518.21,112.82,65.309,1198.24,256.06,19248.0,51.366,52.47,5051.07,55.228,96.39,151.11,154.03,460.398,258.72,500.81
2024-07-30,713.64,774.97,4.6645,91.354,921.13,469.96,422.38,532.93,807.21,517.5,112.8,65.022,1201.48,257.87,19217.0,51.319,52.416,5092.28,55.645,96.61,151.24,153.71,461.802,261.9,500.18
2024-07-31,713.46,774.39,4.6958,91.336,919.0,468.93,423.92,532.95,810.16,517.33,112.83,64.733,1196.43,256.19,19256.0,51.352,52.451,5123.23,55.605,96.66,150.34,153.08,462.824,263.15,499.35
2024-08-01,713.23,773.59,4.7699,91.283,918.09,467.96,426.2,534.16,812.43,517.7,112.89,64.168,1202.07,255.19,19110.0,51.447,52.554,5107.04,55.62,96.76,149.75,152.81,464.457,261.67,495.86
2024-08-02,713.76,772.46,4.8075,91.343,912.08,465.94,426.53,535.08,819.15,516.61,112.81,63.951,1191.12,255.82,19101.0,51.333,52.447,5148.43,55.891,96.9,149.8,152.94,463.361,265.0,494.95
2024-08-05,713.45,778.89,4.9003,91.737,912.61,463.89,424.83,537.98,832.66,514.49,112.64,62.551,1198.14,256.67,19075.0,51.487,52.609,5115.92,55.201,96.01,148.26,153.48,465.732,272.13,494.94
2024-08-06,713.18,781.43,4.9069,91.556,912.01,464.87,424.81,538.31,834.89,516.58,112.55,62.223,1191.34,259.38,19186.0,51.52,52.657,5080.86,55.083,95.58,147.8,154.34,468.324,269.53,496.7
2024-08-07,713.86,779.95,4.9409,91.562,906.01,465.63,426.83,538.55,837.24,518.07,112.55,62.655,1198.96,259.0,19262.0,51.443,52.582,5102.0,55.279,95.67,147.56,152.98,470.94,272.76,496.56
2024-08-08,714.6,781.51,4.9002,91.733,907.01,466.17,428.8,538.82,831.98,520.08,112.34,62.821,1198.26,257.42,19243.0,51.381,52.506,5098.97,55.408,95.58,146.39,151.19,469.123,269.96,497.22
2024-08-09,714.49,780.64,4.8486,91.658,911.39,471.27,429.76,539.28,825.27,520.67,112.43,62.604,1212.03,256.74,19215.0,51.365,52.476,5079.18,55.415,95.66,147.01,151.67,469.263,264.17,493.04
2024-08-12,714.58,780.38,4.8669,91.623,911.46,469.85,429.1,539.8,826.03,520.49,112.47,61.817,1238.53,256.14,19071.0,51.386,52.489,5055.95,55.399,95.74,147.07,151.34,468.812,263.52,492.3
2024-08-13,714.79,782.17,4.8684,91.743,913.49,471.42,431.26,540.23,826.68,520.89,112.32,62.231,1270.03,255.08,19128.0,51.337,52.462,5040.1,55.102,95.47,147.06,151.04,468.687,266.35,490.51
2024-08-14,714.15,785.17,4.8607,91.691,918.64,473.73,434.04,542.24,825.57,520.91,112.39,62.07,1281.33,253.56,19078.0,51.432,52.57,5009.65,54.614,95.06,146.51,150.31,469.147,266.05,490.22
2024-08-15,713.99,786.18,4.8479,91.626,915.68,470.86,428.12,542.29,825.19,520.56,112.44,61.929,1257.91,253.12,19028.0,51.439,52.563,5024.89,54.57,94.9,146.59,150.13,470.634,263.61,491.14
2024-08-16,714.64,784.88,4.7945,91.654,919.72,473.14,428.47,540.86,819.66,520.95,112.43,62.267,1241.96,251.69,19033.0,51.373,52.491,5046.35,54.703,95.14,147.34,150.24,471.13,261.13,489.54
2024-08-19,714.15,787.48,4.8279,91.624,924.17,476.56,432.41,542.94,822.85,522.01,112.47,61.705,1252.4,250.06,18875.0,51.448,52.551,5013.85,54.173,94.83,146.13,149.61,471.618,260.82,484.31
2024-08-20,713.25,790.26,4.8581,91.6,925.7,479.91,435.93,545.16,825.88,522.84,112.5,61.328,1261.23,248.56,18699.0,51.524,52.638,4985.88,53.962,94.46,144.6,148.04,473.565,261.88,482.22
2024-08-21,713.07,793.25,4.9141,91.553,929.02,480.97,439.03,546.53,836.15,523.57,112.59,61.282,1278.02,249.65,18656.0,51.522,52.638,4959.77,53.877,94.05,143.11,147.17,475.48,266.58,479.12
2024-08-22,712.28,794.63,4.9139,91.411,932.54,480.72,438.81,545.95,837.33,524.4,112.74,61.37,1283.56,250.54,18714.0,51.556,52.658,4938.74,53.809,93.92,142.97,147.39,476.177,270.63,481.03
2024-08-23,713.58,793.16,4.8864,91.524,934.69,478.85,438.86,544.74,838.05,524.77,112.59,61.47,1280.5,252.41,18797.0,51.467,52.581,4962.31,54.013,94.06,143.44,148.37,476.018,273.44,482.83
2024-08-26,711.39,795.84,4.9485,91.267,939.34,482.68,442.75,546.93,839.66,526.43,112.93,61.286,1285.76,249.42,18617.0,51.66,52.776,4944.99,53.637,93.78,143.37,147.19,478.373,270.68,477.31
2024-08-27,712.49,794.94,4.9302,91.359,939.26,482.51,442.12,546.17,840.91,528.28,112.8,61.094,1291.66,248.71,18662.0,51.576,52.691,4961.67,53.859,93.85,143.39,148.04,477.832,272.32,477.15
2024-08-28,712.16,796.16,4.9516,91.278,944.16,483.52,444.78,547.31,846.37,529.61,112.9,61.003,1285.08,248.9,18668.0,51.577,52.695,4934.43,53.786,93.7,142.52,146.9,477.966,277.9,476.29
2024-08-29,712.99,793.18,4.9386,91.423,940.54,483.72,445.71,547.11,847.37,529.07,112.72,60.878,1283.94,250.11,18742.0,51.519,52.636,4961.73,54.185,94.04,143.02,147.42,479.189,276.23,477.41
2024-08-30,711.24,788.07,4.9054,91.222,936.38,483.45,445.52,545.88,839.43,527.32,112.97,60.603,1293.76,249.57,18767.0,51.641,52.766,4983.53,54.367,94.65,143.7,147.65,479.217,279.04,477.18
2024-09-02,710.27,784.44,4.848,91.091,932.27,480.84,443.74,543.76,834.82,526.49,113.13,60.891,1275.79,251.09,18848.0,51.735,52.859,5009.39,54.653,95.09,144.52,149.33,479.963,277.56,479.63
2024-09-03,711.12,786.54,4.8414,91.208,934.06,482.54,442.68,543.95,834.79,526.69,112.98,61.277,1261.22,250.85,18822.0,51.664,52.79,4989.98,54.268,94.8,144.15,148.96,476.942,279.1,480.97
2024-09-04,711.48,785.82,4.9008,91.255,932.73,477.55,440.18,544.51,837.09,525.33,112.93,61.345,1233.37,252.56,18853.0,51.634,52.747,5008.95,54.454,94.92,144.8,150.21,477.911,278.45,481.29
2024-09-05,709.89,786.6,4.9482,91.081,933.03,476.93,439.4,544.64,838.94,525.53,113.14,61.239,1231.26,251.73,18802.0,51.744,52.879,4998.05,54.35,94.85,144.7,149.9,479.542,280.92,478.74
2024-09-06,709.25,787.83,4.9459,91.003,934.34,477.93,441.2,545.55,840.11,525.26,113.24,61.12,1244.25,249.67,18798.0,51.791,52.935,4990.84,54.36,94.69,144.6,149.9,479.284,280.49,474.11
2024-09-09,709.89,787.08,4.9854,91.057,932.52,473.69,438.29,544.74,841.21,523.49,113.17,61.072,1273.7,251.41,18853.0,51.743,52.882,5003.15,54.379,94.79,145.05,150.89,479.08,281.1,475.01
2024-09-10,711.36,784.98,4.9661,91.234,929.86,473.84,437.06,544.73,837.48,524.62,112.95,61.428,1272.77,251.26,18871.0,51.628,52.757,5053.71,54.454,95.03,145.87,152.31,479.113,279.56,476.38
2024-09-11,711.82,784.43,5.0034,91.293,931.12,473.66,437.88,545.81,840.54,523.1,112.88,60.975,1278.14,252.06,18870.0,51.594,52.707,5059.33,54.546,95.11,145.73,152.17,478.139,282.3,472.82
2024-09-12,712.14,784.0,4.993,91.332,928.46,475.59,436.95,545.9,835.01,524.57,112.83,60.824,1286.14,251.43,18816.0,51.579,52.7,5052.12,54.688,95.17,145.87,152.45,477.42,278.06,474.39
2024-09-13,710.3,786.8,5.016,91.069,932.62,477.57,439.33,545.94,835.5,523.15,113.16,60.967,1254.67,250.15,18802.0,51.719,52.842,5026.73,54.478,94.87,144.75,150.83,478.492,275.17,470.21
2024-09-18,708.7,788.35,4.9925,90.937,933.07,479.18,438.97,547.01,837.36,521.36,113.35,60.092,1291.21,248.19,18678.0,51.828,52.963,5005.81,54.227,94.66,143.64,149.56,480.794,269.8,470.69
2024-09-19,709.83,788.59,4.9782,91.06,936.87,479.74,440.5,547.76,837.89,521.52,113.19,59.824,1308.87,247.17,18727.0,51.74,52.869,4998.71,54.13,94.57,143.83,149.22,479.907,271.33,470.63
2024-09-20,706.44,788.34,4.9493,90.655,938.07,481.0,440.62,546.7,833.47,520.88,113.69,59.557,1303.88,247.84,18808.0,51.986,53.113,4999.9,54.219,94.62,143.84,148.68,482.354,273.4,468.79
2024-09-23,705.31,787.14,4.9011,90.536,939.06,480.18,439.79,546.42,829.2,519.89,113.85,59.556,1309.47,247.26,18910.0,52.076,53.204,4993.55,54.253,94.78,144.2,148.73,483.908,274.92,467.23
2024-09-24,705.1,783.32,4.9085,90.545,940.93,481.56,441.56,546.16,831.97,521.05,113.82,59.577,1319.04,246.1,18922.0,52.087,53.208,5040.76,54.541,95.22,144.63,148.75,484.331,275.57,467.21
2024-09-25,702.02,785.24,4.906,90.194,942.11,484.19,445.5,547.2,833.56,522.82,114.3,59.017,1323.3,245.96,18911.0,52.324,53.447,5024.67,54.187,94.99,143.76,148.14,485.997,275.35,464.74
2024-09-26,703.54,783.17,4.8636,90.382,937.27,480.12,440.44,545.69,827.35,521.83,114.07,58.775,1312.95,245.56,18971.0,52.204,53.331,5045.73,54.507,95.24,144.81,150.29,485.654,279.24,465.09
2024-09-27,701.01,783.26,4.8314,90.112,939.75,483.22,443.34,545.97,828.01,520.23,114.39,58.989,1321.47,245.21,18777.0,52.396,53.509,5055.98,54.565,95.21,144.37,150.29,487.579,279.9,462.68
2024-09-30,700.74,782.67,4.9077,90.179,937.61,484.71,444.83,547.31,833.18,518.68,114.28,58.777,1338.68,244.11,18699.0,52.41,53.531,5068.11,54.575,95.26,143.9,149.81,487.51,280.41,461.92
2024-10-08,707.09,776.43,4.7774,91.042,925.74,477.61,433.57,542.3,827.92,519.05,113.21,60.578,1363.17,245.73,19034.0,51.948,53.127,5179.13,55.709,96.11,146.39,150.52,484.495,272.78,473.71
2024-10-09,705.68,774.61,4.7604,90.767,924.34,475.68,432.56,541.06,823.19,516.97,113.44,60.749,1370.77,249.21,18997.0,52.041,53.203,5156.07,55.541,96.28,146.37,151.73,485.221,274.22,475.08
2024-10-10,707.42,773.92,4.7414,91.016,924.34,475.07,429.22,540.97,821.96,515.94,113.26,60.56,1371.09,249.69,19035.0,51.917,53.07,5154.09,55.519,96.36,146.9,152.35,484.248,275.29,473.63
2024-10-11,707.31,773.34,4.7601,91.037,923.61,476.82,431.09,541.62,825.71,514.63,113.23,60.65,1366.92,247.59,19101.0,51.926,53.085,5188.12,55.621,96.48,146.89,151.75,484.474,275.06,472.81
2024-10-14,707.23,772.55,4.7383,90.992,922.92,476.12,431.0,541.19,824.21,513.2,113.26,60.657,1354.51,246.94,19092.0,51.935,53.101,5195.93,55.598,96.57,146.89,151.73,484.656,272.92,470.03
2024-10-15,708.3,772.55,4.7319,91.225,925.29,476.4,431.47,541.54,821.51,513.26,112.96,60.661,1342.43,247.8,19163.0,51.857,53.012,5187.33,55.55,96.56,147.19,152.47,483.899,274.05,469.91
2024-10-16,711.91,775.08,4.7705,91.65,930.31,476.2,431.5,543.68,825.32,516.66,112.48,60.527,1360.3,247.94,19167.0,51.581,52.727,5162.07,55.373,96.23,146.34,152.07,480.794,276.67,468.19
2024-10-17,712.2,773.37,4.7599,91.637,925.11,474.5,431.47,542.22,822.65,517.71,112.45,60.366,1364.41,247.82,19158.0,51.575,52.736,5185.79,55.586,96.47,147.56,153.33,479.857,279.56,466.25
2024-10-18,712.74,771.73,4.7443,91.696,927.35,477.26,431.57,542.16,822.78,516.55,112.41,60.467,1362.43,248.02,19239.0,51.534,52.696,5187.35,55.829,96.65,147.99,153.24,479.806,278.19,465.75
2024-10-21,709.82,771.26,4.7465,91.36,926.2,476.32,431.15,541.79,820.6,514.3,112.82,60.61,1342.11,247.99,19280.0,51.744,52.91,5190.41,55.814,96.69,148.26,153.86,481.865,279.92,466.39
2024-10-22,712.23,770.16,4.7261,91.612,924.61,474.05,429.12,540.93,822.75,514.85,112.51,60.53,1357.66,247.33,19362.0,51.571,52.739,5212.23,56.084,96.82,148.3,153.72,480.883,280.32,470.4
2024-10-23,712.45,769.12,4.7148,91.66,924.75,475.99,430.54,541.25,823.14,515.52,112.44,60.762,1345.49,246.15,19356.0,51.556,52.719,5203.0,56.214,96.96,148.03,153.32,480.898,280.12,470.22
2024-10-24,712.86,768.68,4.67,91.755,920.53,472.82,427.9,538.8,822.77,515.14,112.34,61.058,1347.27,249.59,19378.0,51.524,52.68,5244.09,56.551,97.04,148.56,154.11,480.783,278.33,474.13
2024-10-25,710.9,769.39,4.6844,91.496,922.09,471.47,426.98,539.09,820.96,513.14,112.66,61.136,1352.56,248.46,19402.0,51.666,52.836,5237.48,56.466,96.96,148.58,153.88,482.394,278.88,473.75
2024-10-28,713.07,769.9,4.6657,91.733,924.05,471.16,426.55,538.92,820.97,513.22,112.32,60.935,1364.67,247.69,19479.0,51.514,52.673,5244.65,56.427,96.87,148.84,154.07,480.922,279.72,473.32
2024-10-29,712.83,770.73,4.6506,91.729,924.39,468.9,426.26,538.86,823.83,513.09,112.36,61.202,1363.76,248.33,19406.0,51.522,52.685,5244.97,56.428,96.76,149.36,154.14,481.065,281.07,473.95
2024-10-30,713.9,772.48,4.6588,91.877,929.02,468.3,426.23,539.41,823.26,513.15,112.18,61.275,1366.83,247.3,19390.0,51.514,52.603,5244.08,56.151,96.54,148.99,153.48,480.042,280.79,471.79
2024-10-31,712.5,773.68,4.648,91.673,923.2,468.31,425.51,538.84,822.4,512.31,112.42,61.446,1362.42,247.75,19362.0,51.543,52.711,5271.47,56.273,96.41,149.86,153.86,481.139,283.11,473.67
2024-11-01,711.35,774.21,4.68,91.5,917.55,468.08,424.97,538.92,823.74,510.71,112.63,61.44,1368.15,247.47,19332.0,51.634,52.796,5277.62,56.232,96.35,149.66,154.57,482.23,282.0,475.4
2024-11-04,712.03,774.19,4.6748,91.575,922.59,469.45,426.34,538.58,820.42,511.47,112.55,61.494,1375.82,246.91,19338.0,51.581,52.746,5276.77,56.26,96.32,150.13,154.6,482.208,282.35,475.97
2024-11-05,710.16,772.4,4.6657,91.356,920.04,467.66,424.19,538.23,821.89,510.89,112.83,61.6,1388.96,246.55,19360.0,51.713,52.885,5283.04,56.404,96.56,150.96,154.94,483.68,283.08,475.35
2024-11-06,709.93,774.11,4.675,91.324,923.84,470.45,426.08,539.45,821.39,512.86,112.87,61.199,1378.38,245.26,19446.0,51.743,52.921,5274.31,56.247,96.31,150.92,154.5,483.038,284.13,473.5
2024-11-07,716.59,768.62,4.64,92.17,922.9,470.74,425.74,537.46,817.84,513.96,111.81,61.579,1360.93,246.34,19553.0,51.277,52.448,5328.78,56.59,97.0,151.46,154.53,477.391,281.12,479.06
2024-11-08,714.33,770.99,4.6658,91.906,926.97,476.53,429.97,540.83,818.55,515.1,112.13,61.56,1371.1,242.27,19366.0,51.431,52.59,5247.8,55.917,96.71,149.64,152.31,480.938,277.26,476.51
2024-11-11,717.86,769.16,4.6947,92.323,927.03,472.69,428.28,540.82,819.14,516.08,111.62,61.09,1359.65,245.52,19456.0,51.184,52.339,5290.42,56.236,96.95,150.79,153.1,478.688,280.44,477.49
2024-11-12,719.27,766.41,4.681,92.504,925.45,472.82,429.06,539.38,816.75,516.44,111.41,61.32,1333.51,249.27,19471.0,51.073,52.231,5351.94,56.912,97.31,150.78,153.35,477.423,283.14,479.54
2024-11-13,719.91,768.75,4.6841,92.553,922.21,472.53,428.89,540.89,820.73,519.15,111.34,61.312,1358.19,250.13,19457.0,50.742,51.899,5344.19,56.606,97.01,150.61,153.02,474.664,284.35,481.21
2024-11-14,719.66,763.17,4.6527,92.496,918.01,469.29,425.24,537.92,815.53,516.5,111.42,61.651,1362.73,252.33,19431.0,50.817,51.986,5340.86,56.815,97.69,152.04,154.07,475.016,284.16,482.81
2024-11-15,719.92,761.31,4.634,92.499,915.6,466.79,423.23,537.09,812.04,514.51,111.4,62.038,1372.76,252.73,19417.0,50.734,51.869,5326.41,56.659,97.89,152.02,154.09,478.07,282.64,483.87
2024-11-18,719.07,760.29,4.6738,92.371,910.38,466.52,423.42,537.86,811.91,512.69,111.56,61.897,1382.98,252.16,19318.0,50.852,51.969,5357.53,56.788,98.02,152.14,153.62,476.276,281.92,481.51
2024-11-19,719.11,763.86,4.6801,92.392,913.91,469.43,425.29,539.05,816.21,514.96,111.54,61.981,1381.88,249.01,19272.0,50.874,51.997,5308.33,56.323,97.54,151.21,152.46,478.401,279.96,479.48
2024-11-20,719.35,765.17,4.682,92.422,915.89,472.26,427.61,539.95,818.07,518.0,111.49,61.864,1389.02,250.07,19255.0,50.815,51.938,5325.81,56.475,97.37,151.12,151.71,476.81,278.19,477.59
2024-11-21,719.34,761.78,4.6638,92.425,914.14,470.67,425.07,538.06,817.39,517.7,111.51,61.807,1387.34,250.89,19339.0,50.798,51.922,5372.26,56.848,97.88,152.56,152.97,476.659,280.72,478.72
2024-11-22,719.42,756.41,4.6919,92.439,909.25,470.74,423.59,536.46,814.3,517.34,111.48,61.781,1399.13,250.77,19349.0,50.801,51.932,5424.72,57.339,98.56,153.07,153.17,477.171,282.7,479.81
2024-11-25,719.18,756.45,4.6923,92.408,908.68,472.27,423.19,537.65,810.2,518.17,111.52,61.784,1441.07,249.79,19419.0,50.803,51.981,5423.74,57.224,98.59,151.85,152.45,476.334,281.98,476.35
2024-11-26,719.1,756.13,4.6933,92.407,906.08,468.91,421.48,535.9,813.74,516.12,111.52,61.691,1437.11,250.33,19374.0,50.888,52.028,5404.76,56.858,98.61,152.36,153.82,479.179,282.53,479.69
2024-11-27,719.82,757.39,4.7296,92.505,907.82,468.05,421.81,536.34,814.24,514.45,111.43,61.62,1453.65,251.77,19290.0,50.802,51.963,5412.65,56.758,98.42,152.06,154.17,478.889,286.01,479.86
2024-11-28,718.94,761.7,4.7834,92.398,914.11,468.99,426.0,538.09,816.87,514.56,111.53,61.549,1561.13,252.32,19255.0,50.907,52.049,5411.86,56.44,97.99,151.36,153.5,479.483,284.67,477.63
2024-11-29,718.77,760.87,4.777,92.355,914.5,469.08,425.53,537.12,816.2,514.75,111.61,61.62,1491.53,251.39,19312.0,50.953,52.107,5440.93,56.57,98.06,151.52,153.12,479.932,283.71,476.49
2024-12-02,718.65,759.07,4.8134,92.343,914.62,468.56,426.07,537.68,815.8,514.29,111.6,61.67,1471.04,251.2,19344.0,50.962,52.122,5440.38,56.605,98.3,151.79,153.73,481.201,283.31,475.98
2024-12-03,719.96,757.99,4.8384,92.526,913.92,468.06,425.99,537.22,813.83,514.73,111.38,61.693,1465.14,251.44,19391.0,50.84,52.001,5467.69,56.508,98.45,152.15,153.61,480.632,282.88,476.58
2024-12-04,719.34,759.45,4.8428,92.416,915.72,469.19,426.38,537.43,814.45,514.41,111.51,61.789,1444.15,250.86,19559.0,50.782,51.944,5458.7,56.524,98.25,152.2,152.97,480.042,281.41,473.75
2024-12-05,718.79,758.89,4.8039,92.35,916.84,464.68,423.84,537.33,816.09,513.52,111.59,61.528,1445.13,251.93,19514.0,50.857,52.033,5450.3,56.397,98.35,151.28,153.08,480.773,281.53,473.27
2024-12-06,718.48,762.43,4.809,92.32,918.87,464.93,424.74,538.64,819.33,514.18,111.63,61.295,1390.92,250.35,19581.0,50.97,52.13,5411.07,55.913,97.89,150.58,153.21,481.658,280.57,472.63
2024-12-09,718.7,761.98,4.8233,92.373,919.51,462.2,422.11,537.8,820.5,510.3,111.56,61.228,1381.98,249.95,19687.0,50.881,52.041,5434.26,56.009,97.91,151.46,154.45,481.759,279.97,470.45
2024-12-10,718.96,762.16,4.7852,92.508,920.59,465.53,424.46,538.65,821.0,510.25,111.4,61.327,1375.42,246.51,19734.0,50.825,51.984,5401.85,55.84,97.9,151.02,153.95,481.564,280.7,466.62
2024-12-11,718.43,760.04,4.7625,92.392,922.2,460.93,419.78,538.02,817.24,509.63,111.54,61.374,1421.83,246.97,19807.0,50.864,52.036,5397.64,56.024,98.15,151.82,154.34,482.588,279.68,466.34
2024-12-12,718.54,757.89,4.7488,92.416,920.66,460.84,418.89,537.13,816.1,510.35,111.5,61.381,1456.04,245.55,19741.0,50.874,52.052,5409.42,56.34,98.45,151.96,154.35,482.562,279.31,467.69
2024-12-13,718.76,756.75,4.7421,92.442,915.78,460.61,417.81,536.16,809.69,508.74,111.48,61.478,1444.37,246.44,19743.0,50.85,52.023,5413.88,56.54,98.63,152.39,154.52,483.55,280.31,468.5
2024-12-16,718.82,758.74,4.7165,92.444,911.64,460.42,418.05,535.5,808.59,508.18,111.47,61.629,1436.48,247.59,19788.0,50.834,51.989,5394.77,56.173,98.36,151.98,154.36,483.43,278.86,471.22
2024-12-17,718.91,759.7,4.6986,92.48,916.56,461.01,419.34,535.28,806.82,508.03,111.48,61.607,1422.83,247.49,19811.0,50.865,51.96,5382.99,56.028,98.29,150.59,154.26,483.133,279.1,469.87
2024-12-18,718.8,758.3,4.7185,92.518,918.54,458.56,417.31,535.63,808.7,505.59,111.38,61.678,1435.27,250.69,19818.0,50.802,51.956,5398.7,56.3,98.44,151.57,154.87,483.876,279.58,471.75
2024-12-19,719.11,749.98,4.6943,92.526,910.38,450.9,409.1,531.19,802.17,502.12,111.37,62.02,1436.29,253.54,19900.0,50.711,51.861,5515.47,56.957,99.58,153.56,157.09,483.568,282.26,474.64
2024-12-20,719.01,749.84,4.6073,92.545,904.28,451.86,408.76,531.45,803.97,503.46,111.39,62.336,1418.16,254.85,19907.0,50.728,51.888,5533.48,56.783,99.55,152.38,158.01,485.163,281.67,476.01
2024-12-23,718.7,753.15,4.6287,92.468,907.21,452.05,409.51,533.09,807.28,503.27,111.45,62.238,1412.8,253.79,19929.0,50.841,51.981,5491.9,56.507,99.12,152.64,156.74,486.248,278.16,473.29
2024-12-24,718.76,752.35,4.6171,92.506,906.3,452.46,410.04,532.82,803.78,504.0,111.34,62.083,1386.78,256.88,19980.0,50.762,51.915,5485.16,56.697,99.24,152.64,156.94,486.603,279.52,472.02
2024-12-25,718.68,751.78,4.6161,92.532,905.69,451.78,409.96,531.68,801.7,504.21,111.33,62.075,1373.52,258.8,20077.0,50.782,51.914,5463.51,56.617,99.33,153.14,156.89,484.73,279.26,470.54
2024-12-26,718.97,751.57,4.6138,92.572,906.41,451.89,410.1,531.97,802.23,504.32,111.26,61.955,1366.46,259.02,20078.0,50.782,51.911,5469.6,56.661,99.35,153.22,156.93,485.607,279.26,470.83
2024-12-27,718.93,753.37,4.5979,92.564,905.64,450.59,408.22,531.97,803.33,502.42,111.33,61.783,1370.45,261.02,20246.0,50.773,51.908,5452.81,56.589,99.1,152.76,157.58,486.55,280.11,470.26
2024-12-30,718.89,754.07,4.5953,92.584,909.68,451.04,409.41,532.34,801.24,502.67,111.34,61.798,1438.49,258.89,20258.0,50.773,51.887,5453.69,56.639,98.99,152.04,156.88,486.458,281.53,469.13
2024-12-31,718.84,752.57,4.6233,92.604,907.65,450.7,409.55,532.14,799.77,504.98,111.3,61.732,1513.87,260.14,20252.0,50.732,51.856,5464.86,56.827,99.17,152.33,156.58,487.55,285.9,470.28
2025-01-02,718.79,749.1,4.6123,92.489,905.84,449.04,407.08,529.91,796.69,504.42,111.36,61.866,1554.94,260.92,20271.0,50.714,51.854,5487.65,57.119,99.63,152.8,157.21,487.965,288.55,471.32
2025-01-03,718.78,742.69,4.6067,92.427,895.71,449.64,406.46,528.17,792.16,503.02,111.51,61.973,1569.2,259.42,20204.0,50.75,51.88,5567.34,57.611,100.57,154.03,157.3,488.598,285.47,473.04
2025-01-06,718.76,744.43,4.6065,92.406,897.69,450.33,407.73,527.43,793.48,501.59,111.55,62.226,1512.25,259.99,20228.0,50.794,51.931,5575.43,57.329,100.25,153.69,156.92,487.205,285.73,474.55
2025-01-07,718.79,750.35,4.6002,92.453,903.99,451.8,409.66,530.06,796.94,504.95,111.48,62.31,1468.79,257.46,20110.0,50.782,51.916,5544.07,56.65,99.53,152.82,156.26,487.845,281.67,476.55
2025-01-08,718.87,749.05,4.5991,92.453,903.45,452.4,410.4,530.54,795.05,505.28,111.49,62.006,1464.44,258.59,19960.0,50.679,51.8,5544.56,56.883,99.74,153.34,156.47,486.84,281.48,474.62
2025-01-09,718.86,746.94,4.5944,92.404,895.17,450.85,408.06,529.28,793.64,504.9,111.41,62.211,1425.35,261.7,20014.0,50.668,51.786,5545.49,57.243,100.0,153.88,157.42,487.222,282.5,475.6
2025-01-10,718.91,745.27,4.5961,92.389,890.45,449.31,407.22,528.99,792.1,503.59,111.58,62.121,1394.73,261.76,20027.0,50.707,51.826,5550.07,57.203,100.24,154.1,157.46,487.76,283.9,474.54
2025-01-13,718.85,742.22,4.6067,92.308,884.59,446.98,405.26,528.18,789.31,503.76,111.66,62.273,1388.94,263.49,20196.0,50.638,51.746,5566.78,57.499,100.6,154.2,157.82,487.857,285.59,475.89
2025-01-14,718.78,742.06,4.6128,92.346,884.48,448.55,407.05,528.97,788.29,504.65,111.59,62.223,1403.99,263.19,20143.0,50.748,51.858,5558.57,57.515,100.68,155.1,157.61,489.681,285.49,477.13
2025-01-15,718.83,745.31,4.5978,92.314,883.08,448.71,407.33,529.21,791.45,505.01,111.62,62.205,1404.0,261.97,20078.0,50.725,51.833,5528.85,57.219,100.24,154.43,157.23,489.35,284.16,476.79
2025-01-16,718.81,744.42,4.6375,92.326,885.12,451.77,408.87,529.1,791.28,505.56,111.63,62.184,1401.09,260.05,20004.0,50.747,51.846,5523.19,57.196,100.35,154.08,156.47,489.392,283.41,475.24
2025-01-17,718.89,745.62,4.67,92.304,885.57,450.36,407.95,529.33,792.99,503.69,111.64,62.193,1414.08,260.45,20002.0,50.698,51.786,5532.24,57.203,100.18,153.94,156.87,490.035,288.39,474.84
2025-01-20,718.86,742.28,4.6475,92.34,881.09,448.29,405.1,528.97,790.2,501.1,111.59,62.273,1398.88,258.76,20010.0,50.67,51.761,5548.29,57.28,100.89,154.33,158.34,489.933,286.61,473.46
2025-01-21,717.03,750.02,4.655,92.129,888.8,452.38,410.0,532.29,794.86,504.98,111.86,61.883,1384.4,256.99,19874.0,50.888,51.983,5466.6,56.542,99.74,152.91,157.01,492.189,284.43,471.35
2025-01-22,716.96,749.76,4.6408,92.076,888.24,451.76,409.28,532.12,793.62,503.17,111.92,62.002,1371.76,257.19,19829.0,50.971,52.064,5488.67,56.697,99.61,152.59,156.99,494.078,287.1,469.48
2025-01-23,717.08,750.18,4.6238,92.097,887.47,452.78,409.8,531.84,794.32,501.65,111.93,61.59,1363.96,257.12,19847.0,50.913,51.999,5474.76,56.293,99.55,152.61,156.45,493.558,284.77,467.88
2025-01-24,717.05,750.62,4.6337,92.044,890.11,453.62,410.63,531.78,793.15,501.95,111.96,61.616,1371.62,257.15,19824.0,50.928,52.015,5463.11,56.147,99.49,152.63,156.41,494.118,283.15,469.25
2025-01-27,716.98,753.01,4.6311,92.055,895.92,453.07,410.71,533.76,792.37,500.51,111.94,60.897,1353.36,257.69,19815.0,51.052,52.133,5412.52,55.925,99.17,151.99,155.95,494.953,284.32,466.23
2025-02-05,716.93,747.94,4.6784,92.079,900.11,451.67,408.96,533.59,796.04,504.31,111.92,61.45,1382.19,259.28,20061.0,50.889,51.962,5446.47,56.29,99.86,152.15,155.97,498.043,284.96,464.9
2025-02-06,716.91,748.43,4.7237,92.054,899.68,452.93,410.99,533.92,797.31,503.36,111.95,61.418,1349.97,257.97,19984.0,51.014,52.096,5426.03,56.127,99.76,151.48,155.93,498.118,286.33,464.24
2025-02-07,716.99,748.15,4.7709,92.084,895.96,453.44,410.51,533.6,795.33,504.5,111.91,61.478,1329.01,256.11,19980.0,50.932,52.009,5408.58,56.009,99.83,151.19,155.53,498.316,284.31,466.58
2025-02-10,717.07,743.25,4.7761,92.054,893.66,452.58,409.91,532.01,791.92,504.76,111.95,61.641,1330.34,257.12,20006.0,50.835,51.911,5445.92,56.34,100.33,151.73,155.97,496.273,285.27,466.23
2025-02-11,717.16,743.69,4.7702,92.075,892.29,453.68,408.65,532.43,790.98,504.71,111.91,61.855,1322.57,255.89,19990.0,50.825,51.891,5441.39,56.267,100.39,151.26,155.37,497.712,286.32,467.29
2025-02-12,717.1,747.35,4.7385,92.021,897.7,454.89,409.94,533.11,788.56,505.78,111.99,61.943,1321.48,257.03,20006.0,50.881,51.949,5392.52,55.817,99.91,150.45,155.24,498.18,285.31,469.62
2025-02-13,717.19,750.61,4.6921,92.09,898.48,454.3,409.25,533.38,788.78,505.76,111.93,61.944,1286.07,256.93,20018.0,50.84,51.915,5361.3,55.51,99.58,150.61,155.98,499.201,285.08,468.53
2025-02-14,717.06,753.18,4.717,92.091,904.23,455.21,410.44,536.05,795.74,507.84,111.93,61.682,1233.35,257.22,19955.0,51.006,52.082,5337.41,55.336,99.18,149.04,154.84,501.864,283.79,465.39
2025-02-17,717.02,753.94,4.7424,92.11,905.8,457.3,413.06,536.95,799.03,508.21,111.91,61.457,1257.75,255.29,19946.0,50.978,52.056,5325.46,55.187,99.18,148.81,154.76,502.128,282.48,466.7
2025-02-18,716.97,753.31,4.7616,92.135,908.34,457.21,412.81,536.71,798.15,508.03,111.85,61.598,1260.1,256.13,19950.0,50.993,52.069,5322.34,55.109,99.21,148.8,154.57,502.807,282.13,466.36
2025-02-19,717.05,751.78,4.7559,92.209,910.24,457.83,411.85,537.07,796.79,508.86,111.78,61.665,1257.34,255.73,19908.0,50.907,51.98,5324.8,55.094,99.41,148.94,155.1,502.585,281.3,464.89
2025-02-20,717.12,750.24,4.7807,92.21,907.43,457.3,411.87,536.89,796.23,507.2,111.8,61.628,1229.72,257.32,19896.0,50.899,51.973,5357.33,55.611,99.71,148.98,154.85,502.634,284.21,465.69
2025-02-21,716.96,753.88,4.8227,92.21,910.81,460.26,415.11,539.59,799.78,507.81,111.76,61.424,1224.03,255.21,19884.0,51.063,52.141,5326.68,55.113,99.15,147.97,154.63,505.395,282.63,465.05
2025-02-24,717.17,754.75,4.8332,92.306,911.15,459.28,415.37,539.14,801.06,507.34,111.67,61.309,1220.42,255.48,19860.0,50.994,52.065,5344.85,55.137,98.91,147.5,154.19,505.775,283.45,464.19
2025-02-25,717.26,753.22,4.8137,92.245,908.65,457.27,413.7,537.59,801.56,505.27,111.74,61.288,1210.16,255.4,19815.0,50.98,52.052,5325.76,55.013,99.09,148.06,154.46,504.519,284.74,463.81
2025-02-26,717.32,757.13,4.8443,92.298,912.0,457.6,413.76,538.78,805.62,503.72,111.68,61.345,1193.47,256.15,19829.0,51.003,52.075,5295.74,54.66,98.57,147.1,154.22,505.823,284.49,467.45
2025-02-27,717.4,755.56,4.8495,92.302,913.5,455.15,411.82,538.44,805.05,503.08,111.67,61.469,1196.47,255.67,19838.0,50.951,52.028,5285.16,54.764,98.77,147.66,154.77,505.456,283.67,466.71
2025-02-28,717.38,750.45,4.8336,92.26,909.94,451.01,408.06,535.22,801.91,500.79,111.72,61.81,1203.81,256.03,19989.0,50.84,51.919,5339.57,55.513,99.46,148.85,155.62,505.296,284.19,469.46
2025-03-03,717.45,751.39,4.796,92.252,909.52,449.67,406.29,534.4,798.54,500.41,111.73,61.859,1227.84,258.34,20141.0,50.865,51.943,5352.37,55.656,99.34,148.47,155.56,505.438,284.44,471.28
2025-03-04,717.39,755.57,4.8395,92.244,915.33,448.76,406.1,535.25,802.36,498.14,111.71,61.943,1231.2,258.46,20146.0,50.94,52.018,5294.68,55.04,98.82,145.73,155.28,505.105,287.85,469.83
2025-03-05,717.14,764.52,4.8179,92.249,920.58,451.81,408.77,538.02,807.68,500.53,111.71,61.85,1236.4,257.11,20133.0,50.997,52.079,5216.18,54.495,97.66,144.64,154.12,505.589,285.51,466.33
2025-03-06,716.92,775.73,4.8378,92.252,926.36,455.89,412.84,540.08,806.0,501.76,111.71,61.474,1248.4,254.9,20037.0,51.08,52.166,5133.27,53.532,96.22,141.74,151.77,506.32,284.04,465.97
2025-03-07,717.05,776.07,4.8706,92.256,926.65,455.9,413.74,539.7,813.63,503.68,111.7,61.555,1229.04,252.4,20056.0,51.048,52.132,5147.36,53.777,96.18,141.25,151.26,506.89,282.25,467.38
2025-03-10,717.33,780.93,4.8847,92.305,929.94,453.81,411.76,541.13,818.82,500.77,111.65,61.299,1243.03,254.25,20078.0,51.04,52.14,5097.19,53.365,95.55,140.01,150.59,506.721,281.92,467.09
2025-03-11,717.41,781.18,4.9195,92.36,928.01,452.94,411.7,540.3,818.16,500.01,111.58,61.429,1207.96,254.8,20159.0,50.944,52.036,5118.97,53.74,95.55,140.33,149.26,506.952,282.79,468.7
2025-03-12,716.96,784.4,4.8663,92.268,930.4,452.84,411.51,540.26,813.27,498.48,111.69,61.432,1184.99,253.58,20165.0,51.078,52.162,5110.01,53.477,95.13,139.27,148.27,508.63,282.13,467.84
2025-03-13,717.28,783.4,4.8662,92.323,933.16,455.23,413.93,540.1,815.71,501.6,111.62,61.494,1203.49,254.93,20112.0,50.997,52.074,5096.09,53.458,95.25,140.16,147.74,507.71,280.58,468.33
2025-03-14,717.38,781.13,4.8767,92.303,932.49,453.1,411.54,538.8,814.88,499.47,111.65,61.696,1190.05,254.27,20146.0,50.985,52.063,5115.43,53.512,95.55,141.48,148.33,508.935,279.23,466.48
2025-03-17,716.88,781.96,4.843,92.242,929.41,455.11,414.18,539.14,812.51,500.68,111.72,61.807,1183.71,253.42,20151.0,51.085,52.17,5107.95,53.5,95.45,140.97,147.99,509.63,277.48,466.7
2025-03-18,717.33,784.39,4.8194,92.323,932.95,459.0,419.39,540.49,814.82,503.08,111.62,61.842,1156.07,251.88,20047.0,51.098,52.183,5072.84,53.333,95.16,140.38,146.7,509.473,277.91,466.22
2025-03-19,716.97,786.33,4.8189,92.278,934.48,457.6,419.05,540.23,819.47,503.08,111.67,61.786,1132.48,252.21,20125.0,51.078,52.157,5055.28,53.147,94.9,139.73,146.84,510.118,277.11,466.45
2025-03-20,717.54,784.57,4.8498,92.353,935.86,457.7,419.18,540.89,820.09,502.83,111.59,61.569,1162.15,251.96,20245.0,51.029,52.113,5075.38,53.297,95.1,140.3,146.69,526.028,278.84,465.78
2025-03-21,717.6,782.09,4.8504,92.328,934.01,453.81,415.82,539.39,816.69,503.33,111.62,61.454,1169.26,252.25,20316.0,50.972,52.054,5100.31,53.64,95.43,140.52,146.36,526.86,279.97,467.05
2025-03-24,717.8,780.04,4.8247,92.347,930.85,453.33,414.77,539.35,815.07,503.06,111.6,61.367,1165.7,253.0,20283.0,50.962,52.045,5096.75,53.773,95.68,140.46,146.15,526.935,280.98,468.96
2025-03-25,717.88,778.64,4.7886,92.342,931.29,453.7,414.0,538.21,815.82,503.94,111.6,61.583,1157.21,253.47,20300.0,50.918,52.001,5123.11,53.61,95.85,140.12,146.0,525.109,278.39,469.49
2025-03-26,717.54,776.89,4.8129,92.286,932.22,454.69,414.08,538.95,815.27,505.15,111.69,61.512,1166.15,253.83,20249.0,50.962,52.054,5135.32,53.577,96.08,139.28,145.9,526.228,278.56,468.21
2025-03-27,717.63,774.85,4.8045,92.294,928.92,454.23,414.03,537.46,814.99,505.18,111.69,61.475,1161.56,253.75,20279.0,50.896,51.982,5169.6,54.037,96.37,139.59,146.52,526.306,280.83,469.55
2025-03-28,717.52,777.55,4.7821,92.273,932.54,454.15,414.36,537.64,815.96,503.98,111.71,61.484,1162.75,253.19,20260.0,50.963,52.044,5159.99,53.777,96.03,138.74,145.53,525.481,282.09,468.39
2025-03-31,717.82,779.62,4.8355,92.283,931.83,452.7,411.85,536.31,817.37,503.75,111.68,61.658,1169.6,255.99,20326.0,50.949,52.027,5156.37,53.593,95.79,138.87,145.48,526.25,283.38,470.32
2025-04-01,717.75,779.13,4.8085,92.257,930.54,450.16,409.6,536.01,814.17,500.97,111.7,61.706,1146.41,254.44,20378.0,50.972,52.052,5169.65,53.719,95.81,139.34,145.85,526.142,284.59,470.01
2025-04-02,717.93,778.26,4.8224,92.267,931.63,453.73,412.9,536.21,814.91,505.08,111.69,61.676,1163.25,256.39,20346.0,50.924,52.008,5165.5,53.747,95.94,138.82,145.11,525.693,282.36,472.41
2025-04-03,718.89,784.14,4.8767,92.353,939.03,451.85,413.67,534.78,819.15,506.5,111.58,61.947,1162.22,263.28,20255.0,50.99,52.066,5114.52,53.275,95.22,136.79,144.32,526.14,281.49,474.57
2025-04-07,719.8,793.56,4.9942,92.612,934.39,435.55,403.36,537.19,846.07,509.21,111.37,61.467,1158.81,266.22,20214.0,50.763,51.862,5114.88,53.732,94.14,137.93,148.77,524.62,285.57,474.84
2025-04-08,720.38,791.55,4.916,92.701,925.63,437.29,404.08,536.01,842.16,510.19,111.19,61.901,1178.08,270.25,20184.0,50.648,51.765,5152.56,54.297,94.52,138.47,150.71,523.387,286.05,474.53
2025-04-09,720.66,796.2,4.993,92.791,928.32,432.43,401.39,535.89,855.46,509.03,111.08,61.992,1169.06,272.45,20297.0,50.651,51.77,5117.37,53.627,93.96,137.68,150.33,522.383,288.43,477.8
2025-04-10,720.92,794.62,4.9365,92.906,931.27,447.02,411.22,539.79,846.26,514.96,110.94,61.768,1170.88,267.49,19993.0,50.63,51.742,5080.09,53.327,94.18,137.15,147.91,522.312,280.78,469.69
2025-04-11,720.87,813.39,5.0305,92.922,938.97,450.52,416.67,543.53,876.37,518.35,110.93,61.467,1144.73,268.82,20025.0,50.754,51.863,5015.56,52.455,92.03,136.07,148.48,525.283,285.07,467.96
2025-04-14,721.1,822.2,5.0509,92.95,947.23,455.92,424.34,548.37,884.35,522.62,110.86,61.073,1141.4,263.8,19640.0,50.639,51.747,4989.42,52.216,91.02,134.84,146.65,523.43,280.35,461.99
2025-04-15,720.96,820.92,5.0718,92.948,953.94,458.6,427.21,549.92,886.36,521.82,110.9,60.926,1125.5,260.97,19603.0,50.686,51.788,4994.88,52.091,91.02,134.97,145.99,523.778,277.58,461.85
2025-04-16,721.33,817.89,5.0801,92.997,959.85,459.4,428.18,549.89,883.22,520.45,110.84,60.891,1142.24,262.92,19630.0,50.609,51.707,4980.28,52.433,91.55,136.24,147.07,524.0,277.92,459.73
2025-04-17,720.85,824.7,5.1173,92.888,957.63,461.88,431.2,552.29,888.18,523.01,110.97,60.892,1138.43,260.43,19532.0,50.709,51.803,4937.75,51.814,90.65,134.65,145.95,525.918,275.54,455.56
2025-04-18,720.69,823.18,5.0938,92.831,960.23,463.01,433.48,551.88,883.3,523.55,111.04,60.927,1126.69,260.12,19532.0,50.732,51.828,4959.29,51.953,90.79,132.78,144.54,523.568,272.51,458.82
2025-04-21,720.55,828.06,5.122,92.848,962.97,462.67,432.22,553.02,889.22,523.8,111.03,60.85,1124.31,260.39,19562.0,50.757,51.849,4920.74,51.663,90.2,132.1,144.38,526.21,272.68,459.05
2025-04-22,720.74,832.4,5.149,92.871,967.32,464.55,435.17,554.1,893.12,523.27,110.98,60.484,1113.95,259.17,19623.0,50.773,51.847,4891.91,51.265,89.8,131.61,143.44,527.875,272.82,456.93
2025-04-23,721.16,824.96,5.1001,92.95,963.99,463.97,434.92,551.8,878.57,525.5,110.89,60.743,1116.09,256.91,19630.0,50.562,51.635,4958.44,52.01,90.69,132.55,143.6,526.636,270.85,460.6
2025-04-24,720.98,821.24,5.0703,92.915,961.37,462.02,432.83,550.52,872.97,523.1,110.92,60.669,1137.78,257.66,19668.0,50.681,51.745,4975.85,52.167,90.99,133.51,144.96,527.933,271.35,461.22
2025-04-25,720.66,822.41,5.0736,92.883,963.84,463.75,434.57,551.36,872.93,522.8,110.95,60.45,1140.48,259.45,19726.0,50.744,51.82,4936.9,51.945,90.87,132.73,143.83,530.225,271.13,460.31
2025-04-28,720.43,821.25,5.0434,92.877,961.9,462.42,431.76,550.01,873.33,522.39,110.96,60.461,1133.59,258.45,19800.0,50.752,51.828,4942.17,52.0,90.98,133.91,144.17,530.5,270.29,461.92
2025-04-29,720.29,823.7,5.0897,92.853,970.16,464.67,432.25,551.79,878.71,522.97,110.99,60.168,1135.12,256.4,19810.0,50.797,51.881,4904.4,51.772,90.67,132.72,143.17,531.035,271.28,460.7
2025-04-30,720.14,822.5,5.0872,92.813,968.67,461.77,429.96,552.19,876.4,522.98,111.03,59.837,1128.33,256.88,19747.0,50.795,51.875,4911.05,51.867,90.79,133.26,143.49,532.563,270.84,461.39
2025-05-06,720.08,815.35,5.0269,92.903,958.08,466.17,430.34,558.72,876.64,522.02,110.93,58.306,1117.06,253.4,19147.0,50.929,51.998,4945.15,52.316,91.54,134.1,144.1,533.629,273.26,455.71
2025-05-07,720.05,816.5,5.0345,92.891,961.53,468.76,433.58,559.08,871.96,523.27,110.94,58.649,1129.36,252.89,19281.0,51.002,52.071,4948.69,52.33,91.37,132.74,142.51,536.219,272.68,453.13
2025-05-08,720.73,815.96,5.0202,92.87,959.49,464.31,429.31,557.5,876.18,521.97,110.96,58.805,1116.92,253.0,19328.0,50.881,51.961,4955.09,52.313,91.45,133.86,143.43,535.298,271.84,454.92
2025-05-09,720.95,811.18,4.9518,92.764,957.24,462.69,427.17,555.63,869.27,519.59,111.09,59.397,1138.76,252.14,19441.0,50.799,51.875,4999.9,52.46,91.97,134.71,144.28,535.694,270.53,456.04
2025-05-12,720.66,810.74,4.9546,92.639,959.15,463.93,427.99,556.37,865.38,518.64,111.27,59.58,1140.05,252.3,19314.0,50.872,51.952,4978.96,52.188,92.04,134.57,143.6,536.245,269.39,457.14
2025-05-13,719.91,800.17,4.8633,92.374,950.47,459.8,422.7,552.49,853.55,516.23,111.56,59.787,1124.25,253.25,19638.0,50.921,52.002,5064.7,53.009,93.22,136.19,144.86,537.875,272.25,462.89
2025-05-14,719.56,803.58,4.87,92.286,955.33,464.68,426.31,552.25,855.7,515.37,111.67,60.11,1110.94,254.9,19703.0,51.15,52.231,5027.91,52.74,92.87,135.37,144.27,540.003,270.18,462.83
2025-05-15,719.63,805.64,4.9184,92.209,955.42,463.18,425.23,553.87,856.33,515.57,111.76,59.567,1115.1,253.33,19494.0,50.982,52.064,5001.67,52.497,92.62,135.34,144.02,537.973,269.14,462.97
2025-05-16,719.38,805.73,4.9494,92.146,957.85,461.14,423.22,555.42,861.89,515.96,111.83,59.389,1110.6,250.27,19412.0,51.02,52.1,4995.71,52.698,92.59,135.18,144.69,538.8,270.74,460.9
2025-05-19,719.16,805.5,4.9593,91.985,957.76,461.63,424.22,554.73,862.45,516.09,112.04,59.655,1124.12,250.73,19437.0,51.009,52.091,4999.51,53.033,92.6,135.22,144.03,539.634,270.21,461.03
2025-05-20,719.31,808.1,4.9691,91.941,961.13,464.56,426.99,555.83,861.44,515.7,112.08,59.637,1117.87,251.32,19328.0,51.033,52.118,4972.6,52.554,92.32,134.56,143.27,539.41,268.22,459.82
2025-05-21,719.37,812.65,4.9908,91.889,964.36,462.78,427.33,556.38,870.12,517.8,112.15,59.487,1120.73,249.06,19306.0,51.012,52.091,4947.29,52.135,91.8,133.83,142.33,538.69,267.68,456.48
2025-05-22,719.03,814.62,5.0009,91.858,964.74,462.73,426.88,557.84,870.96,518.84,112.18,59.278,1108.53,249.91,19112.0,51.076,52.155,4940.22,52.047,91.58,133.16,141.51,539.513,269.29,454.41
2025-05-23,719.19,812.69,5.0067,91.86,966.61,461.92,425.21,557.29,869.35,519.83,112.19,59.333,1106.36,250.26,19183.0,51.008,52.079,4961.76,52.303,91.81,133.82,141.55,541.89,268.47,456.0
2025-05-26,718.33,816.76,5.0252,91.689,971.39,466.61,429.97,558.96,872.86,522.62,112.36,58.91,1107.3,248.23,19040.0,51.209,52.263,4944.89,52.005,91.36,132.54,140.81,543.39,267.71,453.7
2025-05-27,718.76,818.49,5.0349,91.723,974.72,465.88,430.85,559.74,875.77,523.17,112.38,58.67,1112.46,248.26,19054.0,51.123,52.198,4927.9,51.856,91.12,132.39,140.5,542.733,267.83,453.54
2025-05-28,718.94,815.58,4.9915,91.72,972.48,464.02,428.16,558.44,870.07,521.07,112.35,58.881,1115.4,249.54,19102.0,51.042,52.122,4950.33,52.073,91.41,133.64,141.06,542.706,267.86,454.55
2025-05-29,719.07,810.27,4.9497,91.762,967.97,463.09,429.65,557.27,866.53,520.16,112.3,58.846,1110.21,249.26,19136.0,51.036,52.111,4977.37,52.286,92.01,134.33,141.55,543.383,269.3,455.22
2025-05-30,718.48,816.2,4.9861,91.642,968.44,462.24,428.66,557.83,872.43,519.59,112.45,59.05,1074.37,247.89,19106.0,51.226,52.307,4946.59,51.957,91.43,133.18,141.12,546.923,269.1,453.59
2025-06-03,718.69,821.69,5.0352,91.617,972.5,465.92,433.42,558.6,878.89,523.19,112.48,59.179,1101.63,248.77,19169.0,51.177,52.272,4906.4,51.789,90.78,132.65,140.26,545.586,267.58,453.02
2025-06-04,718.86,818.53,4.9977,91.635,973.24,465.13,432.03,557.88,873.92,524.61,112.4,59.019,1098.96,248.28,19160.0,51.03,52.114,4929.82,52.176,91.09,133.67,140.87,543.871,267.48,453.72
2025-06-05,718.65,820.45,5.0352,91.605,973.23,466.14,432.9,558.39,877.93,524.91,112.5,59.078,1104.43,248.22,18981.0,51.177,52.24,4915.83,52.138,90.94,133.43,140.77,546.961,267.35,453.96
2025-06-06,718.45,821.74,5.0019,91.572,974.3,466.94,433.43,558.08,875.63,524.86,112.48,58.879,1073.59,246.82,18897.0,51.184,52.269,4907.39,52.08,90.8,133.37,140.32,547.475,266.86,454.27
2025-06-09,718.55,819.75,4.9693,91.566,973.1,467.33,433.09,557.67,875.38,524.98,112.55,58.934,1097.58,247.32,18913.0,51.105,52.177,4919.63,52.283,90.98,133.72,140.46,545.883,265.77,455.42
2025-06-10,718.4,820.8,4.9711,91.537,973.82,468.25,434.88,558.88,874.74,524.58,112.58,58.914,1099.21,246.66,18861.0,51.123,52.201,4893.07,52.006,90.87,133.4,140.01,547.23,265.08,454.55
2025-06-11,718.15,820.82,4.9553,91.502,969.74,468.75,434.89,558.39,873.27,525.48,112.62,58.995,1092.36,246.48,18991.0,51.136,52.224,4884.71,51.849,90.87,133.57,140.72,545.711,265.39,454.47
2025-06-12,718.03,825.78,4.9763,91.481,973.36,466.75,432.76,558.95,876.4,524.97,112.65,58.935,1106.17,246.71,19062.0,51.179,52.268,4842.15,51.473,90.34,133.0,139.98,545.802,263.29,453.64
2025-06-13,717.72,830.83,5.0028,91.444,976.19,467.8,434.41,560.9,885.6,527.15,112.72,58.87,1114.4,247.85,18977.0,51.219,52.319,4827.65,51.31,89.72,131.65,138.46,549.299,263.4,451.73
2025-06-16,717.89,828.7,4.9732,91.457,973.64,466.29,432.43,560.08,885.02,528.85,112.7,59.122,1113.41,249.97,19001.0,51.124,52.236,4860.89,51.506,89.98,132.21,138.03,548.786,263.86,451.71
2025-06-17,717.46,829.32,4.9612,91.402,974.23,467.82,434.81,560.53,882.21,529.02,112.69,59.09,1095.02,248.0,18933.0,51.179,52.263,4850.64,51.49,89.92,132.17,138.03,548.503,263.51,452.04
2025-06-18,717.61,825.58,4.9456,91.417,965.8,465.94,433.16,558.87,880.43,525.68,112.84,59.084,1093.01,250.5,19150.0,51.085,52.164,4892.82,51.79,90.32,132.79,138.15,549.653,264.64,453.05
2025-06-19,717.29,823.95,4.9547,91.378,963.15,467.17,432.99,558.89,876.95,524.38,112.89,59.154,1091.33,251.01,19146.0,51.129,52.248,4890.0,51.843,90.51,134.26,138.92,550.238,264.93,454.68
2025-06-20,716.95,826.03,4.9402,91.333,967.01,465.29,430.54,558.35,878.87,523.92,112.94,59.306,1091.05,251.54,19146.0,51.178,52.297,4881.34,51.737,90.31,134.1,139.77,552.38,265.3,455.96
2025-06-23,717.1,825.09,4.9113,91.352,964.33,462.76,428.27,557.27,877.82,522.5,112.87,59.285,1092.91,251.8,19166.0,51.142,52.263,4880.76,51.773,90.37,134.98,140.68,553.105,267.93,456.98
2025-06-24,716.56,831.06,4.9137,91.283,970.18,464.26,429.38,558.77,881.74,521.94,113.01,59.761,1094.42,248.76,19133.0,51.273,52.385,4848.04,51.439,89.75,133.65,140.57,553.943,266.36,457.52
2025-06-25,716.68,832.24,4.9481,91.298,975.45,465.1,430.73,560.09,890.14,522.06,112.99,59.162,1091.72,247.53,18960.0,51.255,52.356,4820.46,51.085,89.63,132.87,141.18,552.385,265.05,455.44
2025-06-26,716.2,836.06,4.9388,91.254,979.57,466.69,433.1,560.55,890.48,521.98,112.97,59.116,1092.15,247.48,18971.0,51.291,52.38,4792.92,50.811,89.25,132.25,141.31,555.263,264.2,454.27
2025-06-27,716.27,837.68,4.9582,91.25,983.45,469.21,434.45,562.01,894.47,525.19,112.88,58.995,1097.86,249.25,18924.0,51.264,52.355,4771.73,50.617,89.07,132.66,140.75,555.784,263.55,453.49
2025-06-30,715.86,840.24,4.9594,91.195,983.0,468.17,434.75,561.79,897.21,523.58,113.03,58.996,1095.58,248.07,19000.0,51.259,52.343,4747.61,50.438,88.79,132.13,140.53,556.613,262.55,455.2
2025-07-01,715.34,843.05,4.9738,91.126,981.97,470.36,435.68,562.87,901.81,525.57,113.11,58.727,1093.42,247.73,18894.0,51.372,52.445,4737.08,50.327,88.51,132.26,140.94,556.897,262.2,453.41
2025-07-02,715.46,844.51,4.9905,91.146,983.6,470.97,436.74,562.3,904.94,524.5,113.09,58.652,1095.83,246.02,18962.0,51.324,52.407,4727.15,50.287,88.34,132.44,140.72,556.523,261.89,453.17
2025-07-03,715.23,844.63,4.9861,91.114,976.96,471.19,435.91,562.29,904.08,526.84,113.13,59.029,1102.3,245.35,18936.0,51.313,52.394,4737.93,50.477,88.34,132.94,140.58,557.531,262.44,451.87
2025-07-04,715.35,842.28,4.9468,91.15,978.36,471.03,435.38,561.8,901.42,527.51,113.09,59.029,1102.92,244.52,19061.0,51.284,52.362,4732.76,50.343,88.55,133.64,140.3,556.02,260.46,452.65
2025-07-07,715.06,842.92,4.9545,91.092,976.88,468.63,433.04,561.67,901.1,526.1,113.12,58.924,1099.17,245.79,19051.0,51.319,52.4,4724.62,50.3,88.49,133.55,140.59,557.759,260.02,452.27
2025-07-08,715.34,841.1,4.9114,91.128,976.54,466.37,430.91,560.29,899.24,524.62,113.08,59.163,1096.54,249.15,19146.0,51.243,52.322,4755.49,50.525,88.64,132.67,140.96,557.923,260.38,454.79
2025-07-09,715.41,839.66,4.8826,91.136,973.27,467.75,429.77,559.58,899.68,524.18,113.07,59.23,1093.24,248.22,19144.0,51.257,52.346,4763.61,50.527,88.78,132.95,140.79,558.703,259.91,454.46
2025-07-10,715.1,840.1,4.9046,91.096,973.51,468.21,429.98,559.54,902.85,523.28,113.15,59.27,1088.74,248.67,19140.0,51.28,52.372,4754.14,50.478,88.76,132.68,140.76,558.945,260.1,455.22
2025-07-11,714.75,836.97,4.8981,91.054,971.42,471.56,432.25,559.33,898.59,523.91,113.2,59.359,1083.24,247.79,19166.0,51.31,52.399,4759.49,50.734,89.07,132.8,140.83,560.773,259.96,455.16
2025-07-14,714.91,836.1,4.8659,91.072,966.65,471.27,430.47,559.28,899.19,523.49,113.18,59.388,1087.31,250.5,19207.0,51.285,52.358,4784.01,51.008,89.14,133.61,141.44,561.22,260.84,452.22
2025-07-15,714.98,835.34,4.8468,91.081,962.12,468.79,428.08,558.38,897.68,522.64,113.14,59.41,1088.46,250.06,19298.0,51.284,52.367,4787.01,50.951,89.28,134.2,141.36,561.593,261.91,452.87
2025-07-16,715.26,831.57,4.8134,91.121,959.48,467.33,427.21,557.57,893.73,522.42,113.09,59.275,1086.57,249.87,19331.0,51.253,52.323,4815.18,51.277,89.62,135.47,142.86,561.425,262.64,453.46
2025-07-17,714.61,832.07,4.8406,91.035,959.53,466.58,425.25,558.02,893.14,522.74,113.2,59.314,1090.57,249.24,19383.0,51.323,52.406,4797.56,51.079,89.71,135.9,143.3,562.195,261.64,453.32
2025-07-18,714.98,831.51,4.8262,91.092,961.49,465.27,425.82,556.92,891.75,521.04,113.13,59.327,1088.17,248.98,19415.0,51.312,52.403,4799.14,51.2,89.77,135.92,143.63,563.285,262.17,453.34
2025-07-21,715.22,832.28,4.8255,91.125,960.22,465.95,425.94,557.17,893.1,521.52,113.11,59.231,1096.49,247.5,19402.0,51.296,52.388,4793.07,51.003,89.7,134.81,142.07,563.765,261.59,452.2
2025-07-22,714.6,836.01,4.8514,91.034,964.49,466.54,426.8,558.68,895.8,522.82,113.23,59.165,1091.24,246.3,19325.0,51.343,52.447,4771.6,50.74,89.29,133.88,142.04,564.555,261.08,450.21
2025-07-23,714.14,839.2,4.8732,90.975,966.62,468.44,429.23,559.24,901.05,525.56,113.31,59.142,1096.33,245.73,19289.0,51.37,52.473,4753.09,50.652,88.96,133.12,140.89,564.623,260.82,449.72
2025-07-24,713.85,840.77,4.8831,90.941,970.03,471.52,432.04,559.79,901.83,525.08,113.34,59.143,1096.56,245.2,19231.0,51.419,52.528,4737.83,50.523,88.77,133.1,141.43,565.959,259.55,449.88
2025-07-25,714.19,840.01,4.8621,90.983,965.65,471.58,431.77,559.49,899.06,524.07,113.29,58.97,1111.95,246.58,19201.0,51.364,52.467,4728.97,50.66,88.84,133.3,141.56,566.898,259.5,451.12
2025-07-28,714.67,840.99,4.8401,91.051,961.61,470.34,431.03,558.5,899.45,522.3,113.18,59.01,1108.12,248.15,19308.0,51.34,52.439,4710.93,50.503,88.74,132.83,141.65,566.626,259.07,452.75
2025-07-29,715.11,830.63,4.8225,91.102,957.66,467.86,428.62,556.83,892.21,522.09,113.11,59.066,1135.31,249.86,19394.0,51.216,52.31,4785.63,51.34,89.84,134.03,142.1,565.645,262.08,452.66
2025-07-30,714.41,827.03,4.8238,91.01,956.02,466.38,426.69,555.98,888.69,519.83,113.23,59.129,1130.92,249.84,19355.0,51.289,52.379,4833.58,51.739,90.26,134.75,142.49,566.433,261.98,451.99
2025-07-31,714.94,819.2,4.8007,91.079,950.13,462.38,424.24,553.06,880.99,518.63,113.14,59.185,1126.41,251.06,19379.0,51.204,52.299,4886.16,52.153,91.12,136.35,143.69,565.695,263.15,454.97
2025-08-01,714.96,818.85,4.7574,91.079,947.01,461.21,422.87,552.48,881.34,517.57,113.14,59.501,1126.11,254.19,19413.0,51.199,52.294,4883.39,52.207,91.18,136.49,144.02,566.718,263.34,455.59
2025-08-04,713.95,826.95,4.8576,90.952,949.19,462.2,422.5,554.75,888.52,518.9,113.3,59.631,1110.5,252.14,19385.0,51.369,52.452,4801.19,51.515,90.23,135.0,143.48,568.538,263.93,453.66
2025-08-05,713.66,827.5,4.8709,90.916,950.21,462.54,422.92,555.53,885.04,518.97,113.35,59.236,1112.7,250.94,19345.0,51.39,52.489,4820.2,51.643,90.2,134.97,143.52,568.715,264.34,451.35
2025-08-06,714.09,827.68,4.849,90.968,951.25,463.13,423.18,555.44,885.58,519.36,113.28,59.06,1113.88,250.51,19367.0,51.342,52.452,4810.34,51.716,90.17,135.24,143.39,568.341,262.18,451.41
2025-08-07,713.45,832.91,4.8589,90.895,954.6,464.55,423.94,556.1,886.3,520.15,113.39,59.113,1114.82,248.8,19353.0,51.378,52.48,4775.09,51.277,89.65,134.38,142.56,568.485,260.26,451.81
2025-08-08,713.82,833.81,4.8701,90.937,961.06,466.11,426.35,557.17,886.35,520.29,113.32,59.142,1104.64,247.89,19341.0,51.389,52.487,4754.97,50.979,89.59,133.63,142.92,568.45,260.39,450.85
2025-08-11,714.05,833.49,4.8495,90.964,962.34,466.67,426.36,556.78,886.04,520.51,113.29,59.322,1113.62,247.79,19369.0,51.3,52.421,4743.4,50.928,89.55,133.78,143.48,568.945,259.86,451.33
2025-08-12,714.18,831.42,4.8341,90.98,961.76,466.64,425.92,556.21,881.29,519.79,113.29,59.164,1107.25,248.18,19392.0,51.289,52.403,4758.82,51.2,89.78,134.55,142.74,568.343,261.03,452.1
2025-08-13,713.5,834.64,4.8406,90.897,965.21,466.71,425.99,557.24,886.19,519.14,113.37,59.062,1107.34,246.03,19331.0,51.36,52.476,4736.95,50.964,89.44,133.51,142.92,569.571,260.05,452.11
2025-08-14,713.37,836.47,4.8602,90.887,970.74,467.88,427.57,558.09,887.36,519.58,113.39,58.853,1108.07,244.94,19273.0,51.393,52.493,4720.4,50.79,89.27,133.52,142.59,569.985,260.83,450.9
2025-08-15,713.71,832.97,4.8423,91.054,968.31,464.81,423.69,556.94,885.86,518.18,113.17,58.894,1110.47,246.03,19389.0,51.31,52.413,4743.57,51.135,89.68,133.96,142.9,570.47,263.03,452.54
2025-08-18,713.22,836.86,4.8563,91.108,969.22,465.65,424.48,557.51,885.75,517.6,113.1,58.851,1116.04,246.27,19387.0,51.358,52.467,4717.6,50.847,89.2,133.56,142.37,571.353,261.99,453.25
2025-08-19,713.59,834.27,4.8391,91.247,966.2,464.62,424.26,556.92,885.61,518.35,112.94,59.042,1119.5,246.58,19379.0,51.322,52.433,4732.69,50.922,89.47,133.6,142.49,571.028,262.73,453.51
2025-08-20,713.84,832.43,4.8473,91.477,965.09,461.45,421.88,556.72,885.22,516.15,112.65,59.047,1123.61,247.56,19433.0,51.298,52.419,4726.49,50.958,89.76,134.25,143.87,570.82,263.25,454.26
2025-08-21,712.87,832.87,4.8535,91.254,962.37,460.04,416.86,556.38,888.84,515.47,112.93,59.088,1122.29,247.43,19505.0,51.341,52.463,4734.96,50.977,89.63,134.09,143.15,571.813,262.64,454.55
2025-08-22,713.21,829.8,4.8231,91.285,959.67,459.11,416.09,554.93,883.98,514.45,112.88,59.109,1121.97,247.86,19532.0,51.332,52.451,4769.55,51.23,90.06,134.53,142.41,573.02,262.32,455.45
2025-08-25,711.61,834.46,4.848,91.066,963.38,462.43,418.31,556.45,888.54,515.81,113.17,59.027,1125.8,244.48,19361.0,51.473,52.592,4733.0,50.979,89.47,133.31,141.24,573.485,260.7,454.12
2025-08-26,711.88,829.8,4.8344,91.164,960.81,462.66,417.81,555.19,885.9,515.26,113.04,58.959,1128.7,246.94,19450.0,51.442,52.552,4786.59,51.323,90.0,134.3,141.85,574.058,261.95,454.14
2025-08-27,711.08,829.24,4.839,91.299,960.82,462.78,417.59,554.64,886.67,515.35,112.87,59.117,1125.27,247.4,19532.0,51.505,52.614,4771.29,51.3,90.08,134.15,142.11,575.268,261.85,454.33
2025-08-28,710.63,829.15,4.8394,91.267,961.55,463.74,417.69,554.21,888.03,516.82,112.92,59.34,1124.08,248.56,19514.0,51.552,52.671,4778.75,51.443,90.05,133.77,141.45,576.061,262.02,454.33
2025-08-29,710.3,830.08,4.8428,91.157,960.43,464.32,418.47,554.53,886.63,517.21,113.05,59.199,1130.72,248.78,19475.0,51.646,52.763,4774.77,51.323,89.94,133.36,141.57,578.333,262.35,453.59
2025-09-01,710.72,831.29,4.834,91.174,960.61,465.42,419.63,554.1,887.82,517.74,113.04,59.319,1123.18,248.17,19531.0,51.622,52.745,4769.15,51.259,89.81,132.96,141.46,578.058,262.47,453.91
2025-09-02,710.89,832.76,4.8388,91.183,963.58,466.08,420.01,554.22,888.51,517.44,113.01,59.305,1130.49,247.65,19567.0,51.614,52.731,4739.73,51.123,89.67,132.01,140.5,577.943,262.18,453.41
2025-09-03,711.08,828.55,4.8005,91.086,954.05,464.33,417.67,552.65,885.14,517.06,113.13,59.398,1128.79,248.43,19580.0,51.523,52.642,4772.84,51.451,90.16,132.84,140.88,577.585,263.08,453.27
2025-09-04,710.52,829.7,4.8112,91.115,956.54,465.84,418.89,552.64,884.91,515.95,113.1,59.31,1134.31,248.26,19507.0,51.584,52.703,4739.89,51.233,89.97,132.43,141.01,577.788,262.86,452.8
2025-09-05,710.64,829.53,4.7992,91.103,956.89,464.26,416.81,552.25,883.8,515.28,113.11,59.356,1139.02,249.54,19545.0,51.572,52.691,4736.41,51.24,90.0,132.86,141.58,579.156,263.26,452.96
2025-09-08,710.29,832.65,4.7936,91.094,959.28,465.95,418.88,553.09,889.61,513.9,113.16,59.365,1143.04,247.77,19506.0,51.647,52.756,4714.26,51.047,89.67,131.98,140.93,579.838,263.1,450.79
2025-09-09,710.08,836.11,4.828,91.121,962.98,468.88,422.8,554.21,895.74,514.78,113.12,59.232,1159.67,246.08,19482.0,51.685,52.781,4699.21,50.793,89.29,131.62,140.44,580.497,262.51,445.7
2025-09-10,710.62,832.1,4.8274,91.226,961.93,468.59,421.81,554.48,892.14,513.92,112.97,59.22,1175.39,246.81,19505.0,51.606,52.715,4722.19,51.073,89.75,131.95,140.44,579.65,261.92,445.85
2025-09-11,710.34,831.58,4.8262,91.189,962.17,470.58,422.49,554.52,889.98,512.93,113.01,59.328,1192.36,246.1,19523.0,51.667,52.775,4725.57,51.228,89.76,131.44,139.66,580.6,261.64,446.4
2025-09-12,710.19,833.26,4.8263,91.193,964.15,473.2,424.45,554.17,892.38,513.41,112.95,59.351,1191.89,244.46,19554.0,51.715,52.82,4696.33,51.047,89.58,131.11,138.8,582.043,260.07,446.41
2025-09-15,710.56,833.27,4.8147,91.331,963.51,472.58,423.32,554.12,892.27,513.66,112.83,59.103,1175.1,244.43,19585.0,51.669,52.771,4683.57,51.044,89.56,131.19,138.76,581.309,259.63,446.27
2025-09-16,710.27,835.71,4.8211,91.3,966.43,473.96,424.04,555.08,894.11,515.81,112.89,59.097,1164.97,244.34,19482.0,51.681,52.782,4657.79,50.803,89.32,130.56,138.29,581.145,258.38,447.4
2025-09-17,710.13,842.49,4.851,91.278,969.24,474.7,425.21,556.6,903.27,516.71,112.9,59.083,1170.61,244.25,19423.0,51.736,52.838,4620.49,50.417,88.58,129.96,137.49,581.73,257.65,445.83
2025-09-18,710.85,840.25,4.8396,91.419,968.99,472.92,421.72,556.11,901.61,516.19,112.75,59.009,1179.52,244.63,19438.0,51.668,52.778,4639.7,50.637,88.83,130.67,138.01,581.058,257.74,447.21
2025-09-19,711.28,838.34,4.8076,91.457,964.13,470.59,418.8,554.75,897.87,515.74,112.68,59.029,1170.15,244.0,19532.0,51.629,52.718,4642.2,50.809,89.01,131.4,138.85,581.809,258.31,448.36
2025-09-22,711.06,835.16,4.806,91.499,958.41,469.11,416.58,553.7,893.7,516.26,112.62,59.122,1173.01,243.58,19635.0,51.619,52.709,4674.96,51.081,89.37,132.33,139.52,581.88,258.92,447.71
2025-09-23,710.57,838.77,4.8108,91.451,960.4,468.91,416.96,554.5,896.9,514.0,112.68,59.106,1176.21,244.04,19575.0,51.684,52.779,4639.17,50.747,89.0,131.65,139.56,582.522,258.34,447.08
2025-09-24,710.77,839.39,4.8147,91.429,961.06,468.94,416.3,553.87,897.91,513.63,112.71,59.046,1175.67,242.67,19605.0,51.675,52.772,4644.25,50.718,88.91,131.35,139.08,582.693,258.18,448.27
2025-09-25,711.18,836.14,4.7885,91.434,958.17,469.24,414.61,552.71,896.32,512.61,112.7,59.169,1174.44,243.43,19697.0,51.568,52.662,4682.53,51.057,89.23,131.93,139.55,582.451,258.81,450.2
2025-09-26,711.52,831.17,4.7524,91.43,950.62,465.99,411.17,550.52,890.85,511.28,112.7,59.209,1177.21,244.57,19779.0,51.519,52.614,4716.43,51.407,89.82,132.77,140.76,583.128,259.57,451.9
2025-09-29,710.89,833.16,4.7649,91.368,954.11,466.16,411.19,551.08,892.25,510.53,112.79,59.225,1170.59,243.97,19767.0,51.609,52.703,4695.19,51.203,89.59,132.23,140.1,584.03,258.01,452.65
2025-09-30,710.55,833.51,4.7858,91.298,955.14,467.61,410.87,551.31,891.32,510.94,112.87,59.246,1166.02,242.91,19692.0,51.652,52.747,4687.58,51.17,89.55,132.52,140.51,584.673,258.22,453.04
2025-10-09,711.02,828.25,4.6648,91.377,954.77,469.27,412.45,549.72,888.87,510.67,112.77,59.165,1142.19,240.79,19849.0,51.559,52.66,4724.64,51.373,90.18,132.36,140.08,585.725,257.56,456.66
2025-10-10,710.48,823.38,4.6534,91.296,947.31,467.21,409.5,548.09,883.33,508.05,112.88,59.247,1139.27,241.56,19882.0,51.559,52.658,4750.68,51.707,90.68,133.86,141.35,587.238,258.31,459.87
2025-10-13,710.07,825.24,4.6845,91.251,948.74,462.27,407.58,548.37,886.55,508.1,112.94,59.306,1147.34,244.84,20047.0,51.633,52.734,4748.77,51.65,90.48,133.68,142.05,587.718,260.32,458.51
2025-10-14,710.21,822.57,4.6725,91.305,948.41,463.71,407.46,547.84,884.16,506.81,112.86,59.426,1136.93,243.55,20026.0,51.616,52.705,4760.81,51.785,90.77,133.61,141.77,587.363,259.58,457.48
2025-10-15,709.95,824.98,4.6871,91.336,947.26,461.66,406.44,547.72,887.05,506.4,112.83,59.452,1119.9,244.61,20056.0,51.644,52.734,4746.78,51.633,90.54,134.11,142.81,587.535,260.29,458.38
2025-10-16,709.68,827.55,4.7077,91.295,952.1,462.15,406.44,548.54,891.63,505.81,112.88,59.517,1104.13,244.3,19970.0,51.694,52.789,4718.3,51.38,90.26,133.3,142.06,588.715,259.95,456.99
2025-10-17,709.49,830.74,4.7324,91.319,954.61,460.39,406.9,549.34,896.43,505.57,112.85,59.449,1124.77,244.18,19935.0,51.703,52.795,4690.4,51.116,89.91,132.59,141.64,589.27,259.56,457.16
2025-10-20,709.73,828.96,4.7157,91.362,954.97,462.37,407.92,548.91,896.05,507.58,112.79,59.432,1139.49,244.48,19979.0,51.642,52.728,4697.19,51.2,90.1,132.54,141.46,589.539,258.58,460.42
2025-10-21,709.3,827.34,4.7163,91.296,952.41,463.09,408.51,549.34,896.59,506.33,112.88,59.411,1136.01,242.41,19970.0,51.683,52.779,4699.88,51.18,90.28,132.53,141.39,590.014,259.07,457.61
2025-10-22,709.54,824.5,4.6816,91.303,950.46,461.63,408.56,547.48,892.49,507.21,112.87,59.484,1142.78,244.77,20113.0,51.659,52.751,4720.03,51.403,90.57,132.58,141.49,590.415,259.54,461.44
2025-10-23,709.18,824.34,4.6766,91.251,948.51,460.98,407.81,547.49,892.02,507.78,112.93,59.514,1143.79,245.3,20132.0,51.691,52.787,4718.23,51.347,90.62,132.49,141.08,590.675,259.67,461.16
2025-10-24,709.28,824.86,4.6595,91.266,946.72,462.66,408.97,547.1,892.96,507.77,112.92,59.477,1142.31,244.06,20189.0,51.706,52.794,4727.95,51.263,90.55,132.06,140.34,590.915,259.09,461.24
2025-10-27,708.81,825.46,4.6382,91.246,945.63,463.86,409.2,547.0,891.41,507.39,112.94,59.448,1121.83,242.38,20214.0,51.734,52.826,4722.63,51.384,90.5,132.2,140.8,591.551,259.43,459.92
2025-10-28,708.56,826.22,4.6459,91.228,946.11,465.1,409.92,547.3,892.32,507.08,112.96,59.313,1115.76,242.89,20177.0,51.796,52.88,4701.75,51.22,90.39,132.21,140.75,591.5,259.38,459.72
2025-10-29,708.43,825.82,4.6613,91.2,940.71,466.63,409.86,547.99,893.42,508.36,112.99,59.143,1116.71,242.01,20192.0,51.817,52.909,4699.03,51.219,90.42,132.26,140.8,591.825,260.07,456.14
2025-10-30,708.64,823.34,4.6492,91.195,936.47,466.59,409.38,546.98,886.87,508.88,113.01,59.077,1126.48,242.19,20058.0,51.762,52.855,4721.42,51.513,90.71,132.57,141.14,591.801,260.54,456.13
2025-10-31,708.8,821.38,4.6103,91.227,934.14,465.61,407.89,546.15,885.61,507.9,112.97,59.115,1126.44,243.51,20120.0,51.713,52.798,4729.58,51.657,90.92,132.9,141.53,591.659,261.12,454.84
2025-11-03,708.67,818.45,4.6083,91.175,932.64,464.86,406.6,545.45,882.14,506.55,113.02,59.051,1131.29,244.0,20127.0,51.719,52.812,4738.82,51.967,91.23,133.69,142.52,592.145,261.54,456.14
2025-11-04,708.85,817.59,4.6072,91.181,932.77,464.36,405.31,544.17,878.48,505.26,113.02,59.148,1137.06,243.97,20152.0,51.707,52.803,4735.59,52.011,91.31,133.53,142.53,592.073,260.57,456.95
2025-11-05,709.01,815.86,4.6254,91.197,925.54,461.16,401.54,543.3,876.93,504.07,113.0,59.116,1136.04,246.53,20298.0,51.662,52.756,4756.68,52.207,91.5,134.84,143.83,591.93,263.28,457.65
2025-11-06,708.65,816.21,4.6126,91.151,926.74,462.01,402.47,543.58,876.45,503.44,113.05,58.983,1141.9,245.31,20266.0,51.705,52.805,4737.29,52.102,91.48,134.54,143.79,592.51,261.98,456.91
2025-11-07,708.36,818.92,4.6412,91.113,931.87,459.92,400.23,543.91,879.46,502.57,113.1,58.923,1141.55,245.01,20398.0,51.77,52.863,4711.86,51.877,91.2,134.91,143.74,594.368,261.9,455.94
2025-11-10,708.56,819.42,4.6151,91.113,932.87,461.37,399.66,544.76,879.27,505.41,113.11,58.795,1136.82,244.12,20487.0,51.747,52.834,4694.06,51.727,91.14,134.42,143.25,594.806,260.0,455.73
2025-11-11,708.66,819.86,4.6064,91.16,934.65,463.71,401.01,544.68,880.91,506.07,113.07,58.597,1142.09,241.87,20522.0,51.741,52.839,4675.18,51.613,91.09,134.08,142.73,594.738,259.08,455.11
2025-11-12,708.33,821.52,4.6035,91.139,932.73,463.21,401.39,545.28,885.9,506.24,113.1,58.208,1138.02,241.93,20574.0,51.763,52.856,4683.7,51.48,90.89,133.25,141.68,595.136,258.35,455.9
2025-11-13,708.65,822.23,4.5878,91.195,931.66,464.12,401.94,545.12,889.27,506.59,113.03,58.233,1142.32,240.93,20679.0,51.749,52.841,4673.85,51.456,90.82,133.1,142.04,595.117,258.04,455.51
2025-11-14,708.25,824.03,4.5846,91.139,931.66,462.73,400.82,544.83,893.13,504.92,113.09,58.215,1136.89,240.55,20667.0,51.809,52.902,4660.04,51.317,90.61,132.69,141.41,596.305,258.43,456.08
2025-11-17,708.16,822.96,4.5859,91.117,932.74,462.92,402.4,545.77,892.37,505.33,113.1,58.262,1139.09,241.14,20495.0,51.826,52.915,4668.01,51.322,90.72,133.33,142.32,597.1,258.43,457.31
2025-11-18,708.56,822.23,4.571,91.145,933.48,460.89,401.63,544.49,891.29,505.1,113.06,58.428,1143.33,242.17,20603.0,51.749,52.843,4675.52,51.497,90.82,133.54,142.39,596.235,259.95,457.07
2025-11-19,708.72,821.64,4.5635,91.023,932.95,461.81,401.61,545.13,886.85,507.43,113.22,58.585,1139.83,242.29,20587.0,51.753,52.842,4672.3,51.584,90.9,133.48,142.46,596.352,258.58,455.89
2025-11-20,709.05,819.18,4.5207,91.064,927.42,460.8,398.93,543.59,881.68,505.75,113.16,58.523,1132.41,242.21,20641.0,51.712,52.801,4663.0,51.638,91.16,134.4,143.22,596.149,258.44,456.55
2025-11-21,708.75,818.26,4.5124,91.03,928.57,457.8,396.84,543.09,881.01,503.86,113.2,58.552,1124.85,242.66,20722.0,51.725,52.805,4668.63,51.731,91.31,134.47,143.8,597.516,258.99,456.25
2025-11-24,708.47,816.38,4.5307,91.03,929.03,458.43,398.35,542.83,877.13,503.31,113.2,58.417,1112.74,244.93,20711.0,51.745,52.841,4701.8,51.894,91.5,134.58,144.4,597.726,260.53,456.89
2025-11-25,708.26,816.87,4.52,91.02,929.39,458.38,398.06,543.52,876.94,502.58,113.22,58.32,1105.03,244.1,20785.0,51.787,52.883,4676.48,51.821,91.44,134.64,144.23,598.186,261.02,456.12
2025-11-26,707.96,819.0,4.5347,91.059,932.22,458.12,398.23,544.01,876.62,502.09,113.2,58.329,1113.88,243.12,20672.0,51.878,52.977,4659.67,51.535,91.2,134.62,144.46,599.633,259.64,455.75
2025-11-27,707.79,820.56,4.5267,90.998,936.71,461.34,403.39,545.65,880.05,503.78,113.27,58.449,1110.02,242.29,20770.0,51.93,53.028,4655.95,51.584,91.02,134.18,144.19,600.101,259.31,455.38
2025-11-28,707.89,820.78,4.5293,90.99,936.97,462.43,405.33,545.89,879.71,504.6,113.29,58.344,1101.35,242.35,20678.0,51.897,53.008,4646.31,51.5,90.99,133.85,143.56,600.333,259.18,455.26
2025-12-01,707.59,820.52,4.5331,90.877,936.16,463.02,405.35,545.69,880.13,506.21,113.43,58.391,1095.81,241.99,20750.0,51.934,53.039,4651.04,51.614,91.03,133.6,143.02,600.787,258.54,454.32
2025-12-02,707.94,821.13,4.5495,90.88,934.51,462.92,405.12,545.76,879.15,505.39,113.39,58.373,1098.57,241.55,20792.0,51.913,53.051,4637.42,51.484,90.95,133.63,143.19,599.926,258.75,452.36
2025-12-03,707.54,822.1,4.536,90.897,934.29,464.37,405.67,545.44,880.47,505.89,113.36,58.423,1095.74,242.06,20771.0,51.959,53.104,4634.51,51.5,90.87,133.36,143.28,600.898,258.55,452.65
2025-12-04,707.33,823.73,4.5468,90.891,942.07,465.86,407.15,545.73,882.52,505.97,113.38,58.336,1094.36,241.37,20773.0,52.041,53.168,4621.96,51.286,90.7,132.83,142.6,601.326,259.01,451.78
2025-12-05,707.49,823.76,4.5597,90.906,942.69,467.54,407.67,545.73,880.16,506.82,113.3,58.145,1084.32,240.17,20837.0,51.924,53.057,4649.39,51.405,90.68,133.23,143.0,600.776,257.79,452.91
2025-12-08,707.64,823.74,4.5563,90.919,942.71,469.54,408.61,545.99,879.14,511.53,113.35,58.137,1081.43,239.4,20811.0,51.924,53.061,4633.54,51.343,90.68,132.87,142.91,601.561,256.94,451.23
2025-12-09,707.73,823.72,4.5391,90.981,942.98,468.8,408.69,545.32,877.13,510.92,113.21,58.157,1084.75,240.81,20781.0,51.908,53.041,4669.38,51.453,90.68,132.77,143.07,601.279,258.13,451.02
2025-12-10,707.53,822.58,4.5096,90.928,941.07,469.73,408.77,545.5,877.59,510.93,113.35,58.179,1093.16,241.03,20786.0,51.918,53.049,4665.05,51.404,90.8,132.31,143.46,601.545,257.29,449.92
2025-12-11,706.86,825.93,4.5304,90.862,944.82,470.84,410.15,546.46,882.82,511.67,113.37,58.241,1110.11,239.84,20802.0,52.044,53.17,4632.02,51.149,90.45,131.28,142.94,603.728,257.21,449.9
2025-12-12,706.38,828.42,4.5344,90.779,944.68,469.96,409.73,546.32,887.51,512.03,113.54,58.198,1131.15,238.97,20868.0,52.07,53.204,4624.21,51.022,90.2,131.14,142.71,604.51,255.57,448.61
2025-12-15,706.56,828.55,4.5303,90.776,943.57,469.19,409.44,546.53,887.02,512.78,113.54,58.036,1134.25,238.97,20920.0,52.031,53.157,4643.01,50.98,90.15,131.32,143.35,604.797,255.15,447.3
2025-12-16,706.02,828.99,4.5466,90.733,943.33,468.42,407.74,547.06,885.79,512.08,113.57,57.988,1127.08,238.07,20838.0,52.091,53.214,4637.65,50.863,90.12,131.63,143.87,605.456,254.84,446.28
2025-12-17,705.73,828.03,4.5516,90.719,945.81,467.0,407.09,546.8,886.06,512.14,113.63,57.901,1123.29,237.67,20923.0,52.141,53.243,4654.91,50.882,90.26,132.01,144.6,606.283,254.92,446.45
2025-12-18,705.83,827.59,4.5299,90.736,942.51,465.25,406.45,545.97,886.12,511.26,113.57,58.001,1141.48,237.89,20942.0,52.12,53.229,4699.09,50.895,90.3,131.99,144.8,606.32,255.46,446.86
2025-12-19,705.5,826.16,4.5274,90.675,942.67,465.78,406.55,546.39,887.0,511.31,113.65,57.946,1135.08,237.39,20946.0,52.147,53.25,4691.84,50.874,90.47,131.74,144.19,607.374,255.29,446.24
2025-12-22,705.72,825.31,4.4699,90.699,942.89,465.76,405.53,545.11,885.99,510.71,113.56,57.845,1142.4,237.88,20977.0,52.139,53.246,4685.93,50.953,90.52,131.55,143.85,607.69,255.79,446.05
2025-12-23,705.23,828.28,4.4846,90.673,947.71,468.41,407.66,546.63,889.1,511.72,113.66,57.847,1120.47,237.31,21043.0,52.205,53.308,4693.3,50.902,90.25,131.18,143.68,608.512,255.32,442.51
2025-12-24,704.71,829.69,4.5017,90.623,950.09,471.08,410.38,547.62,893.12,513.64,113.66,57.681,1111.83,237.15,20983.0,52.241,53.35,4707.37,50.896,90.07,130.34,142.67,609.228,254.43,442.68
2025-12-25,703.92,828.25,4.5047,90.526,948.77,471.21,410.06,547.4,891.63,513.66,113.78,57.51,1125.92,237.04,20638.0,52.297,53.408,4699.17,50.928,90.21,130.45,142.26,608.988,254.84,442.83
2025-12-26,703.58,827.47,4.4998,90.486,947.67,470.57,409.38,546.55,890.35,512.92,113.82,57.578,1114.55,236.95,20657.0,52.37,53.483,4713.24,50.983,90.28,130.7,142.52,611.038,255.51,442.89
2025-12-29,703.31,826.3,4.4833,90.494,946.61,470.61,408.19,546.33,889.04,513.05,113.87,57.609,1102.6,237.47,20528.0,52.388,53.49,4687.64,51.013,90.45,130.55,142.72,611.954,254.97,443.16
2025-12-30,703.48,826.81,4.4969,90.447,948.36,469.86,407.41,546.3,889.95,512.84,113.93,57.745,1117.19,237.55,20452.0,52.322,53.419,4673.92,51.131,90.35,130.75,143.04,611.529,255.88,450.5
2025-12-31,702.88,823.55,4.4797,90.322,943.46,468.92,405.2,545.86,885.1,511.42,114.12,57.739,1135.68,236.72,20575.0,52.436,53.532,4686.31,51.289,90.76,131.29,143.51,612.957,256.49,449.4
2026-01-05,702.3,820.27,4.466,90.141,941.68,468.17,403.07,544.28,883.42,509.45,114.35,57.882,1149.24,235.39,20648.0,52.46,53.568,4678.37,51.332,91.12,131.77,143.81,614.53,255.57,450.08
2026-01-06,701.73,819.19,4.4664,90.161,945.62,468.62,403.47,545.18,882.24,507.42,114.32,58.055,1160.5,234.05,20719.0,52.584,53.689,4688.28,51.426,91.28,131.36,143.73,616.0,256.06,448.18
2026-01-07,701.87,818.22,4.4662,90.131,944.7,471.1,404.23,546.52,879.53,506.37,114.33,57.775,1153.87,233.79,20718.0,52.512,53.614,4703.11,51.459,91.37,131.49,143.67,615.237,256.87,446.11
2026-01-08,701.97,817.69,4.4674,90.146,942.07,470.27,403.71,545.95,877.74,505.02,114.31,57.88,1151.4,234.8,20704.0,52.478,53.578,4705.1,51.478,91.43,131.22,144.03,614.765,256.68,447.92
2026-01-09,701.28,815.56,4.4592,89.973,939.61,468.25,401.63,544.56,875.37,504.26,114.41,58.002,1149.63,236.07,20792.0,52.534,53.638,4722.24,51.66,91.68,131.84,144.22,616.627,256.78,449.95
2026-01-12,701.08,814.0,4.4267,89.959,936.99,467.59,400.56,543.45,872.6,502.41,114.55,58.191,1131.21,235.66,20880.0,52.546,53.645,4740.51,51.777,91.85,131.72,144.27,616.98,256.8,448.68
2026-01-13,701.03,814.63,4.4222,89.914,940.38,468.27,402.6,543.68,875.82,503.08,114.6,58.036,1123.81,234.46,21048.0,52.613,53.715,4748.46,51.68,91.74,131.27,144.2,617.796,256.39,447.52
2026-01-14,701.2,814.23,4.3958,89.884,938.5,467.12,400.86,542.61,872.81,503.28,114.54,57.956,1128.9,234.36,21130.0,52.558,53.658,4744.1,51.742,91.82,131.93,144.33,617.381,254.77,451.3
2026-01-15,700.64,813.12,4.4086,89.88,937.86,465.93,400.09,542.31,872.98,502.54,114.65,57.871,1126.01,234.78,20996.0,52.641,53.752,4748.85,51.778,91.95,131.75,144.16,618.551,254.67,451.36
2026-01-16,700.78,810.67,4.4041,89.877,934.04,467.45,400.42,542.38,869.08,502.45,114.68,57.982,1122.49,233.87,21086.0,52.629,53.731,4752.73,51.957,92.21,132.03,144.91,619.9,252.71,450.17
2026-01-19,700.51,810.97,4.4281,89.828,934.45,466.37,401.39,542.44,874.01,501.8,114.71,57.966,1118.83,235.16,21139.0,52.632,53.738,4750.16,52.07,92.15,132.05,144.46,619.931,252.41,448.9
2026-01-20,700.06,811.86,4.4087,89.775,935.27,467.4,403.15,542.79,873.8,502.19,114.79,58.016,1113.72,234.91,21164.0,52.709,53.816,4749.85,52.03,92.1,132.07,144.43,620.894,251.96,448.63
2026-01-21,700.14,817.45,4.4095,89.779,936.62,468.98,405.55,542.86,882.38,503.65,114.78,58.102,1120.79,235.39,21241.0,52.707,53.819,4709.62,51.673,91.43,130.92,143.52,621.082,252.2,445.65
2026-01-22,700.19,815.37,4.4112,89.82,936.57,471.38,407.09,543.22,876.78,504.08,114.72,57.886,1105.53,233.23,21045.0,52.651,53.758,4716.1,51.669,91.68,130.66,143.0,620.658,250.39,449.06
2026-01-23,699.29,819.0,4.401,89.676,939.81,475.29,410.78,544.19,882.66,504.7,114.91,57.78,1090.25,231.69,21059.0,52.761,53.87,4662.63,51.251,91.3,129.46,141.74,622.308,250.4,446.56
2026-01-26,698.43,824.9,4.4826,89.594,949.83,480.06,413.35,547.84,894.0,507.38,115.02,57.265,1087.16,230.69,20835.0,52.859,53.966,4632.76,51.048,90.6,127.96,140.15,624.347,249.42,446.18
2026-01-27,698.58,827.55,4.5176,89.592,952.61,481.35,415.44,548.47,896.46,507.82,115.02,56.874,1097.67,230.05,20782.0,52.745,53.854,4610.14,50.828,90.28,128.4,140.4,622.954,249.02,448.23
2026-01-28,697.55,834.36,4.543,89.427,959.05,484.54,417.23,550.83,908.93,510.16,115.23,56.561,1097.93,228.58,20665.0,52.925,54.038,4553.13,50.312,89.68,126.71,138.32,625.543,246.91,445.71
2026-01-29,697.71,833.49,4.5437,89.435,961.75,490.0,421.73,551.81,907.79,513.72,115.22,56.213,1100.95,225.93,20576.0,52.781,53.889,4562.18,50.463,89.62,126.78,137.6,623.727,246.56,446.79
2026-01-30,696.78,832.44,4.5464,89.262,960.8,490.19,422.33,550.61,910.47,515.77,115.45,56.41,1082.67,225.92,20617.0,52.775,53.897,4569.09,50.48,89.66,126.54,137.1,624.175,247.21,449.66
2026-02-02,696.95,826.51,4.4926,89.249,953.85,484.3,419.16,547.59,900.99,510.98,115.46,56.557,1092.37,232.27,20804.0,52.681,53.803,4608.01,50.968,90.35,127.84,138.36,623.802,250.57,452.6
2026-02-03,696.08,821.74,4.4797,89.117,951.92,484.41,418.56,547.65,893.81,509.2,115.63,56.718,1100.73,230.73,20851.0,52.74,53.854,4634.42,51.362,90.89,128.71,139.21,624.154,249.62,453.32
2026-02-04,695.33,821.11,4.4615,88.978,951.44,487.52,419.51,547.29,895.58,509.33,115.81,56.538,1109.89,229.74,20876.0,52.852,53.964,4635.07,51.415,90.96,128.21,138.53,625.66,247.99,455.8
2026-02-05,695.7,820.36,4.4328,89.062,948.43,486.37,417.14,546.21,894.39,508.51,115.73,56.576,1101.98,231.28,21026.0,52.844,53.957,4626.08,51.403,91.03,129.32,139.12,626.195,249.18,456.29
2026-02-06,695.9,819.23,4.4367,89.08,940.53,481.03,413.16,545.31,894.12,507.25,115.69,56.847,1104.23,234.18,21169.0,52.802,53.916,4639.04,51.549,91.15,130.37,141.07,626.921,251.7,457.8
2026-02-09,695.23,820.46,4.4125,88.969,943.43,487.48,417.56,546.15,893.61,507.7,115.85,56.785,1110.83,230.71,21092.0,52.942,54.056,4604.06,51.396,91.06,129.82,139.51,627.756,248.55,454.64
2026-02-10,694.58,825.13,4.4389,88.882,947.95,490.55,418.77,547.62,903.16,510.71,115.97,56.723,1113.43,229.31,21067.0,53.025,54.148,4562.25,50.969,90.56,128.8,138.29,629.071,248.07,450.17
2026-02-11,694.38,823.92,4.4836,88.825,944.18,489.77,418.13,547.77,901.38,511.05,116.02,56.569,1118.46,230.04,21047.0,53.028,54.156,4586.09,51.181,90.68,128.33,137.46,629.639,247.9,450.91
2026-02-12,694.57,822.53,4.5241,88.881,943.68,493.64,418.8,549.05,898.46,510.29,115.94,56.459,1115.84,229.1,20924.0,53.029,54.151,4605.8,51.201,90.81,128.41,136.94,629.827,247.84,448.92
2026-02-13,693.98,821.95,4.5304,88.787,942.45,490.48,417.09,548.51,899.93,508.65,116.07,56.336,1118.26,230.36,20856.0,53.057,54.177,4605.17,51.213,90.88,128.98,137.78,631.34,248.32,449.16
2026-02-24,694.14,817.3,4.4846,88.773,935.19,489.02,412.71,547.15,895.02,506.01,116.08,56.139,1112.62,230.87,20875.0,52.989,54.123,4637.76,51.605,91.43,130.82,138.1,632.406,248.93,447.51
2026-02-25,693.21,813.52,4.4388,88.611,931.75,487.33,411.3,545.5,892.37,503.87,116.3,56.323,1112.6,230.94,20903.0,53.18,54.317,4644.86,51.755,91.87,131.0,138.59,634.527,248.12,450.54
2026-02-26,692.28,814.62,4.4208,88.557,933.91,490.24,412.68,546.18,892.11,503.82,116.37,56.308,1120.45,229.75,20737.0,53.307,54.441,4598.16,51.69,91.74,130.85,138.64,636.08,248.38,451.65
2026-02-27,692.28,812.08,4.4216,88.484,927.09,487.76,410.18,544.88,889.12,502.66,116.46,56.393,1122.92,231.24,20890.0,53.411,54.539,4620.3,51.899,92.03,131.65,139.02,638.455,249.27,452.71
2026-03-02,692.36,811.35,4.4123,88.518,924.93,487.24,411.14,543.78,897.0,504.39,116.45,56.538,1122.2,232.87,21005.0,53.283,54.418,4659.62,52.035,92.07,131.61,137.96,637.217,250.63,452.92
2026-03-03,690.88,807.32,4.3969,88.327,925.84,490.25,410.34,542.51,886.91,504.72,116.67,56.82,1123.41,232.85,21091.0,53.223,54.384,4701.42,52.419,92.53,132.7,138.71,636.737,250.36,454.91
2026-03-04,691.24,802.14,4.3831,88.574,922.92,486.38,406.96,541.11,883.72,505.29,116.34,57.087,1122.86,238.85,21460.0,53.156,54.313,4818.3,53.473,93.1,133.98,139.82,636.13,255.77,456.88
2026-03-05,690.07,803.62,4.3985,88.259,923.09,488.55,410.01,541.59,886.18,506.05,116.76,57.049,1127.76,236.68,21190.0,53.209,54.375,4785.09,53.104,93.0,132.86,139.48,637.0,254.74,457.54
2026-03-06,690.25,801.32,4.3814,88.253,921.98,484.15,407.21,539.07,884.14,504.94,116.77,57.147,1139.29,241.29,21451.0,53.207,54.37,4837.37,53.36,93.24,133.64,140.18,638.063,256.5,459.67
2026-03-09,691.58,796.79,4.3653,88.505,920.3,482.08,404.99,538.49,885.27,508.27,116.44,57.341,1141.67,243.23,21572.0,53.145,54.31,4959.4,53.954,93.73,134.03,139.36,637.897,260.44,463.19
2026-03-10,689.82,801.98,4.3717,88.196,926.58,487.65,408.69,541.37,887.26,507.85,116.84,57.354,1135.14,236.7,21309.0,53.256,54.438,4832.56,52.982,93.21,132.53,139.14,639.263,256.11,459.8
2026-03-11,689.17,799.86,4.3575,88.075,924.32,490.36,407.89,540.91,884.76,506.84,117.03,56.915,1147.81,236.47,21327.0,53.318,54.481,4833.38,53.283,93.45,133.2,139.97,639.932,255.28,459.03
2026-03-12,689.59,795.68,4.3339,88.128,922.25,491.58,406.63,540.21,881.63,506.55,116.93,56.911,1150.04,240.16,21463.0,53.31,54.466,4872.41,53.399,93.9,134.19,140.17,639.958,257.33,463.75
2026-03-13,690.07,794.02,4.3284,88.163,920.22,487.88,403.27,539.01,877.36,505.44,116.83,56.979,1155.06,243.17,21606.0,53.289,54.445,4933.33,53.769,94.11,135.66,140.7,641.076,258.65,466.77
2026-03-16,690.57,789.6,4.3276,88.217,914.49,483.37,400.02,538.26,873.74,503.56,116.81,57.017,1160.84,244.61,21677.0,53.197,54.352,4976.24,54.127,94.66,136.88,141.52,640.071,258.92,469.98
2026-03-17,689.61,792.38,4.3293,88.073,917.25,486.68,402.99,539.22,874.31,503.39,117.01,56.944,1180.19,242.29,21648.0,53.292,54.451,4929.56,53.835,94.34,135.66,140.48,641.066,256.8,470.34
2026-03-18,689.09,794.25,4.3316,87.918,919.43,489.18,403.13,539.43,877.07,502.66,117.21,56.849,1196.31,242.34,21599.0,53.354,54.54,4890.1,53.612,94.08,134.79,139.27,642.098,256.44,469.77
2026-03-19,689.75,790.83,4.3169,88.006,915.04,484.85,400.04,537.34,870.27,502.2,117.09,56.871,1214.45,246.31,21779.0,53.255,54.434,4976.25,54.049,94.51,136.34,139.25,642.504,258.91,475.87
2026-03-20,688.98,796.75,4.357,87.915,923.95,487.29,403.82,538.69,872.43,501.05,117.23,57.199,1251.12,243.2,21658.0,53.374,54.553,4901.7,53.566,93.78,135.09,138.06,643.874,257.88,472.55
2026-03-23,690.41,796.76,4.332,88.114,919.09,483.26,402.08,537.76,875.34,502.75,116.95,57.056,1206.5,247.6,21832.0,53.286,54.469,4930.29,53.613,93.74,135.5,138.86,642.868,260.15,477.74
2026-03-24,689.43,799.41,4.3476,88.015,924.71,482.55,403.01,540.36,875.78,501.83,117.08,57.047,1189.49,244.39,21658.0,53.325,54.501,4850.87,53.268,93.44,135.48,141.38,643.722,258.22,471.03
2026-03-25,689.11,800.08,4.3394,88.092,924.26,481.87,401.92,539.08,874.18,500.45,116.97,57.343,1168.58,245.55,21713.0,53.35,54.52,4882.71,53.37,93.4,135.13,140.79,643.941,257.45,471.52
2026-03-26,690.56,797.98,4.3337,88.357,922.85,479.58,401.04,538.76,872.62,500.09,116.63,57.411,1172.87,245.93,21790.0,53.183,54.324,4850.9,53.551,93.58,135.44,140.25,642.314,257.59,474.17
2026-03-27,691.41,796.85,4.3271,88.361,921.3,476.07,398.1,537.42,869.53,498.77,116.62,57.859,1177.74,247.12,21845.0,53.162,54.304,4865.62,53.654,93.76,136.41,140.34,643.538,259.36,477.01
2026-03-30,692.23,795.51,4.3171,88.384,916.66,474.19,396.72,536.55,865.26,497.95,116.54,57.977,1177.81,247.93,21842.0,53.08,54.228,4896.11,53.865,93.94,136.92,140.83,642.364,262.15,476.11
2026-03-31,691.94,793.02,4.3296,88.295,911.69,473.82,395.58,535.75,865.24,496.84,116.72,58.287,1175.03,248.58,21994.0,53.077,54.227,4898.75,54.115,94.23,138.07,140.71,642.689,262.17,474.62
2026-04-01,690.25,798.06,4.346,88.065,913.3,476.49,396.24,537.26,863.9,495.82,116.96,58.583,1179.44,244.85,21851.0,53.264,54.426,4818.15,53.736,93.7,137.16,140.39,644.597,259.54,472.17
2026-04-02,688.8,798.0,4.338,87.876,915.84,476.53,395.63,536.7,867.24,495.92,117.21,58.408,1168.29,244.27,21970.0,53.345,54.519,4799.8,53.644,93.69,136.73,141.19,646.058,258.61,473.82
2026-04-03,689.29,795.18,4.3187,87.945,911.53,476.19,393.97,536.03,862.76,494.97,117.12,58.606,1167.32,246.01,21909.0,53.331,54.507,4832.91,53.805,93.99,136.81,141.21,647.019,259.23,473.48
2026-04-07,688.54,793.98,4.3119,87.858,910.34,475.84,392.87,535.55,862.04,494.54,117.29,58.512,1148.5,245.03,21916.0,53.373,54.559,4805.44,53.694,94.11,137.37,141.1,647.932,258.0,473.35
2026-04-08,686.8,799.9,4.3169,87.652,917.04,483.49,396.81,536.71,865.51,494.56,117.56,58.516,1145.7,240.86,21716.0,53.601,54.795,4706.12,53.199,93.44,136.24,140.15,650.125,255.71,469.19
2026-04-09,686.49,797.54,4.3158,87.651,916.33,481.78,398.42,536.89,864.67,494.02,117.57,58.058,1148.61,240.04,21637.0,53.654,54.819,4714.13,53.23,93.67,136.19,139.92,649.689,254.56,468.9
2026-04-10,686.54,800.3,4.3056,87.641,919.12,484.16,400.39,537.73,865.68,495.07,117.58,58.084,1135.48,239.32,21582.0,53.677,54.84,4703.22,53.025,93.39,135.73,138.85,652.1,253.54,469.02
2026-04-13,686.57,800.14,4.2939,87.646,917.64,481.05,397.74,536.09,864.64,493.84,117.58,57.92,1125.89,242.22,21728.0,53.61,54.775,4603.51,53.196,93.39,136.35,139.22,652.126,254.37,472.89
2026-04-14,685.93,804.56,4.297,87.579,923.8,485.01,400.95,537.5,872.84,495.72,117.67,57.986,1115.02,239.58,21650.0,53.736,54.906,4509.65,52.739,92.91,134.36,138.18,653.627,252.63,468.87
2026-04-15,685.82,805.98,4.3031,87.54,927.29,486.93,403.09,537.63,875.2,496.03,117.66,57.746,1107.53,238.99,21578.0,53.784,54.952,4507.1,52.533,92.72,134.44,138.3,654.64,252.23,468.81
2026-04-16,686.16,807.24,4.3047,87.629,927.99,490.41,404.31,538.08,875.53,497.73,117.6,57.767,1107.47,239.33,21608.0,53.728,54.877,4497.95,52.396,92.57,134.03,137.34,653.952,252.02,469.19
2026-04-17,686.22,806.18,4.3012,87.697,925.73,490.05,403.0,537.51,874.15,499.23,117.5,57.78,1117.31,239.54,21656.0,53.705,54.85,4521.88,52.543,92.7,134.36,136.85,655.34,251.74,468.67
2026-04-20,686.48,804.02,4.3049,87.663,923.32,488.91,401.72,537.67,874.4,499.31,117.55,57.683,1113.78,239.83,21482.0,53.678,54.819,4501.01,52.556,92.94,134.24,137.1,655.071,253.44,468.8
2026-04-21,685.94,805.65,4.3065,87.588,924.89,490.38,403.67,538.44,878.47,500.84,117.65,57.732,1099.34,239.08,21538.0,53.753,54.896,4485.68,52.445,92.76,133.51,136.26,656.224,252.74,469.11
2026-04-22,686.35,803.62,4.2976,87.64,924.46,489.66,403.6,537.38,876.89,500.82,117.58,57.707,1099.33,240.62,21661.0,53.695,54.825,4523.82,52.713,93.0,134.24,136.51,656.34,252.88,471.03
2026-04-23,686.5,801.78,4.2988,87.648,924.67,490.32,404.41,536.8,873.08,500.79,117.57,57.695,1099.55,240.47,21636.0,53.656,54.792,4546.16,52.884,93.21,134.52,135.88,655.929,252.96,471.73
2026-04-24,686.74,800.79,4.2944,87.666,923.04,488.84,401.26,536.37,872.01,500.28,117.54,57.837,1107.27,242.58,21650.0,53.602,54.738,4575.05,52.946,93.32,135.09,136.13,656.067,253.9,474.36
2026-04-27,685.79,801.73,4.2952,87.536,925.26,489.09,401.92,536.39,870.96,500.36,117.76,57.828,1101.29,242.04,21578.0,53.669,54.806,4549.2,52.875,93.23,135.03,136.21,657.358,253.98,473.97
2026-04-28,685.89,802.07,4.2954,87.514,926.11,491.77,404.38,537.2,871.47,502.15,117.75,57.676,1096.59,241.55,21569.0,53.689,54.828,4537.33,52.885,93.16,134.75,135.72,658.028,253.77,473.45
2026-04-29,686.08,802.26,4.2944,87.563,926.03,491.91,403.12,536.6,868.06,500.38,117.69,57.666,1099.57,241.4,21536.0,53.645,54.783,4529.73,52.922,93.16,135.3,136.16,658.002,253.69,475.24
2026-04-30,686.28,800.57,4.2812,87.581,924.16,488.24,400.0,535.18,866.59,500.85,117.66,57.715,1093.67,245.47,21709.0,53.602,54.737,4562.24,53.186,93.33,135.87,136.09,659.05,255.7,478.67
2026-05-06,685.62,800.94,4.3338,87.504,927.12,492.45,403.62,536.77,874.73,502.24,117.76,57.856,1106.03,242.53,21483.0,53.757,54.921,4505.46,52.946,93.29,135.2,135.3,661.707,253.35,475.3
2026-05-07,684.87,802.51,4.3661,87.415,928.26,494.01,406.3,538.84,877.21,500.7,117.88,57.373,1098.08,240.0,21238.0,53.806,54.955,4463.09,52.679,93.13,135.29,136.18,662.151,252.25,472.73
2026-05-08,685.02,801.39,4.3559,87.463,925.99,492.32,405.61,538.39,875.69,499.85,117.82,57.185,1095.1,240.96,21387.0,53.776,54.916,4445.71,52.752,93.26,135.85,136.27,662.799,252.8,473.06
2026-05-11,684.67,802.56,4.3533,87.468,927.7,493.7,405.93,538.15,877.79,498.43,117.81,57.398,1091.36,240.67,21491.0,53.858,55.007,4415.08,52.719,93.06,135.42,135.08,664.409,251.79,473.7
2026-05-12,684.26,803.29,4.3435,87.393,928.06,494.13,406.74,537.61,877.05,498.38,117.92,57.464,1084.39,240.86,21700.0,53.876,55.036,4422.0,52.686,92.99,135.27,134.73,664.947,251.65,474.41
2026-05-13,684.31,800.39,4.3327,87.408,923.35,493.66,405.94,536.35,874.35,497.73,117.89,57.619,1086.51,241.97,21923.0,53.887,55.051,4463.09,53.069,93.35,136.32,134.77,665.649,252.16,475.6
2026-05-14,684.01,798.6,4.326,87.363,922.21,494.58,404.42,535.85,872.65,497.1,117.97,57.572,1086.4,240.4,21893.0,53.914,55.073,4478.21,53.096,93.57,136.83,134.58,666.345,251.42,475.21
2026-05-15,684.15,795.34,4.3126,87.343,913.49,492.44,402.75,534.46,870.42,496.87,117.98,57.609,1078.17,241.61,21961.0,53.878,55.043,4492.32,53.272,93.96,137.78,136.11,667.209,252.18,476.23
2026-05-18,684.35,792.95,4.303,87.408,908.91,487.21,398.25,532.92,867.72,496.08,117.89,58.03,1070.08,244.72,21994.0,53.824,54.995,4553.52,53.53,94.25,138.38,136.55,667.216,253.84,479.8
2026-05-19,683.75,794.37,4.2979,87.318,915.62,488.64,400.21,533.32,869.4,495.9,118.02,58.231,1066.88,243.02,21948.0,53.912,55.085,4530.39,53.317,94.06,137.64,135.92,668.47,252.97,478.16
2026-05-20,683.97,792.07,4.2961,87.306,914.42,484.98,398.12,532.63,865.6,496.29,118.03,58.253,1044.5,244.64,22144.0,53.847,55.01,4561.3,53.605,94.33,137.77,135.91,667.985,254.73,479.61
2026-05-21,683.49,792.36,4.2957,87.267,915.54,487.12,399.63,533.61,866.08,495.45,118.09,58.125,1047.97,241.46,21992.0,53.919,55.086,4534.49,53.529,94.34,137.15,135.95,668.927,253.75,478.7
2026-05-22,683.73,791.93,4.2933,87.261,915.71,487.35,400.57,533.55,867.09,494.68,118.1,57.998,1044.65,241.16,22131.0,53.894,55.067,4528.1,53.492,94.35,137.04,135.52,669.937,253.39,479.02
2026-05-25,683.18,792.97,4.2905,87.208,918.28,487.5,400.06,533.48,871.25,493.22,118.17,57.994,1051.14,239.9,22262.0,53.957,55.127,4507.89,53.38,94.24,136.74,136.03,671.058,252.99,478.01
2026-05-26,682.88,792.33,4.2879,87.155,918.91,488.11,399.11,533.17,869.84,492.88,118.27,58.011,1052.81,239.4,22265.0,53.986,55.154,4497.9,53.337,94.3,136.57,135.71,674.177,253.49,478.18
2026-05-27,682.91,792.34,4.2804,87.151,916.14,488.25,397.68,533.15,867.68,492.93,118.24,58.309,1057.88,240.23,22169.0,53.961,55.132,4486.65,53.398,94.31,136.54,136.14,673.874,253.67,480.22
2026-05-28,682.4,791.21,4.2732,87.115,913.77,485.84,401.39,532.91,864.89,491.6,118.29,58.261,1045.46,240.34,22118.0,53.977,55.147,4477.32,53.458,94.45,136.67,136.36,674.002,254.88,480.31
2026-05-29,681.76,791.6,4.2718,87.029,913.35,486.41,403.54,532.71,867.15,492.57,118.41,58.426,1047.05,238.72,22060.0,54.093,55.272,4473.15,53.329,94.43,136.29,136.26,675.411,254.37,480.18
2026-06-01,681.67,791.22,4.2656,86.986,913.39,487.59,405.89,531.97,869.22,491.88,118.47,58.309,1048.88,239.08,22241.0,54.125,55.3,4467.65,53.401,94.46,136.25,136.24,675.858,255.02,480.11
2026-06-02,681.87,790.68,4.2621,86.998,914.72,486.81,403.27,531.67,864.85,490.81,118.45,58.268,1063.64,239.81,22299.0,54.066,55.243,4492.01,53.495,94.5,137.03,136.55,675.419,255.0,480.64
2026-06-03,681.84,789.9,4.2552,87.001,914.49,487.5,402.5,530.64,863.01,490.65,118.45,58.379,1079.83,239.13,22367.0,54.081,55.263,4486.19,53.541,94.6,137.26,136.77,675.86,254.39,481.92
2026-06-04,682.03,789.2,4.254,87.033,912.98,484.73,398.92,529.94,859.87,489.18,118.4,58.729,1088.53,240.31,22493.0,54.041,55.238,4504.04,53.679,94.69,138.19,137.15,675.68,254.63,481.78
2026-06-05,681.57,789.19,4.251,87.005,912.31,484.57,398.85,529.16,861.52,488.43,118.44,59.04,1083.0,239.93,22632.0,54.079,55.282,4479.25,53.626,94.71,138.04,137.53,677.611,254.11,481.66
2026-06-08,681.98,784.76,4.2495,87.048,908.12,479.71,394.86,527.54,855.08,488.02,118.38,59.364,1084.51,243.31,22865.0,53.962,55.164,4529.95,54.109,95.22,139.1,138.92,676.8,256.37,482.81
2026-06-09,681.47,784.0,4.2475,86.957,906.7,478.63,394.53,527.85,852.23,487.01,118.51,59.854,1076.4,242.85,22463.0,54.039,55.242,4535.89,54.053,95.34,138.87,139.4,678.052,256.54,483.85
2026-06-10,681.3,783.92,4.2416,86.935,908.47,476.85,394.55,527.96,850.59,486.69,118.54,59.714,1060.62,243.3,22444.0,54.072,55.278,4535.45,54.059,95.35,139.6,140.09,678.554,256.56,484.96
2026-06-11,681.5,784.25,4.2385,86.975,908.34,475.56,393.91,527.98,850.1,487.26,118.48,59.862,1063.93,243.78,22427.0,54.05,55.245,4544.8,54.188,95.31,140.05,139.34,678.836,256.0,485.51
2026-06-12,681.09,785.76,4.2419,86.926,910.53,478.07,395.46,528.91,853.99,485.59,118.59,59.776,1062.62,239.67,22426.0,54.139,55.334,4503.66,54.023,95.13,139.21,139.92,681.127,253.71,483.59
2026-06-15,680.88,786.86,4.2424,86.897,911.91,479.49,396.62,529.44,854.42,485.25,118.59,59.687,1071.13,238.7,22319.0,54.199,55.377,4459.29,53.84,95.0,138.48,140.18,682.241,252.69,481.7
2026-06-16,681.08,786.36,4.2395,86.932,910.15,479.61,395.22,529.01,854.53,484.65,118.54,59.618,1072.14,238.49,22372.0,54.164,55.338,4450.15,53.99,95.05,138.6,140.63,682.081,253.34,480.58
2026-06-17,680.96,787.76,4.2346,86.945,910.99,479.44,395.57,529.25,856.16,484.5,118.52,59.894,1073.05,238.44,22324.0,54.176,55.353,4429.41,53.722,94.88,138.07,139.72,682.504,253.18,480.39
2026-06-18,681.3,781.74,4.2336,86.948,903.92,477.02,392.59,527.64,850.38,481.68,118.51,59.962,1076.47,240.85,22487.0,54.076,55.256,4487.93,54.243,95.58,139.97,141.54,683.324,254.28,481.97
2026-06-22,681.5,778.86,4.2158,86.955,897.74,475.9,389.58,525.86,841.61,479.15,118.52,60.821,1078.0,241.99,22570.0,54.074,55.262,4518.5,54.614,95.97,141.17,142.86,683.489,254.93,485.22
2026-06-23,681.71,776.54,4.2121,86.953,900.43,475.41,388.06,525.53,840.77,479.9,118.51,60.942,1094.67,241.18,22665.0,54.059,55.262,4531.35,54.957,96.25,141.59,142.75,683.589,255.15,485.87
