报告日,利率,涨跌
2006-10-08,2.1184,0.0
2006-10-09,2.099,-1.94
2006-10-10,2.0922,-0.68
2006-10-11,2.0955,0.33
2006-10-12,2.0943,-0.12
2006-10-13,2.0889,-0.54
2006-10-16,2.0801,-0.88
2006-10-17,2.0746,-0.55
2006-10-18,2.0723,-0.23
2006-10-19,2.0667,-0.56
2006-10-20,2.0665,-0.02
2006-10-23,2.0573,-0.92
2006-10-24,2.0569,-0.04
2006-10-25,2.0592,0.23
2006-10-26,2.117,5.78
2006-10-27,2.1568,3.98
2006-10-30,2.16,0.32
2006-10-31,2.1885,2.85
2006-11-01,2.2023,1.38
2006-11-02,2.2057,0.34
2006-11-03,2.2055,-0.02
2006-11-06,2.2312,2.57
2006-11-07,2.3023,7.11
2006-11-08,2.4264,12.41
2006-11-09,2.5177,9.13
2006-11-10,2.6198,10.21
2006-11-13,2.8071,18.73
2006-11-14,3.6074,80.03
2006-11-15,3.5355,-7.19
2006-11-16,3.2292,-30.63
2006-11-17,3.1918,-3.74
2006-11-20,3.2645,7.27
2006-11-21,3.4289,16.44
2006-11-22,3.5158,8.69
2006-11-23,3.5399,2.41
2006-11-24,3.5101,-2.98
2006-11-27,3.205,-30.51
2006-11-28,2.7744,-43.06
2006-11-29,2.5547,-21.97
2006-11-30,2.4161,-13.86
2006-12-01,2.337,-7.91
2006-12-04,2.1803,-15.67
2006-12-05,2.1095,-7.08
2006-12-06,2.064,-4.55
2006-12-07,2.0063,-5.77
2006-12-08,1.9919,-1.44
2006-12-11,1.9914,-0.05
2006-12-12,1.9181,-7.33
2006-12-13,1.8931,-2.5
2006-12-14,1.8589,-3.42
2006-12-15,1.7777,-8.12
2006-12-18,1.7247,-5.3
2006-12-19,1.6566,-6.81
2006-12-20,1.613,-4.36
2006-12-21,1.6015,-1.15
2006-12-22,1.6311,2.96
2006-12-25,1.6123,-1.88
2006-12-26,1.6431,3.08
2006-12-27,1.7185,7.54
2006-12-28,1.7107,-0.78
2006-12-29,1.7203,0.96
2006-12-30,1.5651,-15.52
2006-12-31,1.5675,0.24
2007-01-04,1.431,-13.65
2007-01-05,1.4047,-2.63
2007-01-08,1.3721,-3.26
2007-01-09,1.3546,-1.75
2007-01-10,1.3519,-0.27
2007-01-11,1.3344,-1.75
2007-01-12,1.3051,-2.93
2007-01-15,1.2997,-0.54
2007-01-16,1.2809,-1.88
2007-01-17,1.3171,3.62
2007-01-18,1.4236,10.65
2007-01-19,1.4126,-1.1
2007-01-22,1.4197,0.71
2007-01-23,1.5972,17.75
2007-01-24,1.7079,11.07
2007-01-25,1.7541,4.62
2007-01-26,1.7889,3.48
2007-01-29,1.783,-0.59
2007-01-30,1.7838,0.08
2007-01-31,1.778,-0.58
2007-02-01,1.7602,-1.78
2007-02-02,1.7549,-0.53
2007-02-05,1.7593,0.44
2007-02-06,1.7848,2.55
2007-02-07,1.8392,5.44
2007-02-08,1.8983,5.91
2007-02-09,2.7851,88.68
2007-02-12,4.0016,121.65
2007-02-13,3.3685,-63.31
2007-02-14,4.0174,64.89
2007-02-15,3.0934,-92.4
2007-02-16,1.994,-109.94
2007-02-17,1.5143,-47.97
2007-02-25,1.8147,30.04
2007-02-26,1.792,-2.27
2007-02-27,1.6928,-9.92
2007-02-28,1.6526,-4.02
2007-03-01,1.5903,-6.23
2007-03-02,1.5194,-7.09
2007-03-05,1.4999,-1.95
2007-03-06,1.4683,-3.16
2007-03-07,1.4375,-3.08
2007-03-08,1.4153,-2.22
2007-03-09,1.3952,-2.01
2007-03-12,1.38,-1.52
2007-03-13,1.3643,-1.57
2007-03-14,1.3535,-1.08
2007-03-15,1.3513,-0.22
2007-03-16,1.4088,5.75
2007-03-19,1.5313,12.25
2007-03-20,1.5551,2.38
2007-03-21,1.6077,5.26
2007-03-22,1.6487,4.1
2007-03-23,1.6871,3.84
2007-03-26,1.7466,5.95
2007-03-27,1.7397,-0.69
2007-03-28,1.8016,6.19
2007-03-29,1.8039,0.23
2007-03-30,1.8057,0.18
2007-04-02,1.8019,-0.38
2007-04-03,1.7945,-0.74
2007-04-04,1.7932,-0.13
2007-04-05,1.8913,9.81
2007-04-06,1.9959,10.46
2007-04-09,2.0004,0.45
2007-04-10,2.011,1.06
2007-04-11,2.031,2.0
2007-04-12,2.0319,0.09
2007-04-13,2.1153,8.34
2007-04-16,2.4598,34.45
2007-04-17,2.465,0.52
2007-04-18,2.4762,1.12
2007-04-19,3.0403,56.41
2007-04-20,3.3562,31.59
2007-04-23,3.3857,2.95
2007-04-24,3.501,11.53
2007-04-25,3.5071,0.61
2007-04-26,3.019,-48.81
2007-04-27,2.5129,-50.61
2007-04-28,1.9807,-53.22
2007-04-29,1.671,-30.97
2007-04-30,1.6303,-4.07
2007-05-08,1.6507,2.04
2007-05-09,1.6777,2.7
2007-05-10,1.7021,2.44
2007-05-11,1.9034,20.13
2007-05-14,2.0008,9.74
2007-05-15,1.9204,-8.04
2007-05-16,1.9246,0.42
2007-05-17,1.9076,-1.7
2007-05-18,1.8502,-5.74
2007-05-21,1.8403,-0.99
2007-05-22,1.8086,-3.17
2007-05-23,1.8002,-0.84
2007-05-24,1.7905,-0.97
2007-05-25,1.809,1.85
2007-05-28,1.7965,-1.25
2007-05-29,1.7925,-0.4
2007-05-30,1.7967,0.42
2007-05-31,1.7986,0.19
2007-06-01,2.1005,30.19
2007-06-04,2.0487,-5.18
2007-06-05,2.0477,-0.1
2007-06-06,2.0179,-2.98
2007-06-07,1.9837,-3.42
2007-06-08,1.927,-5.67
2007-06-11,1.8869,-4.01
2007-06-12,1.8618,-2.51
2007-06-13,1.8285,-3.33
2007-06-14,1.8359,0.74
2007-06-15,1.9088,7.29
2007-06-18,2.5378,62.9
2007-06-19,2.604,6.62
2007-06-20,2.6731,6.91
2007-06-21,2.3304,-34.27
2007-06-22,2.1041,-22.63
2007-06-25,1.9006,-20.35
2007-06-26,1.7917,-10.89
2007-06-27,1.7241,-6.76
2007-06-28,1.6741,-5.0
2007-06-29,1.7784,10.43
2007-07-02,1.7867,0.83
2007-07-03,2.3693,58.26
2007-07-04,2.3407,-2.86
2007-07-05,2.3226,-1.81
2007-07-06,2.3088,-1.38
2007-07-09,2.2445,-6.43
2007-07-10,2.6546,41.01
2007-07-11,2.579,-7.56
2007-07-12,2.5502,-2.88
2007-07-13,2.5338,-1.64
2007-07-16,2.4398,-9.4
2007-07-17,2.3874,-5.24
2007-07-18,2.1915,-19.59
2007-07-19,1.9627,-22.88
2007-07-20,1.8821,-8.06
2007-07-23,1.8488,-3.33
2007-07-24,1.8565,0.77
2007-07-25,1.8441,-1.24
2007-07-26,1.8207,-2.34
2007-07-27,1.851,3.03
2007-07-30,1.8368,-1.42
2007-07-31,2.0376,20.08
2007-08-01,2.0267,-1.09
2007-08-02,1.9919,-3.48
2007-08-03,1.9773,-1.46
2007-08-06,1.9671,-1.02
2007-08-07,1.9455,-2.16
2007-08-08,1.9807,3.52
2007-08-09,1.9461,-3.46
2007-08-10,1.8763,-6.98
2007-08-13,1.8548,-2.15
2007-08-14,1.9909,13.61
2007-08-15,1.9163,-7.46
2007-08-16,1.8084,-10.79
2007-08-17,1.7703,-3.81
2007-08-20,1.7381,-3.22
2007-08-21,1.72,-1.81
2007-08-22,2.1618,44.18
2007-08-23,2.1632,0.14
2007-08-24,1.843,-32.02
2007-08-27,1.7498,-9.32
2007-08-28,1.8873,13.75
2007-08-29,1.9409,5.36
2007-08-30,1.882,-5.89
2007-08-31,1.8626,-1.94
2007-09-03,1.8197,-4.29
2007-09-04,1.886,6.63
2007-09-05,1.8122,-7.38
2007-09-06,1.8198,0.76
2007-09-07,2.0446,22.48
2007-09-10,2.2581,21.35
2007-09-11,2.8184,56.03
2007-09-12,2.8864,6.8
2007-09-13,3.0194,13.3
2007-09-14,4.0206,100.12
2007-09-17,3.2914,-72.92
2007-09-18,3.1432,-14.82
2007-09-19,3.2635,12.03
2007-09-20,3.776,51.25
2007-09-21,4.2018,42.58
2007-09-24,3.809,-39.28
2007-09-25,3.7234,-8.56
2007-09-26,3.9055,18.21
2007-09-27,2.6627,-124.28
2007-09-28,2.115,-54.77
2007-09-29,2.0026,-11.24
2007-09-30,1.9925,-1.01
2007-10-08,1.9981,0.56
2007-10-09,1.9948,-0.33
2007-10-10,1.8974,-9.74
2007-10-11,1.9194,2.2
2007-10-12,1.912,-0.74
2007-10-15,1.8986,-1.34
2007-10-16,1.9072,0.86
2007-10-17,1.8968,-1.04
2007-10-18,1.8977,0.09
2007-10-19,1.9301,3.24
2007-10-22,1.9517,2.16
2007-10-23,2.2086,25.69
2007-10-24,3.5629,135.43
2007-10-25,5.0844,152.15
2007-10-26,8.5282,344.38
2007-10-29,2.9014,-562.68
2007-10-30,2.8379,-6.35
2007-10-31,2.8928,5.49
2007-11-01,2.9161,2.33
2007-11-02,2.3098,-60.63
2007-11-05,2.2977,-1.21
2007-11-06,2.2918,-0.59
2007-11-07,1.8649,-42.69
2007-11-08,1.946,8.11
2007-11-09,1.8902,-5.58
2007-11-12,1.8865,-0.37
2007-11-13,1.8839,-0.26
2007-11-14,1.8568,-2.71
2007-11-15,2.0909,23.41
2007-11-16,1.9107,-18.02
2007-11-19,1.8938,-1.69
2007-11-20,1.8926,-0.12
2007-11-21,1.8948,0.22
2007-11-22,1.9018,0.7
2007-11-23,1.9025,0.07
2007-11-26,1.8833,-1.92
2007-11-27,1.8921,0.88
2007-11-28,1.8946,0.25
2007-11-29,1.8809,-1.37
2007-11-30,1.8635,-1.74
2007-12-03,1.8468,-1.67
2007-12-04,1.8517,0.49
2007-12-05,1.872,2.03
2007-12-06,1.876,0.4
2007-12-07,1.8973,2.13
2007-12-10,1.9118,1.45
2007-12-11,1.9135,0.17
2007-12-12,1.9087,-0.48
2007-12-13,1.9052,-0.35
2007-12-14,1.9039,-0.13
2007-12-17,1.903,-0.09
2007-12-18,1.8812,-2.18
2007-12-19,1.8955,1.43
2007-12-20,1.8914,-0.41
2007-12-21,1.8928,0.14
2007-12-24,1.88,-1.28
2007-12-25,1.9094,2.94
2007-12-26,1.9167,0.73
2007-12-27,1.8421,-7.46
2007-12-28,1.8181,-2.4
2007-12-29,2.2894,47.13
2008-01-02,2.5844,29.5
2008-01-03,2.299,-28.54
2008-01-04,2.299,0.0
2008-01-07,2.2723,-2.67
2008-01-08,2.0744,-19.79
2008-01-09,1.9088,-16.56
2008-01-10,1.8859,-2.29
2008-01-11,1.8842,-0.17
2008-01-14,1.8729,-1.13
2008-01-15,1.8755,0.26
2008-01-16,1.8796,0.41
2008-01-17,1.8789,-0.07
2008-01-18,1.8784,-0.05
2008-01-21,1.8711,-0.73
2008-01-22,1.8821,1.1
2008-01-23,1.8803,-0.18
2008-01-24,1.8817,0.14
2008-01-25,1.873,-0.87
2008-01-28,1.8786,0.56
2008-01-29,1.8898,1.12
2008-01-30,1.8928,0.3
2008-01-31,1.9881,9.53
2008-02-01,1.9958,0.77
2008-02-02,1.9967,0.09
2008-02-03,1.997,0.03
2008-02-04,1.9996,0.26
2008-02-05,2.2712,27.16
2008-02-13,2.2381,-3.31
2008-02-14,2.208,-3.01
2008-02-15,2.1937,-1.43
2008-02-18,2.1832,-1.05
2008-02-19,2.185,0.18
2008-02-20,2.2982,11.32
2008-02-21,2.4054,10.72
2008-02-22,2.4006,-0.48
2008-02-25,2.39,-1.06
2008-02-26,2.4373,4.73
2008-02-27,2.4928,5.55
2008-02-28,2.4822,-1.06
2008-02-29,2.4847,0.25
2008-03-03,2.4325,-5.22
2008-03-04,1.9427,-48.98
2008-03-05,1.9392,-0.35
2008-03-06,1.9307,-0.85
2008-03-07,1.9251,-0.56
2008-03-10,1.9239,-0.12
2008-03-11,1.9131,-1.08
2008-03-12,1.9055,-0.76
2008-03-13,1.8924,-1.31
2008-03-14,2.2537,36.13
2008-03-17,2.1881,-6.56
2008-03-18,2.1643,-2.38
2008-03-19,2.1608,-0.35
2008-03-20,2.1344,-2.64
2008-03-21,2.2891,15.47
2008-03-24,2.0503,-23.88
2008-03-25,2.0387,-1.16
2008-03-26,2.0751,3.64
2008-03-27,2.0737,-0.14
2008-03-28,2.2597,18.6
2008-03-31,2.2848,2.51
2008-04-01,2.5914,30.66
2008-04-02,2.3718,-21.96
2008-04-03,2.361,-1.08
2008-04-07,2.3238,-3.72
2008-04-08,2.3385,1.47
2008-04-09,2.3514,1.29
2008-04-10,2.3665,1.51
2008-04-11,2.3438,-2.27
2008-04-14,2.3969,5.31
2008-04-15,2.3963,-0.06
2008-04-16,2.3949,-0.14
2008-04-17,2.3958,0.09
2008-04-18,2.3197,-7.61
2008-04-21,2.2421,-7.76
2008-04-22,2.1281,-11.4
2008-04-23,2.1124,-1.57
2008-04-24,2.0911,-2.13
2008-04-25,2.1129,2.18
2008-04-28,2.1279,1.5
2008-04-29,2.138,1.01
2008-04-30,2.166,2.8
2008-05-04,2.1934,2.74
2008-05-05,2.2528,5.94
2008-05-06,2.3211,6.83
2008-05-07,2.3472,2.61
2008-05-08,2.356,0.88
2008-05-09,2.362,0.6
2008-05-12,2.4027,4.07
2008-05-13,2.4504,4.77
2008-05-14,2.5267,7.63
2008-05-15,2.5295,0.28
2008-05-16,2.57,4.05
2008-05-19,2.6057,3.57
2008-05-20,2.6246,1.89
2008-05-21,2.6445,1.99
2008-05-22,2.6466,0.21
2008-05-23,2.6389,-0.77
2008-05-26,2.7208,8.19
2008-05-27,2.8719,15.11
2008-05-28,2.1824,-68.95
2008-05-29,2.4972,31.48
2008-05-30,2.8565,35.93
2008-06-02,2.8555,-0.1
2008-06-03,2.8542,-0.13
2008-06-04,2.8719,1.77
2008-06-05,2.8987,2.68
2008-06-06,2.9689,7.02
2008-06-10,3.4417,47.28
2008-06-11,3.5199,7.82
2008-06-12,3.4161,-10.38
2008-06-13,2.6442,-77.19
2008-06-16,2.3994,-24.48
2008-06-17,2.4708,7.14
2008-06-18,2.5448,7.4
2008-06-19,2.5426,-0.22
2008-06-20,2.6635,12.09
2008-06-23,2.6813,1.78
2008-06-24,2.6883,0.7
2008-06-25,2.6481,-4.02
2008-06-26,2.6614,1.33
2008-06-27,2.8,13.86
2008-06-30,2.7949,-0.51
2008-07-01,2.5006,-29.43
2008-07-02,2.7238,22.32
2008-07-03,2.5762,-14.76
2008-07-04,2.5632,-1.3
2008-07-07,2.5679,0.47
2008-07-08,2.5501,-1.78
2008-07-09,2.5282,-2.19
2008-07-10,2.4904,-3.78
2008-07-11,2.3473,-14.31
2008-07-14,2.3226,-2.47
2008-07-15,2.3763,5.37
2008-07-16,2.4884,11.21
2008-07-17,2.492,0.36
2008-07-18,2.5009,0.89
2008-07-21,2.5052,0.43
2008-07-22,2.5041,-0.11
2008-07-23,2.5007,-0.34
2008-07-24,2.5209,2.02
2008-07-25,2.5192,-0.17
2008-07-28,2.5167,-0.25
2008-07-29,2.5305,1.38
2008-07-30,2.5236,-0.69
2008-07-31,2.5276,0.4
2008-08-01,2.7765,24.89
2008-08-04,2.7898,1.33
2008-08-05,2.7902,0.04
2008-08-06,2.79,-0.02
2008-08-07,2.7863,-0.37
2008-08-08,2.7837,-0.26
2008-08-11,2.7521,-3.16
2008-08-12,2.7284,-2.37
2008-08-13,2.7029,-2.55
2008-08-14,2.5299,-17.3
2008-08-15,2.5483,1.84
2008-08-18,2.5867,3.84
2008-08-19,2.5921,0.54
2008-08-20,2.5763,-1.58
2008-08-21,2.5613,-1.5
2008-08-22,2.5642,0.29
2008-08-25,2.5667,0.25
2008-08-26,2.565,-0.17
2008-08-27,2.6188,5.38
2008-08-28,2.6347,1.59
2008-08-29,2.6359,0.12
2008-09-01,2.63,-0.59
2008-09-02,2.6607,3.07
2008-09-03,2.6633,0.26
2008-09-04,2.6648,0.15
2008-09-05,2.6569,-0.79
2008-09-08,2.629,-2.79
2008-09-09,2.6154,-1.36
2008-09-10,2.6178,0.24
2008-09-11,2.6145,-0.33
2008-09-12,2.6175,0.3
2008-09-16,2.6109,-0.66
2008-09-17,2.6196,0.87
2008-09-18,2.6981,7.85
2008-09-19,2.985,28.69
2008-09-22,3.041,5.6
2008-09-23,3.005,-3.6
2008-09-24,3.0141,0.91
2008-09-25,2.8323,-18.18
2008-09-26,2.8442,1.19
2008-09-27,2.8192,-2.5
2008-09-28,3.2209,40.17
2008-10-06,3.1955,-2.54
2008-10-07,3.1992,0.37
2008-10-08,2.9279,-27.13
2008-10-09,2.7979,-13.0
2008-10-10,2.7988,0.09
2008-10-13,2.5986,-20.02
2008-10-14,2.5576,-4.1
2008-10-15,2.3588,-19.88
2008-10-16,2.3929,3.41
2008-10-17,2.2908,-10.21
2008-10-20,2.2938,0.3
2008-10-21,2.2971,0.33
2008-10-22,2.2921,-0.5
2008-10-23,2.2958,0.37
2008-10-24,2.2946,-0.12
2008-10-27,2.295,0.04
2008-10-28,2.2946,-0.04
2008-10-29,2.2963,0.17
2008-10-30,2.2942,-0.21
2008-10-31,2.2921,-0.21
2008-11-03,2.2938,0.17
2008-11-04,2.3342,4.04
2008-11-05,2.1942,-14.0
2008-11-06,2.2463,5.21
2008-11-07,2.2462,-0.01
2008-11-10,2.1788,-6.74
2008-11-11,2.1921,1.33
2008-11-12,2.1938,0.17
2008-11-13,2.2042,1.04
2008-11-14,2.1658,-3.84
2008-11-17,2.1938,2.8
2008-11-18,2.2175,2.37
2008-11-19,2.2175,0.0
2008-11-20,2.2425,2.5
2008-11-21,2.1875,-5.5
2008-11-24,2.1958,0.83
2008-11-25,2.195,-0.08
2008-11-26,2.2046,0.96
2008-11-27,1.5492,-65.54
2008-11-28,1.5942,4.5
2008-12-01,1.4992,-9.5
2008-12-02,1.4933,-0.59
2008-12-03,1.494,0.07
2008-12-04,1.4936,-0.04
2008-12-05,1.435,-5.86
2008-12-08,1.43,-0.5
2008-12-09,1.4092,-2.08
2008-12-10,1.1433,-26.59
2008-12-11,1.1156,-2.77
2008-12-12,1.1071,-0.85
2008-12-15,1.0938,-1.33
2008-12-16,1.0321,-6.17
2008-12-17,0.9612,-7.09
2008-12-18,0.9449,-1.63
2008-12-19,0.9221,-2.28
2008-12-22,0.9133,-0.88
2008-12-23,0.91,-0.33
2008-12-24,0.9004,-0.96
2008-12-25,0.9046,0.42
2008-12-26,0.8993,-0.53
2008-12-29,0.8889,-1.04
2008-12-30,0.8892,0.03
2008-12-31,0.9471,5.79
2009-01-04,0.9117,-3.54
2009-01-05,0.9086,-0.31
2009-01-06,0.8967,-1.19
2009-01-07,0.8894,-0.73
2009-01-08,0.8829,-0.65
2009-01-09,0.8363,-4.66
2009-01-12,0.8333,-0.3
2009-01-13,0.8217,-1.16
2009-01-14,0.8204,-0.13
2009-01-15,0.82,-0.04
2009-01-16,0.8136,-0.64
2009-01-19,0.8142,0.06
2009-01-20,0.8167,0.25
2009-01-21,0.9133,9.66
2009-01-22,0.8942,-1.91
2009-01-23,0.8775,-1.67
2009-01-24,0.9283,5.08
2009-02-01,0.925,-0.33
2009-02-02,0.8063,-11.87
2009-02-03,0.8264,2.01
2009-02-04,0.8156,-1.08
2009-02-05,0.8263,1.07
2009-02-06,0.8242,-0.21
2009-02-09,0.8328,0.86
2009-02-10,0.8321,-0.07
2009-02-11,0.8388,0.67
2009-02-12,0.8292,-0.96
2009-02-13,0.8346,0.54
2009-02-16,0.8204,-1.42
2009-02-17,0.8196,-0.08
2009-02-18,0.8163,-0.33
2009-02-19,0.8238,0.75
2009-02-20,0.8213,-0.25
2009-02-23,0.8238,0.25
2009-02-24,0.815,-0.88
2009-02-25,0.8113,-0.37
2009-02-26,0.8067,-0.46
2009-02-27,0.8067,0.0
2009-03-02,0.8046,-0.21
2009-03-03,0.8025,-0.21
2009-03-04,0.8008,-0.17
2009-03-05,0.8025,0.17
2009-03-06,0.8008,-0.17
2009-03-09,0.8067,0.59
2009-03-10,0.8033,-0.34
2009-03-11,0.8042,0.09
2009-03-12,0.8033,-0.09
2009-03-13,0.8029,-0.04
2009-03-16,0.8046,0.17
2009-03-17,0.8046,0.0
2009-03-18,0.8042,-0.04
2009-03-19,0.8063,0.21
2009-03-20,0.8046,-0.17
2009-03-23,0.8058,0.12
2009-03-24,0.8033,-0.25
2009-03-25,0.8025,-0.08
2009-03-26,0.8029,0.04
2009-03-27,0.8021,-0.08
2009-03-30,0.8038,0.17
2009-03-31,0.8025,-0.13
2009-04-01,0.8025,0.0
2009-04-02,0.8033,0.08
2009-04-03,0.8021,-0.12
2009-04-07,0.8021,0.0
2009-04-08,0.8021,0.0
2009-04-09,0.8025,0.04
2009-04-10,0.8021,-0.04
2009-04-13,0.8025,0.04
2009-04-14,0.8008,-0.17
2009-04-15,0.8013,0.05
2009-04-16,0.8008,-0.05
2009-04-17,0.8029,0.21
2009-04-20,0.8013,-0.16
2009-04-21,0.8233,2.2
2009-04-22,0.8296,0.63
2009-04-23,0.8129,-1.67
2009-04-24,0.8129,0.0
2009-04-27,0.8121,-0.08
2009-04-28,0.8079,-0.42
2009-04-29,0.8083,0.04
2009-04-30,0.8067,-0.16
2009-05-04,0.8138,0.71
2009-05-05,0.81,-0.38
2009-05-06,0.8092,-0.08
2009-05-07,0.8083,-0.09
2009-05-08,0.8079,-0.04
2009-05-11,0.8067,-0.12
2009-05-12,0.8071,0.04
2009-05-13,0.8079,0.08
2009-05-14,0.8079,0.0
2009-05-15,0.81,0.21
2009-05-18,0.8104,0.04
2009-05-19,0.8096,-0.08
2009-05-20,0.8104,0.08
2009-05-21,0.8104,0.0
2009-05-22,0.8108,0.04
2009-05-25,0.8104,-0.04
2009-05-26,0.8129,0.25
2009-05-27,0.8133,0.04
2009-05-31,0.8117,-0.16
2009-06-01,0.8129,0.12
2009-06-02,0.8133,0.04
2009-06-03,0.8142,0.09
2009-06-04,0.8113,-0.29
2009-06-05,0.8121,0.08
2009-06-08,0.8121,0.0
2009-06-09,0.8117,-0.04
2009-06-10,0.8163,0.46
2009-06-11,0.8142,-0.21
2009-06-12,0.815,0.08
2009-06-15,0.8179,0.29
2009-06-16,0.8171,-0.08
2009-06-17,0.8304,1.33
2009-06-18,0.845,1.46
2009-06-19,0.9025,5.75
2009-06-22,0.9479,4.54
2009-06-23,0.9579,1.0
2009-06-24,0.9575,-0.04
2009-06-25,0.9588,0.13
2009-06-26,0.9621,0.33
2009-06-29,1.0,3.79
2009-06-30,1.09,9.0
2009-07-01,1.0975,0.75
2009-07-02,1.0958,-0.17
2009-07-03,1.0954,-0.04
2009-07-06,1.0938,-0.16
2009-07-07,1.0933,-0.05
2009-07-08,1.0958,0.25
2009-07-09,1.095,-0.08
2009-07-10,1.0971,0.21
2009-07-13,1.1428,4.57
2009-07-14,1.1446,0.18
2009-07-15,1.1496,0.5
2009-07-16,1.1871,3.75
2009-07-17,1.3763,18.92
2009-07-20,1.3625,-1.38
2009-07-21,1.4963,13.38
2009-07-22,1.5013,0.5
2009-07-23,1.4871,-1.42
2009-07-24,1.4579,-2.92
2009-07-27,1.4442,-1.37
2009-07-28,1.4083,-3.59
2009-07-29,1.2429,-16.54
2009-07-30,1.3475,10.46
2009-07-31,1.2992,-4.83
2009-08-03,1.3246,2.54
2009-08-04,1.3225,-0.21
2009-08-05,1.3183,-0.42
2009-08-06,1.3183,0.0
2009-08-07,1.3158,-0.25
2009-08-10,1.3113,-0.45
2009-08-11,1.2967,-1.46
2009-08-12,1.1546,-14.21
2009-08-13,1.1558,0.12
2009-08-14,1.1467,-0.91
2009-08-17,1.1575,1.08
2009-08-18,1.1346,-2.29
2009-08-19,1.098,-3.66
2009-08-20,1.0925,-0.55
2009-08-21,1.09,-0.25
2009-08-24,1.055,-3.5
2009-08-25,0.9933,-6.17
2009-08-26,0.995,0.17
2009-08-27,1.0083,1.33
2009-08-28,1.0108,0.25
2009-08-31,0.9975,-1.33
2009-09-01,0.9992,0.17
2009-09-02,1.0846,8.54
2009-09-03,1.0933,0.87
2009-09-04,1.0983,0.5
2009-09-07,1.095,-0.33
2009-09-08,1.0963,0.13
2009-09-09,1.0925,-0.38
2009-09-10,1.0892,-0.33
2009-09-11,1.0933,0.41
2009-09-14,1.0913,-0.2
2009-09-15,1.1298,3.85
2009-09-16,1.1925,6.27
2009-09-17,1.2475,5.5
2009-09-18,1.2583,1.08
2009-09-21,1.2575,-0.08
2009-09-22,1.2675,1.0
2009-09-23,1.2933,2.58
2009-09-24,1.3013,0.8
2009-09-25,1.3133,1.2
2009-09-27,1.3088,-0.45
2009-09-28,1.3146,0.58
2009-09-29,1.3211,0.65
2009-09-30,1.7742,45.31
2009-10-09,1.6917,-8.25
2009-10-10,1.3654,-32.63
2009-10-12,1.2671,-9.83
2009-10-13,1.2642,-0.29
2009-10-14,1.2625,-0.17
2009-10-15,1.2638,0.13
2009-10-16,1.2608,-0.3
2009-10-19,1.2554,-0.54
2009-10-20,1.2254,-3.0
2009-10-21,1.195,-3.04
2009-10-22,1.1917,-0.33
2009-10-23,1.1867,-0.5
2009-10-26,1.1758,-1.09
2009-10-27,1.1467,-2.91
2009-10-28,1.1446,-0.21
2009-10-29,1.1415,-0.31
2009-10-30,1.1379,-0.36
2009-11-02,1.1358,-0.21
2009-11-03,1.1367,0.09
2009-11-04,1.1417,0.5
2009-11-05,1.2129,7.12
2009-11-06,1.2146,0.17
2009-11-09,1.2058,-0.88
2009-11-10,1.2332,2.74
2009-11-11,1.2258,-0.74
2009-11-12,1.2275,0.17
2009-11-13,1.2171,-1.04
2009-11-16,1.2104,-0.67
2009-11-17,1.2,-1.04
2009-11-18,1.1946,-0.54
2009-11-19,1.1938,-0.08
2009-11-20,1.1925,-0.13
2009-11-23,1.1888,-0.37
2009-11-24,1.1858,-0.3
2009-11-25,1.1879,0.21
2009-11-26,1.1863,-0.16
2009-11-27,1.1871,0.08
2009-11-30,1.1892,0.21
2009-12-01,1.2525,6.33
2009-12-02,1.2454,-0.71
2009-12-03,1.2333,-1.21
2009-12-04,1.2183,-1.5
2009-12-07,1.2098,-0.85
2009-12-08,1.2054,-0.44
2009-12-09,1.1971,-0.83
2009-12-10,1.1875,-0.96
2009-12-11,1.1763,-1.12
2009-12-14,1.1733,-0.3
2009-12-15,1.1667,-0.66
2009-12-16,1.1625,-0.42
2009-12-17,1.165,0.25
2009-12-18,1.1669,0.19
2009-12-21,1.1613,-0.56
2009-12-22,1.1529,-0.84
2009-12-23,1.1554,0.25
2009-12-24,1.1554,0.0
2009-12-25,1.15,-0.54
2009-12-28,1.1529,0.29
2009-12-29,1.1492,-0.37
2009-12-30,1.1488,-0.04
2009-12-31,1.1467,-0.21
2010-01-04,1.1175,-2.92
2010-01-05,1.115,-0.25
2010-01-06,1.1183,0.33
2010-01-07,1.0797,-3.86
2010-01-08,1.0608,-1.89
2010-01-11,1.0471,-1.37
2010-01-12,1.0336,-1.35
2010-01-13,1.0854,5.18
2010-01-14,1.0475,-3.79
2010-01-15,1.0283,-1.92
2010-01-18,1.0271,-0.12
2010-01-19,1.0271,0.0
2010-01-20,1.0275,0.04
2010-01-21,1.0283,0.08
2010-01-22,1.0423,1.4
2010-01-25,1.1879,14.56
2010-01-26,1.1958,0.79
2010-01-27,1.315,11.92
2010-01-28,1.3588,4.38
2010-01-29,1.3592,0.04
2010-02-01,1.3546,-0.46
2010-02-02,1.3575,0.29
2010-02-03,1.3567,-0.08
2010-02-04,1.3575,0.08
2010-02-05,1.3583,0.08
2010-02-08,1.3567,-0.16
2010-02-09,1.405,4.83
2010-02-10,1.4992,9.42
2010-02-11,2.4967,99.75
2010-02-12,2.2538,-24.29
2010-02-20,1.9858,-26.8
2010-02-21,1.4815,-50.43
2010-02-22,1.4313,-5.02
2010-02-23,1.4321,0.08
2010-02-24,1.4375,0.54
2010-02-25,1.4521,1.46
2010-02-26,1.4315,-2.06
2010-03-01,1.4295,-0.2
2010-03-02,1.4242,-0.53
2010-03-03,1.4075,-1.67
2010-03-04,1.4017,-0.58
2010-03-05,1.3842,-1.75
2010-03-08,1.3785,-0.57
2010-03-09,1.3663,-1.22
2010-03-10,1.3592,-0.71
2010-03-11,1.3563,-0.29
2010-03-12,1.3446,-1.17
2010-03-15,1.3375,-0.71
2010-03-16,1.3354,-0.21
2010-03-17,1.3275,-0.79
2010-03-18,1.3246,-0.29
2010-03-19,1.3238,-0.08
2010-03-22,1.3163,-0.75
2010-03-23,1.3146,-0.17
2010-03-24,1.3133,-0.13
2010-03-25,1.3083,-0.5
2010-03-26,1.3042,-0.41
2010-03-29,1.3025,-0.17
2010-03-30,1.2946,-0.79
2010-03-31,1.3388,4.42
2010-04-01,1.3045,-3.43
2010-04-02,1.3125,0.8
2010-04-06,1.3096,-0.29
2010-04-07,1.2971,-1.25
2010-04-08,1.2925,-0.46
2010-04-09,1.2913,-0.12
2010-04-12,1.2842,-0.71
2010-04-13,1.2833,-0.09
2010-04-14,1.2838,0.05
2010-04-15,1.2813,-0.25
2010-04-16,1.2874,0.61
2010-04-19,1.2875,0.01
2010-04-20,1.2896,0.21
2010-04-21,1.2917,0.21
2010-04-22,1.2933,0.16
2010-04-23,1.2888,-0.45
2010-04-26,1.2896,0.08
2010-04-27,1.3319,4.23
2010-04-28,1.3425,1.06
2010-04-29,1.3529,1.04
2010-04-30,1.3973,4.44
2010-05-04,1.3979,0.06
2010-05-05,1.4093,1.14
2010-05-06,1.4088,-0.05
2010-05-07,1.4088,0.0
2010-05-10,1.5054,9.66
2010-05-11,1.5042,-0.12
2010-05-12,1.5008,-0.34
2010-05-13,1.4983,-0.25
2010-05-14,1.5,0.17
2010-05-17,1.5433,4.33
2010-05-18,1.5438,0.05
2010-05-19,1.5454,0.16
2010-05-20,1.5502,0.48
2010-05-21,1.6588,10.86
2010-05-24,1.7425,8.37
2010-05-25,1.855,11.25
2010-05-26,2.1592,30.42
2010-05-27,2.32,16.08
2010-05-28,2.21,-11.0
2010-05-31,2.3725,16.25
2010-06-01,2.7408,36.83
2010-06-02,2.7654,2.46
2010-06-03,2.7513,-1.41
2010-06-04,2.1024,-64.89
2010-06-07,1.7041,-39.83
2010-06-08,1.8413,13.72
2010-06-09,1.8454,0.41
2010-06-10,1.935,8.96
2010-06-11,1.9788,4.38
2010-06-12,2.2053,22.65
2010-06-13,2.1892,-1.61
2010-06-17,2.18,-0.92
2010-06-18,2.2142,3.42
2010-06-21,2.2292,1.5
2010-06-22,2.2463,1.71
2010-06-23,2.2408,-0.55
2010-06-24,2.3067,6.59
2010-06-25,2.2933,-1.34
2010-06-28,2.2883,-0.5
2010-06-29,2.2785,-0.98
2010-06-30,2.2683,-1.02
2010-07-01,2.2492,-1.91
2010-07-02,2.1942,-5.5
2010-07-05,2.165,-2.92
2010-07-06,2.1567,-0.83
2010-07-07,2.1291,-2.76
2010-07-08,1.9842,-14.49
2010-07-09,1.7206,-26.36
2010-07-12,1.6916,-2.9
2010-07-13,1.6479,-4.37
2010-07-14,1.5186,-12.93
2010-07-15,1.4608,-5.78
2010-07-16,1.4433,-1.75
2010-07-19,1.4442,0.09
2010-07-20,1.4763,3.21
2010-07-21,1.4729,-0.34
2010-07-22,1.4483,-2.46
2010-07-23,1.4275,-2.08
2010-07-26,1.4679,4.04
2010-07-27,1.4404,-2.75
2010-07-28,1.4433,0.29
2010-07-29,1.4446,0.13
2010-07-30,1.4696,2.5
2010-08-02,1.4696,0.0
2010-08-03,1.4675,-0.21
2010-08-04,1.4729,0.54
2010-08-05,1.4725,-0.04
2010-08-06,1.4692,-0.33
2010-08-09,1.4658,-0.34
2010-08-10,1.4658,0.0
2010-08-11,1.4688,0.3
2010-08-12,1.4729,0.41
2010-08-13,1.4729,0.0
2010-08-16,1.4717,-0.12
2010-08-17,1.4717,0.0
2010-08-18,1.4946,2.29
2010-08-19,1.5204,2.58
2010-08-20,1.5379,1.75
2010-08-23,1.4967,-4.12
2010-08-24,1.5171,2.04
2010-08-25,1.5417,2.46
2010-08-26,1.6317,9.0
2010-08-27,1.9563,32.46
2010-08-30,2.0533,9.7
2010-08-31,2.32,26.67
2010-09-01,2.535,21.5
2010-09-02,1.9806,-55.44
2010-09-03,1.9792,-0.14
2010-09-06,1.9729,-0.63
2010-09-07,1.84,-13.29
2010-09-08,1.7054,-13.46
2010-09-09,1.6383,-6.71
2010-09-10,1.5583,-8.0
2010-09-13,1.4963,-6.2
2010-09-14,1.5988,10.25
2010-09-15,1.6696,7.08
2010-09-16,1.6588,-1.08
2010-09-17,1.5204,-13.84
2010-09-19,1.453,-6.74
2010-09-20,1.6446,19.16
2010-09-21,1.8069,16.23
2010-09-25,1.8971,9.02
2010-09-26,1.7735,-12.36
2010-09-27,1.7123,-6.12
2010-09-28,1.7814,6.91
2010-09-29,1.7466,-3.48
2010-09-30,2.5975,85.09
2010-10-08,1.7325,-86.5
2010-10-09,1.7299,-0.26
2010-10-11,1.6683,-6.16
2010-10-12,1.6375,-3.08
2010-10-13,1.6358,-0.17
2010-10-14,1.6187,-1.71
2010-10-15,1.5925,-2.62
2010-10-18,1.5946,0.21
2010-10-19,1.5929,-0.17
2010-10-20,1.5958,0.29
2010-10-21,1.5913,-0.45
2010-10-22,1.5904,-0.09
2010-10-25,1.5829,-0.75
2010-10-26,1.5283,-5.46
2010-10-27,1.5233,-0.5
2010-10-28,1.5238,0.05
2010-10-29,1.5842,6.04
2010-11-01,1.5833,-0.09
2010-11-02,1.5788,-0.45
2010-11-03,1.5738,-0.5
2010-11-04,1.5592,-1.46
2010-11-05,1.5325,-2.67
2010-11-08,1.5288,-0.37
2010-11-09,1.5208,-0.8
2010-11-10,1.5188,-0.2
2010-11-11,1.52,0.12
2010-11-12,1.5258,0.58
2010-11-15,1.5921,6.63
2010-11-16,1.6508,5.87
2010-11-17,1.7292,7.84
2010-11-18,1.8029,7.37
2010-11-19,1.8188,1.59
2010-11-22,1.96,14.12
2010-11-23,1.9815,2.15
2010-11-24,1.9055,-7.6
2010-11-25,1.8913,-1.42
2010-11-26,1.8925,0.12
2010-11-29,1.9217,2.92
2010-11-30,2.13,20.83
2010-12-01,2.23,10.0
2010-12-02,2.2372,0.72
2010-12-03,1.9982,-23.9
2010-12-06,1.88,-11.82
2010-12-07,1.9858,10.58
2010-12-08,2.0979,11.21
2010-12-09,2.0092,-8.87
2010-12-10,2.0108,0.16
2010-12-13,2.0067,-0.41
2010-12-14,1.9985,-0.82
2010-12-15,2.0158,1.73
2010-12-16,2.0008,-1.5
2010-12-17,1.9954,-0.54
2010-12-20,2.1035,10.81
2010-12-21,2.3521,24.86
2010-12-22,2.5533,20.12
2010-12-23,3.255,70.17
2010-12-24,4.2583,100.33
2010-12-27,4.5079,24.96
2010-12-28,4.5954,8.75
2010-12-29,4.7588,16.34
2010-12-30,5.0996,34.08
2010-12-31,4.5217,-57.79
2011-01-04,2.9308,-159.09
2011-01-05,2.68,-25.08
2011-01-06,2.1804,-49.96
2011-01-07,2.12,-6.04
2011-01-10,2.01,-11.0
2011-01-11,1.98,-3.0
2011-01-12,1.9625,-1.75
2011-01-13,1.9157,-4.68
2011-01-14,1.9217,0.6
2011-01-17,1.9258,0.41
2011-01-18,1.9971,7.13
2011-01-19,2.6275,63.04
2011-01-20,5.7083,308.08
2011-01-21,5.7242,1.59
2011-01-24,5.0408,-68.34
2011-01-25,7.2042,216.34
2011-01-26,7.7608,55.66
2011-01-27,7.9997,23.89
2011-01-28,7.6992,-30.05
2011-01-30,7.9833,28.41
2011-01-31,5.0142,-296.91
2011-02-01,3.3458,-166.84
2011-02-09,3.8475,50.17
2011-02-10,2.8758,-97.17
2011-02-11,2.885,0.92
2011-02-12,2.595,-29.0
2011-02-14,2.31,-28.5
2011-02-15,2.31,0.0
2011-02-16,2.3008,-0.92
2011-02-17,2.1867,-11.41
2011-02-18,2.1075,-7.92
2011-02-21,2.1783,7.08
2011-02-22,2.0167,-16.16
2011-02-23,1.995,-2.17
2011-02-24,2.2892,29.42
2011-02-25,2.7028,41.36
2011-02-28,2.3783,-32.45
2011-03-01,2.1875,-19.08
2011-03-02,2.0183,-16.92
2011-03-03,1.9419,-7.64
2011-03-04,1.8933,-4.86
2011-03-07,1.7858,-10.75
2011-03-08,1.6917,-9.41
2011-03-09,1.6875,-0.42
2011-03-10,1.6792,-0.83
2011-03-11,1.6858,0.66
2011-03-14,1.6875,0.17
2011-03-15,1.6804,-0.71
2011-03-16,1.6783,-0.21
2011-03-17,1.6733,-0.5
2011-03-18,1.6692,-0.41
2011-03-21,1.9242,25.5
2011-03-22,1.9158,-0.84
2011-03-23,1.8992,-1.66
2011-03-24,1.879,-2.02
2011-03-25,1.8675,-1.15
2011-03-28,1.7883,-7.92
2011-03-29,1.7883,0.0
2011-03-30,1.7858,-0.25
2011-03-31,1.7992,1.34
2011-04-01,1.7922,-0.7
2011-04-02,1.7802,-1.2
2011-04-06,1.7829,0.27
2011-04-07,1.7717,-1.12
2011-04-08,1.7663,-0.54
2011-04-11,1.7571,-0.92
2011-04-12,1.7452,-1.19
2011-04-13,1.7361,-0.91
2011-04-14,1.7338,-0.23
2011-04-15,1.7282,-0.56
2011-04-18,1.7629,3.47
2011-04-19,1.7637,0.08
2011-04-20,1.7569,-0.68
2011-04-21,3.5333,177.64
2011-04-22,3.0775,-45.58
2011-04-25,2.6958,-38.17
2011-04-26,2.6792,-1.66
2011-04-27,2.0233,-65.59
2011-04-28,2.0242,0.09
2011-04-29,2.4992,47.5
2011-05-03,2.5525,5.33
2011-05-04,2.5167,-3.58
2011-05-05,1.9942,-52.25
2011-05-06,1.9938,-0.04
2011-05-09,2.12,12.62
2011-05-10,2.11,-1.0
2011-05-11,2.1006,-0.94
2011-05-12,2.0858,-1.48
2011-05-13,2.0892,0.34
2011-05-16,2.0908,0.16
2011-05-17,2.0992,0.84
2011-05-18,3.1492,105.0
2011-05-19,3.5467,39.75
2011-05-20,4.005,45.83
2011-05-23,4.0008,-0.42
2011-05-24,4.4767,47.59
2011-05-25,4.9992,52.25
2011-05-26,4.8533,-14.59
2011-05-27,2.8362,-201.71
2011-05-30,2.55,-28.62
2011-05-31,3.8433,129.33
2011-06-01,3.1454,-69.79
2011-06-02,2.8436,-30.18
2011-06-03,2.505,-33.86
2011-06-07,2.9967,49.17
2011-06-08,3.6663,66.96
2011-06-09,3.7858,11.95
2011-06-10,3.8167,3.09
2011-06-13,3.8025,-1.42
2011-06-14,3.4842,-31.83
2011-06-15,3.9878,50.36
2011-06-16,3.9957,0.79
2011-06-17,3.985,-1.07
2011-06-20,6.955,297.0
2011-06-21,7.1375,18.25
2011-06-22,7.47,33.25
2011-06-23,7.3325,-13.75
2011-06-24,7.0502,-28.23
2011-06-27,6.1117,-93.85
2011-06-28,5.0554,-105.63
2011-06-29,5.035,-2.04
2011-06-30,4.9983,-3.67
2011-07-01,4.7297,-26.86
2011-07-04,2.8505,-187.92
2011-07-05,5.8392,298.87
2011-07-06,5.5817,-25.75
2011-07-07,4.8292,-75.25
2011-07-08,4.9983,16.91
2011-07-11,4.015,-98.33
2011-07-12,2.4325,-158.25
2011-07-13,3.4525,102.0
2011-07-14,4.2217,76.92
2011-07-15,3.8683,-35.34
2011-07-18,3.6367,-23.16
2011-07-19,4.43,79.33
2011-07-20,4.7383,30.83
2011-07-21,5.4208,68.25
2011-07-22,5.2967,-12.41
2011-07-25,5.1408,-15.59
2011-07-26,4.615,-52.58
2011-07-27,4.1483,-46.67
2011-07-28,3.6367,-51.16
2011-07-29,3.4817,-15.5
2011-08-01,3.0263,-45.54
2011-08-02,2.8121,-21.42
2011-08-03,2.8133,0.12
2011-08-04,2.8442,3.09
2011-08-05,2.8175,-2.67
2011-08-08,2.7286,-8.89
2011-08-09,2.7368,0.82
2011-08-10,3.0425,30.57
2011-08-11,2.7438,-29.87
2011-08-12,2.7942,5.04
2011-08-15,2.8492,5.5
2011-08-16,2.9871,13.79
2011-08-17,2.9992,1.21
2011-08-18,3.4425,44.33
2011-08-19,3.6892,24.67
2011-08-22,4.03,34.08
2011-08-23,4.2306,20.06
2011-08-24,3.7683,-46.23
2011-08-25,3.3377,-43.06
2011-08-26,3.2235,-11.42
2011-08-29,3.165,-5.85
2011-08-30,3.4308,26.58
2011-08-31,3.3538,-7.7
2011-09-01,3.4192,6.54
2011-09-02,3.4808,6.16
2011-09-05,3.8892,40.84
2011-09-06,2.9975,-89.17
2011-09-07,3.0546,5.71
2011-09-08,3.1058,5.12
2011-09-09,3.0408,-6.5
2011-09-13,2.9525,-8.83
2011-09-14,2.9575,0.5
2011-09-15,3.1933,23.58
2011-09-16,3.19,-0.33
2011-09-19,3.4777,28.77
2011-09-20,3.7975,31.98
2011-09-21,3.7346,-6.29
2011-09-22,3.5042,-23.04
2011-09-23,3.2942,-21.0
2011-09-26,3.0958,-19.84
2011-09-27,4.055,95.92
2011-09-28,3.9917,-6.33
2011-09-29,3.8721,-11.96
2011-09-30,4.8925,102.04
2011-10-08,4.8604,-3.21
2011-10-09,4.5642,-29.62
2011-10-10,3.8192,-74.5
2011-10-11,3.4417,-37.75
2011-10-12,2.995,-44.67
2011-10-13,2.9642,-3.08
2011-10-14,2.88,-8.42
2011-10-17,2.8075,-7.25
2011-10-18,2.8308,2.33
2011-10-19,2.8963,6.55
2011-10-20,3.01,11.37
2011-10-21,3.0738,6.38
2011-10-24,3.065,-0.88
2011-10-25,3.5983,53.33
2011-10-26,3.9983,40.0
2011-10-27,4.1875,18.92
2011-10-28,4.8983,71.08
2011-10-31,4.695,-20.33
2011-11-01,3.3025,-139.25
2011-11-02,3.0964,-20.61
2011-11-03,3.09,-0.64
2011-11-04,3.09,0.0
2011-11-07,3.0933,0.33
2011-11-08,3.1117,1.84
2011-11-09,3.1167,0.5
2011-11-10,3.1254,0.87
2011-11-11,2.8233,-30.21
2011-11-14,2.8988,7.55
2011-11-15,2.9125,1.37
2011-11-16,2.925,1.25
2011-11-17,3.2292,30.42
2011-11-18,3.4225,19.33
2011-11-21,3.6033,18.08
2011-11-22,3.8342,23.09
2011-11-23,3.9567,12.25
2011-11-24,3.9467,-1.0
2011-11-25,4.0192,7.25
2011-11-28,3.7075,-31.17
2011-11-29,3.4086,-29.89
2011-11-30,3.425,1.64
2011-12-01,2.9775,-44.75
2011-12-02,2.9723,-0.52
2011-12-05,2.8567,-11.56
2011-12-06,2.8504,-0.63
2011-12-07,2.8696,1.92
2011-12-08,2.8596,-1.0
2011-12-09,2.89,3.04
2011-12-12,2.9475,5.75
2011-12-13,2.9513,0.38
2011-12-14,2.9158,-3.55
2011-12-15,2.9483,3.25
2011-12-16,2.8758,-7.25
2011-12-19,2.8763,0.05
2011-12-20,2.8775,0.12
2011-12-21,2.8983,2.08
2011-12-22,2.935,3.67
2011-12-23,2.9392,0.42
2011-12-26,2.9992,6.0
2011-12-27,3.0775,7.83
2011-12-28,3.4202,34.27
2011-12-29,3.4175,-0.27
2011-12-30,3.4067,-1.08
2011-12-31,4.9992,159.25
2012-01-04,3.4975,-150.17
2012-01-05,4.0,50.25
2012-01-06,3.9979,-0.21
2012-01-09,4.0,0.21
2012-01-10,3.6933,-30.67
2012-01-11,3.24,-45.33
2012-01-12,3.475,23.5
2012-01-13,4.6363,116.13
2012-01-16,5.4725,83.62
2012-01-17,7.3667,189.42
2012-01-18,8.1667,80.0
2012-01-19,6.4975,-166.92
2012-01-20,3.4775,-302.0
2012-01-21,3.4692,-0.83
2012-01-29,3.2992,-17.0
2012-01-30,2.8578,-44.14
2012-01-31,2.9675,10.97
2012-02-01,2.965,-0.25
2012-02-02,2.9675,0.25
2012-02-03,2.9242,-4.33
2012-02-06,2.775,-14.92
2012-02-07,2.7767,0.17
2012-02-08,2.7667,-1.0
2012-02-09,2.6567,-11.0
2012-02-10,2.6867,3.0
2012-02-13,2.6883,0.16
2012-02-14,2.9973,30.9
2012-02-15,3.0075,1.02
2012-02-16,3.5025,49.5
2012-02-17,4.4958,99.33
2012-02-20,4.7792,28.34
2012-02-21,4.8842,10.5
2012-02-22,5.0167,13.25
2012-02-23,5.2192,20.25
2012-02-24,4.6433,-57.59
2012-02-27,3.0131,-163.02
2012-02-28,2.6817,-33.14
2012-02-29,2.5933,-8.84
2012-03-01,2.5067,-8.66
2012-03-02,2.5292,2.25
2012-03-05,2.4465,-8.27
2012-03-06,2.3154,-13.11
2012-03-07,2.3154,0.0
2012-03-08,2.3146,-0.08
2012-03-09,2.3088,-0.58
2012-03-12,2.3058,-0.3
2012-03-13,2.3175,1.17
2012-03-14,2.3139,-0.36
2012-03-15,2.3477,3.38
2012-03-16,2.3783,3.06
2012-03-19,2.395,1.67
2012-03-20,2.4992,10.42
2012-03-21,2.5478,4.86
2012-03-22,2.6983,15.05
2012-03-23,2.7125,1.42
2012-03-26,2.6842,-2.83
2012-03-27,2.5483,-13.59
2012-03-28,2.635,8.67
2012-03-29,2.6008,-3.42
2012-03-30,2.6767,7.59
2012-03-31,2.6733,-0.34
2012-04-01,2.6392,-3.41
2012-04-05,3.0033,36.41
2012-04-06,3.2288,22.55
2012-04-09,2.9125,-31.63
2012-04-10,2.9946,8.21
2012-04-11,2.9975,0.29
2012-04-12,3.0475,5.0
2012-04-13,3.4958,44.83
2012-04-16,3.29,-20.58
2012-04-17,3.0004,-28.96
2012-04-18,2.9983,-0.21
2012-04-19,3.1992,20.09
2012-04-20,3.4,20.08
2012-04-23,3.3267,-7.33
2012-04-24,3.2163,-11.04
2012-04-25,3.4658,24.95
2012-04-26,3.4358,-3.0
2012-04-27,3.285,-15.08
2012-04-28,2.7967,-48.83
2012-05-02,2.8367,4.0
2012-05-03,2.955,11.83
2012-05-04,2.9575,0.25
2012-05-07,2.9625,0.5
2012-05-08,2.4683,-49.42
2012-05-09,2.395,-7.33
2012-05-10,2.3667,-2.83
2012-05-11,2.275,-9.17
2012-05-14,1.9221,-35.29
2012-05-15,1.8725,-4.96
2012-05-16,1.8275,-4.5
2012-05-17,1.8114,-1.61
2012-05-18,1.8275,1.61
2012-05-21,1.8142,-1.33
2012-05-22,1.8208,0.66
2012-05-23,1.845,2.42
2012-05-24,1.8833,3.83
2012-05-25,1.9017,1.84
2012-05-28,1.9117,1.0
2012-05-29,1.9042,-0.75
2012-05-30,1.9058,0.16
2012-05-31,1.8788,-2.7
2012-06-01,1.895,1.62
2012-06-04,1.9183,2.33
2012-06-05,1.9983,8.0
2012-06-06,2.2017,20.34
2012-06-07,2.4008,19.91
2012-06-08,2.4033,0.25
2012-06-11,2.3196,-8.37
2012-06-12,2.3867,6.71
2012-06-13,2.4938,10.71
2012-06-14,2.5483,5.45
2012-06-15,2.5592,1.09
2012-06-18,2.5388,-2.04
2012-06-19,2.6908,15.2
2012-06-20,3.2775,58.67
2012-06-21,3.59,31.25
2012-06-25,3.6508,6.08
2012-06-26,3.8775,22.67
2012-06-27,3.4967,-38.08
2012-06-28,3.5483,5.16
2012-06-29,3.6008,5.25
2012-07-02,3.6092,0.84
2012-07-03,3.2475,-36.17
2012-07-04,2.6208,-62.67
2012-07-05,2.6025,-1.83
2012-07-06,2.3501,-25.24
2012-07-09,2.3437,-0.64
2012-07-10,2.3277,-1.6
2012-07-11,2.3467,1.9
2012-07-12,2.389,4.23
2012-07-13,2.4792,9.02
2012-07-16,2.4573,-2.19
2012-07-17,2.6325,17.52
2012-07-18,2.9342,30.17
2012-07-19,2.9858,5.16
2012-07-20,3.1271,14.13
2012-07-23,3.3275,20.04
2012-07-24,2.9517,-37.58
2012-07-25,2.6813,-27.04
2012-07-26,2.66,-2.13
2012-07-27,2.6,-6.0
2012-07-30,2.5283,-7.17
2012-07-31,2.5983,7.0
2012-08-01,2.6192,2.09
2012-08-02,2.5375,-8.17
2012-08-03,2.5033,-3.42
2012-08-06,2.4783,-2.5
2012-08-07,2.5344,5.61
2012-08-08,2.5483,1.39
2012-08-09,2.5992,5.09
2012-08-10,2.6592,6.0
2012-08-13,2.4342,-22.5
2012-08-14,2.675,24.08
2012-08-15,3.1117,43.67
2012-08-16,3.0942,-1.75
2012-08-17,3.175,8.08
2012-08-20,3.3525,17.75
2012-08-21,3.49,13.75
2012-08-22,3.08,-41.0
2012-08-23,3.055,-2.5
2012-08-24,2.6983,-35.67
2012-08-27,2.6975,-0.08
2012-08-28,2.7001,0.26
2012-08-29,2.5992,-10.09
2012-08-30,2.3838,-21.54
2012-08-31,2.0657,-31.81
2012-09-03,2.05,-1.57
2012-09-04,2.0075,-4.25
2012-09-05,2.1375,13.0
2012-09-06,2.1237,-1.38
2012-09-07,2.1253,0.16
2012-09-10,2.2992,17.39
2012-09-11,2.4992,20.0
2012-09-12,2.5983,9.91
2012-09-13,2.6833,8.5
2012-09-14,2.6732,-1.01
2012-09-17,2.715,4.18
2012-09-18,2.9217,20.67
2012-09-19,3.5008,57.91
2012-09-20,3.9992,49.84
2012-09-21,4.2892,29.0
2012-09-24,4.3892,10.0
2012-09-25,4.5,11.08
2012-09-26,2.9975,-150.25
2012-09-27,2.9992,0.17
2012-09-28,2.4758,-52.34
2012-09-29,3.28,80.42
2012-10-08,3.7192,43.92
2012-10-09,3.3635,-35.57
2012-10-10,2.65,-71.35
2012-10-11,2.4475,-20.25
2012-10-12,2.4228,-2.47
2012-10-15,2.0408,-38.2
2012-10-16,2.2058,16.5
2012-10-17,2.2192,1.34
2012-10-18,2.1943,-2.49
2012-10-19,2.1958,0.15
2012-10-22,2.2435,4.77
2012-10-23,2.3446,10.11
2012-10-24,2.7633,41.87
2012-10-25,2.7092,-5.41
2012-10-26,3.315,60.58
2012-10-29,4.4292,111.42
2012-10-30,3.0585,-137.07
2012-10-31,2.955,-10.35
2012-11-01,3.0433,8.83
2012-11-02,2.6758,-36.75
2012-11-05,2.6933,1.75
2012-11-06,2.5267,-16.66
2012-11-07,2.5688,4.21
2012-11-08,2.5748,0.6
2012-11-09,2.6183,4.35
2012-11-12,2.5221,-9.62
2012-11-13,2.32,-20.21
2012-11-14,2.2974,-2.26
2012-11-15,2.2775,-1.99
2012-11-16,2.2775,0.0
2012-11-19,2.154,-12.35
2012-11-20,2.2422,8.82
2012-11-21,2.3042,6.2
2012-11-22,2.315,1.08
2012-11-23,2.2525,-6.25
2012-11-26,2.2992,4.67
2012-11-27,2.3108,1.16
2012-11-28,2.315,0.42
2012-11-29,2.3148,-0.02
2012-11-30,2.2533,-6.15
2012-12-03,2.258,0.47
2012-12-04,2.25,-0.8
2012-12-05,2.25,0.0
2012-12-06,2.2399,-1.01
2012-12-07,2.2503,1.04
2012-12-10,2.249,-0.13
2012-12-11,2.25,0.1
2012-12-12,2.26,1.0
2012-12-13,2.2747,1.47
2012-12-14,2.2559,-1.88
2012-12-17,2.256,0.01
2012-12-18,2.28,2.4
2012-12-19,2.2775,-0.25
2012-12-20,2.638,36.05
2012-12-21,2.42,-21.8
2012-12-24,2.3,-12.0
2012-12-25,2.3,0.0
2012-12-26,2.303,0.3
2012-12-27,2.2925,-1.05
2012-12-28,2.286,-0.65
2012-12-31,3.866,158.0
2013-01-04,2.557,-130.9
2013-01-05,2.304,-25.3
2013-01-06,2.199,-10.5
2013-01-07,2.1529,-4.61
2013-01-08,2.145,-0.79
2013-01-09,2.107,-3.8
2013-01-10,2.108,0.1
2013-01-11,2.104,-0.4
2013-01-14,2.078,-2.6
2013-01-15,2.105,2.7
2013-01-16,2.071,-3.4
2013-01-17,2.029,-4.2
2013-01-18,1.979,-5.0
2013-01-21,1.958,-2.1
2013-01-22,1.927,-3.1
2013-01-23,1.9409,1.39
2013-01-24,2.0665,12.56
2013-01-25,2.103,3.65
2013-01-28,2.1,-0.3
2013-01-29,2.1,0.0
2013-01-30,2.1,0.0
2013-01-31,2.31,21.0
2013-02-01,2.6745,36.45
2013-02-04,2.833,15.85
2013-02-05,3.25,41.7
2013-02-06,3.596,34.6
2013-02-07,3.6463,5.03
2013-02-08,2.715,-93.13
2013-02-16,1.98,-73.5
2013-02-17,1.899,-8.1
2013-02-18,1.866,-3.3
2013-02-19,1.8693,0.33
2013-02-20,1.8798,1.05
2013-02-21,2.018,13.82
2013-02-22,2.2,18.2
2013-02-25,2.386,18.6
2013-02-26,3.69,130.4
2013-02-27,3.932,24.2
2013-02-28,4.011,7.9
2013-03-01,4.136,12.5
2013-03-04,3.2935,-84.25
2013-03-05,3.018,-27.55
2013-03-06,2.858,-16.0
2013-03-07,2.486,-37.2
2013-03-08,2.468,-1.8
2013-03-11,2.2315,-23.65
2013-03-12,2.095,-13.65
2013-03-13,2.072,-2.3
2013-03-14,2.057,-1.5
2013-03-15,2.064,0.7
2013-03-18,2.524,46.0
2013-03-19,2.248,-27.6
2013-03-20,2.051,-19.7
2013-03-21,1.938,-11.3
2013-03-22,1.807,-13.1
2013-03-25,1.6841,-12.29
2013-03-26,1.674,-1.01
2013-03-27,1.741,6.7
2013-03-28,1.75,0.9
2013-03-29,2.684,93.4
2013-04-01,1.9915,-69.25
2013-04-02,2.019,2.75
2013-04-03,2.093,7.4
2013-04-07,2.033,-6.0
2013-04-08,2.1808,14.78
2013-04-09,2.14,-4.08
2013-04-10,2.1235,-1.65
2013-04-11,2.0669,-5.66
2013-04-12,2.0238,-4.31
2013-04-15,2.0533,2.95
2013-04-16,2.017,-3.63
2013-04-17,2.0138,-0.32
2013-04-18,2.208,19.42
2013-04-19,2.503,29.5
2013-04-22,2.637,13.4
2013-04-23,2.97,33.3
2013-04-24,4.061,109.1
2013-04-25,4.291,23.0
2013-04-26,3.0,-129.1
2013-04-27,3.016,1.6
2013-04-28,2.83,-18.6
2013-05-02,2.8,-3.0
2013-05-03,3.0,20.0
2013-05-06,2.78,-22.0
2013-05-07,2.36,-42.0
2013-05-08,2.11,-25.0
2013-05-09,2.11,0.0
2013-05-10,2.14,3.0
2013-05-13,2.1573,1.73
2013-05-14,2.24,8.27
2013-05-15,2.2445,0.45
2013-05-16,2.702,45.75
2013-05-17,2.8439,14.19
2013-05-20,2.957,11.31
2013-05-21,3.36,40.3
2013-05-22,3.424,6.4
2013-05-23,3.681,25.7
2013-05-24,3.504,-17.7
2013-05-27,3.56,5.6
2013-05-28,3.35,-21.0
2013-05-29,3.05,-30.0
2013-05-30,3.39,34.0
2013-05-31,4.501,111.1
2013-06-03,4.599,9.8
2013-06-04,4.517,-8.2
2013-06-05,4.623,10.6
2013-06-06,5.982,135.9
2013-06-07,8.294,231.2
2013-06-08,9.581,128.7
2013-06-09,7.49,-209.1
2013-06-13,6.691,-79.9
2013-06-14,6.968,27.7
2013-06-17,4.813,-215.5
2013-06-18,5.596,78.3
2013-06-19,7.66,206.4
2013-06-20,13.444,578.4
2013-06-21,8.492,-495.2
2013-06-24,6.489,-200.3
2013-06-25,5.736,-75.3
2013-06-26,5.553,-18.3
2013-06-27,5.561,0.8
2013-06-28,4.941,-62.0
2013-07-01,4.456,-48.5
2013-07-02,3.786,-67.0
2013-07-03,3.4,-38.6
2013-07-04,3.348,-5.2
2013-07-05,3.38,3.2
2013-07-08,3.256,-12.4
2013-07-09,3.249,-0.7
2013-07-10,3.251,0.2
2013-07-11,3.3547,10.37
2013-07-12,3.3,-5.47
2013-07-15,3.2998,-0.02
2013-07-16,3.013,-28.68
2013-07-17,2.968,-4.5
2013-07-18,2.998,3.0
2013-07-19,3.04,4.2
2013-07-22,3.1035,6.35
2013-07-23,3.1355,3.2
2013-07-24,3.23,9.45
2013-07-25,3.3495,11.95
2013-07-26,3.55,20.05
2013-07-29,3.703,15.3
2013-07-30,3.641,-6.2
2013-07-31,3.699,5.8
2013-08-01,3.549,-15.0
2013-08-02,3.2539,-29.51
2013-08-05,3.1,-15.39
2013-08-06,3.1,0.0
2013-08-07,3.1005,0.05
2013-08-08,3.1641,6.36
2013-08-09,2.914,-25.01
2013-08-12,2.9645,5.05
2013-08-13,3.2253,26.08
2013-08-14,3.435,20.97
2013-08-15,3.283,-15.2
2013-08-16,3.209,-7.4
2013-08-19,3.403,19.4
2013-08-20,3.854,45.1
2013-08-21,3.517,-33.7
2013-08-22,3.357,-16.0
2013-08-23,3.265,-9.2
2013-08-26,3.037,-22.8
2013-08-27,3.006,-3.1
2013-08-28,3.098,9.2
2013-08-29,2.957,-14.1
2013-08-30,3.034,7.7
2013-09-02,3.0188,-1.52
2013-09-03,3.0006,-1.82
2013-09-04,3.005,0.44
2013-09-05,2.89,-11.5
2013-09-06,2.95,6.0
2013-09-09,2.92,-3.0
2013-09-10,2.8955,-2.45
2013-09-11,3.014,11.85
2013-09-12,2.967,-4.7
2013-09-13,2.979,1.2
2013-09-16,3.008,2.9
2013-09-17,3.493,48.5
2013-09-18,3.557,6.4
2013-09-22,3.573,1.6
2013-09-23,3.815,24.2
2013-09-24,3.6144,-20.06
2013-09-25,3.347,-26.74
2013-09-26,3.112,-23.5
2013-09-27,3.1477,3.57
2013-09-29,3.15,0.23
2013-09-30,3.126,-2.4
2013-10-08,3.052,-7.4
2013-10-09,3.232,18.0
2013-10-10,3.328,9.6
2013-10-11,3.1,-22.8
2013-10-12,3.027,-7.3
2013-10-14,3.113,8.6
2013-10-15,3.117,0.4
2013-10-16,3.055,-6.2
2013-10-17,3.038,-1.7
2013-10-18,3.001,-3.7
2013-10-21,3.06,5.9
2013-10-22,3.052,-0.8
2013-10-23,3.78,72.8
2013-10-24,4.088,30.8
2013-10-25,4.367,27.9
2013-10-28,4.434,6.7
2013-10-29,4.446,1.2
2013-10-30,5.23,78.4
2013-10-31,4.59,-64.0
2013-11-01,4.2883,-30.17
2013-11-04,4.0971,-19.12
2013-11-05,3.9147,-18.24
2013-11-06,3.66,-25.47
2013-11-07,3.73,7.0
2013-11-08,3.761,3.1
2013-11-11,3.6,-16.1
2013-11-12,3.329,-27.1
2013-11-13,3.336,0.7
2013-11-14,4.188,85.2
2013-11-15,4.454,26.6
2013-11-18,4.513,5.9
2013-11-19,4.075,-43.8
2013-11-20,4.057,-1.8
2013-11-21,3.889,-16.8
2013-11-22,3.899,1.0
2013-11-25,3.847,-5.2
2013-11-26,3.746,-10.1
2013-11-27,3.764,1.8
2013-11-28,3.746,-1.8
2013-11-29,3.726,-2.0
2013-12-02,3.748,2.2
2013-12-03,3.725,-2.3
2013-12-04,3.7235,-0.15
2013-12-05,3.703,-2.05
2013-12-06,3.7,-0.3
2013-12-09,3.62,-8.0
2013-12-10,3.558,-6.2
2013-12-11,3.51,-4.8
2013-12-12,3.46,-5.0
2013-12-13,3.4321,-2.79
2013-12-16,3.447,1.49
2013-12-17,3.47,2.3
2013-12-18,3.588,11.8
2013-12-19,3.846,25.8
2013-12-20,3.927,8.1
2013-12-23,4.515,58.8
2013-12-24,4.145,-37.0
2013-12-25,4.05,-9.5
2013-12-26,4.001,-4.9
2013-12-27,3.513,-48.8
2013-12-30,3.205,-30.8
2013-12-31,3.148,-5.7
2014-01-02,3.131,-1.7
2014-01-03,3.006,-12.5
2014-01-06,2.92,-8.6
2014-01-07,2.875,-4.5
2014-01-08,2.83,-4.5
2014-01-09,2.794,-3.6
2014-01-10,2.766,-2.8
2014-01-13,2.738,-2.8
2014-01-14,2.7395,0.15
2014-01-15,2.7513,1.18
2014-01-16,2.7723,2.1
2014-01-17,2.817,4.47
2014-01-20,3.888,107.1
2014-01-21,3.641,-24.7
2014-01-22,3.676,3.5
2014-01-23,3.7,2.4
2014-01-24,3.7193,1.93
2014-01-26,4.4,68.07
2014-01-27,4.534,13.4
2014-01-28,4.8477,31.37
2014-01-29,4.8,-4.77
2014-01-30,4.435,-36.5
2014-02-07,4.27,-16.5
2014-02-08,4.25,-2.0
2014-02-10,4.3035,5.35
2014-02-11,4.137,-16.65
2014-02-12,4.075,-6.2
2014-02-13,3.669,-40.6
2014-02-14,3.278,-39.1
2014-02-17,2.951,-32.7
2014-02-18,2.68,-27.1
2014-02-19,2.403,-27.7
2014-02-20,1.981,-42.2
2014-02-21,1.764,-21.7
2014-02-24,1.7,-6.4
2014-02-25,1.72,2.0
2014-02-26,1.75,3.0
2014-02-27,1.75,0.0
2014-02-28,1.8458,9.58
2014-03-03,2.085,23.92
2014-03-04,2.083,-0.2
2014-03-05,2.09,0.7
2014-03-06,2.0547,-3.53
2014-03-07,1.9948,-5.99
2014-03-10,1.919,-7.58
2014-03-11,1.873,-4.6
2014-03-12,1.9,2.7
2014-03-13,1.96,6.0
2014-03-14,1.8765,-8.35
2014-03-17,1.869,-0.75
2014-03-18,2.05,18.1
2014-03-19,2.8025,75.25
2014-03-20,3.011,20.85
2014-03-21,2.5,-51.1
2014-03-24,2.5,0.0
2014-03-25,2.5,0.0
2014-03-26,2.52,2.0
2014-03-27,2.658,13.8
2014-03-28,2.75,9.2
2014-03-31,2.8,5.0
2014-04-01,2.866,6.6
2014-04-02,2.95,8.4
2014-04-03,2.95,0.0
2014-04-04,2.763,-18.7
2014-04-08,2.713,-5.0
2014-04-09,2.74,2.7
2014-04-10,2.74,0.0
2014-04-11,2.75,1.0
2014-04-14,2.639,-11.1
2014-04-15,2.449,-19.0
2014-04-16,2.298,-15.1
2014-04-17,2.181,-11.7
2014-04-18,2.0,-18.1
2014-04-21,1.98,-2.0
2014-04-22,1.9262,-5.38
2014-04-23,1.963,3.68
2014-04-24,2.303,34.0
2014-04-25,2.31,0.7
2014-04-28,2.406,9.6
2014-04-29,2.604,19.8
2014-04-30,2.5,-10.4
2014-05-04,2.4,-10.0
2014-05-05,2.37,-3.0
2014-05-06,2.37,0.0
2014-05-07,2.37,0.0
2014-05-08,2.23,-14.0
2014-05-09,2.2205,-0.95
2014-05-12,2.2135,-0.7
2014-05-13,2.35,13.65
2014-05-14,2.3666,1.66
2014-05-15,2.35,-1.66
2014-05-16,2.37,2.0
2014-05-19,2.396,2.6
2014-05-20,2.427,3.1
2014-05-21,2.528,10.1
2014-05-22,2.51,-1.8
2014-05-23,2.53,2.0
2014-05-26,2.5025,-2.75
2014-05-27,2.541,3.85
2014-05-28,2.51,-3.1
2014-05-29,2.51,0.0
2014-05-30,2.57,6.0
2014-06-03,2.521,-4.9
2014-06-04,2.561,4.0
2014-06-05,2.576,1.5
2014-06-06,2.5808,0.48
2014-06-09,2.58,-0.08
2014-06-10,2.57,-1.0
2014-06-11,2.592,2.2
2014-06-12,2.597,0.5
2014-06-13,2.6,0.3
2014-06-16,2.6,0.0
2014-06-17,2.6,0.0
2014-06-18,2.639,3.9
2014-06-19,2.698,5.9
2014-06-20,2.759,6.1
2014-06-23,2.755,-0.4
2014-06-24,2.971,21.6
2014-06-25,2.995,2.4
2014-06-26,2.974,-2.1
2014-06-27,2.885,-8.9
2014-06-30,2.913,2.8
2014-07-01,3.017,10.4
2014-07-02,3.02,0.3
2014-07-03,2.96,-6.0
2014-07-04,2.94,-2.0
2014-07-07,2.952,1.2
2014-07-08,3.253,30.1
2014-07-09,3.351,9.8
2014-07-10,3.3,-5.1
2014-07-11,3.285,-1.5
2014-07-14,3.255,-3.0
2014-07-15,3.218,-3.7
2014-07-16,3.2472,2.92
2014-07-17,3.2465,-0.07
2014-07-18,3.245,-0.15
2014-07-21,3.318,7.3
2014-07-22,3.253,-6.5
2014-07-23,3.295,4.2
2014-07-24,3.313,1.8
2014-07-25,3.348,3.5
2014-07-28,3.304,-4.4
2014-07-29,3.2503,-5.37
2014-07-30,3.2502,-0.01
2014-07-31,3.204,-4.62
2014-08-01,3.196,-0.8
2014-08-04,3.182,-1.4
2014-08-05,3.145,-3.7
2014-08-06,3.051,-9.4
2014-08-07,3.04,-1.1
2014-08-08,3.001,-3.9
2014-08-11,2.955,-4.6
2014-08-12,2.916,-3.9
2014-08-13,2.892,-2.4
2014-08-14,2.888,-0.4
2014-08-15,2.889,0.1
2014-08-18,2.858,-3.1
2014-08-19,2.835,-2.3
2014-08-20,2.833,-0.2
2014-08-21,2.848,1.5
2014-08-22,2.843,-0.5
2014-08-25,2.841,-0.2
2014-08-26,2.823,-1.8
2014-08-27,2.861,3.8
2014-08-28,2.876,1.5
2014-08-29,2.908,3.2
2014-09-01,2.906,-0.2
2014-09-02,2.847,-5.9
2014-09-03,2.824,-2.3
2014-09-04,2.815,-0.9
2014-09-05,2.807,-0.8
2014-09-09,2.816,0.9
2014-09-10,2.839,2.3
2014-09-11,2.859,2.0
2014-09-12,2.853,-0.6
2014-09-15,2.851,-0.2
2014-09-16,2.853,0.2
2014-09-17,2.847,-0.6
2014-09-18,2.841,-0.6
2014-09-19,2.84,-0.1
2014-09-22,2.797,-4.3
2014-09-23,2.716,-8.1
2014-09-24,2.691,-2.5
2014-09-25,2.677,-1.4
2014-09-26,2.678,0.1
2014-09-28,2.658,-2.0
2014-09-29,2.543,-11.5
2014-09-30,2.5325,-1.05
2014-10-08,2.54,0.75
2014-10-09,2.5623,2.23
2014-10-10,2.5665,0.42
2014-10-11,2.544,-2.25
2014-10-13,2.536,-0.8
2014-10-14,2.538,0.2
2014-10-15,2.498,-4.0
2014-10-16,2.474,-2.4
2014-10-17,2.461,-1.3
2014-10-20,2.428,-3.3
2014-10-21,2.415,-1.3
2014-10-22,2.419,0.4
2014-10-23,2.423,0.4
2014-10-24,2.4452,2.22
2014-10-27,2.4822,3.7
2014-10-28,2.491,0.88
2014-10-29,2.518,2.7
2014-10-30,2.554,3.6
2014-10-31,2.559,0.5
2014-11-03,2.548,-1.1
2014-11-04,2.542,-0.6
2014-11-05,2.542,0.0
2014-11-06,2.558,1.6
2014-11-07,2.569,1.1
2014-11-10,2.539,-3.0
2014-11-11,2.493,-4.6
2014-11-12,2.483,-1.0
2014-11-13,2.473,-1.0
2014-11-14,2.486,1.3
2014-11-17,2.509,2.3
2014-11-18,2.503,-0.6
2014-11-19,2.504,0.1
2014-11-20,2.539,3.5
2014-11-21,2.586,4.7
2014-11-24,2.554,-3.2
2014-11-25,2.559,0.5
2014-11-26,2.573,1.4
2014-11-27,2.584,1.1
2014-11-28,2.608,2.4
2014-12-01,2.646,3.8
2014-12-02,2.643,-0.3
2014-12-03,2.634,-0.9
2014-12-04,2.632,-0.2
2014-12-05,2.628,-0.4
2014-12-08,2.641,1.3
2014-12-09,2.64,-0.1
2014-12-10,2.643,0.3
2014-12-11,2.646,0.3
2014-12-12,2.651,0.5
2014-12-15,2.654,0.3
2014-12-16,2.668,1.4
2014-12-17,2.766,9.8
2014-12-18,3.13,36.4
2014-12-19,3.606,47.6
2014-12-22,3.702,9.6
2014-12-23,3.667,-3.5
2014-12-24,3.606,-6.1
2014-12-25,3.549,-5.7
2014-12-26,3.486,-6.3
2014-12-29,3.415,-7.1
2014-12-30,3.38,-3.5
2014-12-31,3.528,14.8
2015-01-04,3.64,11.2
2015-01-05,3.421,-21.9
2015-01-06,3.032,-38.9
2015-01-07,2.881,-15.1
2015-01-08,2.83,-5.1
2015-01-09,2.805,-2.5
2015-01-12,2.753,-5.2
2015-01-13,2.667,-8.6
2015-01-14,2.636,-3.1
2015-01-15,2.631,-0.5
2015-01-16,2.633,0.2
2015-01-19,2.66,2.7
2015-01-20,2.707,4.7
2015-01-21,2.788,8.1
2015-01-22,2.771,-1.7
2015-01-23,2.728,-4.3
2015-01-26,2.688,-4.0
2015-01-27,2.674,-1.4
2015-01-28,2.69,1.6
2015-01-29,2.765,7.5
2015-01-30,2.813,4.8
2015-02-02,2.889,7.6
2015-02-03,2.9544,6.54
2015-02-04,2.973,1.86
2015-02-05,2.866,-10.7
2015-02-06,2.856,-1.0
2015-02-09,2.812,-4.4
2015-02-10,2.852,4.0
2015-02-11,2.932,8.0
2015-02-12,3.058,12.6
2015-02-13,3.091,3.3
2015-02-15,3.175,8.4
2015-02-16,3.182,0.7
2015-02-17,3.4,21.8
2015-02-25,3.328,-7.2
2015-02-26,3.298,-3.0
2015-02-27,3.318,2.0
2015-02-28,3.441,12.3
2015-03-02,3.453,1.2
2015-03-03,3.45,-0.3
2015-03-04,3.446,-0.4
2015-03-05,3.433,-1.3
2015-03-06,3.416,-1.7
2015-03-09,3.381,-3.5
2015-03-10,3.35,-3.1
2015-03-11,3.347,-0.3
2015-03-12,3.4644,11.74
2015-03-13,3.436,-2.84
2015-03-16,3.403,-3.3
2015-03-17,3.376,-2.7
2015-03-18,3.369,-0.7
2015-03-19,3.332,-3.7
2015-03-20,3.294,-3.8
2015-03-23,3.217,-7.7
2015-03-24,3.218,0.1
2015-03-25,3.21,-0.8
2015-03-26,3.216,0.6
2015-03-27,3.206,-1.0
2015-03-30,3.203,-0.3
2015-03-31,3.183,-2.0
2015-04-01,3.087,-9.6
2015-04-02,2.995,-9.2
2015-04-03,2.887,-10.8
2015-04-07,2.766,-12.1
2015-04-08,2.683,-8.3
2015-04-09,2.599,-8.4
2015-04-10,2.489,-11.0
2015-04-13,2.405,-8.4
2015-04-14,2.372,-3.3
2015-04-15,2.307,-6.5
2015-04-16,2.298,-0.9
2015-04-17,2.268,-3.0
2015-04-20,2.087,-18.1
2015-04-21,2.002,-8.5
2015-04-22,1.949,-5.3
2015-04-23,1.908,-4.1
2015-04-24,1.851,-5.7
2015-04-27,1.806,-4.5
2015-04-28,1.759,-4.7
2015-04-29,1.739,-2.0
2015-04-30,1.69,-4.9
2015-05-04,1.619,-7.1
2015-05-05,1.564,-5.5
2015-05-06,1.523,-4.1
2015-05-07,1.489,-3.4
2015-05-08,1.443,-4.6
2015-05-11,1.345,-9.8
2015-05-12,1.29,-5.5
2015-05-13,1.247,-4.3
2015-05-14,1.182,-6.5
2015-05-15,1.078,-10.4
2015-05-18,1.052,-2.6
2015-05-19,1.033,-1.9
2015-05-20,1.032,-0.1
2015-05-21,1.033,0.1
2015-05-22,1.037,0.4
2015-05-25,1.039,0.2
2015-05-26,1.04,0.1
2015-05-27,1.04,0.0
2015-05-28,1.043,0.3
2015-05-29,1.039,-0.4
2015-06-01,1.027,-1.2
2015-06-02,1.034,0.7
2015-06-03,1.039,0.5
2015-06-04,1.047,0.8
2015-06-05,1.051,0.4
2015-06-08,1.061,1.0
2015-06-09,1.071,1.0
2015-06-10,1.083,1.2
2015-06-11,1.09,0.7
2015-06-12,1.104,1.4
2015-06-15,1.121,1.7
2015-06-16,1.131,1.0
2015-06-17,1.151,2.0
2015-06-18,1.202,5.1
2015-06-19,1.267,6.5
2015-06-23,1.295,2.8
2015-06-24,1.338,4.3
2015-06-25,1.357,1.9
2015-06-26,1.357,0.0
2015-06-29,1.34,-1.7
2015-06-30,1.257,-8.3
2015-07-01,1.163,-9.4
2015-07-02,1.1608,-0.22
2015-07-03,1.159,-0.18
2015-07-06,1.167,0.8
2015-07-07,1.176,0.9
2015-07-08,1.187,1.1
2015-07-09,1.198,1.1
2015-07-10,1.21,1.2
2015-07-13,1.224,1.4
2015-07-14,1.238,1.4
2015-07-15,1.245,0.7
2015-07-16,1.263,1.8
2015-07-17,1.282,1.9
2015-07-20,1.29,0.8
2015-07-21,1.304,1.4
2015-07-22,1.323,1.9
2015-07-23,1.332,0.9
2015-07-24,1.337,0.5
2015-07-27,1.374,3.7
2015-07-28,1.388,1.4
2015-07-29,1.427,3.9
2015-07-30,1.448,2.1
2015-07-31,1.47,2.2
2015-08-03,1.488,1.8
2015-08-04,1.497,0.9
2015-08-05,1.508,1.1
2015-08-06,1.517,0.9
2015-08-07,1.529,1.2
2015-08-10,1.557,2.8
2015-08-11,1.586,2.9
2015-08-12,1.614,2.8
2015-08-13,1.641,2.7
2015-08-14,1.667,2.6
2015-08-17,1.701,3.4
2015-08-18,1.745,4.4
2015-08-19,1.788,4.3
2015-08-20,1.83,4.2
2015-08-21,1.847,1.7
2015-08-24,1.866,1.9
2015-08-25,1.879,1.3
2015-08-26,1.786,-9.3
2015-08-27,1.759,-2.7
2015-08-28,1.774,1.5
2015-08-31,1.801,2.7
2015-09-01,1.821,2.0
2015-09-02,2.031,21.0
2015-09-06,1.901,-13.0
2015-09-07,1.904,0.3
2015-09-08,1.897,-0.7
2015-09-09,1.896,-0.1
2015-09-10,1.899,0.3
2015-09-11,1.9001,0.11
2015-09-14,1.899,-0.11
2015-09-15,1.899,0.0
2015-09-16,1.9,0.1
2015-09-17,1.899,-0.1
2015-09-18,1.9,0.1
2015-09-21,1.901,0.1
2015-09-22,1.908,0.7
2015-09-23,1.908,0.0
2015-09-24,1.909,0.1
2015-09-25,1.907,-0.2
2015-09-28,1.91,0.3
2015-09-29,1.907,-0.3
2015-09-30,1.989,8.2
2015-10-08,1.909,-8.0
2015-10-09,1.906,-0.3
2015-10-10,1.904,-0.2
2015-10-12,1.902,-0.2
2015-10-13,1.9,-0.2
2015-10-14,1.9,0.0
2015-10-15,1.901,0.1
2015-10-16,1.899,-0.2
2015-10-19,1.902,0.3
2015-10-20,1.903,0.1
2015-10-21,1.905,0.2
2015-10-22,1.904,-0.1
2015-10-23,1.909,0.5
2015-10-26,1.84,-6.9
2015-10-27,1.8,-4.0
2015-10-28,1.796,-0.4
2015-10-29,1.798,0.2
2015-10-30,1.798,0.0
2015-11-02,1.793,-0.5
2015-11-03,1.792,-0.1
2015-11-04,1.79,-0.2
2015-11-05,1.787,-0.3
2015-11-06,1.787,0.0
2015-11-09,1.786,-0.1
2015-11-10,1.783,-0.3
2015-11-11,1.782,-0.1
2015-11-12,1.784,0.2
2015-11-13,1.786,0.2
2015-11-16,1.784,-0.2
2015-11-17,1.782,-0.2
2015-11-18,1.781,-0.1
2015-11-19,1.785,0.4
2015-11-20,1.784,-0.1
2015-11-23,1.785,0.1
2015-11-24,1.785,0.0
2015-11-25,1.785,0.0
2015-11-26,1.785,0.0
2015-11-27,1.786,0.1
2015-11-30,1.788,0.2
2015-12-01,1.788,0.0
2015-12-02,1.786,-0.2
2015-12-03,1.787,0.1
2015-12-04,1.787,0.0
2015-12-07,1.784,-0.3
2015-12-08,1.786,0.2
2015-12-09,1.789,0.3
2015-12-10,1.789,0.0
2015-12-11,1.788,-0.1
2015-12-14,1.788,0.0
2015-12-15,1.788,0.0
2015-12-16,1.79,0.2
2015-12-17,1.793,0.3
2015-12-18,1.816,2.3
2015-12-21,1.843,2.7
2015-12-22,1.875,3.2
2015-12-23,1.903,2.8
2015-12-24,1.924,2.1
2015-12-25,1.934,1.0
2015-12-28,1.939,0.5
2015-12-29,1.935,-0.4
2015-12-30,1.935,0.0
2015-12-31,1.991,5.6
2016-01-04,1.995,0.4
2016-01-05,1.998,0.3
2016-01-06,1.98,-1.8
2016-01-07,1.966,-1.4
2016-01-08,1.958,-0.8
2016-01-11,1.951,-0.7
2016-01-12,1.951,0.0
2016-01-13,1.95,-0.1
2016-01-14,1.95,0.0
2016-01-15,1.956,0.6
2016-01-18,1.954,-0.2
2016-01-19,1.959,0.5
2016-01-20,1.983,2.4
2016-01-21,2.014,3.1
2016-01-22,2.028,1.4
2016-01-25,2.009,-1.9
2016-01-26,1.997,-1.2
2016-01-27,1.995,-0.2
2016-01-28,1.992,-0.3
2016-01-29,1.989,-0.3
2016-02-01,1.987,-0.2
2016-02-02,1.984,-0.3
2016-02-03,1.983,-0.1
2016-02-04,1.983,0.0
2016-02-05,1.984,0.1
2016-02-06,2.281,29.7
2016-02-14,1.978,-30.3
2016-02-15,1.977,-0.1
2016-02-16,1.974,-0.3
2016-02-17,1.968,-0.6
2016-02-18,1.951,-1.7
2016-02-19,1.938,-1.3
2016-02-22,1.934,-0.4
2016-02-23,1.933,-0.1
2016-02-24,1.956,2.3
2016-02-25,2.004,4.8
2016-02-26,2.048,4.4
2016-02-29,2.007,-4.1
2016-03-01,1.968,-3.9
2016-03-02,1.962,-0.6
2016-03-03,1.957,-0.5
2016-03-04,1.95,-0.7
2016-03-07,1.951,0.1
2016-03-08,1.95,-0.1
2016-03-09,1.95,0.0
2016-03-10,1.947,-0.3
2016-03-11,1.945,-0.2
2016-03-14,1.949,0.4
2016-03-15,1.953,0.4
2016-03-16,1.956,0.3
2016-03-17,1.97,1.4
2016-03-18,1.99,2.0
2016-03-21,1.998,0.8
2016-03-22,2.007,0.9
2016-03-23,2.0,-0.7
2016-03-24,1.995,-0.5
2016-03-25,1.989,-0.6
2016-03-28,1.992,0.3
2016-03-29,1.996,0.4
2016-03-30,2.004,0.8
2016-03-31,2.017,1.3
2016-04-01,2.014,-0.3
2016-04-05,1.993,-2.1
2016-04-06,1.983,-1.0
2016-04-07,1.9783,-0.47
2016-04-08,1.98,0.17
2016-04-11,1.985,0.5
2016-04-12,1.993,0.8
2016-04-13,1.996,0.3
2016-04-14,1.999,0.3
2016-04-15,1.995,-0.4
2016-04-18,1.998,0.3
2016-04-19,2.004,0.6
2016-04-20,2.018,1.4
2016-04-21,2.029,1.1
2016-04-22,2.038,0.9
2016-04-25,2.045,0.7
2016-04-26,2.036,-0.9
2016-04-27,2.024,-1.2
2016-04-28,2.021,-0.3
2016-04-29,2.049,2.8
2016-05-03,2.0033,-4.57
2016-05-04,2.0,-0.33
2016-05-05,2.001,0.1
2016-05-06,2.0,-0.1
2016-05-09,1.999,-0.1
2016-05-10,1.999,0.0
2016-05-11,1.999,0.0
2016-05-12,2.0,0.1
2016-05-13,2.002,0.2
2016-05-16,2.005,0.3
2016-05-17,2.011,0.6
2016-05-18,2.011,0.0
2016-05-19,2.01,-0.1
2016-05-20,2.008,-0.2
2016-05-23,2.004,-0.4
2016-05-24,2.002,-0.2
2016-05-25,2.001,-0.1
2016-05-26,2.001,0.0
2016-05-27,2.001,0.0
2016-05-30,2.002,0.1
2016-05-31,2.01,0.8
2016-06-01,2.006,-0.4
2016-06-02,2.004,-0.2
2016-06-03,1.999,-0.5
2016-06-06,1.998,-0.1
2016-06-07,2.0,0.2
2016-06-08,2.0,0.0
2016-06-12,2.0,0.0
2016-06-13,2.0,0.0
2016-06-14,2.0,0.0
2016-06-15,2.0,0.0
2016-06-16,2.002,0.2
2016-06-17,2.005,0.3
2016-06-20,2.01,0.5
2016-06-21,2.019,0.9
2016-06-22,2.027,0.8
2016-06-23,2.032,0.5
2016-06-24,2.035,0.3
2016-06-27,2.038,0.3
2016-06-28,2.04,0.2
2016-06-29,2.038,-0.2
2016-06-30,2.037,-0.1
2016-07-01,2.027,-1.0
2016-07-04,2.014,-1.3
2016-07-05,2.007,-0.7
2016-07-06,1.999,-0.8
2016-07-07,1.997,-0.2
2016-07-08,1.996,-0.1
2016-07-11,1.996,0.0
2016-07-12,1.994,-0.2
2016-07-13,1.993,-0.1
2016-07-14,1.993,0.0
2016-07-15,1.996,0.3
2016-07-18,1.996,0.0
2016-07-19,2.003,0.7
2016-07-20,2.005,0.2
2016-07-21,2.008,0.3
2016-07-22,2.023,1.5
2016-07-25,2.032,0.9
2016-07-26,2.037,0.5
2016-07-27,2.038,0.1
2016-07-28,2.028,-1.0
2016-07-29,2.017,-1.1
2016-08-01,2.012,-0.5
2016-08-02,2.008,-0.4
2016-08-03,2.004,-0.4
2016-08-04,2.002,-0.2
2016-08-05,2.002,0.0
2016-08-08,2.005,0.3
2016-08-09,2.01,0.5
2016-08-10,2.017,0.7
2016-08-11,2.021,0.4
2016-08-12,2.021,0.0
2016-08-15,2.0233,0.23
2016-08-16,2.022,-0.13
2016-08-17,2.022,0.0
2016-08-18,2.023,0.1
2016-08-19,2.023,0.0
2016-08-22,2.0233,0.03
2016-08-23,2.033,0.97
2016-08-24,2.043,1.0
2016-08-25,2.044,0.1
2016-08-26,2.044,0.0
2016-08-29,2.049,0.5
2016-08-30,2.063,1.4
2016-08-31,2.065,0.2
2016-09-01,2.066,0.1
2016-09-02,2.066,0.0
2016-09-05,2.07,0.4
2016-09-06,2.077,0.7
2016-09-07,2.0803,0.33
2016-09-08,2.081,0.07
2016-09-09,2.085,0.4
2016-09-12,2.095,1.0
2016-09-13,2.108,1.3
2016-09-14,2.128,2.0
2016-09-18,2.14,1.2
2016-09-19,2.154,1.4
2016-09-20,2.159,0.5
2016-09-21,2.167,0.8
2016-09-22,2.168,0.1
2016-09-23,2.1668,-0.12
2016-09-26,2.164,-0.28
2016-09-27,2.166,0.2
2016-09-28,2.178,1.2
2016-09-29,2.188,1.0
2016-09-30,2.327,13.9
2016-10-08,2.193,-13.4
2016-10-09,2.175,-1.8
2016-10-10,2.162,-1.3
2016-10-11,2.153,-0.9
2016-10-12,2.15,-0.3
2016-10-13,2.151,0.1
2016-10-14,2.153,0.2
2016-10-17,2.159,0.6
2016-10-18,2.173,1.4
2016-10-19,2.196,2.3
2016-10-20,2.208,1.2
2016-10-21,2.222,1.4
2016-10-24,2.231,0.9
2016-10-25,2.238,0.7
2016-10-26,2.248,1.0
2016-10-27,2.254,0.6
2016-10-28,2.254,0.0
2016-10-31,2.253,-0.1
2016-11-01,2.252,-0.1
2016-11-02,2.2492,-0.28
2016-11-03,2.245,-0.42
2016-11-04,2.232,-1.3
2016-11-07,2.206,-2.6
2016-11-08,2.187,-1.9
2016-11-09,2.182,-0.5
2016-11-10,2.196,1.4
2016-11-11,2.211,1.5
2016-11-14,2.231,2.0
2016-11-15,2.247,1.6
2016-11-16,2.257,1.0
2016-11-17,2.259,0.2
2016-11-18,2.265,0.6
2016-11-21,2.271,0.6
2016-11-22,2.273,0.2
2016-11-23,2.277,0.4
2016-11-24,2.282,0.5
2016-11-25,2.289,0.7
2016-11-28,2.298,0.9
2016-11-29,2.302,0.4
2016-11-30,2.316,1.4
2016-12-01,2.325,0.9
2016-12-02,2.32,-0.5
2016-12-05,2.308,-1.2
2016-12-06,2.299,-0.9
2016-12-07,2.292,-0.7
2016-12-08,2.2908,-0.12
2016-12-09,2.2925,0.17
2016-12-12,2.292,-0.05
2016-12-13,2.296,0.4
2016-12-14,2.3,0.4
2016-12-15,2.311,1.1
2016-12-16,2.33,1.9
2016-12-19,2.335,0.5
2016-12-20,2.345,1.0
2016-12-21,2.345,0.0
2016-12-22,2.341,-0.4
2016-12-23,2.323,-1.8
2016-12-26,2.294,-2.9
2016-12-27,2.264,-3.0
2016-12-28,2.246,-1.8
2016-12-29,2.227,-1.9
2016-12-30,2.23,0.3
2017-01-03,2.209,-2.1
2017-01-04,2.172,-3.7
2017-01-05,2.13,-4.2
2017-01-06,2.112,-1.8
2017-01-09,2.094,-1.8
2017-01-10,2.096,0.2
2017-01-11,2.104,0.8
2017-01-12,2.103,-0.1
2017-01-13,2.104,0.1
2017-01-16,2.142,3.8
2017-01-17,2.2563,11.43
2017-01-18,2.328,7.17
2017-01-19,2.364,3.6
2017-01-20,2.376,1.2
2017-01-22,2.189,-18.7
2017-01-23,2.175,-1.4
2017-01-24,2.164,-1.1
2017-01-25,2.165,0.1
2017-01-26,2.5293,36.43
2017-02-03,2.218,-31.13
2017-02-04,2.2571,3.91
2017-02-06,2.278,2.09
2017-02-07,2.281,0.3
2017-02-08,2.2765,-0.45
2017-02-09,2.272,-0.45
2017-02-10,2.2678,-0.42
2017-02-13,2.264,-0.38
2017-02-14,2.261,-0.3
2017-02-15,2.2658,0.48
2017-02-16,2.333,6.72
2017-02-17,2.36,2.7
2017-02-20,2.4086,4.86
2017-02-21,2.483,7.44
2017-02-22,2.4845,0.15
2017-02-23,2.5271,4.26
2017-02-24,2.4756,-5.15
2017-02-27,2.4338,-4.18
2017-02-28,2.493,5.92
2017-03-01,2.4943,0.13
2017-03-02,2.4611,-3.32
2017-03-03,2.369,-9.21
2017-03-06,2.4033,3.43
2017-03-07,2.4041,0.08
2017-03-08,2.4061,0.2
2017-03-09,2.4076,0.15
2017-03-10,2.4019,-0.57
2017-03-13,2.379,-2.29
2017-03-14,2.3761,-0.29
2017-03-15,2.3869,1.08
2017-03-16,2.441,5.41
2017-03-17,2.633,19.2
2017-03-20,2.6325,-0.05
2017-03-21,2.6477,1.52
2017-03-22,2.6507,0.3
2017-03-23,2.657,0.63
2017-03-24,2.604,-5.3
2017-03-27,2.482,-12.2
2017-03-28,2.448,-3.4
2017-03-29,2.521,7.3
2017-03-30,2.507,-1.4
2017-03-31,2.5384,3.14
2017-04-01,2.497,-4.14
2017-04-05,2.4868,-1.02
2017-04-06,2.537,5.02
2017-04-07,2.4957,-4.13
2017-04-10,2.442,-5.37
2017-04-11,2.408,-3.4
2017-04-12,2.3885,-1.95
2017-04-13,2.413,2.45
2017-04-14,2.429,1.6
2017-04-17,2.444,1.5
2017-04-18,2.486,4.2
2017-04-19,2.575,8.9
2017-04-20,2.5987,2.37
2017-04-21,2.6163,1.76
2017-04-24,2.7157,9.94
2017-04-25,2.7514,3.57
2017-04-26,2.759,0.76
2017-04-27,2.792,3.3
2017-04-28,2.819,2.7
2017-05-02,2.8175,-0.15
2017-05-03,2.8451,2.76
2017-05-04,2.8506,0.55
2017-05-05,2.8348,-1.58
2017-05-08,2.818,-1.68
2017-05-09,2.8199,0.19
2017-05-10,2.827,0.71
2017-05-11,2.813,-1.4
2017-05-12,2.7911,-2.19
2017-05-15,2.716,-7.51
2017-05-16,2.746,3.0
2017-05-17,2.7525,0.65
2017-05-18,2.7641,1.16
2017-05-19,2.715,-4.91
2017-05-22,2.6745,-4.05
2017-05-23,2.654,-2.05
2017-05-24,2.623,-3.1
2017-05-25,2.611,-1.2
2017-05-26,2.609,-0.2
2017-05-27,2.601,-0.8
2017-05-31,2.6365,3.55
2017-06-01,2.6525,1.6
2017-06-02,2.7953,14.28
2017-06-05,2.8167,2.14
2017-06-06,2.8419,2.52
2017-06-07,2.809,-3.29
2017-06-08,2.8199,1.09
2017-06-09,2.8275,0.76
2017-06-12,2.8302,0.27
2017-06-13,2.832,0.18
2017-06-14,2.825,-0.7
2017-06-15,2.8317,0.67
2017-06-16,2.8528,2.11
2017-06-19,2.8635,1.07
2017-06-20,2.8776,1.41
2017-06-21,2.889,1.14
2017-06-22,2.869,-2.0
2017-06-23,2.81,-5.9
2017-06-26,2.717,-9.3
2017-06-27,2.626,-9.1
2017-06-28,2.5596,-6.64
2017-06-29,2.539,-2.06
2017-06-30,2.618,7.9
2017-07-03,2.72,10.2
2017-07-04,2.6897,-3.03
2017-07-05,2.583,-10.67
2017-07-06,2.5473,-3.57
2017-07-07,2.533,-1.43
2017-07-10,2.549,1.6
2017-07-11,2.621,7.2
2017-07-12,2.646,2.5
2017-07-13,2.659,1.3
2017-07-14,2.627,-3.2
2017-07-17,2.6329,0.59
2017-07-18,2.701,6.81
2017-07-19,2.722,2.1
2017-07-20,2.7534,3.14
2017-07-21,2.733,-2.04
2017-07-24,2.708,-2.5
2017-07-25,2.7147,0.67
2017-07-26,2.725,1.03
2017-07-27,2.786,6.1
2017-07-28,2.8152,2.92
2017-07-31,2.806,-0.92
2017-08-01,2.8093,0.33
2017-08-02,2.832,2.27
2017-08-03,2.807,-2.5
2017-08-04,2.721,-8.6
2017-08-07,2.736,1.5
2017-08-08,2.784,4.8
2017-08-09,2.8018,1.78
2017-08-10,2.797,-0.48
2017-08-11,2.79,-0.7
2017-08-14,2.7743,-1.57
2017-08-15,2.798,2.37
2017-08-16,2.8213,2.33
2017-08-17,2.8352,1.39
2017-08-18,2.8355,0.03
2017-08-21,2.8482,1.27
2017-08-22,2.8171,-3.11
2017-08-23,2.8453,2.82
2017-08-24,2.8479,0.26
2017-08-25,2.855,0.71
2017-08-28,2.851,-0.4
2017-08-29,2.922,7.1
2017-08-30,2.9237,0.17
2017-08-31,2.831,-9.27
2017-09-01,2.813,-1.8
2017-09-04,2.75,-6.3
2017-09-05,2.665,-8.5
2017-09-06,2.641,-2.4
2017-09-07,2.6406,-0.04
2017-09-08,2.636,-0.46
2017-09-11,2.644,0.8
2017-09-12,2.6483,0.43
2017-09-13,2.65,0.17
2017-09-14,2.681,3.1
2017-09-15,2.6958,1.48
2017-09-18,2.756,6.02
2017-09-19,2.832,7.6
2017-09-20,2.79,-4.2
2017-09-21,2.8057,1.57
2017-09-22,2.756,-4.97
2017-09-25,2.758,0.2
2017-09-26,2.837,7.9
2017-09-27,2.863,2.6
2017-09-28,2.917,5.4
2017-09-29,2.804,-11.3
2017-09-30,2.938,13.4
2017-10-09,2.74,-19.8
2017-10-10,2.738,-0.2
2017-10-11,2.741,0.3
2017-10-12,2.657,-8.4
2017-10-13,2.605,-5.2
2017-10-16,2.594,-1.1
2017-10-17,2.6003,0.63
2017-10-18,2.596,-0.43
2017-10-19,2.592,-0.4
2017-10-20,2.5782,-1.38
2017-10-23,2.616,3.78
2017-10-24,2.634,1.8
2017-10-25,2.664,3.0
2017-10-26,2.6937,2.97
2017-10-27,2.7181,2.44
2017-10-30,2.72,0.19
2017-10-31,2.736,1.6
2017-11-01,2.739,0.3
2017-11-02,2.626,-11.3
2017-11-03,2.5772,-4.88
2017-11-06,2.512,-6.52
2017-11-07,2.552,4.0
2017-11-08,2.595,4.3
2017-11-09,2.646,5.1
2017-11-10,2.717,7.1
2017-11-13,2.787,7.0
2017-11-14,2.827,4.0
2017-11-15,2.806,-2.1
2017-11-16,2.8,-0.6
2017-11-17,2.738,-6.2
2017-11-20,2.786,4.8
2017-11-21,2.808,2.2
2017-11-22,2.809,0.1
2017-11-23,2.803,-0.6
2017-11-24,2.797,-0.6
2017-11-27,2.819,2.2
2017-11-28,2.799,-2.0
2017-11-29,2.683,-11.6
2017-11-30,2.788,10.5
2017-12-01,2.642,-14.6
2017-12-04,2.6,-4.2
2017-12-05,2.579,-2.1
2017-12-06,2.573,-0.6
2017-12-07,2.585,1.2
2017-12-08,2.608,2.3
2017-12-11,2.688,8.0
2017-12-12,2.726,3.8
2017-12-13,2.788,6.2
2017-12-14,2.803,1.5
2017-12-15,2.724,-7.9
2017-12-18,2.723,-0.1
2017-12-19,2.741,1.8
2017-12-20,2.73,-1.1
2017-12-21,2.665,-6.5
2017-12-22,2.612,-5.3
2017-12-25,2.569,-4.3
2017-12-26,2.589,2.0
2017-12-27,2.666,7.7
2017-12-28,2.672,0.6
2017-12-29,2.84,16.8
2018-01-02,2.657,-18.3
2018-01-03,2.5635,-9.35
2018-01-04,2.505,-5.85
2018-01-05,2.484,-2.1
2018-01-08,2.461,-2.3
2018-01-09,2.529,6.8
2018-01-10,2.643,11.4
2018-01-11,2.832,18.9
2018-01-12,2.83,-0.2
2018-01-15,2.794,-3.6
2018-01-16,2.785,-0.9
2018-01-17,2.765,-2.0
2018-01-18,2.7655,0.05
2018-01-19,2.836,7.05
2018-01-22,2.771,-6.5
2018-01-23,2.602,-16.9
2018-01-24,2.574,-2.8
2018-01-25,2.5634,-1.06
2018-01-26,2.5506,-1.28
2018-01-29,2.566,1.54
2018-01-30,2.554,-1.2
2018-01-31,2.594,4.0
2018-02-01,2.5154,-7.86
2018-02-02,2.5173,0.19
2018-02-05,2.5305,1.32
2018-02-06,2.539,0.85
2018-02-07,2.571,3.2
2018-02-08,2.572,0.1
2018-02-09,2.589,1.7
2018-02-11,2.608,1.9
2018-02-12,2.585,-2.3
2018-02-13,2.587,0.2
2018-02-14,2.723,13.6
2018-02-22,2.631,-9.2
2018-02-23,2.597,-3.4
2018-02-24,2.56,-3.7
2018-02-26,2.571,1.1
2018-02-27,2.561,-1.0
2018-02-28,2.708,14.7
2018-03-01,2.691,-1.7
2018-03-02,2.773,8.2
2018-03-05,2.652,-12.1
2018-03-06,2.617,-3.5
2018-03-07,2.592,-2.5
2018-03-08,2.57,-2.2
2018-03-09,2.573,0.3
2018-03-12,2.586,1.3
2018-03-13,2.637,5.1
2018-03-14,2.633,-0.4
2018-03-15,2.632,-0.1
2018-03-16,2.586,-4.6
2018-03-19,2.561,-2.5
2018-03-20,2.558,-0.3
2018-03-21,2.559,0.1
2018-03-22,2.549,-1.0
2018-03-23,2.545,-0.4
2018-03-26,2.543,-0.2
2018-03-27,2.5935,5.05
2018-03-28,2.592,-0.15
2018-03-29,2.581,-1.1
2018-03-30,2.69,10.9
2018-04-02,2.622,-6.8
2018-04-03,2.574,-4.8
2018-04-04,2.469,-10.5
2018-04-08,2.446,-2.3
2018-04-09,2.528,8.2
2018-04-10,2.551,2.3
2018-04-11,2.561,1.0
2018-04-12,2.557,-0.4
2018-04-13,2.557,0.0
2018-04-16,2.582,2.5
2018-04-17,2.665,8.3
2018-04-18,2.679,1.4
2018-04-19,2.733,5.4
2018-04-20,2.747,1.4
2018-04-23,2.724,-2.3
2018-04-24,2.736,1.2
2018-04-25,2.728,-0.8
2018-04-26,2.765,3.7
2018-04-27,2.921,15.6
2018-04-28,2.824,-9.7
2018-05-02,2.72,-10.4
2018-05-03,2.681,-3.9
2018-05-04,2.594,-8.7
2018-05-07,2.582,-1.2
2018-05-08,2.575,-0.7
2018-05-09,2.52,-5.5
2018-05-10,2.509,-1.1
2018-05-11,2.487,-2.2
2018-05-14,2.58,9.3
2018-05-15,2.641,6.1
2018-05-16,2.766,12.5
2018-05-17,2.597,-16.9
2018-05-18,2.563,-3.4
2018-05-21,2.527,-3.6
2018-05-22,2.525,-0.2
2018-05-23,2.53,0.5
2018-05-24,2.53,0.0
2018-05-25,2.528,-0.2
2018-05-28,2.533,0.5
2018-05-29,2.742,20.9
2018-05-30,2.884,14.2
2018-05-31,2.831,-5.3
2018-06-01,2.801,-3.0
2018-06-04,2.599,-20.2
2018-06-05,2.584,-1.5
2018-06-06,2.562,-2.2
2018-06-07,2.555,-0.7
2018-06-08,2.563,0.8
2018-06-11,2.573,1.0
2018-06-12,2.584,1.1
2018-06-13,2.589,0.5
2018-06-14,2.591,0.2
2018-06-15,2.592,0.1
2018-06-19,2.59,-0.2
2018-06-20,2.619,2.9
2018-06-21,2.593,-2.6
2018-06-22,2.586,-0.7
2018-06-25,2.564,-2.2
2018-06-26,2.518,-4.6
2018-06-27,2.445,-7.3
2018-06-28,2.289,-15.6
2018-06-29,2.628,33.9
2018-07-02,2.519,-10.9
2018-07-03,2.42,-9.9
2018-07-04,2.199,-22.1
2018-07-05,2.132,-6.7
2018-07-06,1.967,-16.5
2018-07-09,1.991,2.4
2018-07-10,2.308,31.7
2018-07-11,2.406,9.8
2018-07-12,2.487,8.1
2018-07-13,2.48,-0.7
2018-07-16,2.557,7.7
2018-07-17,2.591,3.4
2018-07-18,2.525,-6.6
2018-07-19,2.416,-10.9
2018-07-20,2.346,-7.0
2018-07-23,2.362,1.6
2018-07-24,2.353,-0.9
2018-07-25,2.349,-0.4
2018-07-26,2.321,-2.8
2018-07-27,2.284,-3.7
2018-07-30,2.198,-8.6
2018-07-31,2.066,-13.2
2018-08-01,2.028,-3.8
2018-08-02,1.97,-5.8
2018-08-03,1.849,-12.1
2018-08-06,1.819,-3.0
2018-08-07,1.613,-20.6
2018-08-08,1.422,-19.1
2018-08-09,1.622,20.0
2018-08-10,1.826,20.4
2018-08-13,2.113,28.7
2018-08-14,2.328,21.5
2018-08-15,2.345,1.7
2018-08-16,2.511,16.6
2018-08-17,2.58,6.9
2018-08-20,2.625,4.5
2018-08-21,2.636,1.1
2018-08-22,2.538,-9.8
2018-08-23,2.454,-8.4
2018-08-24,2.392,-6.2
2018-08-27,2.44,4.8
2018-08-28,2.4255,-1.45
2018-08-29,2.3895,-3.6
2018-08-30,2.277,-11.25
2018-08-31,2.309,3.2
2018-09-03,2.277,-3.2
2018-09-04,2.195,-8.2
2018-09-05,2.164,-3.1
2018-09-06,2.494,33.0
2018-09-07,2.591,9.7
2018-09-10,2.573,-1.8
2018-09-11,2.59,1.7
2018-09-12,2.557,-3.3
2018-09-13,2.53,-2.7
2018-09-14,2.489,-4.1
2018-09-17,2.466,-2.3
2018-09-18,2.654,18.8
2018-09-19,2.562,-9.2
2018-09-20,2.519,-4.3
2018-09-21,2.514,-0.5
2018-09-25,2.543,2.9
2018-09-26,2.553,1.0
2018-09-27,2.46,-9.3
2018-09-28,2.445,-1.5
2018-09-29,2.073,-37.2
2018-09-30,2.653,58.0
2018-10-08,2.536,-11.7
2018-10-09,2.502,-3.4
2018-10-10,2.398,-10.4
2018-10-11,2.36,-3.8
2018-10-12,2.439,7.9
2018-10-15,2.377,-6.2
2018-10-16,2.373,-0.4
2018-10-17,2.353,-2.0
2018-10-18,2.427,7.4
2018-10-19,2.445,1.8
2018-10-22,2.475,3.0
2018-10-23,2.451,-2.4
2018-10-24,2.393,-5.8
2018-10-25,2.215,-17.8
2018-10-26,2.067,-14.8
2018-10-29,1.852,-21.5
2018-10-30,1.566,-28.6
2018-10-31,2.37,80.4
2018-11-01,2.547,17.7
2018-11-02,2.477,-7.0
2018-11-05,2.4345,-4.25
2018-11-06,2.27,-16.45
2018-11-07,2.0906,-17.94
2018-11-08,1.978,-11.26
2018-11-09,2.038,6.0
2018-11-12,2.309,27.1
2018-11-13,2.468,15.9
2018-11-14,2.325,-14.3
2018-11-15,2.339,1.4
2018-11-16,2.345,0.6
2018-11-19,2.551,20.6
2018-11-20,2.609,5.8
2018-11-21,2.579,-3.0
2018-11-22,2.456,-12.3
2018-11-23,2.356,-10.0
2018-11-26,2.498,14.2
2018-11-27,2.556,5.8
2018-11-28,2.539,-1.7
2018-11-29,2.262,-27.7
2018-11-30,2.642,38.0
2018-12-03,2.515,-12.7
2018-12-04,2.445,-7.0
2018-12-05,2.267,-17.8
2018-12-06,2.418,15.1
2018-12-07,2.416,-0.2
2018-12-10,2.453,3.7
2018-12-11,2.463,1.0
2018-12-12,2.424,-3.9
2018-12-13,2.519,9.5
2018-12-14,2.655,13.6
2018-12-17,2.625,-3.0
2018-12-18,2.669,4.4
2018-12-19,2.654,-1.5
2018-12-20,2.567,-8.7
2018-12-21,2.486,-8.1
2018-12-24,2.316,-17.0
2018-12-25,2.028,-28.8
2018-12-26,2.029,0.1
2018-12-27,1.793,-23.6
2018-12-28,1.47,-32.3
2018-12-29,2.554,108.4
2019-01-02,2.3,-25.4
2019-01-03,1.968,-33.2
2019-01-04,1.649,-31.9
2019-01-07,1.447,-20.2
2019-01-08,1.414,-3.3
2019-01-09,1.567,15.3
2019-01-10,1.743,17.6
2019-01-11,1.708,-3.5
2019-01-14,1.878,17.0
2019-01-15,2.245,36.7
2019-01-16,2.306,6.1
2019-01-17,2.259,-4.7
2019-01-18,2.1785,-8.05
2019-01-21,2.24,6.15
2019-01-22,2.243,0.3
2019-01-23,2.244,0.1
2019-01-24,2.263,1.9
2019-01-25,2.362,9.9
2019-01-28,2.194,-16.8
2019-01-29,2.078,-11.6
2019-01-30,2.0021,-7.59
2019-01-31,2.238,23.59
2019-02-01,2.1,-13.8
2019-02-02,2.264,16.4
2019-02-03,2.086,-17.8
2019-02-11,2.265,17.9
2019-02-12,2.017,-24.8
2019-02-13,1.722,-29.5
2019-02-14,1.721,-0.1
2019-02-15,1.713,-0.8
2019-02-18,1.8224,10.94
2019-02-19,1.967,14.46
2019-02-20,1.854,-11.3
2019-02-21,2.03,17.6
2019-02-22,2.431,40.1
2019-02-25,2.605,17.4
2019-02-26,2.705,10.0
2019-02-27,2.654,-5.1
2019-02-28,2.584,-7.0
2019-03-01,2.155,-42.9
2019-03-04,1.933,-22.2
2019-03-05,2.266,33.3
2019-03-06,2.074,-19.2
2019-03-07,2.06,-1.4
2019-03-08,2.047,-1.3
2019-03-11,2.092,4.5
2019-03-12,2.365,27.3
2019-03-13,2.079,-28.6
2019-03-14,2.31,23.1
2019-03-15,2.655,34.5
2019-03-18,2.756,10.1
2019-03-19,2.666,-9.0
2019-03-20,2.714,4.8
2019-03-21,2.661,-5.3
2019-03-22,2.62,-4.1
2019-03-25,2.535,-8.5
2019-03-26,2.495,-4.0
2019-03-27,2.286,-20.9
2019-03-28,2.041,-24.5
2019-03-29,2.486,44.5
2019-04-01,2.315,-17.1
2019-04-02,1.956,-35.9
2019-04-03,1.663,-29.3
2019-04-04,1.417,-24.6
2019-04-08,1.428,1.1
2019-04-09,1.797,36.9
2019-04-10,2.278,48.1
2019-04-11,2.735,45.7
2019-04-12,2.652,-8.3
2019-04-15,2.797,14.5
2019-04-16,2.883,8.6
2019-04-17,2.998,11.5
2019-04-18,2.812,-18.6
2019-04-19,2.661,-15.1
2019-04-22,2.557,-10.4
2019-04-23,2.828,27.1
2019-04-24,2.752,-7.6
2019-04-25,2.785,3.3
2019-04-26,2.496,-28.9
2019-04-28,2.07,-42.6
2019-04-29,1.7,-37.0
2019-04-30,2.086,38.6
2019-05-05,1.79,-29.6
2019-05-06,1.642,-14.8
2019-05-07,1.391,-25.1
2019-05-08,1.141,-25.0
2019-05-09,1.513,37.2
2019-05-10,1.826,31.3
2019-05-13,2.156,33.0
2019-05-14,2.4123,25.63
2019-05-15,2.5334,12.11
2019-05-16,2.281,-25.24
2019-05-17,2.134,-14.7
2019-05-20,2.5845,45.05
2019-05-21,2.75,16.55
2019-05-22,2.623,-12.7
2019-05-23,2.584,-3.9
2019-05-24,2.342,-24.2
2019-05-27,2.666,32.4
2019-05-28,2.76,9.4
2019-05-29,2.491,-26.9
2019-05-30,2.067,-42.4
2019-05-31,2.194,12.7
2019-06-03,2.003,-19.1
2019-06-04,1.738,-26.5
2019-06-05,1.593,-14.5
2019-06-06,1.521,-7.2
2019-06-10,1.848,32.7
2019-06-11,2.053,20.5
2019-06-12,1.939,-11.4
2019-06-13,1.924,-1.5
2019-06-14,1.723,-20.1
2019-06-17,1.801,7.8
2019-06-18,1.601,-20.0
2019-06-19,1.447,-15.4
2019-06-20,1.253,-19.4
2019-06-21,1.112,-14.1
2019-06-24,1.0,-11.2
2019-06-25,1.023,2.3
2019-06-26,0.991,-3.2
2019-06-27,0.9615,-2.95
2019-06-28,1.3705,40.9
2019-07-01,1.065,-30.55
2019-07-02,0.914,-15.1
2019-07-03,0.877,-3.7
2019-07-04,0.844,-3.3
2019-07-05,1.055,21.1
2019-07-08,1.445,39.0
2019-07-09,1.773,32.8
2019-07-10,1.814,4.1
2019-07-11,1.998,18.4
2019-07-12,2.235,23.7
2019-07-15,2.6175,38.25
2019-07-16,2.725,10.75
2019-07-17,2.711,-1.4
2019-07-18,2.772,6.1
2019-07-19,2.827,5.5
2019-07-22,2.6698,-15.72
2019-07-23,2.562,-10.78
2019-07-24,2.481,-8.1
2019-07-25,2.628,14.7
2019-07-26,2.636,0.8
2019-07-29,2.629,-0.7
2019-07-30,2.621,-0.8
2019-07-31,2.642,2.1
2019-08-01,2.634,-0.8
2019-08-02,2.634,0.0
2019-08-05,2.544,-9.0
2019-08-06,2.261,-28.3
2019-08-07,2.22,-4.1
2019-08-08,2.5,28.0
2019-08-09,2.596,9.6
2019-08-12,2.629,3.3
2019-08-13,2.667,3.8
2019-08-14,2.689,2.2
2019-08-15,2.659,-3.0
2019-08-16,2.665,0.6
2019-08-19,2.666,0.1
2019-08-20,2.642,-2.4
2019-08-21,2.5832,-5.88
2019-08-22,2.544,-3.92
2019-08-23,2.586,4.2
2019-08-26,2.639,5.3
2019-08-27,2.677,3.8
2019-08-28,2.609,-6.8
2019-08-29,2.478,-13.1
2019-08-30,2.572,9.4
2019-09-02,2.55,-2.2
2019-09-03,2.513,-3.7
2019-09-04,2.445,-6.8
2019-09-05,2.536,9.1
2019-09-06,2.597,6.1
2019-09-09,2.607,1.0
2019-09-10,2.553,-5.4
2019-09-11,2.451,-10.2
2019-09-12,2.369,-8.2
2019-09-16,2.336,-3.3
2019-09-17,2.565,22.9
2019-09-18,2.633,6.8
2019-09-19,2.737,10.4
2019-09-20,2.746,0.9
2019-09-23,2.759,1.3
2019-09-24,2.369,-39.0
2019-09-25,2.046,-32.3
2019-09-26,1.637,-40.9
2019-09-27,1.313,-32.4
2019-09-29,1.249,-6.4
2019-09-30,2.635,138.6
2019-10-08,2.627,-0.8
2019-10-09,2.202,-42.5
2019-10-10,2.016,-18.6
2019-10-11,1.911,-10.5
2019-10-12,2.215,30.4
2019-10-14,2.555,34.0
2019-10-15,2.703,14.8
2019-10-16,2.694,-0.9
2019-10-17,2.585,-10.9
2019-10-18,2.618,3.3
2019-10-21,2.682,6.4
2019-10-22,2.799,11.7
2019-10-23,2.654,-14.5
2019-10-24,2.446,-20.8
2019-10-25,2.506,6.0
2019-10-28,2.478,-2.8
2019-10-29,2.368,-11.0
2019-10-30,2.303,-6.5
2019-10-31,2.59,28.7
2019-11-01,2.301,-28.9
2019-11-04,2.075,-22.6
2019-11-05,1.88,-19.5
2019-11-06,1.788,-9.2
2019-11-07,1.915,12.7
2019-11-08,1.902,-1.3
2019-11-11,2.033,13.1
2019-11-12,2.376,34.3
2019-11-13,2.598,22.2
2019-11-14,2.666,6.8
2019-11-15,2.693,2.7
2019-11-18,2.707,1.4
2019-11-19,2.343,-36.4
2019-11-20,1.899,-44.4
2019-11-21,1.849,-5.0
2019-11-22,1.948,9.9
2019-11-25,2.234,28.6
2019-11-26,2.323,8.9
2019-11-27,2.233,-9.0
2019-11-28,2.078,-15.5
2019-11-29,2.356,27.8
2019-12-02,2.233,-12.3
2019-12-03,2.132,-10.1
2019-12-04,1.971,-16.1
2019-12-05,1.906,-6.5
2019-12-06,2.073,16.7
2019-12-09,2.345,27.2
2019-12-10,2.198,-14.7
2019-12-11,2.081,-11.7
2019-12-12,2.053,-2.8
2019-12-13,2.133,8.0
2019-12-16,2.437,30.4
2019-12-17,2.506,6.9
2019-12-18,2.485,-2.1
2019-12-19,2.0575,-42.75
2019-12-20,1.814,-24.35
2019-12-23,1.557,-25.7
2019-12-24,1.114,-44.3
2019-12-25,0.943,-17.1
2019-12-26,0.848,-9.5
2019-12-27,1.075,22.7
2019-12-30,1.2,12.5
2019-12-31,1.694,49.4
2020-01-02,1.4436,-25.04
2020-01-03,1.162,-28.16
2020-01-06,1.003,-15.9
2020-01-07,1.215,21.2
2020-01-08,1.553,33.8
2020-01-09,1.69,13.7
2020-01-10,1.7722,8.22
2020-01-13,2.059,28.68
2020-01-14,2.518,45.9
2020-01-15,2.654,13.6
2020-01-16,2.609,-4.5
2020-01-17,2.522,-8.7
2020-01-19,2.413,-10.9
2020-01-20,2.248,-16.5
2020-01-21,1.885,-36.3
2020-01-22,1.534,-35.1
2020-01-23,2.444,91.0
2020-02-03,2.504,6.0
2020-02-04,2.273,-23.1
2020-02-05,2.051,-22.2
2020-02-06,1.819,-23.2
2020-02-07,1.793,-2.6
2020-02-10,1.652,-14.1
2020-02-11,1.56,-9.2
2020-02-12,1.521,-3.9
2020-02-13,1.443,-7.8
2020-02-14,1.256,-18.7
2020-02-17,1.425,16.9
2020-02-18,1.503,7.8
2020-02-19,1.626,12.3
2020-02-20,1.403,-22.3
2020-02-21,1.355,-4.8
2020-02-24,1.533,17.8
2020-02-25,1.602,6.9
2020-02-26,1.499,-10.3
2020-02-27,1.347,-15.2
2020-02-28,1.628,28.1
2020-03-02,1.714,8.6
2020-03-03,1.622,-9.2
2020-03-04,1.462,-16.0
2020-03-05,1.45,-1.2
2020-03-06,1.362,-8.8
2020-03-09,1.588,22.6
2020-03-10,2.014,42.6
2020-03-11,2.118,10.4
2020-03-12,1.664,-45.4
2020-03-13,1.414,-25.0
2020-03-16,1.231,-18.3
2020-03-17,1.083,-14.8
2020-03-18,0.963,-12.0
2020-03-19,0.846,-11.7
2020-03-20,0.795,-5.1
2020-03-23,0.845,5.0
2020-03-24,0.814,-3.1
2020-03-25,0.847,3.3
2020-03-26,0.845,-0.2
2020-03-27,1.104,25.9
2020-03-30,1.374,27.0
2020-03-31,1.614,24.0
2020-04-01,1.403,-21.1
2020-04-02,1.278,-12.5
2020-04-03,1.001,-27.7
2020-04-07,0.806,-19.5
2020-04-08,0.893,8.7
2020-04-09,1.182,28.9
2020-04-10,1.349,16.7
2020-04-13,1.378,2.9
2020-04-14,0.994,-38.4
2020-04-15,0.801,-19.3
2020-04-16,0.702,-9.9
2020-04-17,0.716,1.4
2020-04-20,0.896,18.0
2020-04-21,0.901,0.5
2020-04-22,0.901,0.0
2020-04-23,0.893,-0.8
2020-04-24,0.912,1.9
2020-04-26,0.908,-0.4
2020-04-27,0.874,-3.4
2020-04-28,0.874,0.0
2020-04-29,0.661,-21.3
2020-04-30,1.888,122.7
2020-05-06,1.483,-40.5
2020-05-07,1.143,-34.0
2020-05-08,0.938,-20.5
2020-05-09,0.85,-8.8
2020-05-11,0.876,2.6
2020-05-12,0.803,-7.3
2020-05-13,0.705,-9.8
2020-05-14,0.743,3.8
2020-05-15,0.864,12.1
2020-05-18,0.905,4.1
2020-05-19,1.385,48.0
2020-05-20,1.22,-16.5
2020-05-21,1.104,-11.6
2020-05-22,1.094,-1.0
2020-05-25,1.473,37.9
2020-05-26,1.88,40.7
2020-05-27,2.104,22.4
2020-05-28,2.102,-0.2
2020-05-29,2.097,-0.5
2020-06-01,1.629,-46.8
2020-06-02,1.468,-16.1
2020-06-03,1.885,41.7
2020-06-04,1.963,7.8
2020-06-05,1.582,-38.1
2020-06-08,1.89,30.8
2020-06-09,1.833,-5.7
2020-06-10,1.849,1.6
2020-06-11,1.757,-9.2
2020-06-12,1.529,-22.8
2020-06-15,1.477,-5.2
2020-06-16,1.751,27.4
2020-06-17,2.048,29.7
2020-06-18,2.123,7.5
2020-06-19,2.131,0.8
2020-06-22,2.133,0.2
2020-06-23,1.971,-16.2
2020-06-24,1.54,-43.1
2020-06-28,1.096,-44.4
2020-06-29,1.012,-8.4
2020-06-30,1.785,77.3
2020-07-01,1.967,18.2
2020-07-02,1.745,-22.2
2020-07-03,1.364,-38.1
2020-07-06,1.346,-1.8
2020-07-07,1.706,36.0
2020-07-08,2.088,38.2
2020-07-09,2.189,10.1
2020-07-10,2.197,0.8
2020-07-13,2.128,-6.9
2020-07-14,1.67,-45.8
2020-07-15,2.022,35.2
2020-07-16,2.2465,22.45
2020-07-17,2.328,8.15
2020-07-20,1.9565,-37.15
2020-07-21,1.584,-37.25
2020-07-22,1.336,-24.8
2020-07-23,1.858,52.2
2020-07-24,1.843,-1.5
2020-07-27,1.994,15.1
2020-07-28,1.753,-24.1
2020-07-29,1.45,-30.3
2020-07-30,1.369,-8.1
2020-07-31,1.788,41.9
2020-08-03,1.57,-21.8
2020-08-04,1.925,35.5
2020-08-05,1.69,-23.5
2020-08-06,1.661,-2.9
2020-08-07,2.057,39.6
2020-08-10,2.129,7.2
2020-08-11,2.201,7.2
2020-08-12,2.152,-4.9
2020-08-13,2.162,1.0
2020-08-14,2.175,1.3
2020-08-17,2.128,-4.7
2020-08-18,2.115,-1.3
2020-08-19,2.148,3.3
2020-08-20,2.172,2.4
2020-08-21,2.258,8.6
2020-08-24,2.3595,10.15
2020-08-25,1.969,-39.05
2020-08-26,1.63,-33.9
2020-08-27,1.477,-15.3
2020-08-28,1.345,-13.2
2020-08-31,1.766,42.1
2020-09-01,2.104,33.8
2020-09-02,2.094,-1.0
2020-09-03,1.742,-35.2
2020-09-04,2.052,31.0
2020-09-07,2.088,3.6
2020-09-08,2.051,-3.7
2020-09-09,1.607,-44.4
2020-09-10,1.34,-26.7
2020-09-11,1.464,12.4
2020-09-14,1.607,14.3
2020-09-15,1.731,12.4
2020-09-16,1.404,-32.7
2020-09-17,1.769,36.5
2020-09-18,2.101,33.2
2020-09-21,2.204,10.3
2020-09-22,2.286,8.2
2020-09-23,1.884,-40.2
2020-09-24,1.424,-46.0
2020-09-25,1.113,-31.1
2020-09-27,0.685,-42.8
2020-09-28,0.602,-8.3
2020-09-29,0.913,31.1
2020-09-30,2.361,144.8
2020-10-09,2.038,-32.3
2020-10-10,1.628,-41.0
2020-10-12,1.53,-9.8
2020-10-13,1.7,17.0
2020-10-14,1.962,26.2
2020-10-15,2.063,10.1
2020-10-16,2.017,-4.6
2020-10-19,2.187,17.0
2020-10-20,2.162,-2.5
2020-10-21,1.988,-17.4
2020-10-22,1.911,-7.7
2020-10-23,2.161,25.0
2020-10-26,2.18,1.9
2020-10-27,2.38,20.0
2020-10-28,2.379,-0.1
2020-10-29,2.125,-25.4
2020-10-30,2.236,11.1
2020-11-02,2.322,8.6
2020-11-03,1.868,-45.4
2020-11-04,1.449,-41.9
2020-11-05,1.377,-7.2
2020-11-06,1.79,41.3
2020-11-09,2.193,40.3
2020-11-10,2.333,14.0
2020-11-11,2.314,-1.9
2020-11-12,2.521,20.7
2020-11-13,2.523,0.2
2020-11-16,2.252,-27.1
2020-11-17,1.798,-45.4
2020-11-18,1.72,-7.8
2020-11-19,1.918,19.8
2020-11-20,1.959,4.1
2020-11-23,1.839,-12.0
2020-11-24,1.828,-1.1
2020-11-25,1.578,-25.0
2020-11-26,1.298,-28.0
2020-11-27,0.836,-46.2
2020-11-30,1.115,27.9
2020-12-01,0.764,-35.1
2020-12-02,0.742,-2.2
2020-12-03,0.901,15.9
2020-12-04,1.086,18.5
2020-12-07,1.366,28.0
2020-12-08,1.302,-6.4
2020-12-09,1.065,-23.7
2020-12-10,0.979,-8.6
2020-12-11,1.431,45.2
2020-12-14,1.702,27.1
2020-12-15,1.403,-29.9
2020-12-16,0.974,-42.9
2020-12-17,1.356,38.2
2020-12-18,1.723,36.7
2020-12-21,1.489,-23.4
2020-12-22,1.015,-47.4
2020-12-23,0.623,-39.2
2020-12-24,0.609,-1.4
2020-12-25,0.793,18.4
2020-12-28,0.673,-12.0
2020-12-29,0.624,-4.9
2020-12-30,0.644,2.0
2020-12-31,1.093,44.9
2021-01-04,0.899,-19.4
2021-01-05,0.729,-17.0
2021-01-06,0.616,-11.3
2021-01-07,0.921,30.5
2021-01-08,0.965,4.4
2021-01-11,1.216,25.1
2021-01-12,1.333,11.7
2021-01-13,1.401,6.8
2021-01-14,1.675,27.4
2021-01-15,1.738,6.3
2021-01-18,2.125,38.7
2021-01-19,2.236,11.1
2021-01-20,2.457,22.1
2021-01-21,2.573,11.6
2021-01-22,2.436,-13.7
2021-01-25,2.45,1.4
2021-01-26,2.726,27.6
2021-01-27,2.97,24.4
2021-01-28,3.024,5.4
2021-01-29,3.282,25.8
2021-02-01,2.795,-48.7
2021-02-02,2.313,-48.2
2021-02-03,1.859,-45.4
2021-02-04,2.075,21.6
2021-02-05,1.909,-16.6
2021-02-07,1.573,-33.6
2021-02-08,1.906,33.3
2021-02-09,1.772,-13.4
2021-02-10,1.925,15.3
2021-02-18,2.341,41.6
2021-02-19,1.886,-45.5
2021-02-20,1.457,-42.9
2021-02-22,1.512,5.5
2021-02-23,1.984,47.2
2021-02-24,1.512,-47.2
2021-02-25,1.703,19.1
2021-02-26,2.092,38.9
2021-03-01,2.154,6.2
2021-03-02,1.775,-37.9
2021-03-03,1.471,-30.4
2021-03-04,1.926,45.5
2021-03-05,1.565,-36.1
2021-03-08,1.704,13.9
2021-03-09,2.024,32.0
2021-03-10,1.747,-27.7
2021-03-11,1.796,4.9
2021-03-12,1.787,-0.9
2021-03-15,2.245,45.8
2021-03-16,2.14,-10.5
2021-03-17,1.968,-17.2
2021-03-18,2.206,23.8
2021-03-19,2.135,-7.1
2021-03-22,2.052,-8.3
2021-03-23,1.976,-7.6
2021-03-24,1.822,-15.4
2021-03-25,2.029,20.7
2021-03-26,1.762,-26.7
2021-03-29,1.814,5.2
2021-03-30,1.825,1.1
2021-03-31,2.124,29.9
2021-04-01,2.143,1.9
2021-04-02,1.734,-40.9
2021-04-06,1.765,3.1
2021-04-07,1.824,5.9
2021-04-08,1.76,-6.4
2021-04-09,1.784,2.4
2021-04-12,1.792,0.8
2021-04-13,1.781,-1.1
2021-04-14,1.81,2.9
2021-04-15,1.81,0.0
2021-04-16,1.946,13.6
2021-04-19,2.118,17.2
2021-04-20,1.854,-26.4
2021-04-21,1.864,1.0
2021-04-22,2.127,26.3
2021-04-23,1.942,-18.5
2021-04-25,2.018,7.6
2021-04-26,2.075,5.7
2021-04-27,1.814,-26.1
2021-04-28,1.78,-3.4
2021-04-29,1.823,4.3
2021-04-30,2.285,46.2
2021-05-06,2.097,-18.8
2021-05-07,1.779,-31.8
2021-05-08,1.494,-28.5
2021-05-10,1.663,16.9
2021-05-11,1.938,27.5
2021-05-12,1.951,1.3
2021-05-13,1.966,1.5
2021-05-14,1.805,-16.1
2021-05-17,2.136,33.1
2021-05-18,2.119,-1.7
2021-05-19,2.025,-9.4
2021-05-20,2.092,6.7
2021-05-21,1.996,-9.6
2021-05-24,2.171,17.5
2021-05-25,2.194,2.3
2021-05-26,1.99,-20.4
2021-05-27,2.117,12.7
2021-05-28,2.166,4.9
2021-05-31,2.227,6.1
2021-06-01,2.187,-4.0
2021-06-02,2.04,-14.7
2021-06-03,1.852,-18.8
2021-06-04,2.175,32.3
2021-06-07,2.299,12.4
2021-06-08,2.193,-10.6
2021-06-09,2.188,-0.5
2021-06-10,1.892,-29.6
2021-06-11,1.998,10.6
2021-06-15,2.104,10.6
2021-06-16,2.006,-9.8
2021-06-17,1.876,-13.0
2021-06-18,2.014,13.8
2021-06-21,2.247,23.3
2021-06-22,2.301,5.4
2021-06-23,2.208,-9.3
2021-06-24,1.853,-35.5
2021-06-25,1.55,-30.3
2021-06-28,1.558,0.8
2021-06-29,1.795,23.7
2021-06-30,2.177,38.2
2021-07-01,1.734,-44.3
2021-07-02,1.614,-12.0
2021-07-05,1.665,5.1
2021-07-06,1.908,24.3
2021-07-07,2.068,16.0
2021-07-08,1.791,-27.7
2021-07-09,2.206,41.5
2021-07-12,1.94,-26.6
2021-07-13,2.05,11.0
2021-07-14,1.984,-6.6
2021-07-15,2.098,11.4
2021-07-16,2.115,1.7
2021-07-19,2.111,-0.4
2021-07-20,2.178,6.7
2021-07-21,2.182,0.4
2021-07-22,2.114,-6.8
2021-07-23,2.057,-5.7
2021-07-26,2.119,6.2
2021-07-27,2.27,15.1
2021-07-28,2.092,-17.8
2021-07-29,1.644,-44.8
2021-07-30,2.178,53.4
2021-08-02,1.876,-30.2
2021-08-03,1.836,-4.0
2021-08-04,1.71,-12.6
2021-08-05,1.709,-0.1
2021-08-06,1.859,15.0
2021-08-09,2.212,35.3
2021-08-10,2.25,3.8
2021-08-11,2.032,-21.8
2021-08-12,1.94,-9.2
2021-08-13,2.176,23.6
2021-08-16,2.105,-7.1
2021-08-17,1.972,-13.3
2021-08-18,1.725,-24.7
2021-08-19,1.841,11.6
2021-08-20,2.042,20.1
2021-08-23,2.143,10.1
2021-08-24,2.262,11.9
2021-08-25,2.211,-5.1
2021-08-26,2.199,-1.2
2021-08-27,2.092,-10.7
2021-08-30,1.846,-24.6
2021-08-31,2.195,34.9
2021-09-01,2.122,-7.3
2021-09-02,2.082,-4.0
2021-09-03,1.943,-13.9
2021-09-06,2.115,17.2
2021-09-07,2.187,7.2
2021-09-08,2.184,-0.3
2021-09-09,2.029,-15.5
2021-09-10,2.109,8.0
2021-09-13,2.165,5.6
2021-09-14,2.296,13.1
2021-09-15,2.137,-15.9
2021-09-16,2.21,7.3
2021-09-17,2.213,0.3
2021-09-18,2.107,-10.6
2021-09-22,2.161,5.4
2021-09-23,2.035,-12.6
2021-09-24,1.695,-34.0
2021-09-26,1.691,-0.4
2021-09-27,1.708,1.7
2021-09-28,1.946,23.8
2021-09-29,1.505,-44.1
2021-09-30,2.22,71.5
2021-10-08,2.105,-11.5
2021-10-09,1.635,-47.0
2021-10-11,2.135,50.0
2021-10-12,2.101,-3.4
2021-10-13,2.157,5.6
2021-10-14,2.106,-5.1
2021-10-15,2.065,-4.1
2021-10-18,2.131,6.6
2021-10-19,2.223,9.2
2021-10-20,2.104,-11.9
2021-10-21,1.683,-42.1
2021-10-22,1.672,-1.1
2021-10-25,1.61,-6.2
2021-10-26,1.546,-6.4
2021-10-27,1.921,37.5
2021-10-28,1.94,1.9
2021-10-29,2.142,20.2
2021-11-01,2.03,-11.2
2021-11-02,2.126,9.6
2021-11-03,2.0,-12.6
2021-11-04,1.886,-11.4
2021-11-05,1.887,0.1
2021-11-08,1.897,1.0
2021-11-09,2.137,24.0
2021-11-10,1.833,-30.4
2021-11-11,1.881,4.8
2021-11-12,1.856,-2.5
2021-11-15,1.787,-6.9
2021-11-16,1.923,13.6
2021-11-17,2.152,22.9
2021-11-18,1.932,-22.0
2021-11-19,1.998,6.6
2021-11-22,1.946,-5.2
2021-11-23,2.178,23.2
2021-11-24,1.788,-39.0
2021-11-25,1.823,3.5
2021-11-26,1.712,-11.1
2021-11-29,1.86,14.8
2021-11-30,2.173,31.3
2021-12-01,2.017,-15.6
2021-12-02,1.984,-3.3
2021-12-03,1.913,-7.1
2021-12-06,1.817,-9.6
2021-12-07,2.13,31.3
2021-12-08,2.151,2.1
2021-12-09,2.154,0.3
2021-12-10,1.807,-34.7
2021-12-13,2.108,30.1
2021-12-14,2.168,6.0
2021-12-15,2.137,-3.1
2021-12-16,2.116,-2.1
2021-12-17,1.862,-25.4
2021-12-20,1.994,13.2
2021-12-21,1.858,-13.6
2021-12-22,1.687,-17.1
2021-12-23,1.631,-5.6
2021-12-24,1.84,20.9
2021-12-27,1.778,-6.2
2021-12-28,1.616,-16.2
2021-12-29,1.343,-27.3
2021-12-30,1.276,-6.7
2021-12-31,2.129,85.3
2022-01-04,1.925,-20.4
2022-01-05,1.777,-14.8
2022-01-06,1.714,-6.3
2022-01-07,1.839,12.5
2022-01-10,1.878,3.9
2022-01-11,1.984,10.6
2022-01-12,1.972,-1.2
2022-01-13,2.218,24.6
2022-01-14,2.209,-0.9
2022-01-17,2.113,-9.6
2022-01-18,1.921,-19.2
2022-01-19,2.035,11.4
2022-01-20,2.035,0.0
2022-01-21,2.063,2.8
2022-01-24,1.935,-12.8
2022-01-25,1.931,-0.4
2022-01-26,1.74,-19.1
2022-01-27,1.614,-12.6
2022-01-28,1.2,-41.4
2022-01-29,1.255,5.5
2022-01-30,2.155,90.0
2022-02-07,2.112,-4.3
2022-02-08,2.044,-6.8
2022-02-09,1.728,-31.6
2022-02-10,1.673,-5.5
2022-02-11,1.812,13.9
2022-02-14,1.866,5.4
2022-02-15,1.807,-5.9
2022-02-16,1.942,13.5
2022-02-17,1.855,-8.7
2022-02-18,2.11,25.5
2022-02-21,2.195,8.5
2022-02-22,2.039,-15.6
2022-02-23,2.043,0.4
2022-02-24,2.197,15.4
2022-02-25,2.231,3.4
2022-02-28,2.234,0.3
2022-03-01,1.801,-43.3
2022-03-02,1.887,8.6
2022-03-03,1.729,-15.8
2022-03-04,1.902,17.3
2022-03-07,2.039,13.7
2022-03-08,2.056,1.7
2022-03-09,2.024,-3.2
2022-03-10,2.025,0.1
2022-03-11,2.051,2.6
2022-03-14,2.063,1.2
2022-03-15,2.063,0.0
2022-03-16,2.04,-2.3
2022-03-17,2.009,-3.1
2022-03-18,1.992,-1.7
2022-03-21,2.015,2.3
2022-03-22,1.946,-6.9
2022-03-23,2.003,5.7
2022-03-24,2.005,0.2
2022-03-25,2.001,-0.4
2022-03-28,1.946,-5.5
2022-03-29,1.727,-21.9
2022-03-30,1.557,-17.0
2022-03-31,2.011,45.4
2022-04-01,1.604,-40.7
2022-04-02,1.308,-29.6
2022-04-06,1.848,54.0
2022-04-07,1.825,-2.3
2022-04-08,1.751,-7.4
2022-04-11,1.856,10.5
2022-04-12,1.772,-8.4
2022-04-13,1.665,-10.7
2022-04-14,1.552,-11.3
2022-04-15,1.339,-21.3
2022-04-18,1.403,6.4
2022-04-19,1.294,-10.9
2022-04-20,1.303,0.9
2022-04-21,1.294,-0.9
2022-04-22,1.255,-3.9
2022-04-24,1.302,4.7
2022-04-25,1.303,0.1
2022-04-26,1.306,0.3
2022-04-27,1.303,-0.3
2022-04-28,1.301,-0.2
2022-04-29,1.838,53.7
2022-05-05,1.783,-5.5
2022-05-06,1.351,-43.2
2022-05-07,1.294,-5.7
2022-05-09,1.309,1.5
2022-05-10,1.305,-0.4
2022-05-11,1.325,2.0
2022-05-12,1.309,-1.6
2022-05-13,1.31,0.1
2022-05-16,1.311,0.1
2022-05-17,1.325,1.4
2022-05-18,1.326,0.1
2022-05-19,1.414,8.8
2022-05-20,1.322,-9.2
2022-05-23,1.323,0.1
2022-05-24,1.325,0.2
2022-05-25,1.347,2.2
2022-05-26,1.364,1.7
2022-05-27,1.381,1.7
2022-05-30,1.405,2.4
2022-05-31,1.588,18.3
2022-06-01,1.413,-17.5
2022-06-02,1.432,1.9
2022-06-06,1.454,2.2
2022-06-07,1.421,-3.3
2022-06-08,1.419,-0.2
2022-06-09,1.414,-0.5
2022-06-10,1.403,-1.1
2022-06-13,1.408,0.5
2022-06-14,1.413,0.5
2022-06-15,1.413,0.0
2022-06-16,1.413,0.0
2022-06-17,1.414,0.1
2022-06-20,1.418,0.4
2022-06-21,1.438,2.0
2022-06-22,1.444,0.6
2022-06-23,1.437,-0.7
2022-06-24,1.435,-0.2
2022-06-27,1.438,0.3
2022-06-28,1.438,0.0
2022-06-29,1.372,-6.6
2022-06-30,1.901,52.9
2022-07-01,1.441,-46.0
2022-07-04,1.418,-2.3
2022-07-05,1.367,-5.1
2022-07-06,1.21,-15.7
2022-07-07,1.222,1.2
2022-07-08,1.216,-0.6
2022-07-11,1.223,0.7
2022-07-12,1.211,-1.2
2022-07-13,1.219,0.8
2022-07-14,1.195,-2.4
2022-07-15,1.211,1.6
2022-07-18,1.218,0.7
2022-07-19,1.242,2.4
2022-07-20,1.27,2.8
2022-07-21,1.254,-1.6
2022-07-22,1.194,-6.0
2022-07-25,1.074,-12.0
2022-07-26,1.018,-5.6
2022-07-27,1.008,-1.0
2022-07-28,1.014,0.6
2022-07-29,1.254,24.0
2022-08-01,1.177,-7.7
2022-08-02,1.076,-10.1
2022-08-03,1.026,-5.0
2022-08-04,1.025,-0.1
2022-08-05,1.019,-0.6
2022-08-08,1.013,-0.6
2022-08-09,1.018,0.5
2022-08-10,1.068,5.0
2022-08-11,1.03,-3.8
2022-08-12,1.044,1.4
2022-08-15,1.043,-0.1
2022-08-16,1.075,3.2
2022-08-17,1.138,6.3
2022-08-18,1.187,4.9
2022-08-19,1.211,2.4
2022-08-22,1.1433,-6.77
2022-08-23,1.109,-3.43
2022-08-24,1.122,1.3
2022-08-25,1.153,3.1
2022-08-26,1.258,10.5
2022-08-29,1.235,-2.3
2022-08-30,1.124,-11.1
2022-08-31,1.401,27.7
2022-09-01,1.463,6.2
2022-09-02,1.175,-28.8
2022-09-05,1.033,-14.2
2022-09-06,1.069,3.6
2022-09-07,1.113,4.4
2022-09-08,1.159,4.6
2022-09-09,1.173,1.4
2022-09-13,1.171,-0.2
2022-09-14,1.173,0.2
2022-09-15,1.226,5.3
2022-09-16,1.294,6.8
2022-09-19,1.41,11.6
2022-09-20,1.458,4.8
2022-09-21,1.468,1.0
2022-09-22,1.461,-0.7
2022-09-23,1.465,0.4
2022-09-26,1.429,-3.6
2022-09-27,1.399,-3.0
2022-09-28,1.27,-12.9
2022-09-29,0.964,-30.6
2022-09-30,2.081,111.7
2022-10-08,1.652,-42.9
2022-10-09,1.178,-47.4
2022-10-10,1.11,-6.8
2022-10-11,1.183,7.3
2022-10-12,1.155,-2.8
2022-10-13,1.182,2.7
2022-10-14,1.133,-4.9
2022-10-17,1.167,3.4
2022-10-18,1.134,-3.3
2022-10-19,1.116,-1.8
2022-10-20,1.154,3.8
2022-10-21,1.23,7.6
2022-10-24,1.394,16.4
2022-10-25,1.763,36.9
2022-10-26,1.775,1.2
2022-10-27,1.764,-1.1
2022-10-28,1.327,-43.7
2022-10-31,1.739,41.2
2022-11-01,1.843,10.4
2022-11-02,1.755,-8.8
2022-11-03,1.324,-43.1
2022-11-04,1.386,6.2
2022-11-07,1.62,23.4
2022-11-08,1.756,13.6
2022-11-09,1.808,5.2
2022-11-10,1.826,1.8
2022-11-11,1.704,-12.2
2022-11-14,1.646,-5.8
2022-11-15,1.853,20.7
2022-11-16,1.936,8.3
2022-11-17,1.699,-23.7
2022-11-18,1.364,-33.5
2022-11-21,1.139,-22.5
2022-11-22,0.871,-26.8
2022-11-23,1.039,16.8
2022-11-24,1.044,0.5
2022-11-25,1.021,-2.3
2022-11-28,1.033,1.2
2022-11-29,1.023,-1.0
2022-11-30,1.515,49.2
2022-12-01,1.458,-5.7
2022-12-02,1.157,-30.1
2022-12-05,1.08,-7.7
2022-12-06,1.043,-3.7
2022-12-07,1.007,-3.6
2022-12-08,1.064,5.7
2022-12-09,1.071,0.7
2022-12-12,1.052,-1.9
2022-12-13,1.032,-2.0
2022-12-14,1.199,16.7
2022-12-15,1.223,2.4
2022-12-16,1.224,0.1
2022-12-19,1.217,-0.7
2022-12-20,1.166,-5.1
2022-12-21,0.921,-24.5
2022-12-22,0.783,-13.8
2022-12-23,0.585,-19.8
2022-12-26,0.82,23.5
2022-12-27,0.632,-18.8
2022-12-28,0.522,-11.0
2022-12-29,0.441,-8.1
2022-12-30,1.957,151.6
2023-01-03,1.475,-48.2
2023-01-04,1.003,-47.2
2023-01-05,0.574,-42.9
2023-01-06,0.539,-3.5
2023-01-09,0.671,13.2
2023-01-10,1.116,44.5
2023-01-11,1.426,31.0
2023-01-12,1.465,3.9
2023-01-13,1.242,-22.3
2023-01-16,1.568,32.6
2023-01-17,1.852,28.4
2023-01-18,1.933,8.1
2023-01-19,1.656,-27.7
2023-01-20,1.834,17.8
2023-01-28,1.432,-40.2
2023-01-29,1.202,-23.0
2023-01-30,1.411,20.9
2023-01-31,1.988,57.7
2023-02-01,2.119,13.1
2023-02-02,1.635,-48.4
2023-02-03,1.262,-37.3
2023-02-06,1.782,52.0
2023-02-07,2.241,45.9
2023-02-08,2.365,12.4
2023-02-09,2.318,-4.7
2023-02-10,1.865,-45.3
2023-02-13,1.412,-45.3
2023-02-14,1.576,16.4
2023-02-15,1.902,32.6
2023-02-16,2.005,10.3
2023-02-17,2.115,11.0
2023-02-20,2.157,4.2
2023-02-21,2.195,3.8
2023-02-22,1.765,-43.0
2023-02-23,1.475,-29.0
2023-02-24,1.433,-4.2
2023-02-27,1.817,38.4
2023-02-28,2.083,26.6
2023-03-01,2.087,0.4
2023-03-02,1.62,-46.7
2023-03-03,1.291,-32.9
2023-03-06,1.231,-6.0
2023-03-07,1.436,20.5
2023-03-08,1.648,21.2
2023-03-09,1.373,-27.5
2023-03-10,1.829,45.6
2023-03-13,1.614,-21.5
2023-03-14,1.829,21.5
2023-03-15,2.109,28.0
2023-03-16,2.294,18.5
2023-03-17,2.262,-3.2
2023-03-20,2.273,1.1
2023-03-21,2.459,18.6
2023-03-22,2.024,-43.5
2023-03-23,1.558,-46.6
2023-03-24,1.288,-27.0
2023-03-27,1.106,-18.2
2023-03-28,1.121,1.5
2023-03-29,0.901,-22.0
2023-03-30,0.836,-6.5
2023-03-31,1.838,100.2
2023-04-03,1.354,-48.4
2023-04-04,1.103,-25.1
2023-04-06,1.34,23.7
2023-04-07,1.374,3.4
2023-04-10,1.324,-5.0
2023-04-11,1.421,9.7
2023-04-12,1.39,-3.1
2023-04-13,1.326,-6.4
2023-04-14,1.605,27.9
2023-04-17,1.818,21.3
2023-04-18,2.047,22.9
2023-04-19,2.13,8.3
2023-04-20,2.207,7.7
2023-04-21,2.272,6.5
2023-04-23,1.806,-46.6
2023-04-24,1.599,-20.7
2023-04-25,1.683,8.4
2023-04-26,1.217,-46.6
2023-04-27,0.868,-34.9
2023-04-28,2.134,126.6
2023-05-04,1.658,-47.6
2023-05-05,1.234,-42.4
2023-05-06,1.095,-13.9
2023-05-08,1.408,31.3
2023-05-09,1.239,-16.9
2023-05-10,1.11,-12.9
2023-05-11,1.102,-0.8
2023-05-12,1.32,21.8
2023-05-15,1.523,20.3
2023-05-16,1.476,-4.7
2023-05-17,1.54,6.4
2023-05-18,1.463,-7.7
2023-05-19,1.408,-5.5
2023-05-22,1.276,-13.2
2023-05-23,1.224,-5.2
2023-05-24,1.271,4.7
2023-05-25,1.578,30.7
2023-05-26,1.438,-14.0
2023-05-29,1.37,-6.8
2023-05-30,1.296,-7.4
2023-05-31,1.716,42.0
2023-06-01,1.74,2.4
2023-06-02,1.307,-43.3
2023-06-05,1.23,-7.7
2023-06-06,1.275,4.5
2023-06-07,1.404,12.9
2023-06-08,1.339,-6.5
2023-06-09,1.251,-8.8
2023-06-12,1.289,3.8
2023-06-13,1.673,38.4
2023-06-14,1.321,-35.2
2023-06-15,1.43,10.9
2023-06-16,1.92,49.0
2023-06-19,2.228,30.8
2023-06-20,1.989,-23.9
2023-06-21,1.844,-14.5
2023-06-25,1.413,-43.1
2023-06-26,1.15,-26.3
2023-06-27,1.112,-3.8
2023-06-28,1.107,-0.5
2023-06-29,1.086,-2.1
2023-06-30,1.484,39.8
2023-07-03,1.056,-42.8
2023-07-04,1.188,13.2
2023-07-05,1.117,-7.1
2023-07-06,1.048,-6.9
2023-07-07,1.104,5.6
2023-07-10,1.154,5.0
2023-07-11,1.183,2.9
2023-07-12,1.235,5.2
2023-07-13,1.439,20.4
2023-07-14,1.332,-10.7
2023-07-17,1.312,-2.0
2023-07-18,1.531,21.9
2023-07-19,1.65,11.9
2023-07-20,1.558,-9.2
2023-07-21,1.531,-2.7
2023-07-24,1.534,0.3
2023-07-25,1.516,-1.8
2023-07-26,1.459,-5.7
2023-07-27,1.396,-6.3
2023-07-28,1.473,7.7
2023-07-31,1.847,37.4
2023-08-01,1.558,-28.9
2023-08-02,1.301,-25.7
2023-08-03,1.083,-21.8
2023-08-04,1.141,5.8
2023-08-07,1.518,37.7
2023-08-08,1.361,-15.7
2023-08-09,1.541,18.0
2023-08-10,1.34,-20.1
2023-08-11,1.331,-0.9
2023-08-14,1.684,35.3
2023-08-15,1.77,8.6
2023-08-16,1.833,6.3
2023-08-17,1.842,0.9
2023-08-18,1.946,10.4
2023-08-21,1.937,-0.9
2023-08-22,1.818,-11.9
2023-08-23,1.738,-8.0
2023-08-24,1.569,-16.9
2023-08-25,1.819,25.0
2023-08-28,1.91,9.1
2023-08-29,1.973,6.3
2023-08-30,1.911,-6.2
2023-08-31,1.865,-4.6
2023-09-01,1.677,-18.8
2023-09-04,1.528,-14.9
2023-09-05,1.39,-13.8
2023-09-06,1.493,10.3
2023-09-07,1.84,34.7
2023-09-08,1.893,5.3
2023-09-11,1.906,1.3
2023-09-12,1.834,-7.2
2023-09-13,1.524,-31.0
2023-09-14,1.766,24.2
2023-09-15,1.763,-0.3
2023-09-18,1.912,14.9
2023-09-19,1.837,-7.5
2023-09-20,2.038,20.1
2023-09-21,1.884,-15.4
2023-09-22,1.727,-15.7
2023-09-25,1.694,-3.3
2023-09-26,1.741,4.7
2023-09-27,1.706,-3.5
2023-09-28,2.155,44.9
2023-10-07,1.701,-45.4
2023-10-08,1.597,-10.4
2023-10-09,1.73,13.3
2023-10-10,1.827,9.7
2023-10-11,1.864,3.7
2023-10-12,1.81,-5.4
2023-10-13,1.741,-6.9
2023-10-16,1.722,-1.9
2023-10-17,1.814,9.2
2023-10-18,1.835,2.1
2023-10-19,1.859,2.4
2023-10-20,1.907,4.8
2023-10-23,1.931,2.4
2023-10-24,1.877,-5.4
2023-10-25,1.952,7.5
2023-10-26,1.65,-30.2
2023-10-27,1.626,-2.4
2023-10-30,1.695,6.9
2023-10-31,1.75,5.5
2023-11-01,1.789,3.9
2023-11-02,1.494,-29.5
2023-11-03,1.623,12.9
2023-11-06,1.579,-4.4
2023-11-07,1.637,5.8
2023-11-08,1.73,9.3
2023-11-09,1.647,-8.3
2023-11-10,1.701,5.4
2023-11-13,1.754,5.3
2023-11-14,1.913,15.9
2023-11-15,1.863,-5.0
2023-11-16,1.907,4.4
2023-11-17,1.8822,-2.48
2023-11-20,1.897,1.48
2023-11-21,1.89,-0.7
2023-11-22,1.899,0.9
2023-11-23,1.896,-0.3
2023-11-24,1.837,-5.9
2023-11-27,1.809,-2.8
2023-11-28,1.711,-9.8
2023-11-29,1.608,-10.3
2023-11-30,1.858,25.0
2023-12-01,1.618,-24.0
2023-12-04,1.724,10.6
2023-12-05,1.714,-1.0
2023-12-06,1.606,-10.8
2023-12-07,1.619,1.3
2023-12-08,1.63,1.1
2023-12-11,1.755,12.5
2023-12-12,1.761,0.6
2023-12-13,1.634,-12.7
2023-12-14,1.628,-0.6
2023-12-15,1.594,-3.4
2023-12-18,1.623,2.9
2023-12-19,1.57,-5.3
2023-12-20,1.592,2.2
2023-12-21,1.711,11.9
2023-12-22,1.616,-9.5
2023-12-25,1.592,-2.4
2023-12-26,1.494,-9.8
2023-12-27,1.467,-2.7
2023-12-28,1.429,-3.8
2023-12-29,1.746,31.7
2024-01-02,1.586,-16.0
2024-01-03,1.604,1.8
2024-01-04,1.589,-1.5
2024-01-05,1.588,-0.1
2024-01-08,1.585,-0.3
2024-01-09,1.582,-0.3
2024-01-10,1.588,0.6
2024-01-11,1.627,3.9
2024-01-12,1.678,5.1
2024-01-15,1.677,-0.1
2024-01-16,1.745,6.8
2024-01-17,1.832,8.7
2024-01-18,1.734,-9.8
2024-01-19,1.724,-1.0
2024-01-22,1.76,3.6
2024-01-23,1.76,0.0
2024-01-24,1.808,4.8
2024-01-25,1.844,3.6
2024-01-26,1.82,-2.4
2024-01-29,1.731,-8.9
2024-01-30,1.618,-11.3
2024-01-31,1.708,9.0
2024-02-01,1.676,-3.2
2024-02-02,1.719,4.3
2024-02-04,1.711,-0.8
2024-02-05,1.68,-3.1
2024-02-06,1.727,4.7
2024-02-07,1.716,-1.1
2024-02-08,1.697,-1.9
2024-02-09,1.853,15.6
2024-02-18,1.699,-15.4
2024-02-19,1.607,-9.2
2024-02-20,1.63,2.3
2024-02-21,1.698,6.8
2024-02-22,1.635,-6.3
2024-02-23,1.747,11.2
2024-02-26,1.779,3.2
2024-02-27,1.819,4.0
2024-02-28,1.7056,-11.34
2024-02-29,1.639,-6.66
2024-03-01,1.694,5.5
2024-03-04,1.711,1.7
2024-03-05,1.719,0.8
2024-03-06,1.713,-0.6
2024-03-07,1.713,0.0
2024-03-08,1.72,0.7
2024-03-11,1.731,1.1
2024-03-12,1.721,-1.0
2024-03-13,1.735,1.4
2024-03-14,1.746,1.1
2024-03-15,1.766,2.0
2024-03-18,1.746,-2.0
2024-03-19,1.754,0.8
2024-03-20,1.765,1.1
2024-03-21,1.771,0.6
2024-03-22,1.772,0.1
2024-03-25,1.774,0.2
2024-03-26,1.77,-0.4
2024-03-27,1.77,0.0
2024-03-28,1.734,-3.6
2024-03-29,1.718,-1.6
2024-04-01,1.728,1.0
2024-04-02,1.704,-2.4
2024-04-03,1.685,-1.9
2024-04-07,1.708,2.3
2024-04-08,1.711,0.3
2024-04-09,1.718,0.7
2024-04-10,1.722,0.4
2024-04-11,1.721,-0.1
2024-04-12,1.717,-0.4
2024-04-15,1.716,-0.1
2024-04-16,1.715,-0.1
2024-04-17,1.723,0.8
2024-04-18,1.776,5.3
2024-04-19,1.797,2.1
2024-04-22,1.78,-1.7
2024-04-23,1.788,0.8
2024-04-24,1.784,-0.4
2024-04-25,1.846,6.2
2024-04-26,1.879,3.3
2024-04-28,1.806,-7.3
2024-04-29,1.823,1.7
2024-04-30,1.921,9.8
2024-05-06,1.777,-14.4
2024-05-07,1.744,-3.3
2024-05-08,1.837,9.3
2024-05-09,1.727,-11.0
2024-05-10,1.733,0.6
2024-05-11,1.724,-0.9
2024-05-13,1.781,5.7
2024-05-14,1.769,-1.2
2024-05-15,1.727,-4.2
2024-05-16,1.724,-0.3
2024-05-17,1.719,-0.5
2024-05-20,1.719,0.0
2024-05-21,1.758,3.9
2024-05-22,1.779,2.1
2024-05-23,1.769,-1.0
2024-05-24,1.766,-0.3
2024-05-27,1.767,0.1
2024-05-28,1.81,4.3
2024-05-29,1.849,3.9
2024-05-30,1.746,-10.3
2024-05-31,1.805,5.9
2024-06-03,1.723,-8.2
2024-06-04,1.663,-6.0
2024-06-05,1.664,0.1
2024-06-06,1.656,-0.8
2024-06-07,1.719,6.3
2024-06-11,1.679,-4.0
2024-06-12,1.68,0.1
2024-06-13,1.723,4.3
2024-06-14,1.732,0.9
2024-06-17,1.783,5.1
2024-06-18,1.829,4.6
2024-06-19,1.853,2.4
2024-06-20,1.877,2.4
2024-06-21,1.96,8.3
2024-06-24,1.98,2.0
2024-06-25,1.964,-1.6
2024-06-26,1.976,1.2
2024-06-27,1.879,-9.7
2024-06-28,1.889,1.0
2024-07-01,1.749,-14.0
2024-07-02,1.715,-3.4
2024-07-03,1.688,-2.7
2024-07-04,1.712,2.4
2024-07-05,1.764,5.2
2024-07-08,1.754,-1.0
2024-07-09,1.679,-7.5
2024-07-10,1.64,-3.9
2024-07-11,1.67,3.0
2024-07-12,1.668,-0.2
2024-07-15,1.78,11.2
2024-07-16,1.894,11.4
2024-07-17,1.913,1.9
2024-07-18,1.933,2.0
2024-07-19,1.855,-7.8
2024-07-22,1.647,-20.8
2024-07-23,1.736,8.9
2024-07-24,1.739,0.3
2024-07-25,1.764,2.5
2024-07-26,1.689,-7.5
2024-07-29,1.631,-5.8
2024-07-30,1.639,0.8
2024-07-31,1.782,14.3
2024-08-01,1.608,-17.4
2024-08-02,1.573,-3.5
2024-08-05,1.585,1.2
2024-08-06,1.583,-0.2
2024-08-07,1.617,3.4
2024-08-08,1.681,6.4
2024-08-09,1.778,9.7
2024-08-12,1.951,17.3
2024-08-13,1.928,-2.3
2024-08-14,1.842,-8.6
2024-08-15,1.754,-8.8
2024-08-16,1.7,-5.4
2024-08-19,1.682,-1.8
2024-08-20,1.712,3.0
2024-08-21,1.722,1.0
2024-08-22,1.765,4.3
2024-08-23,1.801,3.6
2024-08-26,1.862,6.1
2024-08-27,1.667,-19.5
2024-08-28,1.52,-14.7
2024-08-29,1.514,-0.6
2024-08-30,1.529,1.5
2024-09-02,1.516,-1.3
2024-09-03,1.568,5.2
2024-09-04,1.529,-3.9
2024-09-05,1.578,4.9
2024-09-06,1.716,13.8
2024-09-09,1.8,8.4
2024-09-10,1.955,15.5
2024-09-11,1.773,-18.2
2024-09-12,1.777,0.4
2024-09-13,1.656,-12.1
2024-09-14,1.611,-4.5
2024-09-18,1.744,13.3
2024-09-19,1.879,13.5
2024-09-20,1.932,5.3
2024-09-23,1.921,-1.1
2024-09-24,1.785,-13.6
2024-09-25,1.643,-14.2
2024-09-26,1.608,-3.5
2024-09-27,1.401,-20.7
2024-09-29,1.336,-6.5
2024-09-30,1.514,17.8
2024-10-08,1.509,-0.5
2024-10-09,1.618,10.9
2024-10-10,1.527,-9.1
2024-10-11,1.406,-12.1
2024-10-12,1.306,-10.0
2024-10-14,1.418,11.2
2024-10-15,1.407,-1.1
2024-10-16,1.46,5.3
2024-10-17,1.425,-3.5
2024-10-18,1.399,-2.6
2024-10-21,1.474,7.5
2024-10-22,1.477,0.3
2024-10-23,1.49,1.3
2024-10-24,1.53,4.0
2024-10-25,1.507,-2.3
2024-10-28,1.495,-1.2
2024-10-29,1.439,-5.6
2024-10-30,1.394,-4.5
2024-10-31,1.364,-3.0
2024-11-01,1.36,-0.4
2024-11-04,1.346,-1.4
2024-11-05,1.338,-0.8
2024-11-06,1.33,-0.8
2024-11-07,1.319,-1.1
2024-11-08,1.461,14.2
2024-11-11,1.443,-1.8
2024-11-12,1.525,8.2
2024-11-13,1.465,-6.0
2024-11-14,1.456,-0.9
2024-11-15,1.47,1.4
2024-11-18,1.47,0.0
2024-11-19,1.48,1.0
2024-11-20,1.47,-1.0
2024-11-21,1.455,-1.5
2024-11-22,1.456,0.1
2024-11-25,1.464,0.8
2024-11-26,1.43,-3.4
2024-11-27,1.385,-4.5
2024-11-28,1.329,-5.6
2024-11-29,1.319,-1.0
2024-12-02,1.414,9.5
2024-12-03,1.337,-7.7
2024-12-04,1.381,4.4
2024-12-05,1.479,9.8
2024-12-06,1.478,-0.1
2024-12-09,1.516,3.8
2024-12-10,1.47,-4.6
2024-12-11,1.528,5.8
2024-12-12,1.482,-4.6
2024-12-13,1.404,-7.8
2024-12-16,1.421,1.7
2024-12-17,1.425,0.4
2024-12-18,1.428,0.3
2024-12-19,1.424,-0.4
2024-12-20,1.414,-1.0
2024-12-23,1.31,-10.4
2024-12-24,1.321,1.1
2024-12-25,1.365,4.4
2024-12-26,1.386,2.1
2024-12-27,1.388,0.2
2024-12-30,1.367,-2.1
2024-12-31,1.454,8.7
2025-01-02,1.532,7.8
2025-01-03,1.618,8.6
2025-01-06,1.454,-16.4
2025-01-07,1.483,2.9
2025-01-08,1.523,4.0
2025-01-09,1.547,2.4
2025-01-10,1.643,9.6
2025-01-13,1.823,18.0
2025-01-14,1.965,14.2
2025-01-15,1.832,-13.3
2025-01-16,1.833,0.1
2025-01-17,1.848,1.5
2025-01-20,1.835,-1.3
2025-01-21,1.779,-5.6
2025-01-22,1.78,0.1
2025-01-23,1.764,-1.6
2025-01-24,1.77,0.6
2025-01-26,1.669,-10.1
2025-01-27,1.708,3.9
2025-02-05,1.793,8.5
2025-02-06,1.792,-0.1
2025-02-07,1.816,2.4
2025-02-08,1.769,-4.7
2025-02-10,1.841,7.2
2025-02-11,1.919,7.8
2025-02-12,1.832,-8.7
2025-02-13,1.827,-0.5
2025-02-14,1.889,6.2
2025-02-17,1.893,0.4
2025-02-18,1.933,4.0
2025-02-19,1.915,-1.8
2025-02-20,1.919,0.4
2025-02-21,1.931,1.2
2025-02-24,1.866,-6.5
2025-02-25,1.862,-0.4
2025-02-26,1.875,1.3
2025-02-27,1.867,-0.8
2025-02-28,1.865,-0.2
2025-03-03,1.816,-4.9
2025-03-04,1.686,-13.0
2025-03-05,1.755,6.9
2025-03-06,1.79,3.5
2025-03-07,1.801,1.1
2025-03-10,1.819,1.8
2025-03-11,1.782,-3.7
2025-03-12,1.758,-2.4
2025-03-13,1.771,1.3
2025-03-14,1.811,4.0
2025-03-17,1.805,-0.6
2025-03-18,1.785,-2.0
2025-03-19,1.763,-2.2
2025-03-20,1.785,2.2
2025-03-21,1.76,-2.5
2025-03-24,1.75,-1.0
2025-03-25,1.775,2.5
2025-03-26,1.785,1.0
2025-03-27,1.738,-4.7
2025-03-28,1.728,-1.0
2025-03-31,1.739,1.1
2025-04-01,1.823,8.4
2025-04-02,1.756,-6.7
2025-04-03,1.617,-13.9
2025-04-07,1.79,17.3
2025-04-08,1.744,-4.6
2025-04-09,1.741,-0.3
2025-04-10,1.607,-13.4
2025-04-11,1.609,0.2
2025-04-14,1.644,3.5
2025-04-15,1.701,5.7
2025-04-16,1.708,0.7
2025-04-17,1.634,-7.4
2025-04-18,1.66,2.6
2025-04-21,1.716,5.6
2025-04-22,1.709,-0.7
2025-04-23,1.626,-8.3
2025-04-24,1.61,-1.6
2025-04-25,1.567,-4.3
2025-04-27,1.606,3.9
2025-04-28,1.603,-0.3
2025-04-29,1.541,-6.2
2025-04-30,1.76,21.9
2025-05-06,1.702,-5.8
2025-05-07,1.657,-4.5
2025-05-08,1.539,-11.8
2025-05-09,1.497,-4.2
2025-05-12,1.422,-7.5
2025-05-13,1.406,-1.6
2025-05-14,1.405,-0.1
2025-05-15,1.404,-0.1
2025-05-16,1.654,25.0
2025-05-19,1.537,-11.7
2025-05-20,1.509,-2.8
2025-05-21,1.509,0.0
2025-05-22,1.465,-4.4
2025-05-23,1.565,10.0
2025-05-26,1.506,-5.9
2025-05-27,1.452,-5.4
2025-05-28,1.411,-4.1
2025-05-29,1.411,0.0
2025-05-30,1.471,6.0
2025-06-03,1.41,-6.1
2025-06-04,1.408,-0.2
2025-06-05,1.408,0.0
2025-06-06,1.411,0.3
2025-06-09,1.378,-3.3
2025-06-10,1.362,-1.6
2025-06-11,1.361,-0.1
2025-06-12,1.367,0.6
2025-06-13,1.411,4.4
2025-06-16,1.388,-2.3
2025-06-17,1.369,-1.9
2025-06-18,1.366,-0.3
2025-06-19,1.367,0.1
2025-06-20,1.368,0.1
2025-06-23,1.367,-0.1
2025-06-24,1.37,0.3
2025-06-25,1.371,0.1
2025-06-26,1.37,-0.1
2025-06-27,1.371,0.1
2025-06-30,1.422,5.1
2025-07-01,1.367,-5.5
2025-07-02,1.365,-0.2
2025-07-03,1.315,-5.0
2025-07-04,1.313,-0.2
2025-07-07,1.312,-0.1
2025-07-08,1.312,0.0
2025-07-09,1.313,0.1
2025-07-10,1.316,0.3
2025-07-11,1.333,1.7
2025-07-14,1.415,8.2
2025-07-15,1.535,12.0
2025-07-16,1.466,-6.9
2025-07-17,1.463,-0.3
2025-07-18,1.462,-0.1
2025-07-21,1.366,-9.6
2025-07-22,1.317,-4.9
2025-07-23,1.367,5.0
2025-07-24,1.635,26.8
2025-07-25,1.52,-11.5
2025-07-28,1.467,-5.3
2025-07-29,1.366,-10.1
2025-07-30,1.317,-4.9
2025-07-31,1.392,7.5
2025-08-01,1.315,-7.7
2025-08-04,1.314,-0.1
2025-08-05,1.315,0.1
2025-08-06,1.316,0.1
2025-08-07,1.315,-0.1
2025-08-08,1.3144,-0.06
2025-08-11,1.315,0.06
2025-08-12,1.315,0.0
2025-08-13,1.315,0.0
2025-08-14,1.315,0.0
2025-08-15,1.398,8.3
2025-08-18,1.436,3.8
2025-08-19,1.464,2.8
2025-08-20,1.473,0.9
2025-08-21,1.466,-0.7
2025-08-22,1.418,-4.8
2025-08-25,1.356,-6.2
2025-08-26,1.317,-3.9
2025-08-27,1.315,-0.2
2025-08-28,1.316,0.1
2025-08-29,1.331,1.5
2025-09-01,1.315,-1.6
2025-09-02,1.314,-0.1
2025-09-03,1.316,0.2
2025-09-04,1.316,0.0
2025-09-05,1.316,0.0
2025-09-08,1.353,3.7
2025-09-09,1.419,6.6
2025-09-10,1.425,0.6
2025-09-11,1.369,-5.6
2025-09-12,1.367,-0.2
2025-09-15,1.408,4.1
2025-09-16,1.437,2.9
2025-09-17,1.483,4.6
2025-09-18,1.514,3.1
2025-09-19,1.461,-5.3
2025-09-22,1.427,-3.4
2025-09-23,1.413,-1.4
2025-09-24,1.434,2.1
2025-09-25,1.472,3.8
2025-09-26,1.321,-15.1
2025-09-28,1.314,-0.7
2025-09-29,1.315,0.1
2025-09-30,1.379,6.4
2025-10-09,1.322,-5.7
2025-10-10,1.319,-0.3
2025-10-11,1.314,-0.5
2025-10-13,1.314,0.0
2025-10-14,1.315,0.1
2025-10-15,1.316,0.1
2025-10-16,1.316,0.0
2025-10-17,1.318,0.2
2025-10-20,1.317,-0.1
2025-10-21,1.317,0.0
2025-10-22,1.318,0.1
2025-10-23,1.318,0.0
2025-10-24,1.32,0.2
2025-10-27,1.442,12.2
2025-10-28,1.469,2.7
2025-10-29,1.414,-5.5
2025-10-30,1.317,-9.7
2025-10-31,1.321,0.4
2025-11-03,1.316,-0.5
2025-11-04,1.315,-0.1
2025-11-05,1.315,0.0
2025-11-06,1.313,-0.2
2025-11-07,1.327,1.4
2025-11-10,1.479,15.2
2025-11-11,1.508,2.9
2025-11-12,1.415,-9.3
2025-11-13,1.315,-10.0
2025-11-14,1.363,4.8
2025-11-17,1.508,14.5
2025-11-18,1.525,1.7
2025-11-19,1.42,-10.5
2025-11-20,1.364,-5.6
2025-11-21,1.32,-4.4
2025-11-24,1.316,-0.4
2025-11-25,1.316,0.0
2025-11-26,1.316,0.0
2025-11-27,1.314,-0.2
2025-11-28,1.301,-1.3
2025-12-01,1.307,0.6
2025-12-02,1.302,-0.5
2025-12-03,1.301,-0.1
2025-12-04,1.302,0.1
2025-12-05,1.301,-0.1
2025-12-08,1.302,0.1
2025-12-09,1.303,0.1
2025-12-10,1.298,-0.5
2025-12-11,1.283,-1.5
2025-12-12,1.279,-0.4
2025-12-15,1.274,-0.5
2025-12-16,1.276,0.2
2025-12-17,1.275,-0.1
2025-12-18,1.273,-0.2
2025-12-19,1.2733,0.03
2025-12-22,1.272,-0.13
2025-12-23,1.272,0.0
2025-12-24,1.267,-0.5
2025-12-25,1.262,-0.5
2025-12-26,1.258,-0.4
2025-12-29,1.248,-1.0
2025-12-30,1.247,-0.1
2025-12-31,1.327,8.0
2026-01-04,1.258,-6.9
2026-01-05,1.264,0.6
2026-01-06,1.263,-0.1
2026-01-07,1.266,0.3
2026-01-08,1.27,0.4
2026-01-09,1.272,0.2
2026-01-12,1.316,4.4
2026-01-13,1.391,7.5
2026-01-14,1.39,-0.1
2026-01-15,1.374,-1.6
2026-01-16,1.325,-4.9
2026-01-19,1.318,-0.7
2026-01-20,1.374,5.6
2026-01-21,1.322,-5.2
2026-01-22,1.413,9.1
2026-01-23,1.396,-1.7
2026-01-26,1.42,2.4
2026-01-27,1.371,-4.9
2026-01-28,1.366,-0.5
2026-01-29,1.368,0.2
2026-01-30,1.328,-4.0
2026-02-02,1.365,3.7
2026-02-03,1.317,-4.8
2026-02-04,1.318,0.1
2026-02-05,1.319,0.1
2026-02-06,1.277,-4.2
2026-02-09,1.27,-0.7
2026-02-10,1.362,9.2
2026-02-11,1.366,0.4
2026-02-12,1.368,0.2
2026-02-13,1.271,-9.7
2026-02-14,1.3156,4.46
2026-02-24,1.362,4.64
2026-02-25,1.378,1.6
2026-02-26,1.368,-1.0
2026-02-27,1.358,-1.0
2026-02-28,1.318,-4.0
2026-03-02,1.315,-0.3
2026-03-03,1.267,-4.8
2026-03-04,1.266,-0.1
2026-03-05,1.267,0.1
2026-03-06,1.319,5.2
2026-03-09,1.322,0.3
2026-03-10,1.318,-0.4
2026-03-11,1.367,4.9
2026-03-12,1.337,-3.0
2026-03-13,1.321,-1.6
2026-03-16,1.32,-0.1
2026-03-17,1.319,-0.1
2026-03-18,1.32,0.1
2026-03-19,1.321,0.1
2026-03-20,1.319,-0.2
2026-03-23,1.317,-0.2
2026-03-24,1.318,0.1
2026-03-25,1.319,0.1
2026-03-26,1.32,0.1
2026-03-27,1.317,-0.3
2026-03-30,1.318,0.1
2026-03-31,1.277,-4.1
2026-04-01,1.27,-0.7
2026-04-02,1.271,0.1
2026-04-03,1.238,-3.3
2026-04-07,1.226,-1.2
2026-04-08,1.222,-0.4
2026-04-09,1.223,0.1
2026-04-10,1.222,-0.1
2026-04-13,1.224,0.2
2026-04-14,1.223,-0.1
2026-04-15,1.221,-0.2
2026-04-16,1.221,0.0
2026-04-17,1.221,0.0
2026-04-20,1.221,0.0
2026-04-21,1.22,-0.1
2026-04-22,1.219,-0.1
2026-04-23,1.219,0.0
2026-04-24,1.219,0.0
2026-04-27,1.24,2.1
2026-04-28,1.242,0.2
2026-04-29,1.243,0.1
2026-04-30,1.327,8.4
2026-05-06,1.271,-5.6
2026-05-07,1.275,0.4
2026-05-08,1.255,-2.0
2026-05-09,1.224,-3.1
2026-05-11,1.221,-0.3
2026-05-12,1.255,3.4
2026-05-13,1.267,1.2
2026-05-14,1.265,-0.2
2026-05-15,1.267,0.2
2026-05-18,1.266,-0.1
2026-05-19,1.265,-0.1
2026-05-20,1.286,2.1
2026-05-21,1.288,0.2
2026-05-22,1.324,3.6
2026-05-25,1.327,0.3
2026-05-26,1.319,-0.8
2026-05-27,1.317,-0.2
2026-05-28,1.317,0.0
2026-05-29,1.324,0.7
2026-06-01,1.317,-0.7
2026-06-02,1.315,-0.2
2026-06-03,1.316,0.1
2026-06-04,1.316,0.0
2026-06-05,1.324,0.8
2026-06-08,1.354,3.0
2026-06-09,1.384,3.0
2026-06-10,1.384,0.0
2026-06-11,1.397,1.3
2026-06-12,1.398,0.1
2026-06-15,1.419,2.1
2026-06-16,1.423,0.4
2026-06-17,1.415,-0.8
2026-06-18,1.421,0.6
2026-06-22,1.423,0.2
2026-06-23,1.455,3.2
