,fed_funds_effective,fed_funds_daily,ust_3m,ust_2y,ust_10y,ust_30y,ust_10y2y_spread,cpi,core_pce,unemployment,real_gdp,potential_gdp,breakeven_10y,usd_broad_index,cpi_yoy,core_pce_yoy,u_gap
1947-01-31,,,,,,,,21.48,,,2182.681,,,,,,
1947-02-28,,,,,,,,21.62,,,,,,,,,
1947-03-31,,,,,,,,22.0,,,,,,,,,
1947-04-30,,,,,,,,22.0,,,2176.892,,,,,,
1947-05-31,,,,,,,,21.95,,,,,,,,,
1947-06-30,,,,,,,,22.08,,,,,,,,,
1947-07-31,,,,,,,,22.23,,,2172.432,,,,,,
1947-08-31,,,,,,,,22.4,,,,,,,,,
1947-09-30,,,,,,,,22.84,,,,,,,,,
1947-10-31,,,,,,,,22.91,,,2206.452,,,,,,
1947-11-30,,,,,,,,23.06,,,,,,,,,
1947-12-31,,,,,,,,23.41,,,,,,,,,
1948-01-31,,,,,,,,23.68,,3.4,2239.682,,,,10.242085661080068,,-1.0000000000000004
1948-02-29,,,,,,,,23.67,,3.8,,,,,9.481961147086038,,-0.6000000000000005
1948-03-31,,,,,,,,23.5,,4.0,,,,,6.818181818181812,,-0.40000000000000036
1948-04-30,,,,,,,,23.82,,3.9,2276.69,,,,8.272727272727277,,-0.5000000000000004
1948-05-31,,,,,,,,24.01,,3.5,,,,,9.384965831435089,,-0.9000000000000004
1948-06-30,,,,,,,,24.15,,3.6,,,,,9.375,,-0.8000000000000003
1948-07-31,,,,,,,,24.4,,3.6,2289.77,,,,9.761583445793963,,-0.8000000000000003
1948-08-31,,,,,,,,24.43,,3.9,,,,,9.062499999999996,,-0.5000000000000004
1948-09-30,,,,,,,,24.36,,3.8,,,,,6.654991243432562,,-0.6000000000000005
1948-10-31,,,,,,,,24.31,,3.7,2292.364,,,,6.110868616324749,,-0.7000000000000002
1948-11-30,,,,,,,,24.16,,3.8,,,,,4.770164787510844,,-0.6000000000000005
1948-12-31,,,,,,,,24.05,,4.0,,,,,2.733874412644166,,-0.40000000000000036
1949-01-31,,,,,,,,24.01,,4.3,2260.807,2244.6967470923687,,,1.3935810810810967,,-0.10000000000000053
1949-02-28,,,,,,,,23.91,,4.7,,,,,1.0139416983523386,,0.2999999999999998
1949-03-31,,,,,,,,23.91,,5.0,,,,,1.744680851063829,,0.5999999999999996
1949-04-30,,,,,,,,23.92,,5.3,2253.128,2275.9923955934587,,,0.4198152812762368,,0.8999999999999995
1949-05-31,,,,,,,,23.91,,6.1,,,,,-0.4164931278633932,,1.6999999999999993
1949-06-30,,,,,,,,23.92,,6.2,,,,,-0.9523809523809379,,1.7999999999999998
1949-07-31,,,,,,,,23.7,,6.7,2276.424,2308.797507930488,,,-2.868852459016391,,2.3
1949-08-31,,,,,,,,23.7,,6.8,,,,,-2.988129349160873,,2.3999999999999995
1949-09-30,,,,,,,,23.75,,6.6,,,,,-2.504105090311981,,2.1999999999999993
1949-10-31,,,,,,,,23.67,,7.9,2257.352,2340.253351151812,,,-2.6326614561908546,,3.5
1949-11-30,,,,,,,,23.7,,6.4,,,,,-1.9039735099337762,,2.0
1949-12-31,,,,,,,,23.61,,6.6,,,,,-1.8295218295218296,,2.1999999999999993
1950-01-31,,,,,,,,23.51,,6.5,2346.104,2373.175207794116,,,-2.082465639316955,,2.0999999999999996
1950-02-28,,,,,,,,23.61,,6.4,,,,,-1.2547051442910906,,2.0
1950-03-31,,,,,,,,23.64,,6.3,,,,,-1.129234629861986,,1.8999999999999995
1950-04-30,,,,,,,,23.65,,5.8,2417.682,2405.7600930332496,,,-1.1287625418060276,,1.3999999999999995
1950-05-31,,,,,,,,23.77,,5.5,,,,,-0.5855290673358438,,1.0999999999999996
1950-06-30,,,,,,,,23.88,,5.4,,,,,-0.16722408026756952,,1.0
1950-07-31,,,,,,,,24.07,,5.0,2511.127,2437.705949082133,,,1.561181434599157,,0.5999999999999996
1950-08-31,,,,,,,,24.2,,4.5,,,,,2.1097046413502074,,0.09999999999999964
1950-09-30,,,,,,,,24.34,,4.4,,,,,2.4842105263158,,0.0
1950-10-31,,,,,,,,24.5,,4.2,2559.214,2470.0043694476526,,,3.50654837346851,,-0.20000000000000018
1950-11-30,,,,,,,,24.6,,4.2,,,,,3.797468354430378,,-0.20000000000000018
1950-12-31,,,,,,,,24.98,,4.3,,,,,5.80262600592969,,-0.10000000000000053
1951-01-31,,,,,,,,25.38,,3.7,2593.967,2502.161910107128,,,7.9540621012335055,,-0.7000000000000002
1951-02-28,,,,,,,,25.83,,3.4,,,,,9.402795425667087,,-1.0000000000000004
1951-03-31,,,,,,,,25.88,,3.4,,,,,9.475465313028764,,-1.0000000000000004
1951-04-30,,,,,,,,25.92,,3.1,2638.898,2534.2811800951026,,,9.598308668076116,,-1.3000000000000003
1951-05-31,,,,,,,,25.99,,3.0,,,,,9.339503575936048,,-1.4000000000000004
1951-06-30,,,,,,,,25.93,,3.2,,,,,8.584589614740379,,-1.2000000000000002
1951-07-31,,,,,,,,25.91,,3.1,2693.259,2568.2305469439966,,,7.644370585791438,,-1.3000000000000003
1951-08-31,,,,,,,,25.86,,3.1,,,,,6.859504132231398,,-1.3000000000000003
1951-09-30,,,,,,,,26.03,,3.3,,,,,6.943303204601481,,-1.1000000000000005
1951-10-31,,,,,,,,26.16,,3.5,2699.156,2604.063412218286,,,6.775510204081625,,-0.9000000000000004
1951-11-30,,,,,,,,26.32,,3.5,,,,,6.991869918699178,,-0.9000000000000004
1951-12-31,,,,,,,,26.47,,3.1,,,,,5.964771817453962,,-1.3000000000000003
1952-01-31,,,,,,,,26.45,,3.2,2727.954,2640.576257469108,,,4.215918045705291,,-1.2000000000000002
1952-02-29,,,,,,,,26.41,,3.1,,,,,2.245451025938827,,-1.3000000000000003
1952-03-31,,,,,,,,26.39,,2.9,,,,,1.9706336939721902,,-1.5000000000000004
1952-04-30,,,,,,,,26.46,,2.9,2733.8,2678.7057258043287,,,2.083333333333326,,-1.5000000000000004
1952-05-31,,,,,,,,26.47,,3.0,,,,,1.8468641785302164,,-1.4000000000000004
1952-06-30,,,,,,,,26.53,,3.0,,,,,2.313922097956045,,-1.4000000000000004
1952-07-31,,,,,,,,26.68,,3.2,2753.517,2714.4074763092326,,,2.9718255499807,,-1.2000000000000002
1952-08-31,,,,,,,,26.69,,3.4,,,,,3.209590100541382,,-1.0000000000000004
1952-09-30,,,,,,,,26.63,,3.1,,,,,2.3050326546292688,,-1.3000000000000003
1952-10-31,,,,,,,,26.69,,3.0,2843.941,2748.074991644584,,,2.0259938837920544,,-1.4000000000000004
1952-11-30,,,,,,,,26.69,,2.8,,,,,1.4057750759878473,,-1.6000000000000005
1952-12-31,,,,,,,,26.71,,2.7,,,,,0.9066868152625585,,-1.7000000000000002
1953-01-31,,,,,,,,26.64,,2.9,2896.811,2778.3820729278627,,,0.7183364839319584,,-1.5000000000000004
1953-02-28,,,,,,,,26.59,,2.6,,,,,0.6815600151457879,,-1.8000000000000003
1953-03-31,,,,,,,,26.63,,2.6,,,,,0.9094353921940135,,-1.8000000000000003
1953-04-30,,,,,,,,26.69,,2.7,2919.206,2806.4405365380626,,,0.8692365835222926,,-1.7000000000000002
1953-05-31,,,,,,,,26.7,,2.5,,,,,0.86890819795995,,-1.9000000000000004
1953-06-30,,,,,,,,26.77,,2.5,,,,,0.9046362608367886,,-1.9000000000000004
1953-07-31,,,,,,,,26.79,,2.6,2902.785,2831.6031995510134,,,0.41229385307346433,,-1.8000000000000003
1953-08-31,,,,,,,,26.85,,2.7,,,,,0.5994754589734086,,-1.7000000000000002
1953-09-30,,,,,,,,26.89,,2.9,,,,,0.9763424708974844,,-1.5000000000000004
1953-10-31,,,,,,,,26.95,,3.1,2858.845,2854.1516339416166,,,0.9741476208317668,,-1.3000000000000003
1953-11-30,,,,,,,,26.85,,3.5,,,,,0.5994754589734086,,-0.9000000000000004
1953-12-31,,,,,,,,26.87,,4.5,,,,,0.5990265818045737,,0.09999999999999964
1954-01-31,,,,,,,,26.94,,4.9,2845.192,2875.4476831321385,,,1.1261261261261257,,0.5
1954-02-28,,,,,,,,26.99,,5.2,,,,,1.5043249341857745,,0.7999999999999998
1954-03-31,,,,,,,,26.93,,5.7,,,,,1.1265490048817162,,1.2999999999999998
1954-04-30,,,,,,,,26.86,,5.9,2848.305,2894.694024727424,,,0.6369426751592355,,1.5
1954-05-31,,,,,,,,26.93,,5.9,,,,,0.8614232209737782,,1.5
1954-06-30,,,,,,,,26.94,,5.6,,,,,0.635039223010847,,1.1999999999999993
1954-07-31,0.8,0.25,,,,,,26.86,,5.8,2880.482,2912.9373828555026,,,0.26129152668905586,,1.3999999999999995
1954-08-31,1.22,1.44,,,,,,26.85,,6.0,,,,,0.0,,1.5999999999999996
1954-09-30,1.07,1.44,,,,,,26.81,,6.1,,,,,-0.2975083674228385,,1.6999999999999993
1954-10-31,0.85,1.13,,,,,,26.72,,5.7,2936.852,2931.776023729265,,,-0.8534322820037077,,1.2999999999999998
1954-11-30,0.83,1.38,,,,,,26.78,,5.3,,,,,-0.26070763500931626,,0.8999999999999995
1954-12-31,1.28,1.44,,,,,,26.77,,5.0,,,,,-0.37216226274656705,,0.5999999999999996
1955-01-31,1.39,1.44,,,,,,26.77,,4.9,3020.746,2950.192608390797,,,-0.6310319227913919,,0.5
1955-02-28,1.29,1.44,,,,,,26.82,,4.7,,,,,-0.6298629121896937,,0.2999999999999998
1955-03-31,1.35,1.44,,,,,,26.79,,4.6,,,,,-0.519866320089124,,0.1999999999999993
1955-04-30,1.43,1.69,,,,,,26.79,,4.7,3069.91,2969.955578594302,,,-0.2606105733432673,,0.2999999999999998
1955-05-31,1.43,1.69,,,,,,26.77,,4.3,,,,,-0.5941329372447068,,-0.10000000000000053
1955-06-30,1.64,1.69,,,,,,26.71,,4.2,,,,,-0.8537490720118779,,-0.20000000000000018
1955-07-31,1.68,1.75,,,,,,26.76,,4.0,3111.379,2989.2571764678064,,,-0.37230081906179935,,-0.40000000000000036
1955-08-31,1.96,2.0,,,,,,26.72,,4.2,,,,,-0.484171322160154,,-0.20000000000000018
1955-09-30,2.18,2.19,,,,,,26.85,,4.1,,,,,0.14919806042521522,,-0.3000000000000007
1955-10-31,2.24,2.25,,,,,,26.82,,4.3,3130.068,3009.207106913815,,,0.37425149700598404,,-0.10000000000000053
1955-11-30,2.35,2.44,,,,,,26.88,,4.2,,,,,0.37341299477220424,,-0.20000000000000018
1955-12-31,2.48,2.5,,,,,,26.87,,4.2,,,,,0.37355248412402897,,-0.20000000000000018
1956-01-31,2.45,2.5,,,,,,26.83,,4.0,3117.922,3029.3418597224227,,,0.22413149047439962,,-0.40000000000000036
1956-02-29,2.5,2.5,,,,,,26.86,,3.9,,,,,0.1491424310216205,,-0.5000000000000004
1956-03-31,2.5,2.5,,,,,,26.89,,4.2,,,,,0.3732736095558131,,-0.20000000000000018
1956-04-30,2.62,2.75,,,,,,26.93,,4.0,3143.694,3049.2003653161923,,,0.5225830533781339,,-0.40000000000000036
1956-05-31,2.75,2.75,,,,,,27.03,,4.3,,,,,0.9712364587224576,,-0.10000000000000053
1956-06-30,2.71,2.75,,,,,,27.15,,4.3,,,,,1.647323099962561,,-0.10000000000000053
1956-07-31,2.75,2.69,,,,,,27.29,,4.4,3140.874,3070.0191988467177,,,1.9805680119581393,,0.0
1956-08-31,2.73,3.0,,,,,,27.31,,4.1,,,,,2.208083832335328,,-0.3000000000000007
1956-09-30,2.95,3.0,,,,,,27.35,,3.9,,,,,1.862197392923659,,-0.5000000000000004
1956-10-31,2.96,3.0,,,,,,27.51,,3.9,3192.57,3091.9755514671347,,,2.572706935123037,,-0.5000000000000004
1956-11-30,2.88,3.0,,,,,,27.51,,4.3,,,,,2.34375,,-0.10000000000000053
1956-12-31,2.94,3.0,,,,,,27.63,,4.2,,,,,2.828433196873825,,-0.20000000000000018
1957-01-31,2.84,3.0,,,,,,27.67,,4.2,3213.011,3115.645863044004,,,3.130823704808061,,-0.20000000000000018
1957-02-28,3.0,3.0,,,,,,27.8,,3.9,,,,,3.4996276991809516,,-0.5000000000000004
1957-03-31,2.96,2.94,,,,,,27.86,,3.7,,,,,3.607288955001864,,-0.7000000000000002
1957-04-30,3.0,3.0,,,,,,27.93,,3.9,3205.97,3141.002523135892,,,3.713330857779429,,-0.5000000000000004
1957-05-31,3.0,3.0,,,,,,28.0,,4.1,,,,,3.588605253422128,,-0.3000000000000007
1957-06-30,3.0,3.0,,,,,,28.11,,4.3,,,,,3.53591160220994,,-0.10000000000000053
1957-07-31,2.99,2.88,,,,,,28.19,,4.2,3237.386,3167.611044609476,,,3.2979113228288837,,-0.20000000000000018
1957-08-31,3.24,3.5,,,,,,28.28,,4.1,,,,,3.551812522885389,,-0.3000000000000007
1957-09-30,3.47,3.5,,,,,,28.32,,4.4,,,,,3.546617915904937,,0.0
1957-10-31,3.5,3.5,,,,,,28.32,,4.5,3203.894,3195.403674038452,,,2.944383860414379,,0.09999999999999964
1957-11-30,3.28,3.0,,,,,,28.41,,5.1,,,,,3.271537622682663,,0.6999999999999993
1957-12-31,2.98,3.0,,,,,,28.47,,5.2,,,,,3.0401737242128135,,0.7999999999999998
1958-01-31,2.72,1.5,,,,,,28.64,,5.8,3120.724,3223.285962767317,,,3.5056017347307566,,1.3999999999999995
1958-02-28,1.67,0.5,,,,,,28.7,,6.4,,,,,3.237410071942448,,2.0
1958-03-31,1.2,0.5,,,,,,28.87,,6.7,,,,,3.6252692031586653,,2.3
1958-04-30,1.26,0.25,,,,,,28.94,,7.4,3141.224,3252.0842371927342,,,3.6161833154314316,,3.0
1958-05-31,0.63,0.13,,,,,,28.94,,7.4,,,,,3.3571428571428585,,3.0
1958-06-30,0.93,0.5,,,,,,28.91,,7.3,,,,,2.8459622909996485,,2.8999999999999995
1958-07-31,0.68,0.38,,,,,,28.89,,7.5,3213.884,3281.3345029196485,,,2.483150053210359,,3.0999999999999996
1958-08-31,1.53,1.75,,,,,,28.94,,7.4,,,,,2.333804809052342,,3.0
1958-09-30,1.76,1.5,,,,,,28.91,,7.1,,,,,2.083333333333326,,2.6999999999999993
1958-10-31,1.8,2.0,,,,,,28.91,,6.7,3289.032,3312.2337676916545,,,2.083333333333326,,2.3
1958-11-30,2.27,2.5,,,,,,28.95,,6.2,,,,,1.9007391763463444,,1.7999999999999998
1958-12-31,2.42,2.38,,,,,,28.97,,6.2,,,,,1.7562346329469625,,1.7999999999999998
1959-01-31,2.48,2.5,,,,,,29.01,15.501,6.0,3352.129,3343.7495355213023,,,1.2918994413407825,,1.5999999999999996
1959-02-28,2.43,2.5,,,,,,29.0,15.513,5.9,,,,,1.0452961672473782,,1.5
1959-03-31,2.8,3.0,,,,,,28.97,15.531,5.6,,,,,0.3463803255975062,,1.1999999999999993
1959-04-30,2.96,3.0,,,,,,28.98,15.57,5.2,3427.667,3376.581824353419,,,0.13821700069107656,,0.7999999999999998
1959-05-31,2.9,3.25,,,,,,29.04,15.589,5.1,,,,,0.3455425017277136,,0.6999999999999993
1959-06-30,3.39,3.0,,,,,,29.11,15.635,5.0,,,,,0.6918021445866396,,0.5999999999999996
1959-07-31,3.47,3.5,,,,,,29.15,15.672,5.1,3430.057,3411.268456920645,,,0.8999653859466772,,0.6999999999999993
1959-08-31,3.5,3.5,,,,,,29.18,15.697,5.2,,,,,0.8293020041465038,,0.7999999999999998
1959-09-30,3.76,3.0,,,,,,29.25,15.738,5.5,,,,,1.1760636457972984,,1.0999999999999996
1959-10-31,3.98,4.0,,,,,,29.35,15.765,5.7,3439.832,3446.421530513805,,,1.5219647180906293,,1.2999999999999998
1959-11-30,4.0,4.0,,,,,,29.35,15.794,5.8,,,,,1.3816925734024155,,1.3999999999999995
1959-12-31,3.99,4.0,,,,,,29.41,15.818,5.3,,,,,1.5188125647221273,,0.8999999999999995
1960-01-31,3.99,4.0,,,,,,29.37,15.822,5.2,3517.181,3482.533367449192,,,1.2409513960703222,2.0708341397329244,0.7999999999999998
1960-02-29,3.97,4.0,,,,,,29.41,15.852,4.8,,,,,1.4137931034482687,2.185263972152396,0.39999999999999947
1960-03-31,3.84,4.0,,,,,,29.41,15.853,5.4,,,,,1.5188125647221273,2.0732728092202724,1.0
1960-04-30,3.92,4.0,,,,,,29.54,15.882,5.2,3498.246,3518.1103071631687,,,1.9323671497584405,2.0038535645471978,0.7999999999999998
1960-05-31,3.85,3.5,,,,,,29.57,15.908,5.1,,,,,1.8250688705234275,2.046314709089736,0.6999999999999993
1960-06-30,3.32,3.5,,,,,,29.61,15.917,5.4,,,,,1.7176228100309165,1.803645666773268,1.0
1960-07-31,3.23,3.25,,,,,,29.55,15.945,5.5,3515.385,3553.620242787998,,,1.3722126929674117,1.7419601837672216,1.0999999999999996
1960-08-31,2.98,3.0,,,,,,29.61,15.968,5.6,,,,,1.473612063056895,1.7264445435433595,1.1999999999999993
1960-09-30,2.6,3.0,,,,,,29.61,15.981,5.5,,,,,1.2307692307692353,1.54403354937096,1.0999999999999996
1960-10-31,2.47,2.75,,,,,,29.75,15.99,6.1,3470.278,3588.4017983686967,,,1.3628620102214661,1.4272121788772685,1.6999999999999993
1960-11-30,2.44,0.25,,,,,,29.78,16.033,6.1,,,,,1.4650766609880739,1.513232873243009,1.6999999999999993
1960-12-31,1.98,3.0,,,,,,29.81,16.028,6.6,,,,,1.3600816048962905,1.3276014666835145,2.1999999999999993
1961-01-31,1.45,2.25,,,,,,29.84,16.032,6.6,3493.703,3623.226237928527,,,1.6002723867892366,1.3272658323852937,2.1999999999999993
1961-02-28,2.54,2.0,,,,,,29.84,16.048,6.9,,,,,1.4620877252635056,1.2364370426444449,2.5
1961-03-31,2.02,2.0,,,,,,29.84,16.053,6.9,,,,,1.4620877252635056,1.2615908660821296,2.5
1961-04-30,1.49,0.5,,,,,,29.81,16.075,7.0,3553.021,3656.71758635011,,,0.9140148950575577,1.2152121899005053,2.5999999999999996
1961-05-31,1.98,1.0,,,,,,29.84,16.096,7.1,,,,,0.9130875887723988,1.1817953231078704,2.6999999999999993
1961-06-30,1.73,0.5,,,,,,29.84,16.12,6.9,,,,,0.7767646065518496,1.2753659609222812,2.5
1961-07-31,1.17,2.5,,,,,,29.92,16.145,7.0,3621.252,3691.178554448068,,,1.25211505922167,1.254311696456556,2.5999999999999996
1961-08-31,2.0,1.75,,,,,,29.94,16.162,6.6,,,,,1.1144883485309176,1.214929859719427,2.1999999999999993
1961-09-30,1.88,1.5,,,,,,29.98,16.194,6.7,,,,,1.249577845322536,1.3328327388774097,2.3
1961-10-31,2.26,2.0,,,,,,29.98,16.199,6.5,3692.289,3725.696720885487,,,0.7731092436974896,1.3070669168230298,2.0999999999999996
1961-11-30,2.61,1.75,,,,,,29.98,16.202,6.1,,,,,0.671591672263272,1.0540759683153489,1.6999999999999993
1961-12-31,2.33,2.5,,,,,,30.01,16.216,6.0,,,,,0.6709158000671067,1.1729473421512537,1.5999999999999996
1962-01-31,2.15,1.5,,,4.1,,,30.04,16.235,5.8,3758.147,3761.4271931147614,,,0.6702412868632601,1.2662175648702645,1.3999999999999995
1962-02-28,2.37,2.75,,,4.0,,,30.11,16.262,5.5,,,,,0.9048257372654245,1.3334995014955275,1.0999999999999996
1962-03-31,2.85,2.75,,,3.86,,,30.17,16.3,5.6,,,,,1.1058981233244003,1.5386532112377838,1.1999999999999993
1962-04-30,2.78,2.5,,,3.86,,,30.21,16.303,5.6,3792.149,3798.7576717348793,,,1.3418316001341912,1.4183514774494643,1.1999999999999993
1962-05-31,2.36,2.75,,,3.9,,,30.24,16.326,5.5,,,,,1.3404825737265424,1.4289264413518854,1.0999999999999996
1962-06-30,2.68,2.75,,,4.0,,,30.21,16.356,5.5,,,,,1.2399463806970434,1.464019851116638,1.0999999999999996
1962-07-31,2.71,2.75,,,4.04,,,30.22,16.37,5.4,3838.776,3837.88919933192,,,1.0026737967914423,1.3936203158872784,1.0
1962-08-31,2.93,3.0,,,3.96,,,30.28,16.372,5.7,,,,,1.135604542418167,1.2993441405766637,1.2999999999999998
1962-09-30,2.9,2.75,,,3.94,,,30.42,16.404,5.6,,,,,1.4676450967311627,1.2967765839199785,1.1999999999999993
1962-10-31,2.9,3.0,,,3.92,,,30.38,16.403,5.4,3851.421,3878.403538720957,,,1.3342228152101399,1.2593369961108491,1.0
1962-11-30,2.94,2.88,,,3.92,,,30.38,16.415,5.7,,,,,1.3342228152101399,1.3146525120355301,1.2999999999999998
1962-12-31,2.93,3.0,,,3.85,,,30.38,16.42,5.5,,,,,1.2329223592135952,1.2580167735569914,1.0999999999999996
1963-01-31,2.92,3.0,,,3.87,,,30.44,16.451,5.7,3893.482,3919.734297545736,,,1.331557922769644,1.33045888512473,1.2999999999999998
1963-02-28,3.0,3.0,,,3.94,,,30.48,16.47,5.9,,,,,1.2288276320159497,1.2790554667322596,1.5
1963-03-31,2.98,3.0,,,3.95,,,30.51,16.48,5.7,,,,,1.1269472986410234,1.104294478527601,1.2999999999999998
1963-04-30,2.9,3.0,,,3.95,,,30.48,16.5,5.7,3937.183,3961.875661976665,,,0.893743793445867,1.208366558302143,1.2999999999999998
1963-05-31,3.0,3.0,,,3.96,,,30.51,16.53,5.9,,,,,0.8928571428571619,1.2495406100698325,1.5
1963-06-30,2.99,3.0,,,4.0,,,30.61,16.558,5.6,,,,,1.3240648791790655,1.2350207874785912,1.1999999999999993
1963-07-31,3.02,3.5,,,4.0,,,30.69,16.573,5.6,4023.755,4004.6173115885376,,,1.5552614162806178,1.240073304825895,1.1999999999999993
1963-08-31,3.49,3.5,,,4.02,,,30.75,16.588,5.4,,,,,1.5521796565389767,1.3193256779868046,1.0
1963-09-30,3.48,3.5,,,4.07,,,30.72,16.618,5.5,,,,,0.9861932938855844,1.3045598634479294,1.0999999999999996
1963-10-31,3.5,3.5,,,4.15,,,30.75,16.655,5.5,4050.147,4048.0588293243577,,,1.2179065174456882,1.5363043345729688,1.0999999999999996
1963-11-30,3.48,3.5,,,4.08,,,30.78,16.67,5.7,,,,,1.3166556945358954,1.5534572037770422,1.2999999999999998
1963-12-31,3.38,3.25,,,4.14,,,30.88,16.694,5.5,,,,,1.6458196181698526,1.668696711327633,1.0999999999999996
1964-01-31,3.48,3.5,,,4.15,,,30.94,16.717,5.6,4135.553,4091.4798025217415,,,1.6425755584756896,1.6169229834052556,1.1999999999999993
1964-02-29,3.48,3.5,,,4.18,,,30.91,16.749,5.4,,,,,1.4107611548556331,1.69398907103826,1.0
1964-03-31,3.43,3.5,,,4.23,,,30.94,16.765,5.4,,,,,1.4093739757456536,1.7293689320388328,1.0
1964-04-30,3.47,3.5,,,4.22,,,30.95,16.78,5.3,4180.592,4135.866758950208,,,1.5419947506561726,1.696969696969708,0.8999999999999995
1964-05-31,3.5,3.5,,,4.19,,,30.98,16.794,5.1,,,,,1.5404785316289749,1.5970961887477264,0.6999999999999993
1964-06-30,3.5,3.5,,,4.15,,,31.01,16.806,5.2,,,,,1.3067624959163693,1.4977654306075783,0.7999999999999998
1964-07-31,3.42,3.5,,,4.19,,,31.02,16.823,4.9,4245.918,4180.802022452538,,,1.0752688172043001,1.5084776443613057,0.5
1964-08-31,3.5,3.5,,,4.21,,,31.05,16.845,5.0,,,,,0.9756097560975618,1.5493127562092868,0.5999999999999996
1964-09-30,3.45,2.75,,,4.18,,,31.08,16.852,5.1,,,,,1.171875,1.4081116861234921,0.6999999999999993
1964-10-31,3.36,3.5,,,4.16,,,31.12,16.859,5.1,4259.046,4225.922039152623,,,1.2032520325203189,1.2248574001801238,0.6999999999999993
1964-11-30,3.52,4.0,,,4.2,,,31.21,16.883,4.8,,,,,1.3970110461338558,1.2777444511097524,0.39999999999999947
1964-12-31,3.85,4.0,,,4.21,,,31.25,16.907,5.0,,,,,1.1981865284974136,1.2759075116808516,0.5999999999999996
1965-01-31,3.9,4.0,,,4.19,,,31.28,16.93,4.9,4362.111,4272.250107271203,,,1.098901098901095,1.2741520607764567,0.5
1965-02-28,3.98,4.0,,,4.22,,,31.28,16.95,5.1,,,,,1.1970236169524417,1.2000716460684346,0.6999999999999993
1965-03-31,4.05,4.0,,,4.2,,,31.31,16.96,4.7,,,,,1.1958629605688387,1.1631374888159796,0.2999999999999998
1965-04-30,4.09,4.13,,,4.21,,,31.38,16.98,4.8,4417.225,4317.646712290367,,,1.3893376413570246,1.1918951132300348,0.39999999999999947
1965-05-31,4.1,4.13,,,4.23,,,31.48,17.011,4.6,,,,,1.6139444803098701,1.292128141002724,0.1999999999999993
1965-06-30,4.05,4.13,,,4.2,,,31.61,17.007,4.6,,,,,1.9348597226700903,1.1960014280613995,0.1999999999999993
1965-07-31,4.09,4.13,,,4.22,,,31.58,17.024,4.4,4515.427,4364.56020480614,,,1.8052869116698789,1.1947928431314203,0.0
1965-08-31,4.12,4.0,,,4.27,,,31.55,17.056,4.4,,,,,1.6103059581320522,1.252597209854578,0.0
1965-09-30,4.02,4.13,,,4.35,,,31.62,17.076,4.3,,,,,1.737451737451745,1.329219083788269,-0.10000000000000053
1965-10-31,4.08,4.13,,,4.41,,,31.65,17.07,4.2,4619.458,4411.716106638424,,,1.7030848329048665,1.2515570318524238,-0.20000000000000018
1965-11-30,4.1,4.13,,,4.48,,,31.75,17.102,4.1,,,,,1.7302146747837144,1.2971628265118884,-0.3000000000000007
1965-12-31,4.32,4.63,,,4.65,,,31.85,17.154,4.0,,,,,1.9200000000000106,1.4609333412196168,-0.40000000000000036
1966-01-31,4.42,4.5,,,4.69,,,31.88,17.159,4.0,4731.888,4459.595106458209,,,1.9181585677749302,1.3526284701712799,-0.40000000000000036
1966-02-28,4.6,4.63,,,5.02,,,32.08,17.201,3.8,,,,,2.5575447570332477,1.48082595870207,-0.6000000000000005
1966-03-31,4.66,4.75,,,4.71,,,32.18,17.223,3.8,,,,,2.7786649632705274,1.550707547169794,-0.6000000000000005
1966-04-30,4.67,4.63,,,4.79,,,32.28,17.285,3.8,4748.046,4508.122290468056,,,2.8680688336520044,1.7962308598350907,-0.6000000000000005
1966-05-31,4.9,4.75,,,4.8,,,32.35,17.331,3.9,,,,,2.763659466327839,1.8811357357004344,-0.5000000000000004
1966-06-30,5.17,5.5,,,4.97,,,32.38,17.387,3.8,,,,,2.4359379943056148,2.2343740812606594,-0.6000000000000005
1966-07-31,5.3,5.75,,,5.05,,,32.45,17.438,3.8,4788.254,4557.663922700653,,,2.754908169727699,2.4318609022556226,-0.6000000000000005
1966-08-31,5.53,4.5,,,5.36,,,32.65,17.47,3.8,,,,,3.4865293185419866,2.4272983114446367,-0.6000000000000005
1966-09-30,5.4,5.75,,,5.02,,,32.75,17.524,3.7,,,,,3.5736875395319334,2.6235652377605945,-0.7000000000000002
1966-10-31,5.53,5.75,,,4.97,,,32.85,17.581,3.7,4827.537,4607.37472803029,,,3.791469194312813,2.993555946104265,-0.7000000000000002
1966-11-30,5.76,5.75,,,5.12,,,32.88,17.625,3.6,,,,,3.5590551181102548,3.0581218570927327,-0.8000000000000003
1966-12-31,5.4,5.0,,,4.64,,,32.92,17.679,3.8,,,,,3.3594976452119285,3.0605106680657412,-0.6000000000000005
1967-01-31,4.94,4.0,,,4.52,,,32.9,17.695,3.9,4870.299,4658.411746113664,,,3.19949811794229,3.1237251588087878,-0.5000000000000004
1967-02-28,5.0,4.75,,,4.72,,,33.0,17.727,3.8,,,,,2.8678304239401653,3.0579617464100872,-0.6000000000000005
1967-03-31,4.53,4.5,,,4.5,,,33.0,17.754,3.8,,,,,2.5481665630826544,3.0830865702839327,-0.6000000000000005
1967-04-30,4.05,4.0,,,4.78,,,33.1,17.803,3.8,4873.287,4710.251841362436,,,2.5402726146220633,2.9968180503326725,-0.6000000000000005
1967-05-31,3.94,4.13,,,4.81,,,33.1,17.842,3.8,,,,,2.3183925811437467,2.9484738330159743,-0.6000000000000005
1967-06-30,3.98,3.5,,,5.22,,,33.3,17.887,3.9,,,,,2.8412600370598895,2.8757117386553066,-0.5000000000000004
1967-07-31,3.79,3.75,,,5.16,,,33.4,17.948,3.8,4919.392,4762.7520232570605,,,2.9275808936825687,2.924647321940599,-0.6000000000000005
1967-08-31,3.9,4.0,,,5.27,,,33.5,18.003,3.8,,,,,2.6033690658499253,3.0509444762449878,-0.6000000000000005
1967-09-30,3.99,3.75,,,5.31,,,33.6,18.067,3.8,,,,,2.595419847328251,3.098607623830163,-0.6000000000000005
1967-10-31,3.88,4.13,,,5.64,,,33.7,18.134,4.0,4956.477,4816.313692140314,,,2.5875190258751957,3.145441101188795,-0.40000000000000036
1967-11-30,4.13,4.5,,,5.74,,,33.9,18.192,3.9,,,,,3.10218978102188,3.217021276595755,-0.5000000000000004
1967-12-31,4.51,4.5,,,5.7,,,34.0,18.237,3.8,,,,,3.280680437424044,3.15628712031224,-0.6000000000000005
1968-01-31,4.61,4.75,,,5.54,,,34.1,18.318,3.7,5057.553,4870.102307212856,,,3.647416413373872,3.520768578694544,-0.7000000000000002
1968-02-29,4.71,4.75,,,5.56,,,34.2,18.397,3.8,,,,,3.6363636363636376,3.7795453263383516,-0.6000000000000005
1968-03-31,5.05,5.25,,,5.76,,,34.3,18.47,3.7,,,,,3.9393939393939315,4.032893995719267,-0.7000000000000002
1968-04-30,5.76,6.25,,,5.74,,,34.4,18.538,3.5,5142.033,4923.72150005846,,,3.92749244712991,4.12851766556197,-0.9000000000000004
1968-05-31,6.12,6.13,,,5.86,,,34.5,18.608,3.5,,,,,4.229607250755274,4.29324066808654,-0.9000000000000004
1968-06-30,6.07,5.5,,,5.64,,,34.7,18.681,3.7,,,,,4.2042042042042205,4.438978028735963,-0.7000000000000002
1968-07-31,6.03,6.0,,,5.39,,,34.9,18.743,3.7,5181.859,4978.4108964151765,,,4.491017964071853,4.429462892801417,-0.7000000000000002
1968-08-31,6.03,5.75,,,5.42,,,35.0,18.816,3.5,,,,,4.477611940298498,4.515914014330935,-0.9000000000000004
1968-09-30,5.78,5.5,,,5.49,,,35.1,18.892,3.4,,,,,4.464285714285721,4.566336414457295,-1.0000000000000004
1968-10-31,5.91,6.0,,,5.61,,,35.3,18.969,3.4,5202.212,5033.703280531088,,,4.7477744807121525,4.604610124627784,-1.0000000000000004
1968-11-30,5.82,6.0,,,5.78,,,35.4,19.041,3.4,,,,,4.424778761061954,4.66688654353562,-1.0000000000000004
1968-12-31,6.02,4.0,,,6.16,,,35.6,19.098,3.4,,,,,4.705882352941182,4.721171245270606,-1.0000000000000004
1969-01-31,6.3,6.38,,,6.19,,,35.7,19.17,3.4,5283.597,5087.76751166427,,,4.692082111436946,4.651162790697683,-1.0000000000000004
1969-02-28,6.61,7.0,,,6.26,,,35.8,19.236,3.4,,,,,4.678362573099393,4.56052617274556,-1.0000000000000004
1969-03-31,6.79,6.25,,,6.3,,,36.1,19.326,3.4,,,,,5.247813411078739,4.634542501353556,-1.0000000000000004
1969-04-30,7.41,8.0,,,6.2,,,36.3,19.4,3.4,5299.625,5140.28578422004,,,5.523255813953476,4.649908296472094,-1.0000000000000004
1969-05-31,8.67,9.38,,,6.56,,,36.4,19.478,3.4,,,,,5.507246376811592,4.675408426483241,-1.0000000000000004
1969-06-30,8.9,7.5,,,6.73,,,36.6,19.545,3.5,,,,,5.475504322766556,4.625020073871844,-0.9000000000000004
1969-07-31,8.61,8.75,,,6.66,,,36.8,19.636,3.5,5334.6,5190.883400210746,,,5.4441260744985565,4.7644453929467145,-0.9000000000000004
1969-08-31,9.19,9.75,,,6.83,,,36.9,19.691,3.5,,,,,5.428571428571427,4.6502976190476275,-0.9000000000000004
1969-09-30,9.15,8.5,,,7.51,,,37.1,19.77,3.7,,,,,5.698005698005693,4.64746982849884,-0.7000000000000002
1969-10-31,9.0,9.0,,,6.94,,,37.3,19.855,3.7,5308.556,5240.14097132856,,,5.665722379603411,4.670778638831763,-0.7000000000000002
1969-11-30,8.85,9.25,,,7.29,,,37.5,19.931,3.5,,,,,5.932203389830515,4.674124258179724,-0.9000000000000004
1969-12-31,8.97,5.0,,,7.88,,,37.7,20.005,3.5,,,,,5.89887640449438,4.749188396690762,-0.9000000000000004
1970-01-31,8.98,9.38,,,7.75,,,37.9,20.071,3.9,5300.652,5288.142063746249,,,6.162464985994376,4.700052164840907,-0.5000000000000004
1970-02-28,8.98,8.5,,,6.9,,,38.1,20.148,4.2,,,,,6.424581005586605,4.741110417966299,-0.20000000000000018
1970-03-31,7.76,7.5,,,7.08,,,38.3,20.223,4.4,,,,,6.094182825484751,4.641415709407015,0.0
1970-04-30,8.1,8.5,,,7.82,,,38.5,20.303,4.6,5308.164,5334.474066371376,,,6.060606060606077,4.6546391752577465,0.1999999999999993
1970-05-31,7.95,7.88,,,7.95,,,38.6,20.375,4.8,,,,,6.043956043956045,4.6051956052982845,0.39999999999999947
1970-06-30,7.61,5.75,,,7.68,,,38.8,20.448,4.9,,,,,6.010928961748618,4.620107444359167,0.5
1970-07-31,7.21,6.75,,,7.38,,,38.9,20.526,5.0,5357.077,5379.486205812729,,,5.7065217391304435,4.532491342432277,0.5999999999999996
1970-08-31,6.62,6.5,,,7.49,,,39.0,20.597,5.1,,,,,5.691056910569103,4.601086790919728,0.6999999999999993
1970-09-30,6.29,5.0,,,7.29,,,39.2,20.683,5.4,,,,,5.660377358490565,4.618108244815389,1.0
1970-10-31,6.2,6.13,,,7.33,,,39.4,20.785,5.5,5299.672,5423.257544275761,,,5.630026809651478,4.683958700579205,1.0999999999999996
1970-11-30,5.6,5.5,,,6.49,,,39.6,20.892,5.9,,,,,5.600000000000005,4.821634639506289,1.5
1970-12-31,4.9,3.0,,,6.5,,,39.8,20.997,6.1,,,,,5.570291777188308,4.9587603099225275,1.6999999999999993
1971-01-31,4.14,4.0,,,6.09,,,39.9,21.08,5.9,5443.619,5466.706098336824,,,5.277044854881274,5.027153604703294,1.5
1971-02-28,3.72,3.38,,,6.14,,,39.9,21.16,5.9,,,,,4.724409448818889,5.022831050228316,1.5
1971-03-31,3.71,4.5,,,5.53,,,40.0,21.228,6.0,,,,,4.438642297650142,4.969589081738635,1.5999999999999996
1971-04-30,4.16,4.25,,,6.08,,,40.1,21.307,5.9,5473.059,5510.42722794308,,,4.155844155844157,4.945082007585078,1.5
1971-05-31,4.63,4.88,,,6.38,,,40.3,21.4,5.9,,,,,4.404145077720201,5.03067484662576,1.5
1971-06-30,4.91,4.75,,,6.7,,,40.5,21.485,5.9,,,,,4.381443298969079,5.071400625978084,1.5
1971-07-31,5.31,5.5,,,6.85,,,40.6,21.567,6.0,5518.072,5554.35488760216,,,4.370179948586128,5.071616486407482,1.5999999999999996
1971-08-31,5.57,5.75,,,6.28,,,40.7,21.597,6.1,,,,,4.358974358974366,4.855075981939128,1.6999999999999993
1971-09-30,5.55,5.38,,,6.0,,,40.8,21.633,6.0,,,,,4.081632653061207,4.593144128027848,1.5999999999999996
1971-10-31,5.2,5.13,,,5.87,,,40.9,21.667,5.8,5531.032,5598.610008464077,,,3.8071065989847774,4.24344479191725,1.3999999999999995
1971-11-30,4.91,4.25,,,5.93,,,41.0,21.716,6.0,,,,,3.535353535353525,3.944093432892992,1.5999999999999996
1971-12-31,4.14,3.0,,,5.89,,,41.1,21.784,6.0,,,,,3.266331658291466,3.7481544982616466,1.5999999999999996
1972-01-31,3.51,3.13,,,6.09,,,41.2,21.877,5.8,5632.649,5643.401006963654,,,3.2581453634085378,3.7808349146110087,1.3999999999999995
1972-02-29,3.3,3.25,,,6.04,,,41.4,21.936,5.7,,,,,3.759398496240607,3.667296786389418,1.2999999999999998
1972-03-31,3.83,4.0,,,6.12,,,41.4,21.979,5.8,,,,,3.499999999999992,3.537780290182768,1.3999999999999995
1972-04-30,4.17,4.31,,,6.14,,,41.5,22.03,5.7,5760.47,5688.794205471516,,,3.4912718204488824,3.3932510442577613,1.2999999999999998
1972-05-31,4.27,4.75,,,6.05,,,41.6,22.081,5.7,,,,,3.2258064516129226,3.182242990654216,1.2999999999999998
1972-06-30,4.46,4.5,,,6.15,,,41.7,22.126,5.7,,,,,2.9629629629629672,2.9834768443099957,1.2999999999999998
1972-07-31,4.55,4.5,,,6.12,,,41.8,22.189,5.6,5814.854,5735.01252721653,,,2.9556650246305383,2.884035795428197,1.1999999999999993
1972-08-31,4.81,5.13,,,6.42,,,41.9,22.236,5.6,,,,,2.9484029484029284,2.9587442700375055,1.1999999999999993
1972-09-30,4.87,4.88,,,6.54,,,42.1,22.31,5.5,,,,,3.1862745098039325,3.12947811214348,1.0999999999999996
1972-10-31,5.05,4.88,,,6.41,,,42.2,22.323,5.6,5912.22,5782.348420969389,,,3.1784841075794823,3.0276457285272507,1.1999999999999993
1972-11-30,5.06,5.19,,,6.28,,,42.4,22.382,5.3,,,,,3.4146341463414664,3.0668631423834913,0.8999999999999995
1972-12-31,5.33,5.5,,,6.41,,,42.5,22.449,5.2,,,,,3.406326034063256,3.0526992287917887,0.7999999999999998
1973-01-31,5.94,6.5,,,6.54,,,42.7,22.463,4.9,6058.544,5830.6639389494085,,,3.6407766990291357,2.6786122411665225,0.5
1973-02-28,6.58,7.5,,,6.64,,,43.0,22.534,5.0,,,,,3.864734299516903,2.7261123267687815,0.5999999999999996
1973-03-31,7.09,7.38,,,6.73,,,43.4,22.625,4.9,,,,,4.8309178743961345,2.9391692069703046,0.5
1973-04-30,7.12,7.63,,,6.7,,,43.7,22.756,5.0,6124.506,5880.964999959673,,,5.301204819277117,3.295506128007264,0.5999999999999996
1973-05-31,7.84,8.13,,,6.93,,,43.9,22.844,4.9,,,,,5.528846153846145,3.455459444771525,0.5
1973-06-30,8.49,8.88,,,6.94,,,44.2,22.943,4.9,,,,,5.995203836930463,3.6924884750971776,0.5
1973-07-31,10.4,11.22,,,7.43,,,44.2,23.041,4.8,6092.301,5931.893431456161,,,5.741626794258381,3.839740411915815,0.39999999999999947
1973-08-31,10.5,11.22,,,7.25,,,45.0,23.148,4.8,,,,,7.398568019093088,4.101457096600103,0.39999999999999947
1973-09-30,10.78,10.82,,,6.9,,,45.2,23.265,4.8,,,,,7.3634204275534465,4.280591662931421,0.39999999999999947
1973-10-31,10.01,10.61,,,6.71,,,45.6,23.355,4.6,6150.131,5983.963113314532,,,8.056872037914697,4.623034538368498,0.1999999999999993
1973-11-30,10.03,10.34,,,6.69,,,45.9,23.468,4.8,,,,,8.25471698113207,4.852113305334638,0.39999999999999947
1973-12-31,9.95,9.83,,,6.9,,,46.3,23.598,4.9,,,,,8.94117647058823,5.118268074301735,0.5
1974-01-31,9.65,9.31,,,7.0,,,46.8,23.714,5.1,6097.258,6036.840251387802,,,9.601873536299754,5.569158171214883,0.6999999999999993
1974-02-28,8.97,8.87,,,7.01,,,47.3,23.865,5.2,,,,,9.999999999999986,5.906629981361489,0.7999999999999998
1974-03-31,9.35,9.95,,,7.41,,,47.8,24.051,5.1,,,,,10.138248847926267,6.302762430939213,0.6999999999999993
1974-04-30,10.51,11.0,,,7.66,,,48.1,24.231,5.1,6111.751,6090.335456182356,,,10.068649885583515,6.481806995957107,0.6999999999999993
1974-05-31,11.31,11.64,,,7.52,,,48.6,24.464,5.1,,,,,10.70615034168565,7.091577657152848,0.6999999999999993
1974-06-30,11.93,13.31,,,7.64,,,49.0,24.715,5.4,,,,,10.859728506787313,7.723488645774301,1.0
1974-07-31,12.92,12.06,,,7.89,,,49.3,24.934,5.5,6053.978,6143.206219778796,,,11.538461538461519,8.215789245258453,1.0999999999999996
1974-08-31,12.01,11.6,,,8.11,,,49.9,25.174,5.5,,,,,10.888888888888882,8.752376015206487,1.0999999999999996
1974-09-30,11.34,11.11,,,7.94,,,50.6,25.4,5.9,,,,,11.946902654867241,9.176875134321927,1.5
1974-10-31,10.06,9.66,,,7.79,,,51.0,25.599,6.0,6030.464,6195.475445431864,,,11.842105263157897,9.608220937700708,1.5999999999999996
1974-11-30,9.45,9.47,,,7.64,,,51.5,25.786,6.6,,,,,12.200435729847502,9.877279700017061,2.1999999999999993
1974-12-31,8.53,3.87,,,7.4,,,51.9,25.968,7.2,,,,,12.095032397408211,10.04322400203408,2.8
1975-01-31,7.13,6.76,,,7.53,,,52.3,26.119,8.1,5957.035,6246.482861537268,,,11.752136752136755,10.14168845407777,3.6999999999999993
1975-02-28,6.24,6.07,,,7.46,,,52.6,26.304,8.1,,,,,11.205073995771686,10.219987429289755,3.6999999999999993
1975-03-31,5.54,5.39,,,8.01,,,52.8,26.441,8.6,,,,,10.460251046025103,9.93721674774437,4.199999999999999
1975-04-30,5.49,7.03,,,8.31,,,53.0,26.57,8.8,5999.61,6296.513228943918,,,10.187110187110182,9.652923940406911,4.4
1975-05-31,5.22,5.23,,,8.04,,,53.1,26.683,9.0,,,,,9.259259259259256,9.070470896010473,4.6
1975-06-30,5.55,5.97,,,7.96,,,53.5,26.813,8.8,,,,,9.183673469387754,8.48877200080922,4.4
1975-07-31,6.1,6.23,,,8.2,,,54.0,26.978,8.6,6102.326,6346.032060224159,,,9.533468559837743,8.197641774284104,4.199999999999999
1975-08-31,6.14,6.13,,,8.22,,,54.2,27.071,8.4,,,,,8.617234468937895,7.535552554222624,4.0
1975-09-30,6.24,6.22,,,8.48,,,54.6,27.218,8.4,,,,,7.905138339920947,7.15748031496064,4.0
1975-10-31,5.82,5.65,,,7.91,,,54.9,27.354,8.4,6184.53,6395.3936260234,,,7.647058823529407,6.855736552209057,4.0
1975-11-30,5.22,5.29,,,8.14,,,55.3,27.535,8.3,,,,,7.37864077669903,6.782750329636222,3.9000000000000004
1975-12-31,5.2,5.37,,,7.76,,,55.6,27.702,8.2,,,,,7.129094412331405,6.677449168207028,3.799999999999999
1976-01-31,4.87,4.84,,,7.8,,,55.8,27.844,7.9,6323.649,6444.359681612424,,,6.692160611854692,6.60438761055171,3.5
1976-02-29,4.77,4.89,,,7.77,,,55.9,27.955,7.7,,,,,6.273764258555126,6.276611922141129,3.3
1976-03-31,4.84,5.07,,,7.66,,,56.0,28.047,7.6,,,,,6.060606060606055,6.073900381982544,3.1999999999999993
1976-04-30,4.82,5.1,,,7.67,,,56.1,28.157,7.7,6370.025,6493.923529668127,,,5.849056603773595,5.972901768912298,3.3
1976-05-31,5.29,5.67,,,7.96,,,56.4,28.29,7.4,,,,,6.214689265536721,6.022561181276465,3.0
1976-06-30,5.48,5.71,,7.02,7.86,,0.84,56.7,28.405,7.6,,,,,5.981308411214958,5.937418416439799,3.1999999999999993
1976-07-31,5.31,5.32,,6.74,7.86,,1.12,57.0,28.561,7.8,6404.895,6544.87347714477,,,5.555555555555558,5.867744087775217,3.3999999999999995
1976-08-31,5.29,5.31,,6.5,7.66,,1.16,57.3,28.726,7.8,,,,,5.719557195571956,6.11355324886409,3.3999999999999995
1976-09-30,5.25,5.31,,6.33,7.55,,1.22,57.6,28.894,7.6,,,,,5.494505494505497,6.157689764126673,3.1999999999999993
1976-10-31,5.02,5.02,,6.03,7.42,,1.39,57.9,29.036,7.7,6451.177,6596.49865666572,,,5.464480874316946,6.149009285662066,3.3
1976-11-30,4.95,4.69,,5.42,7.01,,1.59,58.1,29.168,7.8,,,,,5.063291139240511,5.9306337388777886,3.3999999999999995
1976-12-31,4.65,4.17,,5.34,6.81,,1.47,58.4,29.326,7.8,,,,,5.035971223021574,5.862392607031985,3.3999999999999995
1977-01-31,4.61,4.65,,6.18,7.4,,1.22,58.7,29.505,7.5,6527.703,6649.907668623456,,,5.197132616487465,5.965378537566424,3.0999999999999996
1977-02-28,4.68,4.73,,6.08,7.45,7.8,1.37,59.3,29.686,7.6,,,,,6.082289803220031,6.1920944374888265,3.1999999999999993
1977-03-31,4.69,4.72,,6.01,7.42,7.79,1.41,59.6,29.812,7.4,,,,,6.428571428571428,6.29300816486611,3.0
1977-04-30,4.73,5.12,,6.14,7.45,7.8,1.31,60.0,29.959,7.2,6654.466,6704.591150622368,,,6.951871657754016,6.399829527293388,2.8
1977-05-31,5.35,5.47,,6.18,7.38,7.74,1.2,60.2,30.112,7.0,,,,,6.737588652482285,6.440438317426644,2.5999999999999996
1977-06-30,5.39,5.64,,6.08,7.2,7.58,1.12,60.5,30.292,7.2,,,,,6.701940035273357,6.643196620313319,2.8
1977-07-31,5.42,5.86,,6.5,7.42,7.72,0.92,60.8,30.479,6.9,6774.457,6760.097061899439,,,6.666666666666665,6.715451139665984,2.5
1977-08-31,5.9,6.03,,6.59,7.28,7.6,0.69,61.1,30.629,7.0,,,,,6.631762652705064,6.6246605862285035,2.5999999999999996
1977-09-30,6.14,6.46,,6.82,7.41,7.68,0.59,61.3,30.758,6.8,,,,,6.423611111111094,6.4511663321104695,2.3999999999999995
1977-10-31,6.47,6.6,,7.23,7.62,7.83,0.39,61.6,30.907,6.8,6774.592,6817.110564476192,,,6.390328151986191,6.443725030995995,2.3999999999999995
1977-11-30,6.51,6.56,,7.11,7.55,7.83,0.44,62.0,31.067,6.8,,,,,6.712564543889843,6.510559517279213,2.3999999999999995
1977-12-31,6.56,6.53,,7.22,7.78,8.03,0.56,62.3,31.227,6.4,,,,,6.67808219178081,6.48230239378027,2.0
1978-01-31,6.7,6.79,,7.47,7.94,8.18,0.47,62.7,31.414,6.4,6796.26,6875.56387545695,,,6.814310051107331,6.470089815285562,2.0
1978-02-28,6.78,6.83,,7.57,8.04,8.25,0.47,63.0,31.535,6.3,,,,,6.2394603709949426,6.228525230748505,1.8999999999999995
1978-03-31,6.79,6.97,,7.7,8.15,8.33,0.45,63.4,31.706,6.3,,,,,6.375838926174482,6.353146384006436,1.8999999999999995
1978-04-30,6.89,7.25,,7.97,8.24,8.39,0.27,63.9,31.911,6.1,7058.92,6935.1874585728365,,,6.499999999999995,6.515571280750354,1.6999999999999993
1978-05-31,7.36,7.43,,8.12,8.42,8.5,0.3,64.5,32.099,6.0,,,,,7.14285714285714,6.5986981934112565,1.5999999999999996
1978-06-30,7.6,8.01,,8.48,8.62,8.62,0.14,65.0,32.278,5.9,,,,,7.438016528925617,6.556186451868462,1.5
1978-07-31,7.81,8.0,,8.47,8.56,8.56,0.09,65.5,32.468,6.2,7129.915,6996.456191626586,,,7.7302631578947345,6.5258046523836155,1.7999999999999998
1978-08-31,8.04,8.4,,8.46,8.39,8.46,-0.07,65.9,32.642,5.9,,,,,7.855973813420625,6.572202814326289,1.5
1978-09-30,8.45,8.9,,8.7,8.56,8.61,-0.14,66.5,32.83,6.0,,,,,8.482871125611746,6.736458807464718,1.5999999999999996
1978-10-31,8.96,9.35,,9.49,8.96,8.87,-0.53,67.1,33.071,5.8,7225.75,7058.973644917547,,,8.92857142857142,7.001650111625191,1.3999999999999995
1978-11-30,9.76,9.94,,9.55,8.86,8.8,-0.69,67.5,33.249,5.9,,,,,8.870967741935477,7.023529790452909,1.5
1978-12-31,10.03,10.84,,9.98,9.15,8.96,-0.83,67.9,33.378,6.0,,,,,8.988764044943842,6.888269766548172,1.5999999999999996
1979-01-31,10.07,10.57,,9.64,8.95,8.85,-0.69,68.5,33.549,5.9,7238.727,7123.3135223529,,,9.250398724082931,6.796332845228226,1.5
1979-02-28,10.06,10.24,,9.89,9.17,9.08,-0.72,69.2,33.659,5.9,,,,,9.84126984126985,6.735373394640876,1.5
1979-03-31,10.09,10.07,,9.72,9.11,9.02,-0.61,69.9,33.852,5.8,,,,,10.252365930599371,6.7684349965306145,1.3999999999999995
1979-04-30,10.01,10.43,,9.91,9.35,9.22,-0.56,70.6,34.165,5.8,7246.454,7185.317079852492,,,10.485133020344284,7.063395067531575,1.3999999999999995
1979-05-31,10.24,10.31,,9.56,9.06,9.08,-0.5,71.4,34.462,5.6,,,,,10.697674418604652,7.361600049845807,1.1999999999999993
1979-06-30,10.29,10.54,,8.97,8.81,8.83,-0.16,72.2,34.655,5.7,,,,,11.076923076923073,7.364148955945238,1.2999999999999998
1979-07-31,10.47,10.81,,9.31,9.01,8.99,-0.3,73.0,34.829,5.7,7300.281,7243.781017529022,,,11.45038167938932,7.271775286435855,1.2999999999999998
1979-08-31,10.94,11.29,,9.84,9.24,9.09,-0.6,73.7,35.06,6.0,,,,,11.836115326251884,7.4076343361313635,1.5999999999999996
1979-09-30,11.43,12.16,,10.1,9.44,9.25,-0.66,74.4,35.299,5.9,,,,,11.879699248120312,7.520560462991166,1.5
1979-10-31,13.77,14.82,,12.06,10.72,10.19,-1.34,75.2,35.557,6.0,7318.535,7298.013253331672,,,12.071535022354718,7.517160049590288,1.5999999999999996
1979-11-30,13.18,13.96,,11.33,10.38,10.09,-0.95,76.0,35.784,5.9,,,,,12.592592592592599,7.624289452314348,1.5
1979-12-31,13.78,14.77,,11.23,10.33,10.11,-0.9,76.9,36.041,6.0,,,,,13.254786450662737,7.978309065851752,1.5999999999999996
1980-01-31,13.82,13.4,,11.75,11.13,11.09,-0.62,78.0,36.315,6.3,7341.557,7346.736445194209,,,13.868613138686126,8.244657068765093,1.8999999999999995
1980-02-29,14.13,16.33,,14.73,12.72,12.25,-2.01,79.0,36.677,6.3,,,,,14.161849710982644,8.966398288719212,1.8999999999999995
1980-03-31,17.19,19.85,,14.63,12.64,12.31,-1.99,80.1,37.017,6.3,,,,,14.592274678111572,9.349521446295661,1.8999999999999995
1980-04-30,17.61,14.64,,10.81,10.76,10.89,-0.05,80.9,37.207,6.9,7190.289,7389.862876051715,,,14.589235127478762,8.903848968242368,2.5
1980-05-31,10.98,11.06,,9.25,10.25,10.37,1.0,81.7,37.507,7.5,,,,,14.425770308123242,8.835819163136183,3.0999999999999996
1980-06-30,9.47,10.44,,8.97,10.09,9.99,1.12,82.5,37.756,7.6,,,,,14.265927977839322,8.948203722406568,3.1999999999999993
1980-07-31,9.03,9.93,,9.72,10.76,10.8,1.04,82.6,38.021,7.8,7181.743,7426.754999764931,,,13.15068493150684,9.16477647937064,3.3999999999999995
1980-08-31,9.61,10.74,,11.36,11.55,11.27,0.19,83.2,38.296,7.7,,,,,12.890094979647216,9.22989161437535,3.3
1980-09-30,10.87,13.19,,12.13,11.86,11.7,-0.27,83.9,38.657,7.5,,,,,12.768817204301076,9.513017365931042,3.0999999999999996
1980-10-31,12.81,13.77,,13.08,12.46,12.23,-0.62,84.7,38.975,7.5,7315.677,7465.298162717055,,,12.632978723404253,9.612734482661644,3.0999999999999996
1980-11-30,15.85,18.56,,14.13,12.72,12.32,-1.41,85.6,39.282,7.5,,,,,12.631578947368416,9.775318578135472,3.0999999999999996
1980-12-31,18.9,22.0,,13.06,12.43,11.98,-0.63,86.4,39.518,7.2,,,,,12.353706111833551,9.647346078077756,2.8
1981-01-31,19.08,17.25,,13.26,12.68,12.28,-0.58,87.2,39.861,7.5,7459.022,7508.084206685455,,,11.794871794871797,9.76456009913258,3.0999999999999996
1981-02-28,15.93,15.53,,14.08,13.43,12.97,-0.65,88.0,40.152,7.4,,,,,11.392405063291132,9.474602611991179,3.0
1981-03-31,14.7,14.63,,13.17,13.13,12.65,-0.04,88.6,40.375,7.4,,,,,10.611735330836458,9.071507685657942,3.0
1981-04-30,15.72,18.92,,14.84,14.11,13.65,-0.73,89.1,40.633,7.2,7403.745,7554.009065783638,,,10.135970333745359,9.207944741580887,2.8
1981-05-31,18.52,17.56,,14.4,13.5,13.06,-0.9,89.7,40.913,7.5,,,,,9.79192166462668,9.080971551976958,3.0999999999999996
1981-06-30,19.1,18.64,,14.66,13.86,13.3,-0.8,90.5,41.117,7.5,,,,,9.696969696969692,8.901896387329167,3.0999999999999996
1981-07-31,19.04,17.46,,15.84,14.67,13.96,-1.17,91.5,41.365,7.2,7492.405,7602.714114407346,,,10.774818401937058,8.795139528155493,2.8
1981-08-31,17.82,16.83,,16.73,15.41,14.78,-1.32,92.2,41.642,7.4,,,,,10.817307692307686,8.737204930018816,3.0
1981-09-30,15.87,16.58,15.05,16.69,15.84,15.19,-0.85,93.1,41.915,7.6,,,,,10.96543504171632,8.427969061230822,3.1999999999999993
1981-10-31,15.08,14.44,13.33,14.59,14.63,14.36,0.04,93.4,42.165,7.9,7410.768,7654.364351740863,,,10.271546635182993,8.184733803720334,3.5
1981-11-30,13.31,12.44,10.78,12.36,13.13,12.91,0.77,93.8,42.411,8.3,,,,,9.579439252336464,7.965480372689804,3.9000000000000004
1981-12-31,12.37,13.13,11.54,13.63,13.98,13.65,0.35,94.1,42.568,8.5,,,,,8.912037037037024,7.718001923174245,4.1
1982-01-31,13.22,14.21,13.08,14.24,14.14,13.91,-0.1,94.4,42.829,8.6,7295.631,7708.282365291767,,,8.25688073394495,7.445874413587217,4.199999999999999
1982-02-28,14.78,13.74,13.0,14.44,14.03,13.83,-0.41,94.7,42.994,8.9,,,,,7.613636363636367,7.078103207810327,4.5
1982-03-31,14.68,16.8,13.99,14.52,14.18,13.68,-0.34,94.7,43.182,9.0,,,,,6.884875846501148,6.952321981424148,4.6
1982-04-30,14.94,15.28,13.15,13.99,13.87,13.39,-0.12,95.0,43.353,9.3,7328.912,7763.629992676451,,,6.621773288439958,6.694066399232157,4.9
1982-05-31,14.45,13.38,11.97,13.62,13.71,13.39,0.09,95.9,43.589,9.4,,,,,6.911928651059096,6.540708332314926,5.0
1982-06-30,14.15,14.58,13.36,14.66,14.44,13.91,-0.22,97.0,43.808,9.6,,,,,7.182320441988943,6.544738186151711,5.199999999999999
1982-07-31,12.59,11.41,10.57,13.17,13.68,13.42,0.51,97.5,44.092,9.8,7300.896,7820.189965259814,,,6.557377049180335,6.592529916596157,5.4
1982-08-31,10.12,10.63,8.72,11.99,12.81,12.5,0.82,97.7,44.295,9.8,,,,,5.965292841648595,6.370971615196197,5.4
1982-09-30,10.31,12.17,7.88,11.23,11.73,11.79,0.5,97.7,44.459,10.1,,,,,4.940923737916236,6.069426219730412,5.699999999999999
1982-10-31,9.71,9.41,8.17,9.85,10.71,11.01,0.86,98.1,44.741,10.4,7303.817,7878.160361445345,,,5.032119914346889,6.109332384679234,6.0
1982-11-30,9.2,8.93,8.56,9.96,10.79,10.7,0.83,98.0,44.906,10.8,,,,,4.47761194029852,5.8829077362005044,6.4
1982-12-31,8.95,11.2,8.2,9.48,10.36,10.43,0.88,97.7,45.049,10.8,,,,,3.825717321997879,5.8283217440330715,6.4
1983-01-31,8.68,8.56,8.36,9.58,10.8,10.99,1.22,97.9,45.357,10.4,7400.066,7935.937607522995,,,3.7076271186440746,5.902542669686417,6.0
1983-02-28,8.51,8.53,8.21,9.31,10.27,10.51,0.96,98.0,45.525,10.4,,,,,3.484688489968324,5.886867935060702,6.0
1983-03-31,8.77,10.81,8.96,9.87,10.62,10.69,0.75,98.1,45.583,10.3,,,,,3.5902851108764455,5.5601871150016136,5.9
1983-04-30,8.8,8.84,8.38,9.35,10.27,10.38,0.92,98.8,45.721,10.2,7568.456,7994.859898020182,,,4.0000000000000036,5.462136415011631,5.799999999999999
1983-05-31,8.63,8.94,8.97,10.02,10.81,10.97,0.79,99.2,45.787,10.1,,,,,3.44108446298228,5.042556608318605,5.699999999999999
1983-06-30,8.98,10.06,9.15,10.23,10.96,11.01,0.73,99.4,46.001,10.1,,,,,2.4742268041237248,5.005934989043093,5.699999999999999
1983-07-31,9.37,9.52,9.59,11.03,11.76,11.8,0.73,99.8,46.311,9.4,7719.746,8055.370064425959,,,2.358974358974364,5.032658985757066,5.0
1983-08-31,9.56,9.59,9.64,11.18,11.98,11.96,0.8,100.1,46.55,9.5,,,,,2.456499488229258,5.090868043797259,5.1
1983-09-30,9.45,10.59,9.04,10.53,11.44,11.44,0.91,100.4,46.738,9.2,,,,,2.763561924257929,5.126071211678163,4.799999999999999
1983-10-31,9.48,9.43,8.83,10.61,11.74,11.78,1.13,100.8,46.821,8.8,7880.794,8118.4215710115395,,,2.752293577981657,4.648979683064747,4.4
1983-11-30,9.34,9.34,9.24,10.67,11.63,11.67,0.96,101.1,46.93,8.5,,,,,3.1632653061224536,4.50719280274352,4.1
1983-12-31,9.47,9.92,9.33,10.85,11.82,11.87,0.97,101.4,46.965,8.3,,,,,3.7871033776867957,4.253146573730837,3.9000000000000004
1984-01-31,9.56,9.35,9.26,10.58,11.67,11.78,1.09,102.1,47.121,8.0,8034.847,8184.120399041659,,,4.290091930541351,3.8891461075468037,3.5999999999999996
1984-02-29,9.59,9.45,9.49,10.99,12.04,12.14,1.05,102.6,47.418,7.8,,,,,4.693877551020398,4.158154859967045,3.3999999999999995
1984-03-31,9.91,10.24,10.09,11.6,12.53,12.52,0.93,102.9,47.598,7.8,,,,,4.892966360856277,4.420507645394123,3.3999999999999995
1984-04-30,10.29,10.9,10.1,11.89,12.82,12.86,0.93,103.3,47.822,7.7,8173.67,8252.361160817512,,,4.5546558704453455,4.595262570809933,3.3
1984-05-31,10.32,10.81,10.13,13.0,13.91,13.84,0.91,103.5,47.933,7.4,,,,,4.3346774193548265,4.686919868084827,3.0
1984-06-30,11.06,10.85,10.31,13.17,13.84,13.64,0.67,103.7,48.046,7.2,,,,,4.325955734406439,4.4455555314014905,2.8
1984-07-31,11.23,11.83,10.83,12.57,12.91,12.87,0.34,104.1,48.253,7.5,8252.465,8322.352341108082,,,4.308617234468937,4.193388179914059,3.0999999999999996
1984-08-31,11.64,11.64,11.06,12.54,12.79,12.51,0.25,104.4,48.412,7.5,,,,,4.295704295704317,4.0000000000000036,3.0999999999999996
1984-09-30,11.3,11.23,10.63,12.07,12.47,12.28,0.4,104.7,48.486,7.3,,,,,4.2828685258964105,3.739997432496045,2.8999999999999995
1984-10-31,9.99,9.99,9.35,11.09,11.79,11.64,0.7,105.1,48.595,7.4,8320.199,8393.840778029926,,,4.265873015873023,3.788898143995212,3.0
1984-11-30,9.43,8.92,8.74,10.5,11.58,11.58,1.08,105.3,48.698,7.2,,,,,4.154302670623156,3.7673130193905724,2.8
1984-12-31,8.38,8.74,8.12,10.02,11.55,11.54,1.53,105.5,48.891,7.3,,,,,4.043392504930954,4.100926221654411,2.8999999999999995
1985-01-31,8.35,8.73,8.33,9.9,11.17,11.21,1.27,105.7,49.165,7.3,8400.82,8466.09433779299,,,3.52595494613126,4.337768723074631,2.8999999999999995
1985-02-28,8.5,8.74,8.81,10.66,11.91,11.9,1.25,106.3,49.42,7.2,,,,,3.6062378167641462,4.222025391201667,2.8
1985-03-31,8.58,8.58,8.47,10.43,11.65,11.64,1.22,106.8,49.593,7.2,,,,,3.790087463556846,4.1913525778394245,2.8
1985-04-30,8.27,8.58,8.12,9.91,11.41,11.48,1.5,107.0,49.652,7.3,8474.787,8538.856407644294,,,3.581800580832528,3.826690644473252,2.8999999999999995
1985-05-31,7.97,7.64,7.38,8.92,10.28,10.58,1.36,107.2,49.823,7.2,,,,,3.5748792270531515,3.943003776104148,2.8
1985-06-30,7.53,7.95,7.05,8.67,10.25,10.47,1.58,107.5,49.988,7.4,,,,,3.6644165863066513,4.041959788535987,3.0
1985-07-31,7.88,8.61,7.52,9.01,10.57,10.7,1.56,107.7,50.134,7.4,8604.22,8611.892420843267,,,3.458213256484166,3.8982032205251427,3.0
1985-08-31,7.9,7.8,7.38,8.96,10.28,10.48,1.32,107.9,50.38,7.1,,,,,3.3524904214559337,4.065107824506331,2.6999999999999993
1985-09-30,7.92,8.84,7.27,8.88,10.31,10.57,1.43,108.1,50.484,7.1,,,,,3.2473734479465,4.12077713154313,2.6999999999999993
1985-10-31,7.99,8.08,7.42,8.7,10.01,10.28,1.31,108.5,50.565,7.1,8668.188,8684.996064979776,,,3.2350142721217834,4.0539150118324985,2.6999999999999993
1985-11-30,8.05,8.54,7.39,8.46,9.59,9.86,1.13,109.0,50.689,7.0,,,,,3.5137701804368593,4.088463591933955,2.5999999999999996
1985-12-31,8.27,13.46,7.28,7.98,9.0,9.27,1.02,109.5,50.827,7.0,,,,,3.791469194312791,3.959829007383764,2.5999999999999996
1986-01-31,8.14,8.09,7.19,7.99,9.08,9.34,1.09,109.9,51.101,6.7,8749.127,8757.928247157974,,,3.9735099337748325,3.9377606020543077,2.3
1986-02-28,7.86,7.95,7.24,7.71,8.13,8.27,0.42,109.7,51.233,7.2,,,,,3.19849482596426,3.668555240793192,2.8
1986-03-31,7.48,8.06,6.53,6.92,7.39,7.44,0.47,109.1,51.389,7.2,,,,,2.1535580524344455,3.6214788377392004,2.8
1986-04-30,6.99,7.05,6.28,6.83,7.38,7.47,0.55,108.7,51.482,7.1,8788.524,8830.616845345654,,,1.5887850467289688,3.6856521388866526,2.6999999999999993
1986-05-31,6.85,6.84,6.49,7.36,8.05,7.74,0.69,109.0,51.57,7.2,,,,,1.679104477611948,3.506412700961392,2.8
1986-06-30,6.92,7.72,6.13,6.81,7.35,7.24,0.54,109.4,51.725,7.2,,,,,1.7674418604651132,3.4748339601504474,2.8
1986-07-31,6.56,6.35,5.96,6.57,7.34,7.46,0.77,109.5,51.819,7.0,8872.601,8903.378142266913,,,1.671309192200554,3.360992539992824,2.5999999999999996
1986-08-31,6.17,5.77,5.31,5.94,6.95,7.21,1.01,109.6,51.925,6.9,,,,,1.575532900834098,3.0666931321952973,2.5
1986-09-30,5.89,6.9,5.34,6.38,7.45,7.6,1.07,110.0,52.096,7.0,,,,,1.757631822386685,3.1930908802788815,2.5999999999999996
1986-10-31,5.85,5.93,5.34,6.26,7.34,7.61,1.08,110.2,52.273,7.0,8920.193,8976.124748908698,,,1.5668202764977046,3.3778305151785037,2.5999999999999996
1986-11-30,6.04,6.03,5.54,6.21,7.15,7.41,0.94,110.4,52.384,6.9,,,,,1.2844036697247763,3.3439207717650854,2.5
1986-12-31,6.91,14.35,5.83,6.35,7.23,7.49,0.88,110.8,52.452,6.6,,,,,1.187214611872145,3.197119641135626,2.1999999999999993
1987-01-31,6.43,6.28,5.76,6.33,7.18,7.48,0.85,111.4,52.578,6.6,8986.367,9048.669254874289,,,1.364877161055511,2.8903543961957823,2.1999999999999993
1987-02-28,6.1,6.02,5.6,6.35,7.19,7.48,0.84,111.8,52.685,6.6,,,,,1.9143117593436676,2.834110827006042,2.1999999999999993
1987-03-31,6.13,6.23,5.79,6.54,7.51,7.81,0.97,112.2,52.841,6.6,,,,,2.8414298808432603,2.825507404308314,2.1999999999999993
1987-04-30,6.37,7.63,5.7,7.38,8.21,8.45,0.83,112.7,53.065,6.3,9083.256,9120.473464934588,,,3.679852805887762,3.074861116506744,1.8999999999999995
1987-05-31,6.85,6.63,5.87,7.69,8.49,8.65,0.8,113.0,53.214,6.3,,,,,3.669724770642202,3.187899941826644,1.8999999999999995
1987-06-30,6.73,6.56,5.91,7.48,8.38,8.51,0.9,113.5,53.36,6.2,,,,,3.7477148080438782,3.1609473175447045,1.7999999999999998
1987-07-31,6.58,6.75,6.27,7.63,8.66,8.89,1.03,113.8,53.498,6.1,9162.024,9191.50594011684,,,3.926940639269394,3.2401242787394535,1.6999999999999993
1987-08-31,6.73,6.95,6.45,7.97,9.0,9.17,1.03,114.3,53.679,6.0,,,,,4.2883211678832245,3.3779489648531724,1.5999999999999996
1987-09-30,7.22,8.38,6.83,8.6,9.63,9.79,1.03,114.7,53.892,5.9,,,,,4.2727272727272725,3.447481572481581,1.5
1987-10-31,7.29,6.62,5.45,7.58,8.88,9.03,1.3,115.0,54.122,6.0,9319.332,9262.55407738218,,,4.355716878402904,3.5371989363533585,1.5999999999999996
1987-11-30,6.69,7.19,5.42,7.73,8.99,9.1,1.26,115.4,54.235,5.8,,,,,4.528985507246386,3.5335216860109986,1.3999999999999995
1987-12-31,6.77,6.89,5.86,7.77,8.83,8.95,1.06,115.6,54.349,5.7,,,,,4.332129963898912,3.616639975596736,1.2999999999999998
1988-01-31,6.83,6.79,5.82,7.22,8.26,8.42,1.04,116.0,54.606,5.7,9367.502,9332.89816233194,,,4.129263913824044,3.8571265548328126,1.2999999999999998
1988-02-29,6.58,6.67,5.8,7.13,8.16,8.39,1.03,116.2,54.718,5.7,,,,,3.9355992844364973,3.8587833349150724,1.2999999999999998
1988-03-31,6.58,6.83,5.87,7.41,8.57,8.82,1.16,116.5,54.952,5.7,,,,,3.832442067736186,3.9950038795632192,1.2999999999999998
1988-04-30,6.87,6.98,6.16,7.73,8.87,9.11,1.14,117.2,55.219,5.4,9490.594,9402.936119398,,,3.9929015084294583,4.059172712710835,1.0
1988-05-31,7.09,7.48,6.67,8.21,9.2,9.3,0.99,117.5,55.407,5.6,,,,,3.9823008849557473,4.121095952193032,1.1999999999999993
1988-06-30,7.51,8.27,6.77,8.02,8.82,8.87,0.8,118.0,55.641,5.4,,,,,3.96475770925111,4.2747376311844,1.0
1988-07-31,7.75,7.84,7.18,8.39,9.12,9.23,0.73,118.5,55.868,5.4,9546.206,9472.372904618282,,,4.130052724077338,4.430072152229991,1.0
1988-08-31,8.01,8.14,7.54,8.71,9.25,9.31,0.54,119.0,56.007,5.6,,,,,4.111986001749779,4.336891521824171,1.1999999999999993
1988-09-30,8.19,8.54,7.49,8.43,8.87,8.98,0.44,119.5,56.307,5.4,,,,,4.184829991281602,4.48118459140503,1.0
1988-10-31,8.3,8.39,7.62,8.25,8.65,8.74,0.4,119.9,56.521,5.4,9673.405,9541.739852701116,,,4.260869565217407,4.432578249140828,1.0
1988-11-30,8.35,8.5,8.1,8.84,9.06,9.07,0.22,120.3,56.676,5.3,,,,,4.246100519930662,4.500783626809257,0.8999999999999995
1988-12-31,8.76,9.04,8.37,9.14,9.14,9.0,0.0,120.7,56.864,5.3,,,,,4.4117647058823595,4.627500045999011,0.8999999999999995
1989-01-31,9.12,9.14,8.69,9.12,9.01,8.84,-0.11,121.2,57.152,5.4,9771.725,9610.898343572995,,,4.482758620689653,4.662491301322191,1.0
1989-02-28,9.36,9.87,9.03,9.55,9.32,9.14,-0.23,121.6,57.297,5.2,,,,,4.647160068846801,4.713257063489151,0.7999999999999998
1989-03-31,9.85,9.79,9.23,9.73,9.3,9.11,-0.43,122.2,57.468,5.0,,,,,4.892703862660941,4.578541272383174,0.5999999999999996
1989-04-30,9.84,9.82,8.71,9.22,9.02,8.91,-0.2,123.1,57.661,5.2,9846.293,9679.752477782387,,,5.034129692832767,4.4223908437313275,0.7999999999999998
1989-05-31,9.81,10.48,8.92,8.82,8.6,8.6,-0.22,123.7,57.833,5.2,,,,,5.276595744680845,4.37850813074161,0.7999999999999998
1989-06-30,9.53,9.63,8.26,8.08,8.1,8.05,0.02,124.1,57.987,5.3,,,,,5.1694915254237195,4.21631530705775,0.8999999999999995
1989-07-31,9.24,8.94,8.04,7.53,7.82,7.92,0.29,124.5,58.136,5.2,9919.228,9748.474214363136,,,5.063291139240511,4.05956898403379,0.7999999999999998
1989-08-31,8.99,8.92,8.16,8.42,8.26,8.21,-0.16,124.5,58.217,5.2,,,,,4.621848739495804,3.9459353295123734,0.7999999999999998
1989-09-30,9.02,9.24,8.18,8.46,8.31,8.24,-0.15,124.8,58.419,5.3,,,,,4.435146443514637,3.7508657893334574,0.8999999999999995
1989-10-31,8.84,8.89,8.04,7.85,7.92,7.92,0.07,125.4,58.631,5.3,9938.767,9817.08349642722,,,4.587155963302747,3.733125740875076,0.8999999999999995
1989-11-30,8.55,8.6,7.84,7.75,7.84,7.9,0.09,125.9,58.787,5.4,,,,,4.655029093931851,3.7246806408356203,1.0
1989-12-31,8.45,7.97,7.8,7.87,7.93,7.98,0.06,126.3,58.954,5.4,,,,,4.639602319801162,3.675436128306142,1.0
1990-01-31,8.23,8.26,8.0,8.28,8.43,8.46,0.15,127.5,59.181,5.4,10047.386,9885.457213629248,,,5.198019801980203,3.5501819708846583,1.0
1990-02-28,8.24,8.29,8.04,8.43,8.51,8.54,0.08,128.0,59.468,5.3,,,,,5.263157894736836,3.789029094018903,0.8999999999999995
1990-03-31,8.28,8.3,8.07,8.64,8.65,8.63,0.01,128.6,59.754,5.2,,,,,5.237315875613735,3.97786594278553,0.7999999999999998
1990-04-30,8.26,8.23,8.07,8.96,9.04,9.0,0.08,128.9,59.932,5.4,10083.855,9953.52039531658,,,4.711616571892785,3.9385373129151358,1.0
1990-05-31,8.18,8.23,8.01,8.5,8.6,8.58,0.1,129.1,60.115,5.4,,,,,4.365400161681476,3.945844068265525,1.0
1990-06-30,8.29,8.32,8.0,8.24,8.43,8.41,0.19,129.9,60.349,5.2,,,,,4.673650282030639,4.073326780140363,0.7999999999999998
1990-07-31,8.15,8.05,7.74,7.91,8.36,8.42,0.45,130.5,60.501,5.5,10090.569,10020.58247629744,,,4.819277108433728,4.068047337278102,1.0999999999999996
1990-08-31,8.13,8.06,7.63,8.07,8.86,8.99,0.79,131.6,60.753,5.7,,,,,5.702811244979911,4.356115911159963,1.2999999999999998
1990-09-30,8.2,8.03,7.37,8.02,8.82,8.96,0.8,132.5,60.965,5.9,,,,,6.169871794871806,4.358171142950074,1.5
1990-10-31,8.11,9.52,7.34,7.77,8.65,8.78,0.88,133.4,61.172,5.9,9998.704,10086.676972233356,,,6.379585326953752,4.333884804966659,1.5
1990-11-30,7.81,7.61,7.24,7.53,8.26,8.4,0.73,133.7,61.246,6.2,,,,,6.195393169181873,4.182897579396805,1.7999999999999998
1990-12-31,7.31,5.53,6.63,7.15,8.08,8.26,0.93,134.2,61.331,6.3,,,,,6.254948535233562,4.031957119109819,1.8999999999999995
1991-01-31,6.91,8.18,6.37,7.05,8.03,8.21,0.98,134.7,61.637,6.4,9951.916,10152.177204066918,,,5.647058823529405,4.14998056808773,2.0
1991-02-28,6.25,6.99,6.22,7.04,8.02,8.19,0.98,134.8,61.807,6.6,,,,,5.312500000000009,3.9332077756104145,2.1999999999999993
1991-03-31,6.12,5.53,5.92,7.02,8.05,8.24,1.03,134.8,61.936,6.8,,,,,4.821150855365497,3.6516383840412336,2.3999999999999995
1991-04-30,5.91,5.98,5.68,6.8,8.02,8.2,1.22,135.1,62.06,6.7,10029.51,10216.905817665383,,,4.809930178432875,3.550690782887278,2.3
1991-05-31,5.78,5.92,5.71,6.68,8.06,8.26,1.38,135.6,62.307,6.9,,,,,5.034856700232382,3.6463445063628086,2.5
1991-06-30,5.9,6.74,5.71,6.9,8.24,8.42,1.34,136.0,62.442,6.9,,,,,4.695919938414161,3.468160201494652,2.5
1991-07-31,5.82,5.85,5.7,6.81,8.2,8.36,1.39,136.2,62.632,6.8,10080.195,10281.57022722389,,,4.367816091954024,3.522255830482135,2.3999999999999995
1991-08-31,5.66,5.5,5.49,6.36,7.82,8.06,1.46,136.6,62.804,6.9,,,,,3.7993920972644313,3.37596497292314,2.5
1991-09-30,5.45,5.6,5.26,5.99,7.47,7.82,1.48,137.0,63.055,6.9,,,,,3.396226415094339,3.4281965061920605,2.5
1991-10-31,5.21,5.23,4.96,5.7,7.47,7.91,1.77,137.2,63.194,7.0,10115.329,10347.376832231384,,,2.8485757121439192,3.3054338586281373,2.5999999999999996
1991-11-30,4.81,4.86,4.47,5.38,7.38,7.94,2.0,137.8,63.312,7.0,,,,,3.0665669409125185,3.3732815204258193,2.5999999999999996
1991-12-31,4.43,4.09,3.96,4.77,6.71,7.41,1.94,138.2,63.468,7.3,,,,,2.980625931445613,3.484371688053356,2.8999999999999995
1992-01-31,4.03,4.4,3.94,5.11,7.31,7.77,2.2,138.3,63.641,7.3,10236.435,10414.244254417565,,,2.672605790645899,3.2512938656975576,2.8999999999999995
1992-02-29,4.06,4.13,4.03,5.27,7.27,7.8,2.0,138.6,63.814,7.4,,,,,2.8189910979228294,3.247205009141352,3.0
1992-03-31,3.98,4.07,4.15,5.6,7.54,7.96,1.94,139.1,63.973,7.4,,,,,3.189910979228472,3.2888788426763016,3.0
1992-04-30,3.73,3.85,3.79,5.46,7.61,8.06,2.15,139.4,64.183,7.4,10347.429,10482.223100445655,,,3.1828275351591495,3.420883016435705,3.0
1992-05-31,3.82,3.8,3.79,5.19,7.33,7.84,2.14,139.7,64.273,7.6,,,,,3.0235988200590036,3.1553437013497554,3.1999999999999993
1992-06-30,3.76,4.53,3.65,4.83,7.14,7.79,2.31,140.1,64.323,7.8,,,,,3.0147058823529305,3.012395503026788,3.3999999999999995
1992-07-31,3.25,3.37,3.25,4.42,6.72,7.46,2.3,140.5,64.566,7.7,10449.673,10551.784861690372,,,3.1571218795888534,3.0878784008174787,3.3
1992-08-31,3.3,3.51,3.23,4.15,6.62,7.42,2.47,140.8,64.625,7.6,,,,,3.0746705710102518,2.8994968473345706,3.1999999999999993
1992-09-30,3.22,4.47,2.75,3.8,6.37,7.38,2.57,141.1,64.73,7.6,,,,,2.9927007299270114,2.65641106970107,3.1999999999999993
1992-10-31,3.1,3.04,3.03,4.4,6.8,7.63,2.4,141.7,64.979,7.3,10558.648,10622.618090341755,,,3.279883381924198,2.8246352501819727,2.8999999999999995
1992-11-30,3.09,3.45,3.38,4.79,6.95,7.59,2.16,142.1,65.121,7.4,,,,,3.1204644412191396,2.857278241091743,3.0
1992-12-31,2.92,2.66,3.15,4.56,6.7,7.4,2.14,142.3,65.242,7.4,,,,,2.966714905933454,2.7951093464422927,3.0
1993-01-31,3.02,3.02,2.96,4.2,6.39,7.21,2.19,142.8,65.432,7.3,10576.275,10695.542384138176,,,3.2537960954446943,2.814223535142446,2.8999999999999995
1993-02-28,3.03,3.18,3.01,3.92,6.03,6.9,2.11,143.1,65.557,7.1,,,,,3.2467532467532534,2.7313755602218937,2.6999999999999993
1993-03-31,3.07,3.83,2.95,3.96,6.03,6.93,2.07,143.3,65.7,7.0,,,,,3.0194104960460155,2.699576383786906,2.5999999999999996
1993-04-30,2.96,3.01,2.97,3.83,6.05,6.95,2.22,143.8,65.891,7.1,10637.847,10769.570878061651,,,3.1563845050215145,2.6611408005235093,2.6999999999999993
1993-05-31,3.0,3.02,3.13,4.24,6.16,6.98,1.92,144.2,66.114,7.1,,,,,3.2211882605583497,2.864344281424569,2.6999999999999993
1993-06-30,3.04,3.92,3.1,4.03,5.8,6.68,1.77,144.3,66.177,7.0,,,,,2.9978586723768963,2.8823282496152514,2.5999999999999996
1993-07-31,3.06,3.07,3.1,4.13,5.83,6.57,1.7,144.5,66.314,6.9,10688.606,10844.632547478088,,,2.8469750889679624,2.707307251494573,2.5
1993-08-31,3.03,3.19,3.08,3.88,5.45,6.09,1.57,144.8,66.438,6.8,,,,,2.840909090909083,2.8054158607350166,2.3999999999999995
1993-09-30,3.09,3.99,2.98,3.89,5.4,6.04,1.51,145.0,66.538,6.7,,,,,2.7639971651311157,2.793140738452027,2.3
1993-10-31,2.99,3.03,3.1,3.99,5.43,5.96,1.44,145.6,66.647,6.8,10833.987,10921.031467364262,,,2.752293577981657,2.5669831791809816,2.3999999999999995
1993-11-30,3.02,3.16,3.21,4.22,5.83,6.29,1.61,146.0,66.819,6.6,,,,,2.7445460942997935,2.6074538167411454,2.1999999999999993
1993-12-31,2.96,2.85,3.07,4.25,5.83,6.35,1.58,146.3,66.849,6.5,,,,,2.8109627547435068,2.463137242880342,2.0999999999999996
1994-01-31,3.05,3.68,3.05,4.12,5.7,6.23,1.58,146.3,66.902,6.6,10939.116,10998.74859058424,,,2.450980392156854,2.246607164690051,2.1999999999999993
1994-02-28,3.25,3.49,3.47,4.67,6.15,6.67,1.48,146.7,67.047,6.6,,,,,2.515723270440251,2.2728312765989855,2.1999999999999993
1994-03-31,3.34,4.18,3.56,5.21,6.77,7.11,1.56,147.1,67.275,6.5,,,,,2.6517794836008246,2.397260273972601,2.0999999999999996
1994-04-30,3.56,3.73,3.97,5.73,7.06,7.31,1.33,147.2,67.376,6.4,11087.361,11076.949095369497,,,2.364394993045882,2.2537220561229976,2.0
1994-05-31,4.01,4.6,4.31,6.01,7.17,7.44,1.16,147.5,67.526,6.1,,,,,2.288488210818307,2.1357049944035866,1.6999999999999993
1994-06-30,4.25,5.96,4.26,6.19,7.34,7.63,1.15,147.9,67.676,6.1,,,,,2.494802494802495,2.265137434456066,1.6999999999999993
1994-07-31,4.26,4.29,4.39,5.99,7.12,7.39,1.13,148.4,67.818,6.1,11152.176,11156.409419615584,,,2.69896193771626,2.2679977078746694,1.6999999999999993
1994-08-31,4.47,4.7,4.68,6.17,7.19,7.46,1.02,149.0,67.894,6.0,,,,,2.900552486187835,2.1915169029772086,1.5999999999999996
1994-09-30,4.73,5.44,4.8,6.62,7.62,7.82,1.0,149.3,67.997,5.9,,,,,2.965517241379323,2.192731972707329,1.5
1994-10-31,4.76,4.9,5.2,6.84,7.81,7.97,0.97,149.4,68.157,5.8,11279.932,11237.096679902585,,,2.609890109890123,2.2656683721697712,1.3999999999999995
1994-11-30,5.29,5.66,5.72,7.4,7.91,7.99,0.51,149.8,68.282,5.6,,,,,2.602739726027403,2.189496999356466,1.1999999999999993
1994-12-31,5.45,4.94,5.68,7.69,7.84,7.89,0.15,150.1,68.305,5.5,,,,,2.597402597402576,2.1780430522520877,1.0999999999999996
1995-01-31,5.53,5.86,6.0,7.26,7.6,7.71,0.34,150.5,68.475,5.6,11319.951,11318.730971934145,,,2.8708133971291794,2.3512002630713402,1.1999999999999993
1995-02-28,5.92,6.1,5.94,6.79,7.22,7.46,0.43,150.9,68.587,5.4,,,,,2.862985685071595,2.296896207138288,1.0
1995-03-31,5.98,6.3,5.88,6.8,7.2,7.44,0.4,151.2,68.755,5.4,,,,,2.7872195785180187,2.199925678186543,1.0
1995-04-30,6.05,6.06,5.87,6.6,7.07,7.34,0.47,151.8,68.915,5.8,11353.721,11401.545122180349,,,3.125000000000022,2.2841961529328048,1.3999999999999995
1995-05-31,6.01,6.17,5.81,5.89,6.3,6.67,0.41,152.1,69.032,5.6,,,,,3.1186440677966054,2.2302520510618207,1.1999999999999993
1995-06-30,6.0,6.11,5.6,5.79,6.21,6.63,0.42,152.4,69.092,5.6,,,,,3.0425963488843744,2.0923222412672082,1.1999999999999993
1995-07-31,5.85,5.97,5.6,5.88,6.45,6.86,0.57,152.6,69.201,5.7,11450.31,11485.08306305804,,,2.8301886792452713,2.0392816066530983,1.2999999999999998
1995-08-31,5.74,5.93,5.45,5.85,6.28,6.65,0.43,152.9,69.367,5.7,,,,,2.6174496644295386,2.169558429316276,1.2999999999999998
1995-09-30,5.8,6.2,5.4,5.83,6.17,6.49,0.34,153.1,69.458,5.6,,,,,2.54521098459477,2.1486242040090087,1.1999999999999993
1995-10-31,5.76,5.97,5.48,5.61,6.03,6.34,0.42,153.5,69.627,5.5,11528.067,11570.743237913231,,,2.7443105756358666,2.156785069765399,1.0999999999999996
1995-11-30,5.8,6.11,5.48,5.36,5.76,6.14,0.4,153.7,69.672,5.6,,,,,2.603471295060067,2.0356755806801186,1.1999999999999993
1995-12-31,5.6,4.73,5.1,5.18,5.58,5.96,0.4,153.9,69.77,5.6,,,,,2.5316455696202667,2.144791742917773,1.1999999999999993
1996-01-31,5.56,5.71,5.05,4.93,5.6,6.03,0.67,154.7,69.849,5.6,11614.418,11658.23583382563,,,2.7906976744185963,2.006571741511509,1.1999999999999993
1996-02-29,5.22,6.05,5.02,5.44,6.13,6.48,0.69,155.0,69.94,5.5,,,,,2.717031146454607,1.9726770379226322,1.0999999999999996
1996-03-31,5.31,5.25,5.13,5.79,6.34,6.67,0.55,155.5,70.102,5.5,,,,,2.8439153439153486,1.959130245073104,1.0999999999999996
1996-04-30,5.22,5.5,5.14,6.03,6.66,6.89,0.63,156.1,70.197,5.6,11808.14,11750.806721393768,,,2.832674571805005,1.8602626423855462,1.1999999999999993
1996-05-31,5.24,5.31,5.18,6.27,6.85,7.0,0.58,156.4,70.319,5.6,,,,,2.827087442472065,1.8643527639355728,1.1999999999999993
1996-06-30,5.27,5.0,5.18,6.11,6.73,6.9,0.62,156.7,70.373,5.3,,,,,2.8215223097112663,1.8540496728999045,0.8999999999999995
1996-07-31,5.4,6.75,5.32,6.22,6.8,6.98,0.58,157.0,70.505,5.5,11914.063,11849.53413723492,,,2.8833551769331667,1.884365832863688,1.0999999999999996
1996-08-31,5.22,5.28,5.29,6.34,6.96,7.13,0.62,157.2,70.566,5.1,,,,,2.8122956180510084,1.728487609381979,0.6999999999999993
1996-09-30,5.3,6.09,5.14,6.1,6.72,6.93,0.62,157.7,70.78,5.2,,,,,3.0045721750489918,1.9033084741858497,0.7999999999999998
1996-10-31,5.24,5.63,5.17,5.77,6.37,6.66,0.6,158.2,70.948,5.2,12037.775,11954.099435992812,,,3.0618892508143203,1.8972525026211162,0.7999999999999998
1996-11-30,5.31,5.44,5.13,5.59,6.06,6.36,0.47,158.7,71.041,5.4,,,,,3.2530904359141077,1.964921345734294,1.0
1996-12-31,5.29,6.26,5.21,5.88,6.43,6.65,0.55,159.1,71.068,5.4,,,,,3.378817413905133,1.8603984520567662,1.0
1997-01-31,5.25,5.37,5.15,5.94,6.53,6.8,0.59,159.4,71.144,5.3,12115.472,12064.075854277851,,,3.0381383322559907,1.8539993414365297,0.8999999999999995
1997-02-28,5.19,5.5,5.22,6.09,6.56,6.8,0.47,159.7,71.29,5.2,,,,,3.0322580645161246,1.9302259079210904,0.7999999999999998
1997-03-31,5.39,7.07,5.35,6.45,6.92,7.1,0.47,159.8,71.46,5.2,,,,,2.7652733118971096,1.937177255998379,0.7999999999999998
1997-04-30,5.51,5.82,5.28,6.29,6.72,6.95,0.43,159.9,71.6,5.1,12317.221,12178.421723773972,,,2.434336963484962,1.9986609114349463,0.6999999999999993
1997-05-31,5.5,5.58,4.96,6.22,6.67,6.92,0.45,159.9,71.652,4.9,,,,,2.237851662404089,1.8956469801902687,0.5
1997-06-30,5.56,6.87,5.25,6.08,6.51,6.8,0.43,160.2,71.758,5.0,,,,,2.233567326100827,1.968084350532151,0.5999999999999996
1997-07-31,5.52,5.96,5.25,5.74,6.02,6.3,0.28,160.4,71.807,4.9,12471.01,12297.625499441529,,,2.165605095541401,1.8466775405999725,0.5
1997-08-31,5.54,5.52,5.24,5.97,6.34,6.61,0.37,160.8,71.778,4.8,,,,,2.2900763358778775,1.7175410254230083,0.39999999999999947
1997-09-30,5.54,5.81,5.06,5.8,6.12,6.41,0.32,161.2,71.927,4.9,,,,,2.21940393151554,1.6205142695676855,0.5
1997-10-31,5.5,5.56,5.21,5.63,5.84,6.15,0.21,161.5,72.036,4.7,12577.495,12420.639898841882,,,2.0859671302149163,1.5335175057788808,0.2999999999999998
1997-11-30,5.52,5.5,5.22,5.76,5.86,6.04,0.1,161.7,72.058,4.6,,,,,1.8903591682419618,1.431567686265689,0.1999999999999993
1997-12-31,5.5,5.84,5.36,5.66,5.75,5.93,0.09,161.8,72.1,4.7,,,,,1.6970458830924073,1.4521303540271147,0.2999999999999998
1998-01-31,5.56,5.48,5.19,5.32,5.53,5.82,0.21,162.0,72.21,4.6,12703.742,12547.22445560292,,,1.6311166875784044,1.4983695041043354,0.1999999999999993
1998-02-28,5.51,5.57,5.32,5.55,5.62,5.92,0.07,162.0,72.272,4.6,,,,,1.440200375704448,1.3774722962547337,0.1999999999999993
1998-03-31,5.49,5.88,5.16,5.6,5.67,5.94,0.07,162.0,72.349,4.7,,,,,1.3767209011263937,1.24405261684859,0.2999999999999998
1998-04-30,5.45,5.59,5.0,5.59,5.68,5.95,0.09,162.2,72.482,4.3,12821.339,12677.452576465224,,,1.4383989993745905,1.2318435754190116,-0.10000000000000053
1998-05-31,5.49,5.63,5.03,5.53,5.56,5.81,0.03,162.6,72.552,4.4,,,,,1.6885553470919357,1.256071009881099,0.0
1998-06-30,5.56,7.06,5.1,5.49,5.44,5.62,-0.05,162.8,72.461,4.5,,,,,1.6229712858926382,0.9796817079628761,0.09999999999999964
1998-07-31,5.54,5.63,5.1,5.49,5.5,5.72,0.01,163.2,72.665,4.5,12982.752,12809.9729819968,,,1.74563591022443,1.1948695809600896,0.09999999999999964
1998-08-31,5.55,5.89,4.96,4.91,5.05,5.3,0.14,163.4,72.807,4.5,,,,,1.6169154228855787,1.4335868929198359,0.09999999999999964
1998-09-30,5.51,6.14,4.37,4.3,4.44,4.98,0.14,163.5,72.795,4.6,,,,,1.4267990074441794,1.2067790954717994,0.1999999999999993
1998-10-31,5.07,5.35,4.33,4.12,4.64,5.15,0.52,163.9,72.937,4.5,13191.67,12945.270977878106,,,1.4860681114551078,1.2507635071353107,0.09999999999999964
1998-11-30,4.83,5.11,4.57,4.54,4.74,5.08,0.2,164.1,72.95,4.4,,,,,1.4842300556586308,1.2378916983540877,0.0
1998-12-31,4.68,4.07,4.48,4.54,4.65,5.09,0.11,164.4,73.076,4.4,,,,,1.606922126081578,1.3536754507628368,0.0
1999-01-31,4.63,4.79,4.48,4.58,4.66,5.09,0.08,164.7,73.18,4.3,13315.597,13083.465129913968,,,1.6666666666666607,1.3433042514887417,-0.10000000000000053
1999-02-28,4.76,4.84,4.66,5.13,5.29,5.57,0.16,164.7,73.155,4.4,,,,,1.6666666666666607,1.2217733008633935,0.0
1999-03-31,4.81,4.98,4.49,4.99,5.25,5.63,0.26,164.8,73.177,4.2,,,,,1.7283950617283939,1.1444525840025532,-0.20000000000000018
1999-04-30,4.74,5.03,4.55,5.08,5.36,5.68,0.28,165.9,73.365,4.3,13426.748,13222.90842921196,,,2.281134401972884,1.2182334924532912,-0.10000000000000053
1999-05-31,4.74,4.61,4.66,5.42,5.64,5.84,0.22,166.0,73.435,4.2,,,,,2.091020910209096,1.2170581100451994,-0.20000000000000018
1999-06-30,4.76,5.12,4.78,5.53,5.81,5.98,0.28,166.0,73.474,4.3,,,,,1.9656019656019597,1.397993403348008,-0.10000000000000053
1999-07-31,4.99,5.07,4.75,5.63,5.92,6.11,0.29,166.7,73.606,4.3,13604.771,13363.358248838398,,,2.1446078431372584,1.2949838299043392,-0.10000000000000053
1999-08-31,5.07,5.57,4.98,5.73,5.98,6.07,0.25,167.1,73.642,4.2,,,,,2.2643818849449104,1.1468677462331822,-0.20000000000000018
1999-09-30,5.22,5.51,4.88,5.63,5.9,6.06,0.27,167.8,73.837,4.2,,,,,2.629969418960254,1.4314169929253495,-0.20000000000000018
1999-10-31,5.2,5.27,5.12,5.79,6.02,6.16,0.23,168.1,73.963,4.1,13827.98,13505.49631232712,,,2.56253813300793,1.40669344776998,-0.3000000000000007
1999-11-30,5.42,5.63,5.3,6.01,6.18,6.29,0.17,168.4,74.034,4.1,,,,,2.6203534430225606,1.4859492803289909,-0.3000000000000007
1999-12-31,5.3,3.99,5.33,6.24,6.45,6.48,0.21,168.8,74.128,4.0,,,,,2.676399026763998,1.4395971317532563,-0.40000000000000036
2000-01-31,5.45,5.87,5.76,6.61,6.68,6.49,0.07,169.3,74.306,4.0,13878.147,13648.58537128962,,,2.792956891317555,1.538671768242672,-0.40000000000000036
2000-02-29,5.73,5.85,5.78,6.53,6.42,6.15,-0.11,170.0,74.415,4.1,,,,,3.2179720704310855,1.7223703096165721,-0.3000000000000007
2000-03-31,5.85,6.17,5.88,6.5,6.03,5.84,-0.47,171.0,74.568,4.0,,,,,3.762135922330101,1.9008704920945085,-0.40000000000000036
2000-04-30,6.02,6.06,5.82,6.68,6.23,5.97,-0.45,170.9,74.617,3.8,14130.908,13788.681311811208,,,3.013863773357439,1.70653581408029,-0.6000000000000005
2000-05-31,6.27,6.83,5.63,6.69,6.29,6.02,-0.4,171.2,74.697,4.0,,,,,3.1325301204819134,1.7185265881391798,-0.40000000000000036
2000-06-30,6.53,6.86,5.88,6.38,6.03,5.9,-0.35,172.2,74.754,4.0,,,,,3.7349397590361377,1.742112856248479,-0.40000000000000036
2000-07-31,6.54,6.64,6.27,6.3,6.04,5.79,-0.26,172.7,74.925,4.0,14145.312,13923.902474247976,,,3.5992801439711952,1.7919734804227927,-0.40000000000000036
2000-08-31,6.5,6.65,6.31,6.18,5.73,5.67,-0.45,172.7,75.021,4.1,,,,,3.3512866546977715,1.8725727166562622,-0.3000000000000007
2000-09-30,6.52,6.6,6.23,5.98,5.8,5.88,-0.18,173.6,75.203,3.9,,,,,3.45649582836709,1.850020992185497,-0.5000000000000004
2000-10-31,6.51,6.59,6.38,5.94,5.77,5.79,-0.17,173.9,75.308,3.9,14229.765,14053.43426698748,,,3.4503271861986873,1.8184768059705814,-0.5000000000000004
2000-11-30,6.51,6.62,6.21,5.61,5.48,5.6,-0.13,174.2,75.441,3.9,,,,,3.444180522565321,1.9004781586838382,-0.5000000000000004
2000-12-31,6.4,5.41,5.89,5.11,5.12,5.46,0.01,174.6,75.515,3.9,,,,,3.4360189573459543,1.8710878480466153,-0.5000000000000004
2001-01-31,5.98,5.74,4.99,4.62,5.19,5.54,0.57,175.6,75.796,4.2,14183.12,14177.014871405332,,,3.7212049616065945,2.0052216510106913,-0.20000000000000018
2001-02-28,5.49,5.59,4.85,4.41,4.92,5.34,0.51,176.0,75.93,4.2,,,,,3.529411764705892,2.035879862930856,-0.20000000000000018
2001-03-31,5.31,5.29,4.3,4.18,4.93,5.46,0.75,176.1,76.009,4.3,,,,,2.9824561403508643,1.932464327861827,-0.10000000000000053
2001-04-30,4.8,4.67,3.95,4.3,5.35,5.78,1.05,176.4,76.13,4.4,14271.694,14293.255366424008,,,3.2182562902282053,2.0276880603615766,0.0
2001-05-31,4.21,4.24,3.63,4.22,5.43,5.78,1.21,177.3,76.148,4.3,,,,,3.5630841121495394,1.94251442494342,-0.10000000000000053
2001-06-30,3.97,3.95,3.65,4.25,5.42,5.75,1.17,177.7,76.318,4.5,,,,,3.193960511033689,2.092195735345248,0.09999999999999964
2001-07-31,3.77,3.82,3.54,3.79,5.07,5.51,1.28,177.4,76.515,4.6,14214.516,14401.428785467464,,,2.7214823393167498,2.1221221221221276,0.1999999999999993
2001-08-31,3.65,3.66,3.37,3.64,4.85,5.39,1.21,177.4,76.553,4.9,,,,,2.7214823393167498,2.0420948801002314,0.5
2001-09-30,3.07,2.75,2.4,2.86,4.6,5.42,1.74,178.1,76.118,5.0,,,,,2.5921658986175045,1.2167067803146026,0.5999999999999996
2001-10-31,2.49,2.66,2.05,2.44,4.3,4.89,1.86,177.6,76.654,5.3,14253.574,14502.3757251484,,,2.127659574468077,1.7873267116375269,0.8999999999999995
2001-11-30,2.09,2.06,1.78,2.84,4.78,5.27,1.94,177.5,76.81,5.5,,,,,1.894374282433997,1.8146631142217151,1.0999999999999996
2001-12-31,1.82,1.52,1.74,3.07,5.07,5.48,2.0,177.4,76.828,5.7,,,,,1.603665521191311,1.738727405151308,1.2999999999999998
2002-01-31,1.73,1.85,1.76,3.16,5.07,5.44,1.91,177.7,76.871,5.7,14372.785,14596.981913208332,,,1.1958997722095743,1.4182806480552923,1.2999999999999998
2002-02-28,1.74,1.83,1.79,3.06,4.88,5.54,1.82,178.0,77.018,5.7,,,,,1.1363636363636465,1.4328987225075585,1.2999999999999998
2002-03-31,1.73,1.74,1.79,3.72,5.42,5.91,1.7,178.5,77.11,5.7,,,,,1.3628620102214661,1.4485126761304645,1.2999999999999998
2002-04-30,1.75,1.82,1.77,3.24,5.11,5.72,1.87,179.3,77.325,5.9,14460.848,14687.090370319847,,,1.643990929705219,1.5696834362275203,1.5
2002-05-31,1.75,1.79,1.74,3.22,5.08,5.75,1.86,179.5,77.411,5.8,,,,,1.2408347433727984,1.6586121762882877,1.3999999999999995
2002-06-30,1.75,1.73,1.7,2.9,4.86,5.7,1.96,179.6,77.534,5.8,,,,,1.0692177827799743,1.5933331586257538,1.3999999999999995
2002-07-31,1.73,1.76,1.71,2.23,4.51,5.51,2.28,180.0,77.692,5.8,14519.633,14774.58935298112,,,1.465614430665152,1.5382604718028992,1.3999999999999995
2002-08-31,1.74,1.81,1.69,2.14,4.14,5.11,2.0,180.5,77.845,5.7,,,,,1.747463359639223,1.6877196190874244,1.2999999999999998
2002-09-30,1.75,1.85,1.57,1.72,3.63,4.88,1.91,180.8,77.972,5.7,,,,,1.516002245929271,2.43569195196931,1.2999999999999998
2002-10-31,1.75,1.82,1.44,1.68,3.93,5.28,2.25,181.2,78.038,5.7,14537.58,14860.705908247191,,,2.0270270270270174,1.8055156938972639,1.2999999999999998
2002-11-30,1.34,1.23,1.22,2.08,4.22,5.23,2.14,181.5,78.114,5.9,,,,,2.2535211267605604,1.6976956125504428,1.5
2002-12-31,1.24,1.16,1.22,1.61,3.83,5.03,2.22,181.8,78.187,6.0,,,,,2.4802705749718212,1.7688863435205926,1.5999999999999996
2003-01-31,1.24,1.33,1.18,1.72,4.0,5.03,2.28,182.6,78.24,5.8,14614.141,14947.163122044543,1.81,,2.757456387169399,1.7809056731407091,1.3999999999999995
2003-02-28,1.26,1.33,1.2,1.53,3.71,4.9,2.18,183.6,78.348,5.9,,,1.94,,3.146067415730336,1.7268690436001988,1.5
2003-03-31,1.25,1.38,1.14,1.51,3.83,5.07,2.32,183.9,78.474,5.9,,,1.8,,3.025210084033625,1.768901569186876,1.5
2003-04-30,1.26,1.31,1.13,1.51,3.89,5.0,2.38,183.2,78.561,6.0,14743.567,15035.055434315627,1.73,,2.175125488008911,1.598448108632411,1.5999999999999996
2003-05-31,1.26,1.28,1.11,1.33,3.37,4.59,2.04,182.9,78.674,6.1,,,1.6,,1.8941504178273005,1.63155107155315,1.6999999999999993
2003-06-30,1.22,1.45,0.9,1.32,3.54,4.81,2.22,183.1,78.718,6.3,,,1.64,,1.948775055679297,1.5270719942218847,1.8999999999999995
2003-07-31,1.01,1.04,0.96,1.8,4.49,5.56,2.69,183.7,78.915,6.2,14988.782,15124.158937215894,2.08,,2.055555555555544,1.5741646501570505,1.7999999999999998
2003-08-31,1.03,1.01,0.98,1.95,4.45,5.3,2.5,184.5,79.004,6.1,,,2.16,,2.216066481994461,1.4888560601194811,1.6999999999999993
2003-09-30,1.01,1.17,0.95,1.5,3.96,5.07,2.46,185.1,79.114,6.1,,,2.01,,2.378318584070782,1.4646283281178007,1.6999999999999993
2003-10-31,1.01,1.03,0.96,1.85,4.33,5.28,2.48,184.9,79.26,6.0,15162.76,15215.896309544176,2.4,,2.041942604856528,1.565903790461065,1.5999999999999996
2003-11-30,1.0,1.01,0.93,2.06,4.34,5.23,2.28,185.0,79.368,5.8,,,2.31,,1.9283746556473913,1.6053460327213998,1.3999999999999995
2003-12-31,0.98,0.94,0.95,1.84,4.27,5.23,2.43,185.5,79.467,5.7,,,2.27,,2.0352035203520247,1.6371007968076556,1.2999999999999998
2004-01-31,1.0,1.03,0.92,1.84,4.16,5.11,2.32,186.3,79.671,5.7,15248.68,15310.64980463486,2.31,,2.026286966046009,1.828987730061371,1.2999999999999998
2004-02-29,1.01,1.04,0.96,1.66,3.99,5.01,2.33,186.7,79.8,5.6,,,2.38,,1.688453159041381,1.8532700260376789,1.1999999999999993
2004-03-31,1.0,1.05,0.95,1.6,3.86,4.93,2.26,187.1,79.934,5.8,,,2.38,,1.7400761283306032,1.8604888243239692,1.3999999999999995
2004-04-30,1.0,1.03,0.98,2.31,4.53,5.39,2.22,187.4,80.142,5.6,15366.85,15407.299881195731,2.42,,2.2925764192139875,2.012448925039134,1.1999999999999993
2004-05-31,1.0,1.02,1.08,2.54,4.66,5.42,2.12,188.2,80.252,5.6,,,2.66,,2.8977583378895444,2.0057452271398324,1.1999999999999993
2004-06-30,1.03,1.38,1.33,2.7,4.62,5.41,1.92,188.9,80.379,5.6,,,2.52,,3.1676679410158393,2.110063771945425,1.1999999999999993
2004-07-31,1.26,1.29,1.45,2.68,4.5,5.31,1.82,189.1,80.474,5.5,15512.619,15506.39166779942,2.49,,2.939575394665228,1.9755433060888228,1.0999999999999996
2004-08-31,1.43,1.55,1.59,2.41,4.13,5.01,1.72,189.2,80.505,5.4,,,2.35,,2.5474254742547275,1.899903802339109,1.0
2004-09-30,1.61,1.94,1.71,2.63,4.14,4.97,1.51,189.8,80.656,5.4,,,2.37,,2.5391680172879516,1.9490861288773198,1.0
2004-10-31,1.76,1.79,1.91,2.56,4.05,4.87,1.49,190.8,80.831,5.5,15670.88,15607.359583040596,2.42,,3.1909140075716547,1.9820842795861715,1.0999999999999996
2004-11-30,1.93,2.02,2.23,3.02,4.36,5.07,1.34,191.7,81.005,5.4,,,2.61,,3.621621621621607,2.0625440983771837,1.0
2004-12-31,2.16,1.97,2.22,3.08,4.24,4.86,1.16,191.7,81.109,5.4,,,2.56,,3.3423180592991875,2.0662665005599656,1.0
2005-01-31,2.28,2.5,2.51,3.29,4.14,4.62,0.85,191.6,81.401,5.3,15844.727,15707.318610353295,2.49,,2.8448738593666034,2.1714300058992553,0.8999999999999995
2005-02-28,2.5,2.52,2.76,3.59,4.36,4.71,0.77,192.4,81.536,5.4,,,2.66,,3.0530262453133394,2.1754385964912304,1.0
2005-03-31,2.63,2.96,2.79,3.8,4.5,4.76,0.7,193.1,81.737,5.2,,,2.71,,3.2068412613575736,2.255610878975145,0.7999999999999998
2005-04-30,2.79,2.97,2.9,3.66,4.21,4.53,0.55,193.7,81.831,5.2,15922.782,15805.16528365269,2.6,,3.3617929562433257,2.107509171221089,0.7999999999999998
2005-05-31,3.0,3.09,2.99,3.6,4.0,4.36,0.4,193.6,81.999,5.1,,,2.37,,2.869287991498415,2.176892787718687,0.6999999999999993
2005-06-30,3.04,3.35,3.13,3.66,3.94,4.19,0.28,193.7,82.056,5.0,,,2.27,,2.541026998411855,2.086365841824356,0.5999999999999996
2005-07-31,3.26,3.31,3.42,4.02,4.28,4.42,0.26,194.9,82.176,5.0,16047.587,15902.191878355608,2.36,,3.067160232681121,2.1149688098019315,0.5999999999999996
2005-08-31,3.5,3.63,3.52,3.84,4.02,4.23,0.18,196.1,82.243,4.9,,,2.37,,3.6469344608879517,2.158872119744104,0.5
2005-09-30,3.62,3.93,3.55,4.18,4.34,4.53,0.16,198.8,82.425,5.0,,,2.56,,4.741833508956805,2.193265225153729,0.5999999999999996
2005-10-31,3.78,4.02,3.98,4.4,4.57,4.73,0.17,199.1,82.662,5.0,16136.734,15997.875321123143,2.57,,4.350104821802936,2.2652200269698497,0.5999999999999996
2005-11-30,4.0,4.03,3.95,4.42,4.49,4.66,0.07,198.1,82.873,5.0,,,2.37,,3.3385498174230532,2.306030491944955,0.5999999999999996
2005-12-31,4.16,4.09,4.08,4.41,4.39,4.51,-0.02,198.1,82.959,4.9,,,2.33,,3.3385498174230532,2.280881283211489,0.5
2006-01-31,4.29,4.47,4.47,4.54,4.53,4.69,-0.01,199.3,83.145,4.7,16353.835,16091.603317517096,2.53,99.4311,4.018789144050117,2.1424798221152175,0.2999999999999998
2006-02-28,4.49,4.52,4.62,4.69,4.55,4.51,-0.14,199.4,83.279,4.8,,,2.53,99.7695,3.63825363825363,2.1377060439560447,0.39999999999999947
2006-03-31,4.59,5.0,4.63,4.82,4.86,4.9,0.04,199.7,83.509,4.7,,,2.51,100.56,3.4179181771103018,2.167928844953937,0.2999999999999998
2006-04-30,4.79,4.86,4.77,4.87,5.07,5.17,0.2,200.7,83.764,4.7,16396.151,16183.163929732862,2.68,98.1412,3.613835828600931,2.362185479830381,0.2999999999999998
2006-05-31,4.94,5.05,4.86,5.04,5.12,5.21,0.08,201.3,83.974,4.6,,,2.64,97.7705,3.9772727272727293,2.4085659581214447,0.1999999999999993
2006-06-30,4.99,5.05,5.01,5.16,5.15,5.19,-0.01,201.8,84.186,4.6,,,2.61,98.2483,4.1817243159525175,2.595788242176078,0.1999999999999993
2006-07-31,5.24,5.31,5.1,4.97,4.99,5.07,0.02,202.9,84.268,4.7,16420.738,16270.761436348215,2.58,97.9996,4.104669061056954,2.545755451713405,0.2999999999999998
2006-08-31,5.25,5.31,5.05,4.79,4.74,4.88,-0.05,203.8,84.44,4.7,,,2.5,97.644,3.926568077511483,2.671351969164548,0.2999999999999998
2006-09-30,5.25,5.34,4.89,4.71,4.64,4.77,-0.07,202.8,84.573,4.5,,,2.37,98.1054,2.012072434607637,2.6060054595086424,0.09999999999999964
2006-10-31,5.25,5.31,5.08,4.71,4.61,4.72,-0.1,201.9,84.726,4.4,16561.866,16354.469242438125,2.27,97.3901,1.4063284781516971,2.4969151484357965,0.0
2006-11-30,5.25,5.31,5.03,4.62,4.46,4.56,-0.16,202.0,84.766,4.5,,,2.3,96.5779,1.9687026754164672,2.284218020344375,0.09999999999999964
2006-12-31,5.24,5.17,5.02,4.82,4.71,4.81,-0.11,203.1,84.88,4.4,,,2.3,97.0312,2.5239777889954462,2.31560168275895,0.0
2007-01-31,5.25,5.33,5.12,4.94,4.83,4.93,-0.11,203.437,85.224,4.6,16611.69,16438.582056258954,2.43,97.964,2.075765178123423,2.500451019303629,0.1999999999999993
2007-02-28,5.26,5.41,5.16,4.65,4.56,4.68,-0.09,204.226,85.408,4.5,,,2.36,97.2386,2.420260782347028,2.556466816364278,0.09999999999999964
2007-03-31,5.26,5.3,5.04,4.58,4.65,4.84,0.07,205.288,85.494,4.4,,,2.44,96.3183,2.798197295943927,2.376989306541799,0.0
2007-04-30,5.25,5.29,4.91,4.6,4.63,4.81,0.03,205.904,85.616,4.5,16713.314,16523.062155053634,2.43,94.8365,2.5929247633283525,2.210973687980511,0.09999999999999964
2007-05-31,5.25,5.28,4.73,4.92,4.9,5.01,-0.02,206.755,85.717,4.4,,,2.36,94.3215,2.709885742672613,2.075642460761662,0.0
2007-06-30,5.25,5.31,4.82,4.87,5.03,5.12,0.16,207.234,85.859,4.6,,,2.38,94.1393,2.692765113974227,1.9872662913073214,0.1999999999999993
2007-07-31,5.26,5.28,4.96,4.56,4.78,4.92,0.22,207.603,85.988,4.7,16809.587,16608.026026757703,2.34,93.4264,2.3178905864958077,2.0411069445103625,0.2999999999999998
2007-08-31,5.02,4.96,4.01,4.15,4.54,4.83,0.39,207.667,86.116,4.6,,,2.2,93.6674,1.897448478900876,1.984841307437235,0.1999999999999993
2007-09-30,4.94,4.58,3.82,3.97,4.59,4.83,0.62,208.547,86.351,4.7,,,2.32,90.9446,2.8338264299802685,2.1023258013787016,0.2999999999999998
2007-10-31,4.76,4.6,3.94,3.94,4.48,4.74,0.54,209.19,86.576,4.7,16915.191,16691.712099349483,2.34,89.1389,3.610698365527476,2.183509194344113,0.2999999999999998
2007-11-30,4.49,4.66,3.15,3.04,3.97,4.4,0.93,210.834,86.746,4.7,,,2.34,89.6212,4.373267326732666,2.33584220088241,0.2999999999999998
2007-12-31,4.24,3.06,3.36,3.05,4.04,4.45,0.99,211.445,86.92,5.0,,,2.31,89.6304,4.108813392417532,2.4033930254476976,0.5999999999999996
2008-01-31,3.94,3.22,1.96,2.17,3.67,4.35,1.5,212.174,87.093,5.0,16843.003,16774.77721545801,2.34,88.6547,4.294695655165981,2.1930442128977656,0.5999999999999996
2008-02-29,2.98,3.01,1.85,1.65,3.53,4.41,1.88,212.687,87.178,4.9,,,2.43,87.1654,4.142959270611968,2.072405395279131,0.5
2008-03-31,2.61,2.51,1.38,1.62,3.45,4.3,1.83,213.448,87.349,5.1,,,2.34,86.6881,3.9749035501344343,2.169742905934924,0.6999999999999993
2008-04-30,2.28,2.37,1.43,2.29,3.77,4.49,1.48,213.942,87.4,5.0,16943.291,16854.431509824055,2.27,86.8907,3.9037609759888126,2.0837226686600596,0.5999999999999996
2008-05-31,1.98,1.98,1.89,2.66,4.06,4.72,1.4,215.208,87.559,5.4,,,2.48,86.5504,4.088413823123993,2.148931950488242,1.0
2008-06-30,2.0,2.47,1.9,2.63,3.99,4.53,1.36,217.463,87.76,5.6,,,2.51,86.7621,4.935966105947864,2.2140952025996308,1.1999999999999993
2008-07-31,2.01,2.09,1.68,2.52,3.99,4.59,1.47,219.016,87.918,5.8,16854.295,16929.753043277327,2.34,86.8567,5.497512078341837,2.244499232451047,1.3999999999999995
2008-08-31,2.0,1.94,1.72,2.36,3.83,4.43,1.47,218.69,88.026,6.1,,,2.15,90.0567,5.308017162091239,2.217938594453983,1.6999999999999993
2008-09-30,1.81,2.03,0.92,2.0,3.85,4.31,1.85,218.877,88.116,6.1,,,1.6,92.3773,4.953319875136075,2.0439832775532407,1.6999999999999993
2008-10-31,0.97,0.22,0.46,1.56,4.01,4.35,2.45,216.995,87.991,6.5,16485.35,16999.9085535114,0.87,99.7662,3.7310578899565128,1.6344021437811884,2.0999999999999996
2008-11-30,0.39,0.52,0.01,1.0,2.93,3.45,1.93,213.153,87.952,6.8,,,0.33,101.6468,1.0999174706166848,1.3902658335831042,2.3999999999999995
2008-12-31,0.16,0.14,0.11,0.76,2.25,2.69,1.49,211.398,87.909,7.3,,,0.11,98.6518,-0.02222800255385904,1.137827887712839,2.8999999999999995
2009-01-31,0.15,0.23,0.24,0.94,2.87,3.58,1.93,211.933,87.882,7.8,16298.262,17063.79364520768,1.14,102.1169,-0.11358601902212717,0.9059281457752144,3.3999999999999995
2009-02-28,0.22,0.22,0.26,1.0,3.02,3.71,2.02,212.705,87.952,8.3,,,0.96,104.9284,0.008463140671510772,0.8878386748950362,3.9000000000000004
2009-03-31,0.18,0.16,0.21,0.81,2.71,3.56,1.9,212.495,88.015,8.7,,,1.28,102.3761,-0.4464787676623838,0.762458642915198,4.299999999999999
2009-04-30,0.15,0.2,0.14,0.91,3.16,4.05,2.25,212.709,88.211,9.0,16269.145,17122.682771242056,1.47,100.1042,-0.5763244243767063,0.9279176201372863,4.6
2009-05-31,0.18,0.19,0.14,0.92,3.47,4.34,2.55,213.022,88.279,9.4,,,1.8,95.268,-1.015761495855172,0.8223026759099472,5.0
2009-06-30,0.21,0.22,0.19,1.11,3.53,4.32,2.42,214.79,88.392,9.5,,,1.75,96.3761,-1.2291746182109153,0.7201458523245163,5.1
2009-07-31,0.16,0.18,0.18,1.13,3.52,4.31,2.39,214.726,88.468,9.5,16326.281,17177.41046139042,1.81,94.2526,-1.9587610037622771,0.6255829295479742,5.1
2009-08-31,0.16,0.15,0.15,0.97,3.4,4.18,2.43,215.445,88.599,9.6,,,1.64,94.6202,-1.4838355663267633,0.6509440392611365,5.199999999999999
2009-09-30,0.15,0.07,0.14,0.95,3.31,4.03,2.36,215.861,88.755,9.8,,,1.75,93.1907,-1.377942862886472,0.7251804439602383,5.4
2009-10-31,0.12,0.11,0.05,0.9,3.41,4.23,2.51,216.509,89.082,10.0,16502.754,17230.326569658257,2.0,92.6207,-0.22396829420033848,1.2398995351797337,5.6
2009-11-30,0.12,0.13,0.06,0.67,3.21,4.2,2.54,217.234,89.16,9.9,,,2.08,91.3717,1.9145871744709275,1.373476441695476,5.5
2009-12-31,0.12,0.05,0.06,1.14,3.85,4.63,2.71,217.347,89.236,9.9,,,2.37,92.9124,2.8141231232083674,1.5095155217327072,5.5
2010-01-31,0.11,0.12,0.08,0.82,3.63,4.51,2.81,217.488,89.368,9.8,16582.71,17284.089459018523,2.33,93.7638,2.6211113889767157,1.690903711795344,5.4
2010-02-28,0.13,0.13,0.13,0.81,3.61,4.55,2.8,217.281,89.446,9.8,,,2.13,93.6602,2.151336357866529,1.698653811169737,5.4
2010-03-31,0.16,0.09,0.16,1.02,3.84,4.72,2.82,217.353,89.579,9.9,,,2.24,92.8987,2.2861714393279886,1.7769698346872698,5.5
2010-04-30,0.2,0.2,0.16,0.97,3.69,4.53,2.72,217.403,89.625,9.9,16743.162,17339.540497443468,2.4,92.8423,2.2067707525304403,1.6029746856967897,5.5
2010-05-31,0.2,0.19,0.16,0.76,3.31,4.22,2.55,217.29,89.724,9.6,,,1.99,96.3062,2.003548929218568,1.636855877388732,5.199999999999999
2010-06-30,0.18,0.09,0.18,0.61,2.97,3.91,2.36,217.199,89.767,9.4,,,1.82,95.9934,1.1215605940686268,1.555570639876902,5.0
2010-07-31,0.18,0.18,0.15,0.55,2.94,3.98,2.39,217.605,89.769,9.4,16872.266,17398.249750812174,1.8,93.2793,1.3407784804821077,1.4705882352941124,5.0
2010-08-31,0.19,0.21,0.14,0.47,2.47,3.52,2.0,217.923,89.855,9.5,,,1.52,94.7204,1.1501775395112546,1.4176232237384179,5.1
2010-09-30,0.19,0.15,0.16,0.42,2.53,3.69,2.11,218.275,89.906,9.5,,,1.78,91.3415,1.1183122472331775,1.2968283476987308,5.1
2010-10-31,0.19,0.2,0.12,0.34,2.63,3.99,2.29,219.035,90.043,9.4,16960.864,17459.66794812841,2.13,90.0935,1.1666951489314625,1.0787813475225283,5.0
2010-11-30,0.19,0.2,0.17,0.45,2.81,4.12,2.36,219.59,90.16,9.8,,,2.07,92.1494,1.084544776600338,1.1215791834903621,5.4
2010-12-31,0.18,0.13,0.12,0.61,3.3,4.34,2.69,220.472,90.179,9.3,,,2.3,90.5146,1.437793022217937,1.056748397507734,4.9
2011-01-31,0.17,0.17,0.15,0.58,3.42,4.58,2.84,221.187,90.372,9.1,16920.632,17523.89847705864,2.34,89.694,1.7007834915029774,1.1234446334258408,4.699999999999999
2011-02-28,0.16,0.16,0.15,0.69,3.42,4.49,2.73,221.898,90.53,9.0,,,2.39,88.9391,2.124898173333145,1.2119043892404369,4.6
2011-03-31,0.14,0.1,0.09,0.8,3.47,4.51,2.67,223.046,90.667,9.0,,,2.48,88.0299,2.619241510354109,1.2145703792183493,4.6
2011-04-30,0.1,0.09,0.04,0.61,3.32,4.4,2.71,224.093,90.875,9.1,17035.114,17590.062292255396,2.57,85.5999,3.0772344447868694,1.3947001394700065,4.699999999999999
2011-05-31,0.09,0.1,0.06,0.45,3.05,4.22,2.6,224.806,91.091,9.0,,,2.25,86.656,3.4589718808964998,1.5235611430609364,4.6
2011-06-30,0.09,0.07,0.03,0.45,3.18,4.38,2.73,224.806,91.191,9.1,,,2.43,86.4786,3.5023181506360412,1.5863290518787654,4.699999999999999
2011-07-31,0.07,0.11,0.1,0.36,2.82,4.12,2.46,225.395,91.326,9.0,17031.313,17658.131908785388,2.44,85.7282,3.5798809769996165,1.7344517595160758,4.6
2011-08-31,0.1,0.08,0.02,0.2,2.23,3.6,2.03,226.106,91.508,9.0,,,2.05,86.7739,3.75499603070808,1.8396305158310478,4.6
2011-09-30,0.08,0.06,0.02,0.25,1.92,2.9,1.67,226.597,91.57,9.0,,,1.75,91.9998,3.812621692818685,1.8508219696126815,4.6
2011-10-31,0.07,0.09,0.01,0.25,2.17,3.16,1.92,226.75,91.614,8.8,17222.583,17728.78704705593,2.09,89.2053,3.5222681306640524,1.744721966171725,4.4
2011-11-30,0.08,0.1,0.01,0.25,2.08,3.06,1.83,227.169,91.808,8.6,,,2.05,91.4728,3.451432214581729,1.8278615794143915,4.199999999999999
2011-12-31,0.07,0.04,0.02,0.25,1.89,2.89,1.64,227.223,91.96,8.5,,,1.96,92.4262,3.062066838419386,1.9749609110768507,4.1
2012-01-31,0.08,0.11,0.06,0.22,1.83,2.94,1.61,227.842,92.235,8.3,17367.01,17802.124606222213,2.11,90.5538,3.0087663379855023,2.0614792192271914,3.9000000000000004
2012-02-29,0.1,0.1,0.08,0.3,1.98,3.08,1.68,228.329,92.364,8.3,,,2.26,89.7487,2.8981784423473878,2.0258477852645562,3.9000000000000004
2012-03-31,0.13,0.09,0.07,0.33,2.23,3.35,1.9,228.807,92.521,8.2,,,2.32,90.4593,2.5828752813320977,2.044845423362407,3.799999999999999
2012-04-30,0.14,0.16,0.1,0.27,1.95,3.12,1.68,229.187,92.661,8.2,17444.525,17877.513501192763,2.25,90.3634,2.2731633741348567,1.9653370013755112,3.799999999999999
2012-05-31,0.16,0.16,0.07,0.27,1.59,2.67,1.32,228.713,92.755,8.2,,,2.09,94.6856,1.7379429374660749,1.826744683887549,3.799999999999999
2012-06-30,0.16,0.09,0.09,0.33,1.67,2.76,1.34,228.524,92.85,8.2,,,2.13,92.9096,1.653870448297634,1.8192584794552102,3.799999999999999
2012-07-31,0.16,0.13,0.11,0.23,1.51,2.56,1.28,228.59,92.946,8.2,17469.65,17954.159751564275,2.2,92.8422,1.4175114798464783,1.7738650548584145,3.799999999999999
2012-08-31,0.13,0.13,0.09,0.22,1.57,2.68,1.35,229.918,93.005,8.1,,,2.25,92.1677,1.6859349154821235,1.6359225422913903,3.6999999999999993
2012-09-30,0.14,0.09,0.1,0.23,1.65,2.82,1.42,231.015,93.119,7.8,,,2.42,90.8342,1.9497168982819613,1.6916020530741482,3.3999999999999995
2012-10-31,0.16,0.18,0.11,0.3,1.72,2.85,1.42,231.638,93.345,7.8,17489.852,18032.271410975576,2.5,91.1609,2.1556780595369363,1.889449210819305,3.3999999999999995
2012-11-30,0.16,0.16,0.08,0.25,1.62,2.81,1.37,231.249,93.445,7.7,,,2.41,91.1038,1.7960197033926262,1.7830690135935745,3.3
2012-12-31,0.16,0.09,0.05,0.25,1.78,2.95,1.53,231.221,93.514,7.9,,,2.45,91.0834,1.7595049796895523,1.6898651587646807,3.5
2013-01-31,0.14,0.15,0.07,0.27,2.02,3.17,1.75,231.679,93.703,8.0,17662.4,18112.76119318489,2.59,90.798,1.684061762098299,1.5915867078657886,3.5999999999999996
2013-02-28,0.15,0.14,0.11,0.25,1.89,3.1,1.64,232.937,93.805,7.7,,,2.53,92.295,2.0181404902574807,1.5601316530249987,3.3
2013-03-31,0.14,0.09,0.07,0.25,1.87,3.1,1.62,232.282,93.891,7.5,,,2.51,92.302,1.5187472411246183,1.4807449119659477,3.0999999999999996
2013-04-30,0.15,0.14,0.05,0.22,1.7,2.88,1.48,231.797,93.937,7.6,17709.671,18194.45250151435,2.34,91.3741,1.138808047576867,1.3770626261318197,3.1999999999999993
2013-05-31,0.11,0.09,0.04,0.3,2.16,3.3,1.86,231.893,94.047,7.5,,,2.21,93.6076,1.3903888279197085,1.3929168238908884,3.0999999999999996
2013-06-30,0.09,0.07,0.04,0.36,2.52,3.52,2.16,232.445,94.209,7.5,,,1.99,94.3047,1.7157935271568725,1.4636510500807942,3.0999999999999996
2013-07-31,0.09,0.09,0.04,0.31,2.6,3.64,2.29,232.9,94.329,7.3,17860.45,18277.07369505764,2.22,93.5703,1.885471805415806,1.4879607514040272,2.8999999999999995
2013-08-31,0.08,0.07,0.03,0.39,2.78,3.7,2.39,233.456,94.431,7.2,,,2.1,94.7541,1.538809488600279,1.5332509004892136,2.8
2013-09-30,0.08,0.06,0.02,0.33,2.64,3.69,2.31,233.544,94.543,7.2,,,2.19,92.9207,1.0947341081747997,1.529226044094134,2.8
2013-10-31,0.09,0.07,0.04,0.31,2.57,3.63,2.26,233.669,94.703,7.2,18016.147,18361.59769901994,2.17,92.731,0.8767991434911471,1.4548181477315403,2.8
2013-11-30,0.08,0.07,0.06,0.28,2.75,3.82,2.47,234.1,94.86,6.9,,,2.15,93.6291,1.2328701961954458,1.5142597249719225,2.5
2013-12-31,0.09,0.07,0.07,0.38,3.04,3.96,2.66,234.719,94.961,6.7,,,2.24,93.5576,1.5128383667573297,1.5473618923369736,2.3
2014-01-31,0.07,0.07,0.02,0.34,2.67,3.61,2.33,235.288,95.064,6.6,17953.974,18448.099375489783,2.14,95.1774,1.557758795574915,1.4524615006989983,2.1999999999999993
2014-02-28,0.07,0.06,0.05,0.33,2.66,3.59,2.33,235.547,95.109,6.7,,,2.17,94.3879,1.1204746347724948,1.3901177975587542,2.3
2014-03-31,0.08,0.06,0.05,0.44,2.73,3.56,2.29,236.028,95.25,6.7,,,2.13,94.2432,1.6126949139408042,1.447423075694143,2.3
2014-04-30,0.09,0.09,0.03,0.42,2.67,3.47,2.25,236.468,95.413,6.2,18185.911,18535.90341771736,2.18,93.8896,2.015125303606169,1.5712658483877373,1.7999999999999998
2014-05-31,0.09,0.08,0.04,0.37,2.48,3.33,2.11,236.918,95.574,6.3,,,2.22,93.7606,2.166947687079812,1.62365625697789,1.8999999999999995
2014-06-30,0.1,0.09,0.04,0.47,2.53,3.34,2.06,237.231,95.682,6.1,,,2.26,93.2058,2.0589816945944195,1.5635448842467259,1.6999999999999993
2014-07-31,0.09,0.08,0.03,0.53,2.58,3.32,2.05,237.498,95.848,6.2,18406.941,18626.02876593418,2.29,94.4467,1.9742378703305974,1.6103213221808854,1.7999999999999998
2014-08-31,0.09,0.07,0.03,0.48,2.35,3.09,1.87,237.46,95.885,6.1,,,2.12,94.7251,1.7150983482969062,1.5397485995065185,1.6999999999999993
2014-09-30,0.09,0.07,0.02,0.58,2.52,3.21,1.94,237.477,96.013,5.9,,,1.97,97.5261,1.6840509711232077,1.5548480585553692,1.5
2014-10-31,0.09,0.07,0.01,0.5,2.35,3.07,1.85,237.43,96.096,5.7,18500.031,18717.99587262324,1.92,98.1163,1.6095417021513292,1.4709143321753215,1.2999999999999998
2014-11-30,0.09,0.08,0.02,0.47,2.18,2.89,1.71,236.983,96.181,5.8,,,1.79,100.0719,1.231524989320798,1.392578536791067,1.3999999999999995
2014-12-31,0.12,0.06,0.04,0.67,2.17,2.75,1.5,236.252,96.249,5.6,,,1.68,102.2843,0.6531213919623191,1.3563462895293865,1.1999999999999993
2015-01-31,0.11,0.06,0.02,0.47,1.68,2.25,1.21,234.747,96.214,5.7,18666.621,18811.82035076692,1.65,105.5884,-0.22993097820542818,1.2097113523521053,1.2999999999999998
2015-02-28,0.11,0.06,0.02,0.63,2.0,2.6,1.37,235.342,96.324,5.5,,,1.83,105.5981,-0.08703146293520536,1.2774816263445121,1.0999999999999996
2015-03-31,0.11,0.06,0.03,0.56,1.94,2.54,1.38,235.976,96.47,5.4,,,1.76,107.4396,-0.022031284423873476,1.2808398950131306,1.0
2015-04-30,0.12,0.08,0.01,0.58,2.05,2.75,1.47,236.222,96.648,5.4,18782.243,18906.9696114969,1.94,105.312,-0.10403098939391064,1.2943728841981805,1.0
2015-05-31,0.12,0.08,0.01,0.61,2.12,2.88,1.51,237.001,96.766,5.6,,,1.8,106.7388,0.03503321824429584,1.2472011216439594,1.1999999999999993
2015-06-30,0.13,0.08,0.01,0.64,2.35,3.11,1.71,237.657,96.882,5.3,,,1.87,106.5191,0.1795718097550525,1.254154386404971,0.8999999999999995
2015-07-31,0.13,0.08,0.08,0.67,2.2,2.92,1.53,238.034,96.978,5.2,18857.418,19003.03419833049,1.74,108.7819,0.22568611104094582,1.1789500041732737,0.7999999999999998
2015-08-31,0.14,0.08,0.08,0.74,2.21,2.95,1.47,238.033,97.056,5.1,,,1.63,110.5621,0.2413037985344868,1.2212546279397163,0.6999999999999993
2015-09-30,0.14,0.07,0.0,0.64,2.06,2.87,1.42,237.498,97.196,5.0,,,1.41,111.3311,0.008842961634170088,1.2321248164310905,0.5999999999999996
2015-10-31,0.12,0.07,0.08,0.75,2.16,2.93,1.41,237.733,97.228,5.0,18892.206,19100.137722133142,1.53,110.2079,0.12761656067050708,1.1779886779886617,0.5999999999999996
2015-11-30,0.12,0.08,0.22,0.94,2.21,2.98,1.27,238.017,97.332,5.1,,,1.59,112.34,0.4363182169185187,1.1967020513407034,0.6999999999999993
2015-12-31,0.24,0.2,0.16,1.06,2.27,3.01,1.21,237.761,97.396,5.0,,,1.54,113.3429,0.6387247515364791,1.191700692994213,0.5999999999999996
2016-01-31,0.34,0.29,0.33,0.76,1.94,2.75,1.18,237.652,97.567,4.8,19001.69,19198.252665637407,1.41,115.5731,1.2375025026943876,1.4062402560957699,0.39999999999999947
2016-02-29,0.38,0.29,0.33,0.78,1.74,2.61,0.96,237.336,97.736,4.9,,,1.42,114.2418,0.8472775790126619,1.4658859681907055,0.5
2016-03-31,0.36,0.25,0.21,0.73,1.78,2.61,1.05,238.08,97.876,5.0,,,1.62,109.9191,0.8916160965521946,1.4574479112677619,0.5999999999999996
2016-04-30,0.37,0.3,0.22,0.77,1.83,2.66,1.06,238.992,98.117,5.1,19062.709,19296.5000603964,1.71,108.8274,1.1726257503534843,1.5199486797450534,0.6999999999999993
2016-05-31,0.37,0.29,0.34,0.87,1.84,2.64,0.97,239.557,98.284,4.8,,,1.54,112.4276,1.0784764621246223,1.5687328193787042,0.39999999999999947
2016-06-30,0.38,0.3,0.26,0.58,1.49,2.3,0.91,240.222,98.386,4.9,,,1.4,112.1618,1.0792865347959424,1.5524039553270974,0.5
2016-07-31,0.39,0.3,0.28,0.67,1.46,2.18,0.79,240.101,98.529,4.8,19197.938,19394.1890093846,1.49,111.874,0.8683633430518256,1.5993318072140106,0.39999999999999947
2016-08-31,0.4,0.3,0.33,0.8,1.58,2.23,0.78,240.545,98.703,4.9,,,1.47,112.4036,1.0553158595656864,1.6969584569733076,0.5
2016-09-30,0.4,0.29,0.29,0.77,1.6,2.32,0.83,241.176,98.834,5.0,,,1.6,112.2795,1.5486446201652182,1.6852545372237682,0.5999999999999996
2016-10-31,0.4,0.31,0.34,0.86,1.84,2.58,0.98,241.741,98.961,4.9,19304.352,19491.389084717703,1.73,114.0188,1.685924966243646,1.7824083597317797,0.5
2016-11-30,0.41,0.31,0.48,1.11,2.37,3.02,1.26,242.026,99.005,4.7,,,1.94,117.7636,1.6843334719788938,1.7188591624542893,0.2999999999999998
2016-12-31,0.54,0.55,0.51,1.2,2.45,3.06,1.25,242.637,99.12,4.7,,,1.95,118.3466,2.0507989115119862,1.770093227647962,0.2999999999999998
2017-01-31,0.65,0.56,0.52,1.19,2.45,3.05,1.26,243.618,99.385,4.7,19398.343,19588.63066489704,2.05,116.2241,2.5103933482571117,1.863334939067518,0.2999999999999998
2017-02-28,0.66,0.57,0.53,1.22,2.36,2.97,1.14,244.006,99.561,4.6,,,2.02,116.0032,2.8103616813294208,1.867275108455435,0.1999999999999993
2017-03-31,0.79,0.82,0.76,1.27,2.4,3.02,1.13,243.892,99.519,4.4,,,1.97,114.7938,2.44119623655914,1.6786546242183897,0.0
2017-04-30,0.9,0.83,0.8,1.28,2.29,2.96,1.01,244.193,99.723,4.4,19506.949,19685.87294333236,1.92,114.7877,2.176223471915395,1.6368213459441172,0.0
2017-05-31,0.91,0.83,0.98,1.28,2.21,2.87,0.93,244.004,99.803,4.4,,,1.81,113.2956,1.8563431667619756,1.545521142810613,0.0
2017-06-30,1.04,1.06,1.03,1.38,2.31,2.84,0.93,244.163,99.937,4.3,,,1.73,111.9896,1.640565809959127,1.5764438029800987,-0.10000000000000053
2017-07-31,1.15,1.07,1.07,1.34,2.3,2.89,0.96,244.243,100.01,4.3,19660.766,19783.817242750043,1.82,109.8177,1.7251073506566073,1.5031107592688553,-0.10000000000000053
2017-08-31,1.16,1.07,1.01,1.33,2.12,2.73,0.79,245.183,100.118,4.4,,,1.76,109.3686,1.92812155729698,1.433593710424197,0.0
2017-09-30,1.15,1.06,1.06,1.47,2.33,2.86,0.86,246.435,100.24,4.3,,,1.84,110.0867,2.1805652303711787,1.4225873687192525,-0.10000000000000053
2017-10-31,1.15,1.07,1.15,1.6,2.38,2.88,0.78,246.626,100.486,4.2,19882.352,19882.732970228422,1.88,111.8052,2.020757753132485,1.5410111053849596,-0.20000000000000018
2017-11-30,1.16,1.07,1.27,1.78,2.42,2.83,0.64,247.284,100.535,4.2,,,1.86,110.4648,2.172493864295566,1.5453764961365524,-0.20000000000000018
2017-12-31,1.3,1.33,1.39,1.89,2.4,2.74,0.51,247.805,100.683,4.1,,,1.96,110.0783,2.129930719552253,1.5768765133171936,-0.3000000000000007
2018-01-31,1.41,1.34,1.46,2.14,2.72,2.95,0.58,248.859,101.007,4.0,20044.077,19983.30805838997,2.11,106.7696,2.151318868063945,1.6320370277204788,-0.40000000000000036
2018-02-28,1.42,1.35,1.65,2.25,2.87,3.13,0.62,249.529,101.198,4.1,,,2.12,108.3903,2.263468931091861,1.6442181175359671,-0.3000000000000007
2018-03-31,1.51,1.67,1.73,2.27,2.74,2.97,0.47,249.577,101.419,4.0,,,2.05,107.4784,2.3309497646499366,1.909183171052753,-0.40000000000000036
2018-04-30,1.69,1.69,1.87,2.49,2.95,3.11,0.46,250.227,101.602,4.0,20150.476,20085.821330941748,2.17,109.3363,2.4709963021052994,1.8842192874261698,-0.40000000000000036
2018-05-31,1.7,1.7,1.93,2.4,2.83,3.0,0.43,250.792,101.78,3.8,,,2.07,111.9894,2.781921607842497,1.9809023776840462,-0.6000000000000005
2018-06-30,1.82,1.91,1.93,2.52,2.85,2.98,0.33,251.018,101.872,4.0,,,2.11,113.2586,2.8075506935940187,1.9362198184856405,-0.40000000000000036
2018-07-31,1.91,1.91,2.03,2.67,2.96,3.08,0.29,251.214,102.006,3.8,20276.154,20189.23681263725,2.12,112.7299,2.854124785561929,1.9958004199579937,-0.6000000000000005
2018-08-31,1.91,1.91,2.11,2.62,2.86,3.02,0.24,251.663,102.016,3.8,,,2.08,114.2755,2.6429238568742575,1.8957629996604108,-0.6000000000000005
2018-09-30,1.95,2.18,2.19,2.81,3.05,3.19,0.24,252.182,102.205,3.7,,,2.14,113.8077,2.332055105808828,1.9602952913008842,-0.7000000000000002
2018-10-31,2.19,2.2,2.34,2.87,3.15,3.39,0.28,252.772,102.366,3.8,20304.874,20294.35408829067,2.05,116.5281,2.492032470218053,1.8709073900841755,-0.6000000000000005
2018-11-30,2.2,2.2,2.37,2.8,3.01,3.3,0.21,252.594,102.556,3.8,,,1.97,116.413,2.147328577667773,2.0102451882429095,-0.6000000000000005
2018-12-31,2.27,2.4,2.45,2.48,2.69,3.02,0.21,252.767,102.735,3.9,,,1.71,115.5674,2.0023809043401064,2.0380799141860972,-0.5000000000000004
2019-01-31,2.4,2.4,2.41,2.45,2.63,2.99,0.18,252.561,102.87,4.0,20431.641,20401.78250699429,1.85,113.5504,1.4875893578291333,1.844426623897344,-0.40000000000000036
2019-02-28,2.4,2.4,2.45,2.52,2.73,3.09,0.21,253.319,102.963,3.8,,,1.95,114.1991,1.5188615351321877,1.7441056147354805,-0.6000000000000005
2019-03-31,2.41,2.43,2.4,2.27,2.41,2.81,0.14,254.277,103.058,3.8,,,1.88,115.1371,1.8831863513063984,1.61606799514884,-0.6000000000000005
2019-04-30,2.42,2.45,2.43,2.27,2.51,2.93,0.24,255.233,103.265,3.7,20602.275,20509.70778828462,1.95,115.3281,2.000583470209061,1.6367788035668518,-0.7000000000000002
2019-05-31,2.39,2.4,2.35,1.95,2.14,2.58,0.19,255.296,103.371,3.6,,,1.74,116.7273,1.7959105553606136,1.563175476517964,-0.8000000000000003
2019-06-30,2.38,2.4,2.12,1.75,2.0,2.52,0.25,255.213,103.56,3.6,,,1.69,114.5821,1.671194894390049,1.6569813098790576,-0.8000000000000003
2019-07-31,2.4,2.4,2.08,1.89,2.02,2.53,0.13,255.802,103.678,3.7,20843.322,20617.674979351952,1.76,115.4946,1.826331335037068,1.6391192674940713,-0.7000000000000002
2019-08-31,2.13,2.13,1.99,1.5,1.5,1.96,0.0,256.036,103.797,3.6,,,1.55,118.1575,1.7376412106666406,1.745804579673771,-0.8000000000000003
2019-09-30,2.04,1.9,1.88,1.63,1.68,2.12,0.05,256.43,103.873,3.5,,,1.53,117.9461,1.6844977040391562,1.6320140893302693,-0.9000000000000004
2019-10-31,1.83,1.58,1.54,1.52,1.69,2.17,0.17,257.155,104.028,3.6,20985.448,20722.820278145697,1.54,115.9125,1.7339736996186295,1.6235859562745425,-0.8000000000000003
2019-11-30,1.55,1.56,1.59,1.61,1.78,2.21,0.17,257.879,104.092,3.6,,,1.61,117.1204,2.092290394862917,1.4977183197472543,-0.8000000000000003
2019-12-31,1.55,1.55,1.55,1.58,1.92,2.39,0.34,258.63,104.322,3.6,,,1.77,114.669,2.3195274699624457,1.544751058548699,-0.8000000000000003
2020-01-31,1.55,1.59,1.55,1.33,1.51,1.99,0.18,259.127,104.507,3.6,20709.212,20825.889773887968,1.65,115.7345,2.599767976845202,1.5913288616700605,-0.8000000000000003
2020-02-29,1.58,1.58,1.27,0.86,1.13,1.65,0.27,259.25,104.711,3.5,,,1.41,117.6568,2.3413166797595197,1.6976972310441596,-0.9000000000000004
2020-03-31,0.65,0.08,0.11,0.23,0.7,1.35,0.47,258.076,104.632,4.4,,,0.87,122.5301,1.4940399642909163,1.5272953094374042,0.0
2020-04-30,0.05,0.05,0.09,0.2,0.64,1.28,0.44,256.032,104.293,14.8,19077.992,20925.85598035592,1.07,122.327,0.3130472940411133,0.9954970222243897,10.4
2020-05-31,0.05,0.05,0.14,0.16,0.65,1.41,0.49,255.802,104.402,13.2,,,1.15,120.9458,0.1982013035848551,0.9973783749794407,8.799999999999999
2020-06-30,0.08,0.08,0.16,0.16,0.66,1.41,0.5,257.042,104.565,11.0,,,1.34,120.4649,0.7166562831830481,0.9704519119350996,6.6
2020-07-31,0.09,0.1,0.09,0.11,0.55,1.2,0.44,258.352,104.937,10.2,20558.879,21020.539012470566,1.55,117.2082,0.9968647625897997,1.2143366963097257,5.799999999999999
2020-08-31,0.1,0.09,0.11,0.14,0.72,1.49,0.58,259.316,105.243,8.4,,,1.8,115.7586,1.2810698495523853,1.3931038469319867,4.0
2020-09-30,0.09,0.09,0.1,0.13,0.69,1.46,0.56,259.997,105.41,7.8,,,1.63,116.946,1.3910228912373812,1.4796915464076354,3.3999999999999995
2020-10-31,0.09,0.09,0.09,0.14,0.88,1.65,0.74,260.319,105.507,6.9,20791.917,21116.617057074087,1.7,116.1354,1.2303863428671624,1.4217326104510208,2.5
2020-11-30,0.09,0.09,0.08,0.16,0.84,1.58,0.68,260.911,105.605,6.7,,,1.77,113.2256,1.1757452138405844,1.453521884486797,2.3
2020-12-31,0.09,0.09,0.09,0.13,0.93,1.65,0.8,262.045,105.896,6.7,,,1.99,111.3169,1.3204191315779434,1.508790092214496,2.3
2021-01-31,0.09,0.07,0.06,0.11,1.11,1.87,1.0,262.687,106.281,6.4,21082.134,21216.864736890268,2.13,111.9511,1.3738437137002402,1.6974939477738316,2.0
2021-02-28,0.08,0.07,0.04,0.14,1.44,2.17,1.3,263.579,106.501,6.2,,,2.15,112.8306,1.6698167791706853,1.7094670091967412,1.7999999999999998
2021-03-31,0.07,0.06,0.03,0.16,1.74,2.41,1.58,264.961,106.933,6.1,,,2.37,113.8234,2.6678187820641908,2.1991360195733556,1.6999999999999993
2021-04-30,0.07,0.05,0.01,0.16,1.65,2.3,1.49,266.614,107.558,6.1,21440.929,21322.28909851852,2.41,112.0839,4.133077115360573,3.1306032044336574,1.6999999999999993
2021-05-31,0.06,0.05,0.01,0.14,1.58,2.26,1.44,268.383,108.099,5.8,,,2.42,110.7576,4.918257089467626,3.5411199019175887,1.3999999999999995
2021-06-30,0.08,0.08,0.05,0.25,1.45,2.06,1.2,270.654,108.603,5.9,,,2.32,112.5533,5.295632620349999,3.8617128102137466,1.5
2021-07-31,0.1,0.07,0.06,0.19,1.24,1.89,1.05,271.903,109.058,5.4,21617.828,21435.3063204534,2.4,112.6714,5.245169381309234,3.92711817566731,1.0
2021-08-31,0.09,0.06,0.04,0.2,1.3,1.92,1.1,272.676,109.409,5.1,,,2.33,113.1076,5.152015301793966,3.9584580447155737,0.6999999999999993
2021-09-30,0.08,0.06,0.04,0.28,1.52,2.08,1.24,273.91,109.641,4.7,,,2.37,114.6403,5.351215590949132,4.013850678303776,0.2999999999999998
2021-10-31,0.08,0.07,0.05,0.48,1.55,1.93,1.07,276.55,110.188,4.5,21988.737,21554.021083750165,2.51,114.1349,6.235042390298062,4.436672448273571,0.09999999999999964
2021-11-30,0.08,0.07,0.05,0.52,1.43,1.78,0.91,278.919,110.77,4.1,,,2.5,116.2071,6.901970403700863,4.8908669097107005,-0.3000000000000007
2021-12-31,0.08,0.07,0.06,0.73,1.52,1.9,0.79,280.845,111.418,3.9,,,2.56,115.283,7.174340285065539,5.2145501246505965,-0.5000000000000004
2022-01-31,0.08,0.08,0.22,1.18,1.79,2.11,0.61,282.543,111.976,4.0,21932.71,21678.7235669542,2.44,115.566,7.558805726967832,5.35843659732218,-0.40000000000000036
2022-02-28,0.08,0.08,0.35,1.44,1.83,2.17,0.39,284.5,112.468,3.9,,,2.62,115.2224,7.937278766517819,5.602764293293028,-0.5000000000000004
2022-03-31,0.2,0.33,0.52,2.28,2.32,2.44,0.04,287.674,112.914,3.7,,,2.84,115.2218,8.572204966013853,5.593221924008485,-0.7000000000000002
2022-04-30,0.33,0.33,0.85,2.7,2.89,2.96,0.19,288.561,113.307,3.7,21967.045,21808.97535370521,2.88,119.4933,8.231750770777225,5.345023150300299,-0.7000000000000002
2022-05-31,0.77,0.83,1.16,2.53,2.85,3.07,0.32,291.298,113.703,3.6,,,2.64,118.0704,8.538171195642065,5.184136763522318,-0.8000000000000003
2022-06-30,1.21,1.58,1.72,2.92,2.98,3.14,0.06,294.957,114.376,3.6,,,2.33,120.9652,8.979361103105798,5.31569109508947,-0.8000000000000003
2022-07-31,1.68,2.32,2.41,2.89,2.67,3.0,-0.22,294.913,114.628,3.5,22125.625,21944.708620985697,2.53,121.7678,8.462576727730099,5.107374057840786,-0.9000000000000004
2022-08-31,2.33,2.33,2.96,3.45,3.15,3.27,-0.3,295.097,115.276,3.6,,,2.48,123.535,8.222579178218826,5.362447330658338,-0.8000000000000003
2022-09-30,2.56,3.08,3.33,4.22,3.83,3.79,-0.39,296.349,115.788,3.5,,,2.15,127.5148,8.192106896425821,5.606479327988612,-0.9000000000000004
2022-10-31,3.08,3.08,4.22,4.51,4.1,4.22,-0.41,298.007,116.204,3.6,22278.345,22084.80256835857,2.52,127.6219,7.758813957693,5.459759683450094,-0.8000000000000003
2022-11-30,3.78,3.83,4.37,4.38,3.68,3.8,-0.7,298.786,116.539,3.6,,,2.34,123.5175,7.122856456533988,5.20808883271644,-0.8000000000000003
2022-12-31,4.1,4.33,4.42,4.41,3.88,3.97,-0.53,298.832,116.952,3.5,,,2.3,121.4256,6.404600402357152,4.9668814733705435,-0.9000000000000004
2023-01-31,4.33,4.33,4.7,4.21,3.52,3.65,-0.69,300.42,117.505,3.5,22439.607,22229.48219394711,2.24,118.9802,6.327178517960097,4.937665213974429,-0.9000000000000004
2023-02-28,4.57,4.57,4.88,4.81,3.92,3.93,-0.89,301.45,117.929,3.6,,,2.43,121.3341,5.957820738137087,4.855603371625716,-0.8000000000000003
2023-03-31,4.65,4.83,4.85,4.06,3.48,3.67,-0.58,301.821,118.315,3.5,,,2.32,119.3602,4.917719362889961,4.783286394955444,-0.9000000000000004
2023-04-30,4.83,4.83,5.1,4.04,3.44,3.67,-0.6,302.845,118.734,3.4,22580.499,22377.8679500468,2.18,119.2248,4.950079879124369,4.789642299240104,-1.0000000000000004
2023-05-31,5.06,5.08,5.52,4.4,3.64,3.85,-0.76,303.334,119.083,3.6,,,2.18,120.9662,4.131851231385042,4.731625374880166,-0.8000000000000003
2023-06-30,5.08,5.08,5.43,4.87,3.81,3.85,-1.06,304.014,119.39,3.6,,,2.22,119.3606,3.070617072997095,4.383786808421353,-0.8000000000000003
2023-07-31,5.12,5.33,5.55,4.88,3.97,4.02,-0.91,304.609,119.556,3.5,22840.989,22527.57093135215,2.37,117.8241,3.287749268428297,4.299124123250864,-0.9000000000000004
2023-08-31,5.33,5.33,5.56,4.85,4.09,4.2,-0.76,306.082,119.689,3.7,,,2.24,120.225,3.722504803505289,3.8282036156702226,-0.7000000000000002
2023-09-30,5.33,5.33,5.55,5.03,4.59,4.73,-0.44,307.276,120.058,3.7,,,2.35,122.3077,3.687206638119256,3.687774208035388,-0.7000000000000002
2023-10-31,5.33,5.33,5.59,5.07,4.88,5.04,-0.19,307.696,120.241,3.9,23033.78,22678.156520144265,2.42,123.8364,3.2512659098611785,3.4740628549791763,-0.5000000000000004
2023-11-30,5.33,5.33,5.45,4.73,4.37,4.54,-0.36,308.148,120.374,3.7,,,2.23,120.2434,3.1333462745911866,3.2907438711504255,-0.7000000000000002
2023-12-31,5.33,5.33,5.4,4.23,3.88,4.03,-0.35,308.741,120.592,3.8,,,2.16,118.4208,3.3159099427102934,3.1123879882344996,-0.6000000000000005
2024-01-31,5.33,5.33,5.42,4.27,3.99,4.22,-0.28,309.698,121.217,3.7,23082.119,22828.94541097934,2.26,120.4331,3.0883429864855705,3.159014510020852,-0.7000000000000002
2024-02-29,5.33,5.33,5.45,4.64,4.25,4.38,-0.39,310.967,121.537,3.9,,,2.33,121.1824,3.157074141648697,3.059467984974007,-0.5000000000000004
2024-03-31,5.33,5.33,5.46,4.59,4.2,4.34,-0.39,312.345,122.009,3.9,,,2.32,121.0191,3.4868349120836584,3.122173857921662,-0.5000000000000004
2024-04-30,5.33,5.33,5.46,5.04,4.69,4.79,-0.35,313.023,122.304,3.9,23286.508,22979.033391074583,2.41,122.9853,3.3607951262196734,3.006720905553606,-0.5000000000000004
2024-05-31,5.33,5.33,5.46,4.89,4.51,4.65,-0.38,313.175,122.383,3.9,,,2.35,122.098,3.244278584003113,2.7711764063720334,-0.5000000000000004
2024-06-30,5.33,5.33,5.48,4.71,4.36,4.51,-0.35,313.044,122.677,4.1,,,2.28,124.2103,2.9702579486470926,2.7531619063573265,-0.3000000000000007
2024-07-31,5.33,5.33,5.41,4.29,4.09,4.35,-0.2,313.569,122.911,4.2,23478.57,23126.8961060226,2.24,123.6373,2.9414757935583014,2.8062163337682744,-0.20000000000000018
2024-08-31,5.33,5.33,5.21,3.91,3.91,4.2,0.0,314.062,123.128,4.2,,,2.15,122.3262,2.607144490692037,2.873279917118543,-0.20000000000000018
2024-09-30,5.13,4.83,4.73,3.66,3.81,4.14,0.15,314.732,123.466,4.1,,,2.18,121.2864,2.4264830315416708,2.838627996468368,-0.3000000000000007
2024-10-31,4.83,4.83,4.64,4.16,4.28,4.47,0.12,315.631,123.832,4.1,23586.542,23271.54168652911,2.33,124.7988,2.578844053871343,2.9865021082658982,-0.3000000000000007
2024-11-30,4.64,4.58,4.58,4.13,4.18,4.36,0.05,316.528,123.962,4.2,,,2.26,126.5798,2.719472461284833,2.980710120125618,-0.20000000000000018
2024-12-31,4.48,4.33,4.37,4.25,4.58,4.78,0.33,317.604,124.196,4.1,,,2.34,129.2775,2.870690967509981,2.9885896245190446,-0.3000000000000007
2025-01-31,4.33,4.33,4.31,4.22,4.58,4.83,0.36,318.961,124.587,4.0,23548.21,23414.6564204,2.42,128.4828,2.9909783078999608,2.7801380994415092,-0.40000000000000036
2025-02-28,4.33,4.33,4.32,3.99,4.24,4.51,0.25,319.679,125.145,4.2,,,2.38,128.2805,2.8015834477613355,2.9686432938117457,-0.20000000000000018
2025-03-31,4.33,4.33,4.32,3.89,4.23,4.59,0.34,319.785,125.267,4.2,,,2.38,126.7075,2.381981462805549,2.670294814316976,-0.20000000000000018
2025-04-30,4.33,4.33,4.31,3.6,4.17,4.66,0.57,320.302,125.502,4.2,23770.976,23548.5176618,2.23,122.5921,2.32538823025783,2.614795918367352,-0.20000000000000018
2025-05-31,4.33,4.33,4.36,3.89,4.41,4.92,0.52,320.62,125.79,4.3,,,2.34,121.7674,2.3772651073680873,2.783883382495933,-0.10000000000000053
2025-06-30,4.33,4.33,4.41,3.72,4.24,4.78,0.52,321.435,126.121,4.1,,,2.29,119.4088,2.680453865910226,2.8073722050588,-0.3000000000000007
2025-07-31,4.33,4.33,4.41,3.94,4.37,4.89,0.43,322.169,126.43,4.3,24026.834,23680.1524766,2.39,121.721,2.742618052167134,2.86304724556794,-0.10000000000000053
2025-08-31,4.33,4.33,4.23,3.59,4.23,4.92,0.64,323.291,126.714,4.3,,,2.41,120.2082,2.9385917430316155,2.912416347215907,-0.10000000000000053
2025-09-30,4.22,4.09,4.02,3.6,4.16,4.73,0.56,324.245,126.954,4.4,,,2.36,120.1368,3.0225715847133294,2.825069249833967,0.0
2025-10-31,4.09,3.86,3.89,3.6,4.11,4.67,0.51,,127.243,,24055.749,23811.2238968,2.3,121.3859,2.729136238202212,2.75453840687383,
2025-11-30,3.88,3.89,3.88,3.47,4.02,4.67,0.55,325.063,127.469,4.5,,,2.23,121.0527,2.6964439164939513,2.8290927864990767,0.09999999999999964
2025-12-31,3.72,3.64,3.67,3.47,4.18,4.84,0.71,326.031,127.886,4.4,,,2.25,119.7456,2.653304114557753,2.971110180682146,0.0
2026-01-31,3.64,3.64,3.67,3.52,4.26,4.87,0.74,326.588,128.432,4.3,24152.656,23945.1378387,2.36,117.8996,2.391201432150014,3.0861967942080515,-0.10000000000000053
2026-02-28,3.64,3.64,3.67,3.38,3.97,4.64,0.59,327.46,128.94,4.4,,,2.25,117.8223,2.4340041103732224,3.032482320508212,0.0
2026-03-31,3.64,3.64,3.7,3.79,4.3,4.88,0.51,330.293,129.321,4.3,,,2.3,121.035,3.2859577528651984,3.236287290347817,-0.10000000000000053
2026-04-30,3.64,3.64,3.68,3.88,4.4,4.98,0.52,332.407,129.63,4.3,,24070.9386484,2.46,118.671,3.7792458367415627,3.289190610508208,-0.10000000000000053
2026-05-31,3.63,3.62,3.69,3.98,4.45,4.99,0.47,333.979,,4.3,,,2.38,118.8783,4.166614684049641,3.0527068924397716,-0.10000000000000053
2026-06-30,,3.63,3.83,4.19,4.46,4.9,0.27,,,,,,2.23,120.3958,3.9024997277832263,2.7822487928259365,
2026-07-31,,,,,,,,,,,,24200.4446936,,,3.6657778991771472,2.5310448469508806,
2026-08-31,,,,,,,,,,,,,,,3.3059998577133154,2.3012453241157305,
2026-09-30,,,,,,,,,,,,,,,3.0020509182870914,2.1078500874332384,
2026-10-31,,,,,,,,,,,,24330.3745288,,,3.0020509182870914,1.875938165557245,
2026-11-30,,,,,,,,,,,,,,,2.7428529238947563,1.6953141548141204,
2026-12-31,,,,,,,,,,,,,,,2.437804994003634,1.3637145582784616,
2027-01-31,,,,,,,,,,,,24460.7088379,,,2.2630960108760867,0.9327893359910355,
2027-02-28,,,,,,,,,,,,,,,1.9907774995419292,0.5351326198231643,
2027-03-31,,,,,,,,,,,,,,,1.1159788430272544,0.23894031131834748,
2027-04-30,,,,,,,,,,,,24590.8109409,,,0.47291422864139676,0.0,
2027-05-31,,,,,,,,,,,,,,,0.0,0.0,
2027-06-30,,,,,,,,,,,,,,,0.0,0.0,
2027-07-31,,,,,,,,,,,,24720.7004814,,,0.0,0.0,
2027-08-31,,,,,,,,,,,,,,,0.0,0.0,
2027-09-30,,,,,,,,,,,,,,,0.0,0.0,
2027-10-31,,,,,,,,,,,,24850.1525561,,,0.0,0.0,
2027-11-30,,,,,,,,,,,,,,,0.0,0.0,
2027-12-31,,,,,,,,,,,,,,,0.0,0.0,
2028-01-31,,,,,,,,,,,,24979.4598254,,,0.0,0.0,
2028-02-29,,,,,,,,,,,,,,,0.0,0.0,
2028-03-31,,,,,,,,,,,,,,,0.0,0.0,
2028-04-30,,,,,,,,,,,,25109.0520493,,,0.0,0.0,
2028-05-31,,,,,,,,,,,,,,,0.0,0.0,
2028-06-30,,,,,,,,,,,,,,,0.0,0.0,
2028-07-31,,,,,,,,,,,,25238.6873312,,,0.0,0.0,
2028-08-31,,,,,,,,,,,,,,,0.0,0.0,
2028-09-30,,,,,,,,,,,,,,,0.0,0.0,
2028-10-31,,,,,,,,,,,,25367.6250348,,,0.0,0.0,
2028-11-30,,,,,,,,,,,,,,,0.0,0.0,
2028-12-31,,,,,,,,,,,,,,,0.0,0.0,
2029-01-31,,,,,,,,,,,,25495.4826244,,,0.0,0.0,
2029-02-28,,,,,,,,,,,,,,,0.0,0.0,
2029-03-31,,,,,,,,,,,,,,,0.0,0.0,
2029-04-30,,,,,,,,,,,,25622.3677936,,,0.0,0.0,
2029-05-31,,,,,,,,,,,,,,,0.0,0.0,
2029-06-30,,,,,,,,,,,,,,,0.0,0.0,
2029-07-31,,,,,,,,,,,,25750.3919924,,,0.0,0.0,
2029-08-31,,,,,,,,,,,,,,,0.0,0.0,
2029-09-30,,,,,,,,,,,,,,,0.0,0.0,
2029-10-31,,,,,,,,,,,,25880.7178538,,,0.0,0.0,
2029-11-30,,,,,,,,,,,,,,,0.0,0.0,
2029-12-31,,,,,,,,,,,,,,,0.0,0.0,
2030-01-31,,,,,,,,,,,,26011.5668581,,,0.0,0.0,
2030-02-28,,,,,,,,,,,,,,,0.0,0.0,
2030-03-31,,,,,,,,,,,,,,,0.0,0.0,
2030-04-30,,,,,,,,,,,,26141.448482,,,0.0,0.0,
2030-05-31,,,,,,,,,,,,,,,0.0,0.0,
2030-06-30,,,,,,,,,,,,,,,0.0,0.0,
2030-07-31,,,,,,,,,,,,26271.3371739,,,0.0,0.0,
2030-08-31,,,,,,,,,,,,,,,0.0,0.0,
2030-09-30,,,,,,,,,,,,,,,0.0,0.0,
2030-10-31,,,,,,,,,,,,26400.8524041,,,0.0,0.0,
2030-11-30,,,,,,,,,,,,,,,0.0,0.0,
2030-12-31,,,,,,,,,,,,,,,0.0,0.0,
2031-01-31,,,,,,,,,,,,26530.5190826,,,0.0,0.0,
2031-02-28,,,,,,,,,,,,,,,0.0,0.0,
2031-03-31,,,,,,,,,,,,,,,0.0,0.0,
2031-04-30,,,,,,,,,,,,26659.7208862,,,0.0,0.0,
2031-05-31,,,,,,,,,,,,,,,0.0,0.0,
2031-06-30,,,,,,,,,,,,,,,0.0,0.0,
2031-07-31,,,,,,,,,,,,26787.6352069,,,0.0,0.0,
2031-08-31,,,,,,,,,,,,,,,0.0,0.0,
2031-09-30,,,,,,,,,,,,,,,0.0,0.0,
2031-10-31,,,,,,,,,,,,26915.0944615,,,0.0,0.0,
2031-11-30,,,,,,,,,,,,,,,0.0,0.0,
2031-12-31,,,,,,,,,,,,,,,0.0,0.0,
2032-01-31,,,,,,,,,,,,27042.1667846,,,0.0,0.0,
2032-02-29,,,,,,,,,,,,,,,0.0,0.0,
2032-03-31,,,,,,,,,,,,,,,0.0,0.0,
2032-04-30,,,,,,,,,,,,27168.7045099,,,0.0,0.0,
2032-05-31,,,,,,,,,,,,,,,0.0,0.0,
2032-06-30,,,,,,,,,,,,,,,0.0,0.0,
2032-07-31,,,,,,,,,,,,27294.9139092,,,0.0,0.0,
2032-08-31,,,,,,,,,,,,,,,0.0,0.0,
2032-09-30,,,,,,,,,,,,,,,0.0,0.0,
2032-10-31,,,,,,,,,,,,27421.0567599,,,0.0,0.0,
2032-11-30,,,,,,,,,,,,,,,0.0,0.0,
2032-12-31,,,,,,,,,,,,,,,0.0,0.0,
2033-01-31,,,,,,,,,,,,27547.161237,,,0.0,0.0,
2033-02-28,,,,,,,,,,,,,,,0.0,0.0,
2033-03-31,,,,,,,,,,,,,,,0.0,0.0,
2033-04-30,,,,,,,,,,,,27673.1486315,,,0.0,0.0,
2033-05-31,,,,,,,,,,,,,,,0.0,0.0,
2033-06-30,,,,,,,,,,,,,,,0.0,0.0,
2033-07-31,,,,,,,,,,,,27799.1152368,,,0.0,0.0,
2033-08-31,,,,,,,,,,,,,,,0.0,0.0,
2033-09-30,,,,,,,,,,,,,,,0.0,0.0,
2033-10-31,,,,,,,,,,,,27925.0206365,,,0.0,0.0,
2033-11-30,,,,,,,,,,,,,,,0.0,0.0,
2033-12-31,,,,,,,,,,,,,,,0.0,0.0,
2034-01-31,,,,,,,,,,,,28051.0065478,,,0.0,0.0,
2034-02-28,,,,,,,,,,,,,,,0.0,0.0,
2034-03-31,,,,,,,,,,,,,,,0.0,0.0,
2034-04-30,,,,,,,,,,,,28176.9188612,,,0.0,0.0,
2034-05-31,,,,,,,,,,,,,,,0.0,0.0,
2034-06-30,,,,,,,,,,,,,,,0.0,0.0,
2034-07-31,,,,,,,,,,,,28302.8151731,,,0.0,0.0,
2034-08-31,,,,,,,,,,,,,,,0.0,0.0,
2034-09-30,,,,,,,,,,,,,,,0.0,0.0,
2034-10-31,,,,,,,,,,,,28428.5407155,,,0.0,0.0,
2034-11-30,,,,,,,,,,,,,,,0.0,0.0,
2034-12-31,,,,,,,,,,,,,,,0.0,0.0,
2035-01-31,,,,,,,,,,,,28554.3120604,,,0.0,0.0,
2035-02-28,,,,,,,,,,,,,,,0.0,0.0,
2035-03-31,,,,,,,,,,,,,,,0.0,0.0,
2035-04-30,,,,,,,,,,,,28680.2773747,,,0.0,0.0,
2035-05-31,,,,,,,,,,,,,,,0.0,0.0,
2035-06-30,,,,,,,,,,,,,,,0.0,0.0,
2035-07-31,,,,,,,,,,,,28806.6301924,,,0.0,0.0,
2035-08-31,,,,,,,,,,,,,,,0.0,0.0,
2035-09-30,,,,,,,,,,,,,,,0.0,0.0,
2035-10-31,,,,,,,,,,,,28933.3399909,,,0.0,0.0,
2035-11-30,,,,,,,,,,,,,,,0.0,0.0,
2035-12-31,,,,,,,,,,,,,,,0.0,0.0,
2036-01-31,,,,,,,,,,,,29060.4799126,,,0.0,0.0,
2036-02-29,,,,,,,,,,,,,,,0.0,0.0,
2036-03-31,,,,,,,,,,,,,,,0.0,0.0,
2036-04-30,,,,,,,,,,,,29187.8952707,,,0.0,0.0,
2036-05-31,,,,,,,,,,,,,,,0.0,0.0,
2036-06-30,,,,,,,,,,,,,,,0.0,0.0,
2036-07-31,,,,,,,,,,,,29315.4330726,,,0.0,0.0,
2036-08-31,,,,,,,,,,,,,,,0.0,0.0,
2036-09-30,,,,,,,,,,,,,,,0.0,0.0,
2036-10-31,,,,,,,,,,,,29443.0227307,,,0.0,0.0,
