date,on,1w,2w,1m,3m,6m,9m,1y
20061231,1.5675,1.6321,1.9753,2.5833,2.8082,2.8685,2.9301,3.0021
20061230,1.5651,1.9182,2.0744,2.5848,2.8081,2.8683,2.9301,3.0021
20061229,1.7203,1.9641,2.2236,2.5852,2.808,2.8682,2.9301,3.002
20061228,1.7107,2.0753,2.3773,2.5832,2.8079,2.8681,2.9301,3.002
20061227,1.7185,2.2785,2.4817,2.5802,2.8076,2.868,2.93,3.002
20061226,1.6431,2.2841,2.4846,2.5672,2.8073,2.8678,2.93,3.002
20061225,1.6123,2.2896,2.4003,2.5712,2.8072,2.8674,2.93,3.0019
20061222,1.6311,2.052,2.33,2.573,2.807,2.8674,2.9299,3.0019
20061221,1.6015,1.9016,2.3583,2.5703,2.8069,2.8669,2.9299,3.0018
20061220,1.613,1.9789,2.404,2.5696,2.8066,2.8658,2.9298,3.0017
20061219,1.6566,2.0222,2.3256,2.5699,2.8072,2.8644,2.9297,3.0017
20061218,1.7247,2.0248,2.3123,2.5717,2.8076,2.8625,2.9294,3.0016
20061215,1.7777,2.0486,2.3373,2.5767,2.8073,2.8615,2.9291,3.0015
20061214,1.8589,2.0627,2.3464,2.5723,2.8079,2.8612,2.9289,3.0014
20061213,1.8931,2.2283,2.3618,2.5809,2.808,2.8609,2.9286,3.0013
20061212,1.9181,2.2101,2.361,2.59,2.808,2.8604,2.9282,3.0013
20061211,1.9914,2.2424,2.367,2.627,2.8089,2.8598,2.9276,3.0012
20061208,1.9919,2.2463,2.3882,2.6656,2.8096,2.8579,2.9266,3.001
20061207,2.0063,2.2643,2.4007,2.7141,2.8094,2.8563,2.9259,3.0008
20061206,2.064,2.2959,2.4674,2.7291,2.8093,2.8545,2.9247,3.0008
20061205,2.1095,2.3165,2.5252,2.754,2.8096,2.8535,2.9239,3.0006
20061204,2.1803,2.3543,2.6519,2.838,2.809,2.8516,2.9228,3.0001
20061201,2.337,2.3851,2.6359,3.016,2.8086,2.8495,2.9212,2.9998
20061130,2.4161,2.427,2.7487,3.0847,2.8054,2.8484,2.9211,2.9996
20061129,2.5547,2.5137,2.8842,3.1259,2.8038,2.8473,2.9199,2.9992
20061128,2.7744,3.0728,3.3186,3.1356,2.8023,2.8467,2.9187,2.9984
20061127,3.205,3.1747,3.4465,3.2448,2.8018,2.8463,2.9162,2.9976
20061124,3.5101,3.8861,3.9905,3.314,2.8028,2.8462,2.9133,2.9968
20061123,3.5399,3.7165,4.0073,3.3651,2.7952,2.8398,2.9103,2.9955
20061122,3.5158,3.7091,4.0117,3.4155,2.7916,2.8374,2.9087,2.9939
20061121,3.4289,4.0016,4.0522,3.3874,2.7895,2.8359,2.9075,2.9912
20061120,3.2645,3.9409,4.0497,3.3086,2.7825,2.831,2.9001,2.986
20061117,3.1918,3.8258,3.7328,3.2583,2.7774,2.8255,2.8964,2.9848
20061116,3.2292,3.5343,3.72,3.2601,2.7764,2.8207,2.8931,2.9831
20061115,3.5355,3.6929,3.749,3.2342,2.775,2.8165,2.8896,2.9809
20061114,3.6074,3.6395,3.7804,3.2335,2.7707,2.8087,2.8849,2.9772
20061113,2.8071,3.2409,3.3457,3.1794,2.7551,2.799,2.8775,2.9702
20061110,2.6198,3.1975,3.1982,3.0836,2.7401,2.7889,2.8729,2.9652
20061109,2.5177,2.9405,3.0879,2.9507,2.7236,2.7775,2.8698,2.9622
20061108,2.4264,2.8443,2.8294,2.7755,2.7082,2.7677,2.8663,2.9597
20061107,2.3023,2.6931,2.7679,2.7035,2.683,2.7641,2.863,2.9577
20061106,2.2312,2.5751,2.6291,2.6383,2.6557,2.7528,2.859,2.9566
20061103,2.2055,2.4527,2.5894,2.6175,2.6479,2.7486,2.8562,2.9554
20061102,2.2057,2.488,2.5664,2.6169,2.6479,2.7487,2.8562,2.9554
20061101,2.2023,2.4803,2.5608,2.6169,2.6479,2.749,2.8562,2.9554
20061031,2.1885,2.4514,2.5537,2.6167,2.6479,2.7483,2.8562,2.9554
20061030,2.16,2.3931,2.546,2.6167,2.6479,2.7483,2.8561,2.9554
20061027,2.1568,2.3696,2.5439,2.6168,2.6479,2.7483,2.8561,2.9556
20061026,2.117,2.3887,2.546,2.6164,2.6479,2.7483,2.8561,2.9552
20061025,2.0592,2.4322,2.5484,2.6163,2.648,2.7483,2.8561,2.9552
20061024,2.0569,2.4782,2.5492,2.6165,2.6481,2.7483,2.8561,2.9552
20061023,2.0573,2.4775,2.5528,2.6166,2.648,2.7483,2.8561,2.9552
20061020,2.0665,2.4901,2.5574,2.6167,2.6482,2.7485,2.8563,2.9553
20061019,2.0667,2.4922,2.558,2.6163,2.6483,2.7485,2.8565,2.9556
20061018,2.0723,2.4628,2.5549,2.6159,2.6483,2.7488,2.8567,2.956
20061017,2.0746,2.379,2.5491,2.6132,2.6484,2.7486,2.857,2.955
20061016,2.0801,2.3144,2.5553,2.6105,2.6459,2.7482,2.8566,2.9546
20061013,2.0889,2.2919,2.5571,2.6045,2.642,2.7465,2.8572,2.9543
20061012,2.0943,2.2904,2.524,2.59,2.638,2.747,2.857,2.955
20061011,2.0955,2.2932,2.493,2.5864,2.6338,2.7475,2.8547,2.9559
20061010,2.0922,2.2971,2.4236,2.5739,2.6325,2.7454,2.8544,2.9531
20061009,2.099,2.296,2.3972,2.5522,2.6248,2.7431,2.8514,2.9549
20061008,2.1184,2.293,2.3848,2.5319,2.611,2.7404,2.8521,2.9543
20071229,2.2894,2.6005,2.9837,3.6136,4.4348,4.4618,4.5129,4.5825
20071228,1.8181,2.4898,2.4637,3.1511,4.4254,4.4554,4.5057,4.5751
20071227,1.8421,2.3181,2.4031,3.1419,4.4195,4.4495,4.4997,4.5697
20071226,1.9167,2.3803,2.4147,3.1381,4.4135,4.4419,4.4921,4.5629
20071225,1.9094,2.0216,2.3633,3.1323,4.4087,4.4346,4.4854,4.5582
20071224,1.88,2.0822,2.6174,3.2342,4.3993,4.4285,4.4774,4.5501
20071221,1.8928,2.1818,2.8823,3.5026,4.389,4.4193,4.4615,4.5321
20071220,1.8914,2.3875,2.6688,3.7146,4.3574,4.3894,4.44,4.5087
20071219,1.8955,2.4268,2.968,4.0395,4.352,4.3857,4.4382,4.5019
20071218,1.8812,2.9164,3.8632,4.2634,4.3548,4.3817,4.4346,4.4965
20071217,1.903,3.2059,4.806,4.347,4.3473,4.379,4.4312,4.4927
20071214,1.9039,3.4585,4.8546,4.6057,4.3458,4.3753,4.4271,4.4884
20071213,1.9052,4.8123,4.9495,4.7326,4.3484,4.3706,4.4227,4.4851
20071212,1.9087,4.3563,4.9797,4.7914,4.3485,4.3653,4.4168,4.4804
20071211,1.9135,4.1013,4.8653,4.4289,4.3465,4.3624,4.4133,4.4772
20071210,1.9118,2.4939,4.3546,4.1673,4.3467,4.359,4.409,4.4733
20071207,1.8973,2.6161,3.8276,4.1427,4.3472,4.3533,4.403,4.4697
20071206,1.876,4.0401,5.0773,4.6447,4.3533,4.3463,4.3968,4.4654
20071205,1.872,4.1806,5.1462,4.6646,4.3522,4.3405,4.3913,4.4636
20071204,1.8517,4.2877,5.3145,4.8627,4.3515,4.3311,4.3854,4.4654
20071203,1.8468,4.1335,5.4214,4.6047,4.3527,4.3252,4.3806,4.4522
20071130,1.8635,3.0539,4.7012,4.5365,4.3535,4.3103,4.3739,4.4505
20071129,1.8809,2.929,4.4314,4.4768,4.3579,4.3076,4.3676,4.4421
20071128,1.8946,2.114,3.7647,4.0316,4.3554,4.2988,4.3528,4.4332
20071127,1.8921,2.7198,3.1599,4.0948,4.344,4.2862,4.3369,4.4247
20071126,1.8833,2.7718,2.8158,4.2413,4.3464,4.2818,4.3319,4.4214
20071123,1.9025,2.763,2.8701,4.5771,4.3403,4.2729,4.3282,4.4178
20071122,1.9018,2.2612,2.9793,4.7574,4.3236,4.2632,4.3191,4.4068
20071121,1.8948,4.277,4.3796,4.9957,4.3227,4.2596,4.3106,4.3975
20071120,1.8926,3.9973,4.4996,5.0986,4.3158,4.2475,4.3014,4.3838
20071119,1.8938,3.0408,3.4906,5.2143,4.3013,4.2226,4.2844,4.3703
20071116,1.9107,2.0724,5.4112,5.3393,4.2993,4.2121,4.2749,4.3642
20071115,2.0909,2.1499,5.4991,5.4853,4.2943,4.1989,4.2577,4.3507
20071114,1.8568,2.1487,5.6193,5.5088,4.2796,4.1789,4.2367,4.3359
20071113,1.8839,2.2729,5.4424,5.5011,4.2554,4.154,4.2077,4.3231
20071112,1.8865,2.4014,5.0579,5.3968,4.2275,4.1407,4.1882,4.313
20071109,1.8902,2.8027,4.6365,5.4863,4.2165,4.1343,4.1664,4.3023
20071108,1.946,2.6551,4.246,5.7601,4.1988,4.0911,4.144,4.2763
20071107,1.8649,3.0081,3.8413,5.7794,4.1691,4.0731,4.116,4.2602
20071106,2.2918,3.0424,3.8062,4.699,4.1374,4.0499,4.0779,4.2362
20071105,2.2977,3.0522,3.4723,4.5621,4.1192,4.0311,4.0646,4.2294
20071102,2.3098,3.0685,3.1871,4.3229,4.0907,4.0117,4.0565,4.2271
20071101,2.9161,2.9994,3.1817,3.8813,4.076,3.9955,4.0389,4.2187
20071031,2.8928,2.9119,3.3694,3.7134,4.0516,3.9782,4.0197,4.2048
20071030,2.8379,2.8277,3.0828,4.2873,4.028,3.9537,4.007,4.1956
20071029,2.9014,2.9373,2.9838,4.0065,4.0081,3.9317,3.9899,4.1857
20071026,8.5282,10.0824,13.5786,8.8271,4.0045,3.9294,3.9813,4.1833
20071025,5.0844,8.747,7.7273,7.7742,3.9504,3.9264,3.9707,4.1798
20071024,3.5629,7.9953,8.0863,7.4802,3.9231,3.9358,3.968,4.1729
20071023,2.2086,5.6935,8.928,7.5053,3.902,3.9023,3.9696,4.1718
20071022,1.9517,3.1127,8.4609,7.2128,3.8848,3.8874,3.9541,4.1614
20071019,1.9301,2.4901,6.6804,5.4258,3.8804,3.8699,3.9429,4.1545
20071018,1.8977,2.3765,6.1652,4.5113,3.8757,3.8515,3.9297,4.1486
20071017,1.8968,2.3622,5.1491,3.8122,3.8746,3.834,3.9169,4.1421
20071016,1.9072,2.3111,2.4758,3.7896,3.8721,3.8244,3.9072,4.1348
20071015,1.8986,2.3043,2.3533,3.5668,3.8707,3.8006,3.8917,4.1284
20071012,1.912,2.2317,2.3091,3.4038,3.8691,3.7812,3.8747,4.1175
20071011,1.9194,2.1003,2.1832,3.3874,3.864,3.7653,3.8568,4.1042
20071010,1.8974,2.0736,2.1522,3.318,3.8567,3.7529,3.8495,4.0974
20071009,1.9948,2.0418,2.104,3.2978,3.8508,3.7293,3.8326,4.0693
20071008,1.9981,2.0299,2.0573,3.1782,3.8482,3.7212,3.8292,4.0581
20070930,1.9925,1.9878,2.0326,3.1453,3.8534,3.7144,3.8251,4.0554
20070929,2.0026,1.9525,2.0104,3.1827,3.8588,3.7085,3.8234,4.0552
20070928,2.115,2.038,2.246,3.4495,3.8557,3.6962,3.822,4.0519
20070927,2.6627,3.3056,5.2718,6.6504,3.8642,3.6927,3.8157,4.0465
20070926,3.9055,4.8686,5.8982,7.0256,3.8553,3.6869,3.8108,4.036
20070925,3.7234,7.0296,7.5808,7.1711,3.8395,3.6786,3.8043,4.0255
20070924,3.809,6.9561,6.9652,7.1055,3.8113,3.6628,3.7911,4.0109
20070921,4.2018,6.9608,7.0872,7.2733,3.7448,3.6464,3.7746,3.9909
20070920,3.776,6.7893,7.8072,7.0789,3.6236,3.6321,3.7612,3.975
20070919,3.2635,6.4762,6.286,6.3635,3.5266,3.6116,3.7424,3.9549
20070918,3.1432,5.9535,6.0355,5.8717,3.5073,3.582,3.7162,3.9285
20070917,3.2914,5.9463,6.0105,5.3337,3.4666,3.5463,3.6811,3.889
20070914,4.0206,5.7509,5.8736,4.6451,3.3918,3.4795,3.6139,3.813
20070913,3.0194,4.0208,4.16,4.4456,3.3723,3.4648,3.6024,3.8019
20070912,2.8864,3.891,4.143,4.2871,3.3629,3.452,3.5973,3.7969
20070911,2.8184,3.8512,4.1002,4.1363,3.3556,3.4417,3.5902,3.7919
20070910,2.2581,3.61,3.9319,3.8531,3.3473,3.4312,3.5835,3.7883
20070907,2.0446,2.8066,3.5218,3.4738,3.328,3.4179,3.5736,3.7808
20070906,1.8198,2.4385,3.2259,3.2956,3.3,3.4066,3.5626,3.7704
20070905,1.8122,2.3683,2.9631,3.0903,3.2915,3.4013,3.5589,3.7657
20070904,1.886,2.2348,2.774,2.9625,3.2864,3.3937,3.5541,3.7603
20070903,1.8197,2.4963,2.7768,2.9081,3.2832,3.3906,3.5512,3.7574
20070831,1.8626,2.4961,2.7488,2.8846,3.2793,3.3883,3.5469,3.7536
20070830,1.882,2.6883,2.7706,2.8587,3.2743,3.3828,3.5403,3.747
20070829,1.9409,2.443,2.5291,2.824,3.2691,3.3767,3.5334,3.7371
20070828,1.8873,2.4415,2.5162,2.751,3.2637,3.3691,3.5257,3.7278
20070827,1.7498,2.3673,2.527,2.6983,3.2607,3.363,3.5177,3.7188
20070824,1.843,2.4498,2.548,2.7709,3.2591,3.3587,3.5099,3.7078
20070823,2.1632,2.3812,2.5958,2.7979,3.2537,3.3504,3.4944,3.6955
20070822,2.1618,2.1983,2.8269,2.815,3.248,3.3334,3.4706,3.6741
20070821,1.72,1.9643,2.299,2.7686,3.2013,3.2759,3.4184,3.6061
20070820,1.7381,1.9747,2.3336,2.8073,3.201,3.2763,3.4197,3.6069
20070817,1.7703,1.974,2.3721,2.809,3.2004,3.2773,3.4196,3.6057
20070816,1.8084,1.9783,2.29,2.8077,3.1998,3.2751,3.4164,3.6052
20070815,1.9163,2.0857,2.3908,2.8194,3.1986,3.2745,3.4149,3.6045
20070814,1.9909,2.1284,2.3776,2.8255,3.1978,3.2739,3.4153,3.6032
20070813,1.8548,2.1831,2.3738,2.8387,3.1976,3.2732,3.4147,3.6023
20070810,1.8763,2.2593,2.3871,2.8564,3.1969,3.2721,3.4143,3.6016
20070809,1.9461,2.16,2.6153,2.8613,3.1957,3.2708,3.4143,3.6026
20070808,1.9807,2.147,2.6328,2.8678,3.1947,3.2692,3.4162,3.6038
20070807,1.9455,2.0513,2.6327,2.8805,3.1934,3.269,3.4095,3.6009
20070806,1.9671,2.0067,2.7565,2.9092,3.1944,3.2672,3.4082,3.6013
20070803,1.9773,2.0342,2.8995,2.9537,3.1941,3.2666,3.408,3.6011
20070802,1.9919,2.1912,2.8539,2.9689,3.193,3.2651,3.4063,3.5992
20070801,2.0267,2.715,2.8461,2.9768,3.1948,3.2666,3.4046,3.597
20070731,2.0376,2.6896,2.8195,2.9778,3.1924,3.2658,3.4026,3.5931
20070730,1.8368,2.1021,2.4053,2.9758,3.1938,3.2623,3.3998,3.5907
20070727,1.851,2.1271,2.4147,2.9719,3.1934,3.2601,3.3982,3.588
20070726,1.8207,2.1224,2.4053,2.9941,3.1904,3.2594,3.397,3.5861
20070725,1.8441,2.1492,2.8668,3.0015,3.1883,3.2534,3.3876,3.5786
20070724,1.8565,2.1526,2.9987,3.0184,3.1822,3.2423,3.3766,3.5659
20070723,1.8488,2.1548,2.9901,3.0155,3.167,3.2204,3.3535,3.5429
20070720,1.8821,2.1186,2.9268,3.0105,3.1421,3.1869,3.3078,3.4866
20070719,1.9627,2.1786,2.8212,3.0203,3.1422,3.1835,3.305,3.486
20070718,2.1915,2.2269,2.8647,3.0513,3.1421,3.181,3.3041,3.4852
20070717,2.3874,2.8011,3.1215,3.1797,3.1408,3.1758,3.3009,3.483
20070716,2.4398,2.8813,3.2505,3.2539,3.1394,3.1739,3.2987,3.4811
20070713,2.5338,3.1911,3.3129,3.2419,3.1376,3.1705,3.2951,3.477
20070712,2.5502,3.2488,3.5661,3.239,3.1339,3.1693,3.2928,3.4757
20070711,2.579,3.9055,3.9179,3.266,3.1326,3.1648,3.2883,3.4725
20070710,2.6546,3.7785,4.0005,3.2286,3.1241,3.16,3.2837,3.4691
20070709,2.2445,2.7629,3.9984,3.1432,3.1236,3.1555,3.2796,3.4662
20070706,2.3088,2.3688,3.3686,3.093,3.1135,3.1529,3.2749,3.4627
20070705,2.3226,2.4034,2.8306,3.0262,3.1094,3.1507,3.2707,3.4595
20070704,2.3407,2.4292,3.666,3.0354,3.1073,3.1484,3.2671,3.4555
20070703,2.3693,3.9778,3.7657,3.0706,3.1051,3.1453,3.2606,3.4516
20070702,1.7867,3.5784,3.3315,3.0808,3.1032,3.1432,3.2559,3.4477
20070629,1.7784,2.8411,2.9519,3.0502,3.0868,3.1412,3.2517,3.4447
20070628,1.6741,1.7813,2.3743,2.9996,3.0827,3.1376,3.2461,3.4404
20070627,1.7241,1.8487,2.2555,2.9985,3.078,3.1342,3.2405,3.4359
20070626,1.7917,1.9597,2.2794,3.0051,3.0781,3.1308,3.2372,3.434
20070625,1.9006,2.0187,2.3641,3.0617,3.0766,3.129,3.2345,3.4307
20070622,2.1041,2.2034,2.3778,3.0729,3.0708,3.1271,3.2316,3.4286
20070621,2.3304,2.3143,2.4284,3.0932,3.0664,3.1235,3.2283,3.4246
20070620,2.6731,3.0003,3.481,3.1271,3.0633,3.1208,3.2256,3.4214
20070619,2.604,4.0318,4.053,3.1336,3.061,3.1182,3.2236,3.4203
20070618,2.5378,4.3086,4.2355,3.1327,3.0585,3.1191,3.2237,3.4202
20070615,1.9088,4.2764,4.0265,3.0495,3.0573,3.1177,3.2226,3.4202
20070614,1.8359,3.2694,3.592,3.034,3.0553,3.1142,3.2208,3.4167
20070613,1.8285,2.2666,3.1497,3.0056,3.0522,3.1106,3.219,3.4139
20070612,1.8618,2.2733,2.8345,2.9938,3.0503,3.1091,3.2187,3.4112
20070611,1.8869,2.2923,2.5912,2.9713,3.0495,3.1076,3.2182,3.4098
20070608,1.927,2.3407,2.4585,2.973,3.0486,3.103,3.2189,3.4088
20070607,1.9837,2.4934,2.5665,2.9691,3.0501,3.1025,3.2194,3.4073
20070606,2.0179,2.7825,2.8577,3.0316,3.0544,3.1037,3.2181,3.4043
20070605,2.0477,2.8228,2.8592,3.0399,3.0519,3.1037,3.2172,3.4028
20070604,2.0487,2.8437,2.8582,3.0444,3.0502,3.1027,3.2158,3.3999
20070601,2.1005,2.8158,2.8531,3.0357,3.0472,3.1,3.2125,3.3993
20070531,1.7986,2.4683,2.7998,3.0327,3.0472,3.099,3.2107,3.3985
20070530,1.7967,2.3211,2.7229,3.0177,3.0459,3.0957,3.2082,3.3954
20070529,1.7925,2.3078,2.7792,3.0144,3.0445,3.0934,3.2052,3.3914
20070528,1.7965,2.3385,2.8087,3.0141,3.0424,3.0905,3.2006,3.3848
20070525,1.809,2.3541,2.84,3.0193,3.038,3.0839,3.1942,3.3722
20070524,1.7905,2.374,2.8316,3.0169,3.0327,3.0794,3.1823,3.3608
20070523,1.8002,2.4026,2.715,3.0109,3.0196,3.068,3.1659,3.3322
20070522,1.8086,2.479,2.7211,2.999,3.0017,3.0493,3.1406,3.3003
20070521,1.8403,2.5142,2.7976,2.973,2.9826,3.0203,3.1037,3.2614
20070518,1.8502,2.5784,2.9805,2.9143,2.9629,2.9902,3.0727,3.2215
20070517,1.9076,2.8732,3.0397,3.0121,2.9634,2.9905,3.0722,3.222
20070516,1.9246,2.9977,3.1592,3.1272,2.9669,2.9913,3.0726,3.223
20070515,1.9204,3.055,3.2587,3.14,2.9695,2.9903,3.0704,3.2193
20070514,2.0008,3.1985,3.3038,3.176,2.9699,2.9894,3.0702,3.2186
20070511,1.9034,3.0215,2.4799,3.0365,2.959,2.9892,3.0668,3.2172
20070510,1.7021,1.872,2.044,2.77,2.9553,2.9866,3.0651,3.2152
20070509,1.6777,1.7957,2.0166,2.7114,2.9532,2.9856,3.0647,3.2137
20070508,1.6507,1.7977,1.9905,2.6505,2.955,2.9867,3.0652,3.2142
20070430,1.6303,1.8459,2.0121,2.5498,2.9574,2.9879,3.0661,3.2147
20070429,1.671,2.0869,2.1597,2.7349,2.9601,2.9896,3.0687,3.2157
20070428,1.9807,2.2483,2.4929,2.9779,2.9685,2.9921,3.0709,3.218
20070427,2.5129,3.672,3.9273,3.8855,2.9745,2.9922,3.0722,3.2216
20070426,3.019,4.3519,4.1438,4.1441,2.9737,2.9925,3.0723,3.2225
20070425,3.5071,4.7253,4.6557,4.3539,2.976,2.9922,3.0722,3.2232
20070424,3.501,4.7138,4.6312,4.4443,2.9721,2.9905,3.0714,3.2213
20070423,3.3857,4.4717,4.4431,4.4014,2.9651,2.9878,3.0697,3.219
20070420,3.3562,4.2113,4.387,4.33,2.9532,2.9865,3.0684,3.2163
20070419,3.0403,4.0704,4.2002,4.197,2.9379,2.9797,3.0644,3.2128
20070418,2.4762,3.3773,3.8035,3.7489,2.9049,2.9722,3.0601,3.2097
20070417,2.465,2.9549,3.6897,3.4674,2.9016,2.971,3.0591,3.2091
20070416,2.4598,2.9612,3.5566,3.3444,2.8932,2.9693,3.0558,3.2071
20070413,2.1153,2.4901,3.1185,3.0815,2.8904,2.9669,3.0526,3.2054
20070412,2.0319,2.3879,3.0472,3.0465,2.8894,2.9662,3.0507,3.2051
20070411,2.031,2.3681,2.9517,3.0406,2.8873,2.964,3.0461,3.2032
20070410,2.011,2.3751,2.9765,2.9863,2.8822,2.9606,3.0417,3.2003
20070409,2.0004,2.2959,2.6854,2.9228,2.8779,2.9587,3.037,3.1973
20070406,1.9959,2.1854,2.4694,2.8552,2.8695,2.9554,3.0325,3.1943
20070405,1.8913,1.9923,2.4032,2.7559,2.8656,2.9526,3.0288,3.1907
20070404,1.7932,1.9553,2.4271,2.7333,2.8652,2.9519,3.028,3.19
20070403,1.7945,1.9476,2.4,2.7075,2.8643,2.9502,3.0257,3.188
20070402,1.8019,1.9442,2.4255,2.6955,2.8643,2.9471,3.0236,3.1841
20070330,1.8057,1.9704,2.4923,2.6809,2.861,2.9441,3.0215,3.1783
20070329,1.8039,1.9729,2.4666,2.6427,2.8592,2.9403,3.0126,3.1665
20070328,1.8016,1.9658,2.3526,2.5819,2.8574,2.9392,3.0089,3.1589
20070327,1.7397,1.9582,2.1447,2.4983,2.854,2.9375,3.005,3.1504
20070326,1.7466,1.9487,2.0776,2.4588,2.8499,2.9312,2.9981,3.1386
20070323,1.6871,1.865,2.0199,2.4365,2.848,2.9247,2.9927,3.1304
20070322,1.6487,1.8069,2.0274,2.4212,2.8447,2.9168,2.9876,3.1202
20070321,1.6077,1.7584,1.9991,2.411,2.8401,2.9088,2.9804,3.1096
20070320,1.5551,1.7033,1.9562,2.3896,2.8357,2.9008,2.9728,3.0967
20070319,1.5313,1.6647,1.9643,2.3381,2.8335,2.8895,2.9611,3.079
20070316,1.4088,1.5164,1.8125,2.2503,2.8214,2.8728,2.9417,3.0533
20070315,1.3513,1.4426,1.7645,2.2302,2.821,2.8722,2.9397,3.0455
20070314,1.3535,1.4419,1.756,2.227,2.8203,2.872,2.9371,3.0302
20070313,1.3643,1.4605,1.7364,2.2498,2.8211,2.8719,2.9345,3.0151
20070312,1.38,1.477,1.6578,2.2587,2.8215,2.8719,2.9322,3.0028
20070309,1.3952,1.4956,1.7553,2.2616,2.8217,2.8719,2.9322,3.0028
20070308,1.4153,1.5316,1.7539,2.2615,2.8231,2.8719,2.9322,3.0028
20070307,1.4375,1.5498,1.7478,2.26,2.8247,2.8719,2.9323,3.0028
20070306,1.4683,1.6145,1.7493,2.2561,2.8292,2.8719,2.9323,3.0028
20070305,1.4999,1.6676,1.7618,2.3073,2.8332,2.8721,2.9324,3.0028
20070302,1.5194,1.6838,1.7981,2.4225,2.8394,2.8722,2.9325,3.0028
20070301,1.5903,1.7584,1.9178,2.4624,2.8468,2.8726,2.9326,3.0028
20070228,1.6526,1.9919,2.1496,2.5326,2.8539,2.8728,2.9327,3.0028
20070227,1.6928,2.5313,2.7448,2.6891,2.8616,2.8729,2.9328,3.0028
20070226,1.792,2.6662,2.9053,2.6964,2.8637,2.8729,2.9328,3.0028
20070225,1.8147,2.9102,3.0297,2.7036,2.8654,2.8729,2.9327,3.0028
20070217,1.5143,1.5133,1.8443,2.6557,2.865,2.873,2.9327,3.0027
20070216,1.994,2.1513,2.0668,2.8076,2.8727,2.8727,2.9326,3.0027
20070215,3.0934,3.4817,3.1495,3.162,2.8792,2.8721,2.9326,3.0027
20070214,4.0174,3.9964,3.8709,3.9566,2.8772,2.8719,2.9326,3.0027
20070213,3.3685,3.4622,3.8034,4.0089,2.8745,2.8719,2.9325,3.0026
20070212,4.0016,4.4692,4.341,4.0491,2.8757,2.8703,2.9324,3.0026
20070209,2.7851,4.1485,3.8789,3.6175,2.8433,2.87,2.9322,3.0025
20070208,1.8983,3.5244,3.5213,3.266,2.8204,2.8699,2.9321,3.0025
20070207,1.8392,2.5376,3.3343,3.0862,2.8153,2.8698,2.9321,3.0025
20070206,1.7848,2.1745,2.991,2.8405,2.8085,2.8698,2.932,3.0025
20070205,1.7593,2.0718,2.6225,2.6652,2.8084,2.8697,2.932,3.0025
20070202,1.7549,1.9916,2.3341,2.5286,2.8083,2.8697,2.9319,3.0025
20070201,1.7602,2.0817,2.2498,2.5236,2.8083,2.8697,2.9319,3.0025
20070131,1.778,2.0919,2.1695,2.5196,2.8083,2.8696,2.9319,3.0025
20070130,1.7838,2.1022,2.1839,2.5195,2.8083,2.8696,2.9318,3.0025
20070129,1.783,2.103,2.1963,2.5194,2.8082,2.8695,2.9317,3.0025
20070126,1.7889,2.0703,2.2009,2.5186,2.8082,2.8694,2.9317,3.0025
20070125,1.7541,2.0159,2.1822,2.5185,2.8082,2.8694,2.9316,3.0025
20070124,1.7079,2.0061,2.1699,2.5184,2.8082,2.8693,2.9315,3.0024
20070123,1.5972,1.9648,2.1402,2.518,2.8081,2.8692,2.9314,3.0024
20070122,1.4197,1.7726,2.1157,2.518,2.8081,2.8692,2.9314,3.0024
20070119,1.4126,1.5485,2.0611,2.5173,2.808,2.8691,2.9313,3.0024
20070118,1.4236,1.5048,1.9936,2.5171,2.808,2.869,2.9312,3.0024
20070117,1.3171,1.4986,1.7732,2.5167,2.8079,2.8689,2.9311,3.0024
20070116,1.2809,1.3733,1.6668,2.5168,2.8079,2.8689,2.9309,3.0024
20070115,1.2997,1.38,1.75,2.5207,2.8078,2.8689,2.9309,3.0024
20070112,1.3051,1.4047,1.7784,2.5254,2.8079,2.8688,2.9308,3.0024
20070111,1.3344,1.4122,1.9018,2.5343,2.8081,2.8688,2.9308,3.0024
20070110,1.3519,1.4262,1.9312,2.5463,2.8082,2.8688,2.9308,3.0025
20070109,1.3546,1.4405,1.9781,2.5572,2.8083,2.8687,2.9307,3.0024
20070108,1.3721,1.4524,2.0303,2.5588,2.808,2.8687,2.9306,3.0023
20070105,1.4047,1.5057,2.0492,2.5717,2.8079,2.8686,2.9305,3.0023
20070104,1.431,1.5238,2.1667,2.5774,2.8077,2.8685,2.9306,3.0022
20081231,0.9471,1.0058,1.162,1.2258,1.7782,2.0803,2.2303,2.3597
20081230,0.8892,1.0757,1.1301,1.2339,1.8052,2.1045,2.2543,2.3885
20081229,0.8889,1.1617,1.1618,1.2724,1.8551,2.148,2.3024,2.4202
20081226,0.8993,1.2044,1.225,1.299,1.9051,2.1833,2.3409,2.4582
20081225,0.9046,1.2082,1.266,1.3108,1.9461,2.2131,2.3817,2.5016
20081224,0.9004,1.2051,1.2456,1.3126,1.9966,2.2715,2.438,2.5614
20081223,0.91,1.3667,1.2408,1.3201,2.0653,2.3553,2.514,2.6424
20081222,0.9133,1.3775,1.2442,1.3465,2.1683,2.4575,2.6102,2.741
20081219,0.9221,1.4008,1.2537,1.4579,2.2,2.4996,2.6364,2.7623
20081218,0.9449,1.3975,1.2583,1.4774,2.2469,2.5306,2.6669,2.7901
20081217,0.9612,1.4511,1.2882,1.5083,2.2818,2.5555,2.6988,2.8189
20081216,1.0321,1.5107,1.4115,1.669,2.3159,2.5893,2.7372,2.8526
20081215,1.0938,1.5212,1.4535,1.6519,2.3452,2.6238,2.7673,2.8858
20081212,1.1071,1.535,1.4923,1.7128,2.3861,2.6527,2.7954,2.9091
20081211,1.1156,1.4579,1.5208,1.7815,2.4513,2.6942,2.8367,2.9497
20081210,1.1433,1.5742,1.7967,1.9248,2.5198,2.7289,2.8608,2.978
20081209,1.4092,1.7475,1.8442,2.0417,2.556,2.7586,2.8901,3.0002
20081208,1.43,1.8408,1.9,2.135,2.589,2.7887,2.9133,3.028
20081205,1.435,1.85,1.9505,2.0997,2.6233,2.82,2.947,3.0623
20081204,1.4936,1.9708,1.9859,2.1077,2.6516,2.8599,2.9861,3.1001
20081203,1.494,1.9761,1.9834,2.1162,2.6733,2.8838,3.0089,3.1294
20081202,1.4933,1.9683,1.9813,2.1364,2.6862,2.9163,3.0434,3.1575
20081201,1.4992,1.9767,2.0014,2.1736,2.7162,2.9602,3.0936,3.1986
20081128,1.5942,2.0983,2.0583,2.2833,2.7534,3.0018,3.1506,3.257
20081127,1.5492,1.9808,2.0175,2.3108,2.813,3.0861,3.2176,3.3213
20081126,2.2046,2.5353,2.5254,2.7869,3.4735,3.8511,3.9932,4.0874
20081125,2.195,2.5696,2.5692,2.7929,3.5146,3.8893,4.0361,4.1178
20081124,2.1958,2.5888,2.5695,2.7725,3.5518,3.9161,4.0681,4.147
20081121,2.1875,2.5067,2.5622,2.7935,3.5982,3.9433,4.1017,4.1794
20081120,2.2425,2.5938,2.6276,2.8642,3.6431,3.9791,4.1452,4.225
20081119,2.2175,2.6267,2.6725,2.8868,3.6873,4.0333,4.1869,4.2611
20081118,2.2175,2.6252,2.7158,2.9043,3.7275,4.0656,4.219,4.2894
20081117,2.1938,2.6925,2.7559,2.9178,3.7725,4.1124,4.2474,4.3143
20081114,2.1658,2.7121,2.8113,2.9266,3.8101,4.1458,4.267,4.3346
20081113,2.2042,2.6842,2.7732,2.9426,3.8439,4.1775,4.286,4.3497
20081112,2.1938,2.7804,2.7913,2.9615,3.8723,4.213,4.3025,4.3645
20081111,2.1921,2.7813,2.7954,2.967,3.9081,4.2383,4.3193,4.3754
20081110,2.1788,2.7898,2.8044,2.9679,3.9405,4.2735,4.3324,4.3848
20081107,2.2462,2.7877,2.8163,2.9822,3.9598,4.282,4.3432,4.395
20081106,2.2463,2.8462,2.8586,3.0176,3.9739,4.2959,4.3534,4.4045
20081105,2.1942,2.8658,2.8695,3.024,3.9902,4.3063,4.3588,4.4118
20081104,2.3342,2.9363,2.9029,3.0178,4.0121,4.3206,4.3718,4.4262
20081103,2.2938,2.8763,2.8997,3.0034,4.0359,4.3316,4.3804,4.4389
20081031,2.2921,2.8018,2.9227,3.0108,4.0655,4.345,4.3911,4.4482
20081030,2.2942,2.9138,2.9373,3.021,4.0941,4.3652,4.4174,4.4759
20081029,2.2963,2.9342,2.9485,3.0332,4.1335,4.4173,4.4596,4.5252
20081028,2.2946,2.8953,2.9742,3.0607,4.148,4.4271,4.4664,4.5318
20081027,2.295,2.9171,3.0148,3.0867,4.1666,4.4387,4.4715,4.5387
20081024,2.2946,2.9807,3.0154,3.096,4.1768,4.4435,4.4789,4.5458
20081023,2.2958,2.9958,3.0063,3.0908,4.1842,4.4497,4.482,4.5491
20081022,2.2921,2.9171,2.9992,3.0524,4.194,4.4515,4.4869,4.552
20081021,2.2971,2.9921,3.0133,3.0581,4.2024,4.4526,4.4897,4.5557
20081020,2.2938,3.0017,3.0193,3.0892,4.2077,4.4562,4.4929,4.5596
20081017,2.2908,3.0825,3.1,3.114,4.209,4.4612,4.4973,4.5661
20081016,2.3929,3.2,3.1513,3.1437,4.2206,4.4664,4.5017,4.5722
20081015,2.3588,3.2242,3.1674,3.1824,4.2339,4.4746,4.509,4.5796
20081014,2.5576,3.15,3.2604,3.2766,4.2453,4.4813,4.5187,4.5874
20081013,2.5986,3.3231,3.335,3.2679,4.2554,4.489,4.5259,4.5941
20081010,2.7988,3.42,3.3283,3.317,4.2661,4.4922,4.5363,4.6045
20081009,2.7979,3.3075,3.4169,3.4074,4.2721,4.5028,4.5492,4.623
20081008,2.9279,3.3576,3.4307,3.4133,4.3017,4.5323,4.5814,4.6653
20081007,3.1992,3.7313,3.5991,3.4013,4.3049,4.5358,4.5868,4.6686
20081006,3.1955,3.5519,3.5614,3.4062,4.3042,4.5397,4.5904,4.6719
20080928,3.2209,3.2467,3.3071,3.467,4.3047,4.5395,4.5905,4.672
20080927,2.8192,3.4531,3.5048,3.4513,4.3034,4.5415,4.5923,4.6726
20080926,2.8442,3.4247,3.4792,3.5445,4.3065,4.5425,4.5942,4.6742
20080925,2.8323,3.3419,3.5658,3.6968,4.3086,4.5447,4.5955,4.6748
20080924,3.0141,3.3263,3.5729,3.7972,4.3072,4.5437,4.5969,4.6757
20080923,3.005,3.4229,3.5525,3.8342,4.3059,4.5453,4.6003,4.6772
20080922,3.041,3.4429,3.5268,3.7054,4.3012,4.5444,4.6051,4.6792
20080919,2.985,3.3333,3.4558,3.3653,4.2964,4.5455,4.609,4.6801
20080918,2.6981,3.2109,3.1998,3.2842,4.29,4.5447,4.612,4.6852
20080917,2.6196,3.0968,3.0307,3.2037,4.2935,4.547,4.6112,4.6847
20080916,2.6109,2.9946,3.0208,3.2149,4.3039,4.5532,4.6239,4.6928
20080912,2.6175,3.0213,3.0348,3.2034,4.3216,4.5639,4.6399,4.7025
20080911,2.6145,3.0104,3.0474,3.2076,4.318,4.5643,4.6401,4.7026
20080910,2.6178,3.0,3.091,3.2215,4.3213,4.5646,4.6402,4.703
20080909,2.6154,3.0546,3.0977,3.204,4.3145,4.5646,4.6407,4.7031
20080908,2.629,2.9246,3.0886,3.2099,4.3156,4.5662,4.6407,4.7043
20080905,2.6569,3.0098,3.0401,3.2153,4.3106,4.5658,4.641,4.7035
20080904,2.6648,3.1553,3.1194,3.2127,4.3138,4.5676,4.6408,4.7038
20080903,2.6633,3.043,3.1178,3.2158,4.3125,4.5683,4.6412,4.7048
20080902,2.6607,3.0702,3.1263,3.2262,4.3224,4.5685,4.6418,4.7041
20080901,2.63,3.1008,3.1505,3.2426,4.3214,4.5679,4.6418,4.704
20080829,2.6359,3.0584,3.161,3.2167,4.3246,4.567,4.6413,4.7036
20080828,2.6347,3.2155,3.1553,3.2168,4.3223,4.5676,4.6413,4.7036
20080827,2.6188,3.0317,3.046,3.2221,4.3239,4.5681,4.6412,4.7037
20080826,2.565,3.0351,3.0538,3.2325,4.3208,4.5697,4.6412,4.7045
20080825,2.5667,3.0003,3.0611,3.2504,4.3178,4.5711,4.6424,4.7049
20080822,2.5642,3.0949,3.0894,3.2595,4.3249,4.5708,4.643,4.7058
20080821,2.5613,3.0214,3.0948,3.2561,4.3241,4.5718,4.643,4.7052
20080820,2.5763,3.1087,3.1021,3.2844,4.324,4.5714,4.6428,4.705
20080819,2.5921,3.1142,3.1293,3.396,4.3242,4.5717,4.6433,4.7054
20080818,2.5867,3.2775,3.1847,3.3776,4.3153,4.5714,4.643,4.7051
20080815,2.5483,2.7893,3.1234,3.2588,4.3141,4.5727,4.6434,4.7056
20080814,2.5299,3.2425,3.1435,3.2533,4.3268,4.5731,4.6434,4.7059
20080813,2.7029,3.1478,3.1386,3.2729,4.3187,4.5744,4.6441,4.7065
20080812,2.7284,3.1176,3.1749,3.3063,4.3228,4.5745,4.6448,4.7064
20080811,2.7521,3.1493,3.348,3.3615,4.3261,4.5755,4.6449,4.7065
20080808,2.7837,3.1664,3.3881,3.3467,4.3152,4.575,4.6451,4.7066
20080807,2.7863,3.2452,3.5892,3.4286,4.3217,4.5771,4.6465,4.7072
20080806,2.79,3.7928,3.6447,3.4906,4.3342,4.5777,4.6467,4.7074
20080805,2.7902,3.9556,3.7894,3.6288,4.3345,4.5771,4.647,4.7077
20080804,2.7898,3.8679,3.9317,3.5291,4.3488,4.5765,4.645,4.7077
20080801,2.7765,3.7905,3.982,3.3895,4.3473,4.5762,4.6447,4.7073
20080731,2.5276,3.7695,4.0177,3.3677,4.3473,4.5787,4.6442,4.707
20080730,2.5236,3.4256,3.9469,3.3861,4.3491,4.579,4.644,4.7063
20080729,2.5305,3.4189,3.5995,3.4269,4.3499,4.5787,4.6435,4.7065
20080728,2.5167,3.161,3.2773,3.2668,4.3393,4.5796,4.6433,4.7061
20080725,2.5192,3.0816,3.081,3.2291,4.362,4.5818,4.6434,4.7056
20080724,2.5209,3.0842,3.0725,3.2478,4.3686,4.5811,4.6437,4.7058
20080723,2.5007,2.9716,3.0688,3.2619,4.3867,4.5828,4.6435,4.7058
20080722,2.5041,3.0253,3.0802,3.3059,4.3988,4.5839,4.6442,4.7062
20080721,2.5052,3.0678,3.1648,3.2841,4.4027,4.5847,4.6441,4.7067
20080718,2.5009,3.1625,3.1861,3.2441,4.4058,4.5858,4.6446,4.7071
20080717,2.492,3.0402,3.1859,3.2694,4.417,4.5874,4.6453,4.7069
20080716,2.4884,2.906,3.2065,3.3351,4.4185,4.588,4.6459,4.7077
20080715,2.3763,3.0576,3.3147,3.2592,4.4237,4.5882,4.6452,4.7085
20080714,2.3226,3.0097,3.0246,3.3013,4.4274,4.5885,4.6459,4.7092
20080711,2.3473,2.7678,3.0105,3.2768,4.4306,4.589,4.6462,4.7097
20080710,2.4904,2.9269,3.0927,3.3229,4.4468,4.5893,4.6473,4.7106
20080709,2.5282,3.1309,3.2018,3.3295,4.4518,4.5894,4.6478,4.7117
20080708,2.5501,3.196,3.2259,3.3925,4.4569,4.5909,4.6498,4.7133
20080707,2.5679,3.0316,3.0946,3.4152,4.466,4.5913,4.6501,4.7135
20080704,2.5632,2.8995,3.2059,3.5999,4.4839,4.5922,4.6494,4.7126
20080703,2.5762,2.9005,3.2794,3.698,4.4867,4.5924,4.6495,4.713
20080702,2.7238,3.1575,3.3309,3.7508,4.4879,4.5925,4.6497,4.7136
20080701,2.5006,2.9996,3.3162,3.7256,4.4894,4.5916,4.6492,4.7126
20080630,2.7949,3.2936,3.3525,3.7352,4.4833,4.5913,4.6488,4.7124
20080627,2.8,3.2921,3.4067,3.7548,4.4814,4.5913,4.648,4.7115
20080626,2.6614,3.2893,3.3967,3.7128,4.4801,4.5912,4.6471,4.711
20080625,2.6481,3.1663,3.3023,3.7278,4.4794,4.5908,4.6474,4.711
20080624,2.6883,3.1053,3.315,3.7007,4.4771,4.5912,4.6485,4.7114
20080623,2.6813,3.0668,3.2924,3.7201,4.4786,4.5923,4.6506,4.7123
20080620,2.6635,3.2246,3.5866,3.9841,4.4751,4.5909,4.6502,4.7122
20080619,2.5426,3.3777,3.78,3.9599,4.4729,4.5913,4.6516,4.7133
20080618,2.5448,3.1923,3.3214,3.9692,4.4701,4.5907,4.6505,4.714
20080617,2.4708,3.2258,3.7689,3.9919,4.4655,4.5915,4.652,4.7146
20080616,2.3994,3.3501,3.9436,4.0774,4.465,4.5921,4.6507,4.716
20080613,2.6442,3.356,3.9813,4.1022,4.4608,4.5923,4.6504,4.7161
20080612,3.4161,3.5518,4.1981,4.232,4.4809,4.5919,4.6495,4.7145
20080611,3.5199,4.1237,4.9694,4.3414,4.4837,4.5911,4.6485,4.7132
20080610,3.4417,4.991,5.002,4.1952,4.4864,4.5904,4.6467,4.7102
20080606,2.9689,3.3309,3.7154,3.5099,4.4857,4.5897,4.6461,4.7095
20080605,2.8987,3.3075,3.7557,3.5279,4.4836,4.5895,4.6457,4.7086
20080604,2.8719,3.2773,3.3011,3.5858,4.4851,4.59,4.646,4.7095
20080603,2.8542,3.1201,3.2895,3.5461,4.4846,4.5896,4.646,4.7086
20080602,2.8555,3.1369,3.3453,3.4924,4.4844,4.59,4.6466,4.71
20080530,2.8565,3.1339,3.3961,3.544,4.4804,4.5897,4.6469,4.7097
20080529,2.4972,3.2011,3.4457,3.6019,4.4851,4.5896,4.6483,4.7103
20080528,2.1824,3.0743,3.4733,3.5978,4.4929,4.5891,4.6473,4.7114
20080527,2.8719,3.4238,3.4812,3.5788,4.4915,4.5898,4.6473,4.7112
20080526,2.7208,3.4797,3.4915,3.5411,4.4911,4.5889,4.6458,4.7097
20080523,2.6389,3.5336,3.6095,3.5212,4.4942,4.5883,4.6459,4.7111
20080522,2.6466,3.8651,3.6875,3.6852,4.4928,4.5876,4.6468,4.7098
20080521,2.6445,3.76,4.005,3.6783,4.493,4.5863,4.6465,4.708
20080520,2.6246,3.951,4.0408,3.7404,4.4927,4.5876,4.6461,4.7068
20080519,2.6057,3.9409,4.0657,3.7351,4.4932,4.5877,4.6453,4.7062
20080516,2.57,3.9612,3.7341,3.6763,4.4938,4.5875,4.6443,4.7048
20080515,2.5295,3.4828,3.5922,3.6595,4.4941,4.5881,4.646,4.7062
20080514,2.5267,3.3722,3.561,3.6541,4.4939,4.5883,4.6462,4.7063
20080513,2.4504,3.2881,3.5134,3.6789,4.4947,4.588,4.645,4.7056
20080512,2.4027,3.128,3.4324,3.4259,4.4947,4.5874,4.6444,4.7055
20080509,2.362,2.9447,3.3536,3.4339,4.4933,4.5869,4.6439,4.7047
20080508,2.356,3.0113,3.3494,3.4933,4.493,4.5859,4.6433,4.7041
20080507,2.3472,3.0324,3.3268,3.4713,4.4921,4.5857,4.6441,4.7042
20080506,2.3211,2.9511,3.28,3.4105,4.492,4.5853,4.6432,4.7024
20080505,2.2528,2.9475,3.1543,3.412,4.4912,4.5857,4.6426,4.7023
20080504,2.1934,2.8024,3.103,3.419,4.4906,4.5863,4.6428,4.7018
20080430,2.166,2.8442,3.1434,3.434,4.4904,4.5858,4.6437,4.7027
20080429,2.138,2.9408,3.1707,3.4133,4.4897,4.5861,4.6441,4.703
20080428,2.1279,2.8548,2.9876,3.3679,4.4895,4.5861,4.6435,4.7028
20080425,2.1129,2.8919,2.9352,3.3327,4.4904,4.5863,4.6435,4.7025
20080424,2.0911,2.6875,2.9423,3.304,4.4913,4.5865,4.6435,4.7025
20080423,2.1124,2.6984,3.1584,3.2598,4.4927,4.5876,4.6438,4.7024
20080422,2.1281,2.7908,3.1972,3.2896,4.4916,4.5888,4.6441,4.7025
20080421,2.2421,2.8147,3.3395,3.2817,4.4918,4.5886,4.645,4.7028
20080418,2.3197,2.8635,3.2547,3.271,4.4945,4.5924,4.6454,4.7033
20080417,2.3958,3.3252,3.3044,3.3047,4.4958,4.5933,4.6447,4.7029
20080416,2.3949,3.3166,3.3006,3.3292,4.498,4.5953,4.6456,4.7034
20080415,2.3963,3.216,3.2483,3.3558,4.4973,4.5944,4.6452,4.7031
20080414,2.3969,3.0032,2.9851,3.3577,4.4963,4.594,4.6444,4.7022
20080411,2.3438,2.8371,3.4979,3.4565,4.4956,4.5955,4.6459,4.7042
20080410,2.3665,3.455,3.6993,3.7118,4.4945,4.5973,4.6475,4.7051
20080409,2.3514,3.9241,4.3253,3.6677,4.4951,4.5967,4.6486,4.7046
20080408,2.3385,3.4941,3.9874,3.6742,4.4957,4.5954,4.6475,4.704
20080407,2.3238,3.2093,3.521,3.5117,4.4943,4.5947,4.6479,4.7033
20080403,2.361,2.7796,3.6332,3.3685,4.4963,4.5942,4.647,4.7032
20080402,2.3718,3.1539,3.6907,3.3183,4.4979,4.5934,4.6472,4.7038
20080401,2.5914,3.1008,2.9951,3.3039,4.4986,4.5923,4.6481,4.7034
20080331,2.2848,2.8836,2.9232,3.2957,4.4982,4.5925,4.649,4.7014
20080328,2.2597,2.3876,2.7707,3.2766,4.4986,4.5927,4.6482,4.7002
20080327,2.0737,2.3846,2.657,3.2366,4.4986,4.593,4.6481,4.6998
20080326,2.0751,2.4676,2.6773,3.2339,4.4994,4.5927,4.6468,4.7006
20080325,2.0387,2.3832,2.6011,3.2302,4.4998,4.5923,4.6473,4.7041
20080324,2.0503,2.3971,2.6195,3.2139,4.5018,4.5937,4.6483,4.7051
20080321,2.2891,2.4193,2.649,3.2093,4.5016,4.5946,4.6471,4.7065
20080320,2.1344,2.4349,2.613,3.2145,4.5014,4.5947,4.6464,4.7057
20080319,2.1608,2.4586,2.6038,3.2156,4.5012,4.5941,4.6461,4.7086
20080318,2.1643,2.4829,2.6697,3.2108,4.5003,4.5928,4.6454,4.7087
20080317,2.1881,2.5233,2.6305,3.2046,4.5011,4.592,4.6464,4.7086
20080314,2.2537,2.5485,2.6631,3.1649,4.5011,4.5923,4.6465,4.7079
20080313,1.8924,2.5808,2.6044,3.1395,4.5012,4.5924,4.6459,4.7066
20080312,1.9055,2.6727,2.5698,3.156,4.5022,4.5915,4.6458,4.7054
20080311,1.9131,2.5213,2.5869,3.1854,4.503,4.5911,4.6477,4.7035
20080310,1.9239,2.3203,2.6067,3.2005,4.5012,4.5885,4.6457,4.7014
20080307,1.9251,2.3757,2.6904,3.1091,4.5001,4.5877,4.6445,4.6998
20080306,1.9307,2.5764,2.7078,3.1744,4.4994,4.5883,4.643,4.6989
20080305,1.9392,2.5884,2.8082,3.2507,4.502,4.5919,4.6443,4.6977
20080304,1.9427,2.6216,2.8245,3.2489,4.5018,4.5932,4.6431,4.6966
20080303,2.4325,2.8168,2.8421,3.3483,4.5016,4.5949,4.6409,4.696
20080229,2.4847,2.8255,3.0927,3.5356,4.5018,4.5956,4.6398,4.6953
20080228,2.4822,2.8214,3.13,3.7197,4.5013,4.5944,4.6405,4.6937
20080227,2.4928,2.8717,3.1676,3.8279,4.5015,4.5904,4.6398,4.6914
20080226,2.4373,4.2134,3.6332,3.9815,4.5054,4.5879,4.6377,4.6896
20080225,2.39,4.4083,4.1171,3.9834,4.5059,4.585,4.6341,4.6874
20080222,2.4006,3.7484,4.4358,3.9457,4.5068,4.5811,4.6298,4.6841
20080221,2.4054,3.8456,4.529,3.8795,4.5037,4.5758,4.6231,4.6802
20080220,2.2982,2.6436,4.4612,3.7982,4.5047,4.5731,4.6188,4.6781
20080219,2.185,2.5772,4.1059,3.6029,4.5042,4.568,4.6102,4.6705
20080218,2.1832,2.5594,3.1067,3.1884,4.5043,4.5648,4.609,4.6684
20080215,2.1937,2.604,2.8506,3.0941,4.5041,4.5604,4.6088,4.6684
20080214,2.208,2.5956,2.617,3.125,4.5033,4.5567,4.607,4.6664
20080213,2.2381,2.5974,2.6212,3.1976,4.5048,4.5568,4.6059,4.6656
20080205,2.2712,2.5757,2.5243,3.1267,4.5029,4.5558,4.605,4.6639
20080204,1.9996,2.8894,3.0068,3.2063,4.5047,4.5561,4.6062,4.6646
20080203,1.997,2.9082,3.0483,3.3071,4.5041,4.5549,4.6048,4.6629
20080202,1.9967,2.9576,3.1131,3.3605,4.5032,4.5541,4.6039,4.6621
20080201,1.9958,3.1306,3.1252,3.4674,4.5062,4.554,4.6044,4.6615
20080131,1.9881,3.2285,3.3016,3.5386,4.5052,4.5518,4.6032,4.66
20080130,1.8928,3.2497,3.2412,3.6533,4.5027,4.5477,4.6,4.6569
20080129,1.8898,2.9959,3.2949,3.9653,4.5044,4.5475,4.5996,4.6546
20080128,1.8786,3.0046,3.6207,4.0158,4.5051,4.5454,4.5968,4.6517
20080125,1.873,3.5719,4.868,4.0176,4.5057,4.546,4.5947,4.6508
20080124,1.8817,5.193,4.8548,4.0344,4.5033,4.5446,4.5906,4.6491
20080123,1.8803,4.8248,5.0324,4.0967,4.5003,4.5386,4.5856,4.6461
20080122,1.8821,4.4169,5.0071,4.077,4.4981,4.5337,4.5797,4.6414
20080121,1.8711,2.7233,3.7702,3.9284,4.4952,4.5278,4.5725,4.637
20080118,1.8784,2.6494,3.4087,3.566,4.4907,4.5237,4.5666,4.635
20080117,1.8789,2.735,3.4898,3.6397,4.4888,4.5182,4.5589,4.6322
20080116,1.8796,2.5686,2.8635,3.4424,4.482,4.5137,4.5541,4.6287
20080115,1.8755,2.2437,2.4973,3.343,4.4764,4.5103,4.5503,4.6252
20080114,1.8729,2.007,2.7363,3.3041,4.4692,4.5085,4.5471,4.6208
20080111,1.8842,2.0358,2.6406,3.3419,4.4671,4.5095,4.5454,4.6166
20080110,1.8859,2.4238,2.8114,3.3555,4.4613,4.5064,4.5417,4.611
20080109,1.9088,2.3985,2.8256,3.3371,4.4618,4.4935,4.537,4.6057
20080108,2.0744,2.3719,2.8252,3.3025,4.4565,4.4879,4.533,4.5989
20080107,2.2723,2.7214,2.9813,3.3197,4.4472,4.4748,4.5272,4.593
20080104,2.299,2.8432,2.9972,3.3918,4.4446,4.4699,4.5238,4.5905
20080103,2.299,2.937,3.0068,3.4737,4.4427,4.4668,4.5222,4.5884
20080102,2.5844,2.8624,2.9112,3.6792,4.4404,4.4662,4.5183,4.5853
20091231,1.1467,1.565,1.6825,1.7945,1.8319,1.91,2.06,2.2502
20091230,1.1488,1.5808,1.765,1.799,1.8324,1.9098,2.0599,2.2502
20091229,1.1492,1.5788,1.7992,1.7975,1.8318,1.9095,2.0599,2.2502
20091228,1.1529,1.5367,1.8108,1.7938,1.8305,1.9084,2.059,2.2501
20091225,1.15,1.4358,1.8333,1.7865,1.8284,1.9077,2.0576,2.2501
20091224,1.1554,1.39,1.7779,1.7707,1.8292,1.9069,2.0559,2.25
20091223,1.1554,1.4086,1.785,1.7644,1.8264,1.9053,2.0552,2.2497
20091222,1.1529,1.447,1.7958,1.7509,1.8215,1.904,2.0539,2.2492
20091221,1.1613,1.4454,1.8025,1.7436,1.8194,1.9031,2.0531,2.2492
20091218,1.1669,1.4558,1.7217,1.733,1.8193,1.9031,2.053,2.2491
20091217,1.165,1.4551,1.5513,1.7333,1.8189,1.9031,2.0529,2.2487
20091216,1.1625,1.4508,1.5483,1.7353,1.8183,1.9031,2.0527,2.248
20091215,1.1667,1.4525,1.5484,1.7339,1.8171,1.903,2.0523,2.2465
20091214,1.1733,1.4754,1.5493,1.7308,1.8157,1.9031,2.052,2.2451
20091211,1.1763,1.4858,1.5559,1.7293,1.8152,1.9023,2.0511,2.2442
20091210,1.1875,1.4567,1.545,1.7275,1.8137,1.901,2.0503,2.2429
20091209,1.1971,1.4767,1.5355,1.7281,1.812,1.9002,2.0498,2.2417
20091208,1.2054,1.4575,1.4978,1.7261,1.8114,1.9,2.0492,2.2409
20091207,1.2098,1.4892,1.5058,1.7239,1.8102,1.9,2.048,2.24
20091204,1.2183,1.4963,1.5163,1.7236,1.8102,1.8999,2.0466,2.24
20091203,1.2333,1.4882,1.5223,1.7226,1.8092,1.8996,2.0465,2.2397
20091202,1.2454,1.4675,1.5242,1.7248,1.8085,1.899,2.0463,2.2392
20091201,1.2525,1.4517,1.4966,1.7236,1.8082,1.898,2.0469,2.2388
20091130,1.1892,1.469,1.499,1.7254,1.8064,1.8974,2.0463,2.2383
20091127,1.1871,1.4533,1.4642,1.7263,1.8047,1.8954,2.0457,2.2369
20091126,1.1863,1.4217,1.4367,1.7265,1.8031,1.8957,2.0453,2.2377
20091125,1.1879,1.4296,1.4485,1.7257,1.8044,1.8951,2.0461,2.2376
20091124,1.1858,1.4025,1.4475,1.7223,1.804,1.8957,2.0461,2.2374
20091123,1.1888,1.4608,1.4579,1.7184,1.8036,1.8951,2.0459,2.2369
20091120,1.1925,1.4384,1.453,1.7175,1.8021,1.8946,2.0445,2.2367
20091119,1.1938,1.3908,1.4641,1.7135,1.8007,1.8937,2.0434,2.2361
20091118,1.1946,1.4058,1.4764,1.7138,1.7985,1.8917,2.0415,2.2337
20091117,1.2,1.4196,1.5156,1.7119,1.798,1.8906,2.0406,2.232
20091116,1.2104,1.3567,1.4842,1.7071,1.7977,1.8894,2.0394,2.2302
20091113,1.2171,1.4708,1.4878,1.7069,1.7957,1.8878,2.0378,2.2277
20091112,1.2275,1.4651,1.4838,1.7075,1.7967,1.8877,2.0376,2.2277
20091111,1.2258,1.4592,1.4896,1.7064,1.7968,1.8876,2.0372,2.2275
20091110,1.2332,1.4807,1.5005,1.7082,1.7971,1.887,2.036,2.2269
20091109,1.2058,1.4558,1.4969,1.7075,1.7955,1.8852,2.0339,2.2251
20091106,1.2146,1.4405,1.4928,1.7095,1.794,1.8843,2.0344,2.2245
20091105,1.2129,1.4463,1.4896,1.7083,1.7933,1.8839,2.0342,2.2245
20091104,1.1417,1.4038,1.4582,1.706,1.7927,1.8825,2.0333,2.2233
20091103,1.1367,1.4658,1.4463,1.7097,1.792,1.8827,2.033,2.2231
20091102,1.1358,1.34,1.4442,1.7076,1.7911,1.8816,2.0324,2.2226
20091030,1.1379,1.3683,1.4675,1.7072,1.7894,1.8816,2.032,2.2221
20091029,1.1415,1.4525,1.4684,1.7074,1.7884,1.8813,2.0315,2.2219
20091028,1.1446,1.4687,1.4796,1.7095,1.7883,1.8806,2.0316,2.2216
20091027,1.1467,1.4376,1.4808,1.7133,1.7861,1.8806,2.0311,2.2213
20091026,1.1758,1.4733,1.4842,1.7144,1.784,1.8802,2.0304,2.2209
20091023,1.1867,1.4442,1.4738,1.7162,1.7821,1.8801,2.0293,2.2207
20091022,1.1917,1.5125,1.5182,1.723,1.7812,1.88,2.0274,2.2204
20091021,1.195,1.5329,1.5423,1.725,1.7818,1.8798,2.0254,2.2191
20091020,1.2254,1.5098,1.5757,1.725,1.7812,1.8789,2.0221,2.2175
20091019,1.2554,1.5271,1.6181,1.7291,1.7794,1.8775,2.0216,2.2152
20091016,1.2608,1.5223,1.6542,1.7306,1.7762,1.8754,2.0211,2.2139
20091015,1.2638,1.5224,1.6631,1.7339,1.7743,1.8734,2.0183,2.2112
20091014,1.2625,1.5528,1.6825,1.7339,1.7729,1.8717,2.0172,2.2089
20091013,1.2642,1.5767,1.6841,1.7373,1.7725,1.8707,2.0167,2.2086
20091012,1.2671,1.5857,1.6821,1.7374,1.7716,1.8693,2.0149,2.2078
20091010,1.3654,1.6808,1.6767,1.7333,1.7712,1.869,2.0134,2.2039
20091009,1.6917,1.6983,1.7059,1.7434,1.7703,1.8684,2.0126,2.2022
20090930,1.7742,1.7983,1.7138,1.7438,1.7687,1.8669,2.0106,2.2
20090929,1.3211,1.6603,1.6903,1.7383,1.7657,1.8652,2.0079,2.1982
20090928,1.3146,1.5717,1.6688,1.7237,1.7639,1.8629,2.0075,2.1979
20090927,1.3088,1.6025,1.62,1.7219,1.7639,1.8611,2.0063,2.1979
20090925,1.3133,1.6275,1.6542,1.719,1.7635,1.8592,2.0063,2.1978
20090924,1.3013,1.7775,1.6575,1.7102,1.7616,1.8566,2.0048,2.1971
20090923,1.2933,1.5617,1.6492,1.706,1.7597,1.8537,2.0038,2.1963
20090922,1.2675,1.5921,1.6303,1.6902,1.7574,1.852,2.002,2.1951
20090921,1.2575,1.6213,1.6359,1.6746,1.756,1.8505,2.0008,2.194
20090918,1.2583,1.5158,1.6396,1.6734,1.7539,1.8497,1.9999,2.1917
20090917,1.2475,1.4654,1.6367,1.6724,1.7523,1.8483,1.9991,2.1906
20090916,1.1925,1.4529,1.571,1.656,1.7501,1.8456,1.9969,2.1878
20090915,1.1298,1.4517,1.5835,1.6511,1.7483,1.8441,1.9959,2.1855
20090914,1.0913,1.4425,1.5933,1.6497,1.7458,1.8431,1.9949,2.1837
20090911,1.0933,1.3825,1.5754,1.644,1.7449,1.8415,1.9945,2.1834
20090910,1.0892,1.564,1.6058,1.6364,1.745,1.8411,1.9944,2.1826
20090909,1.0925,1.6583,1.6678,1.6341,1.7441,1.841,1.9945,2.1826
20090908,1.0963,1.7096,1.6563,1.6304,1.7439,1.8407,1.9936,2.1822
20090907,1.095,1.7258,1.6583,1.6293,1.7433,1.8406,1.9928,2.1817
20090904,1.0983,1.7513,1.6517,1.6274,1.742,1.8401,1.9926,2.1817
20090903,1.0933,1.6854,1.6656,1.6167,1.7404,1.8399,1.9923,2.1822
20090902,1.0846,1.5725,1.5175,1.6033,1.7385,1.8391,1.9921,2.1813
20090901,0.9992,1.3246,1.4638,1.6032,1.7358,1.8384,1.9919,2.1806
20090831,0.9975,1.465,1.4558,1.6063,1.7334,1.838,1.992,2.1798
20090828,1.0108,1.3875,1.4483,1.6096,1.7327,1.8364,1.9918,2.1783
20090827,1.0083,1.3611,1.4215,1.6133,1.7333,1.8359,1.9919,2.1785
20090826,0.995,1.3704,1.4158,1.6254,1.7334,1.8352,1.992,2.1789
20090825,0.9933,1.3467,1.3083,1.634,1.7316,1.835,1.9922,2.179
20090824,1.055,1.2736,1.2892,1.652,1.7324,1.835,1.9923,2.1799
20090821,1.09,1.254,1.2925,1.6778,1.7335,1.8348,1.9919,2.1799
20090820,1.0925,1.2675,1.2954,1.6965,1.7366,1.8348,1.992,2.1788
20090819,1.098,1.2729,1.3583,1.703,1.7391,1.8338,1.9914,2.1769
20090818,1.1346,1.295,1.4742,1.7156,1.7391,1.8325,1.9895,2.1749
20090817,1.1575,1.4067,1.445,1.7169,1.7371,1.8299,1.9869,2.1718
20090814,1.1467,1.4086,1.5125,1.7235,1.7336,1.8254,1.9826,2.1662
20090813,1.1558,1.4442,1.5829,1.7339,1.7319,1.8206,1.9776,2.1607
20090812,1.1546,1.4738,1.6104,1.7393,1.7285,1.8143,1.9713,2.1575
20090811,1.2967,1.5433,1.6333,1.7403,1.7279,1.8098,1.965,2.1534
20090810,1.3113,1.6136,1.6358,1.7383,1.7206,1.8017,1.9567,2.1479
20090807,1.3158,1.6013,1.6707,1.7452,1.7135,1.7942,1.9498,2.1408
20090806,1.3183,1.6225,1.6925,1.7527,1.7054,1.7872,1.9408,2.1334
20090805,1.3183,1.8063,1.7414,1.7451,1.695,1.7793,1.9315,2.1276
20090804,1.3225,1.5042,1.745,1.739,1.6894,1.7705,1.9232,2.1216
20090803,1.3246,2.1267,1.8471,1.7484,1.6815,1.764,1.9161,2.1128
20090731,1.2992,1.9325,1.9308,1.753,1.6713,1.7566,1.9087,2.1009
20090730,1.3475,1.6429,1.8525,1.7475,1.663,1.7469,1.9024,2.092
20090729,1.2429,1.5042,1.9158,1.6974,1.6523,1.7369,1.8935,2.0807
20090728,1.4083,1.56,1.9034,1.6868,1.6414,1.7296,1.8839,2.0708
20090727,1.4442,1.6025,1.8979,1.6608,1.6269,1.7202,1.8726,2.0619
20090724,1.4579,1.7117,1.99,1.6433,1.6137,1.7093,1.8608,2.0526
20090723,1.4871,1.94,2.1093,1.6733,1.6051,1.6987,1.8515,2.0453
20090722,1.5013,2.0283,2.1277,1.6492,1.5898,1.6826,1.8391,2.034
20090721,1.4963,2.0971,2.1327,1.606,1.5667,1.6586,1.8139,2.0187
20090720,1.3625,1.6936,1.7921,1.5125,1.5107,1.6267,1.7836,1.9909
20090717,1.3763,1.5334,1.6027,1.4672,1.4757,1.6068,1.7608,1.9735
20090716,1.1871,1.5158,1.5283,1.4417,1.4429,1.5783,1.7385,1.9548
20090715,1.1496,1.4367,1.4917,1.4117,1.4245,1.5665,1.7274,1.9434
20090714,1.1446,1.3742,1.3896,1.3938,1.4112,1.5573,1.7174,1.9331
20090713,1.1428,1.2608,1.345,1.3758,1.4037,1.5521,1.707,1.9233
20090710,1.0971,1.225,1.3075,1.3524,1.3836,1.5377,1.6953,1.9096
20090709,1.095,1.2271,1.3096,1.3433,1.3681,1.5229,1.6818,1.8948
20090708,1.0958,1.2178,1.3139,1.3313,1.3428,1.5063,1.6693,1.878
20090707,1.0933,1.2208,1.3058,1.3258,1.3361,1.505,1.6682,1.8762
20090706,1.0938,1.2325,1.2907,1.3158,1.3298,1.5033,1.6659,1.8727
20090703,1.0954,1.2493,1.2658,1.305,1.3263,1.5032,1.6657,1.8712
20090702,1.0958,1.295,1.2683,1.3025,1.323,1.5025,1.6647,1.8709
20090701,1.0975,1.1767,1.2167,1.2998,1.3215,1.4997,1.6627,1.8698
20090630,1.09,1.2117,1.2533,1.3008,1.3179,1.4977,1.6605,1.8688
20090629,1.0,1.19,1.2108,1.2808,1.3068,1.4961,1.6576,1.8678
20090626,0.9621,1.1717,1.2221,1.2717,1.2978,1.4957,1.6563,1.8672
20090625,0.9588,1.1288,1.2233,1.2555,1.2925,1.4953,1.6562,1.8666
20090624,0.9575,1.185,1.2202,1.245,1.2908,1.4948,1.6547,1.8663
20090623,0.9579,1.1,1.2113,1.2142,1.2825,1.4904,1.6534,1.8655
20090622,0.9479,1.0892,1.1725,1.1883,1.2748,1.4892,1.6521,1.8639
20090619,0.9025,0.9967,1.0975,1.1088,1.258,1.4815,1.6475,1.8602
20090618,0.845,0.9525,0.985,1.0409,1.2371,1.4747,1.64,1.8544
20090617,0.8304,0.9425,0.9592,1.038,1.2345,1.4728,1.6399,1.8534
20090616,0.8171,0.9421,0.963,1.0334,1.2341,1.4731,1.6398,1.8534
20090615,0.8179,0.9425,0.9684,1.036,1.2323,1.4726,1.6398,1.8533
20090612,0.815,0.9408,0.9596,1.035,1.2303,1.4725,1.6397,1.8533
20090611,0.8142,0.9408,0.9548,1.0361,1.2272,1.4723,1.6398,1.8534
20090610,0.8163,0.94,0.9579,1.0325,1.2261,1.4723,1.6398,1.8535
20090609,0.8117,0.9461,0.9663,1.0275,1.2243,1.4724,1.6397,1.853
20090608,0.8121,0.9413,0.9687,1.0278,1.2269,1.4723,1.6397,1.8535
20090605,0.8121,0.9448,0.9698,1.0274,1.2274,1.4724,1.6396,1.8526
20090604,0.8113,0.9454,0.9644,1.029,1.2258,1.4723,1.6394,1.8532
20090603,0.8142,0.9463,0.9575,1.0258,1.2249,1.4719,1.6392,1.8528
20090602,0.8133,0.9403,0.9663,1.0271,1.225,1.4716,1.6395,1.8519
20090601,0.8129,0.9417,0.9575,1.0271,1.2248,1.4714,1.6399,1.8519
20090531,0.8117,0.9529,0.9658,1.0271,1.2226,1.4713,1.6403,1.8527
20090527,0.8133,0.9554,0.9592,1.0321,1.2217,1.4707,1.6405,1.8529
20090526,0.8129,0.9546,0.9658,1.0293,1.2181,1.4696,1.6406,1.8531
20090525,0.8104,0.9579,0.9638,1.0219,1.2151,1.4679,1.6383,1.8522
20090522,0.8108,0.9617,0.9638,1.0133,1.2065,1.4656,1.6364,1.8504
20090521,0.8104,0.9538,0.9646,1.0143,1.2059,1.467,1.6363,1.8509
20090520,0.8104,0.9503,0.9521,1.0151,1.2062,1.4673,1.6366,1.8509
20090519,0.8096,0.9525,0.9596,1.0153,1.2055,1.4656,1.6361,1.851
20090518,0.8104,0.9479,0.9563,1.0143,1.2044,1.4676,1.6361,1.8516
20090515,0.81,0.9483,0.954,1.0166,1.2044,1.4691,1.6362,1.8513
20090514,0.8079,0.9413,0.9499,1.0192,1.2068,1.47,1.6371,1.8525
20090513,0.8079,0.9433,0.9517,1.02,1.2086,1.4703,1.6376,1.853
20090512,0.8071,0.9438,0.9539,1.0228,1.2096,1.4709,1.638,1.8541
20090511,0.8067,0.9283,0.9467,1.0271,1.2107,1.471,1.6391,1.8536
20090508,0.8079,0.9267,0.9438,1.0221,1.2117,1.4726,1.6383,1.8537
20090507,0.8083,0.9311,0.9506,1.0237,1.2128,1.4737,1.6394,1.8533
20090506,0.8092,0.9275,0.9414,1.025,1.2141,1.4748,1.6405,1.8528
20090505,0.81,0.9325,0.9443,1.0253,1.2153,1.4755,1.6393,1.8517
20090504,0.8138,0.9421,0.9525,1.0263,1.2152,1.4755,1.6393,1.8513
20090430,0.8067,0.9417,0.9513,1.0258,1.2144,1.4759,1.6393,1.8524
20090429,0.8083,0.9408,0.9525,1.0207,1.2141,1.477,1.6392,1.8529
20090428,0.8079,0.9429,0.9558,1.0188,1.2133,1.4774,1.639,1.8521
20090427,0.8121,0.9558,0.9688,1.0211,1.214,1.4767,1.6386,1.852
20090424,0.8129,0.9617,0.9592,1.0186,1.2137,1.4767,1.6375,1.8519
20090423,0.8129,0.9475,0.9563,1.0183,1.213,1.4777,1.6376,1.8511
20090422,0.8296,0.9371,0.9392,1.0183,1.2133,1.4782,1.6387,1.8556
20090421,0.8233,0.9183,0.9435,1.0188,1.2115,1.4781,1.6387,1.8554
20090420,0.8013,0.9125,0.9425,1.0155,1.2101,1.4767,1.6373,1.8542
20090417,0.8029,0.92,0.9421,1.0166,1.211,1.4772,1.6378,1.8538
20090416,0.8008,0.9208,0.9359,1.0186,1.2113,1.4779,1.6378,1.8543
20090415,0.8013,0.9175,0.9358,1.0191,1.2121,1.4789,1.6392,1.855
20090414,0.8008,0.9163,0.9392,1.023,1.2129,1.4804,1.6403,1.8572
20090413,0.8025,0.9229,0.9421,1.0263,1.2133,1.4826,1.6415,1.8588
20090410,0.8021,0.9371,0.9425,1.0242,1.2144,1.4844,1.6419,1.8604
20090409,0.8025,0.94,0.9433,1.0249,1.2153,1.4854,1.6438,1.8633
20090408,0.8021,0.9438,0.9442,1.0201,1.2177,1.4875,1.6447,1.8664
20090407,0.8021,0.9475,0.9483,1.0215,1.2191,1.4898,1.6468,1.8689
20090403,0.8021,0.9408,0.9475,1.0279,1.2214,1.4914,1.6491,1.8719
20090402,0.8033,0.9408,0.9439,1.0283,1.2228,1.4918,1.6506,1.8734
20090401,0.8025,0.9425,0.9538,1.025,1.2232,1.4923,1.6513,1.8739
20090331,0.8025,0.9354,0.9363,1.0285,1.2241,1.4923,1.6542,1.8754
20090330,0.8038,0.9433,0.9388,1.0263,1.2275,1.4944,1.6575,1.8779
20090327,0.8021,0.9528,0.94,1.0275,1.2293,1.4961,1.6585,1.8796
20090326,0.8029,0.9292,0.9393,1.0296,1.2318,1.4993,1.6601,1.8809
20090325,0.8025,0.9329,0.9396,1.029,1.2341,1.5006,1.6616,1.8835
20090324,0.8033,0.9383,0.9454,1.0315,1.2364,1.5006,1.6648,1.8866
20090323,0.8058,0.9633,0.9508,1.0319,1.2391,1.5038,1.6687,1.8897
20090320,0.8046,0.9667,0.9513,1.0313,1.2415,1.508,1.6712,1.8935
20090319,0.8063,0.9588,0.9446,1.0304,1.2443,1.5109,1.6757,1.8951
20090318,0.8042,0.9188,0.9408,1.0271,1.2445,1.5125,1.6787,1.8979
20090317,0.8046,0.9446,0.9425,1.0292,1.2469,1.5188,1.6803,1.9005
20090316,0.8046,0.9592,0.9417,1.0296,1.2488,1.5218,1.6837,1.9037
20090313,0.8029,0.9392,0.9463,1.0254,1.2522,1.525,1.6873,1.9088
20090312,0.8033,0.9383,0.9446,1.0293,1.2538,1.5276,1.6897,1.9101
20090311,0.8042,0.9475,0.9488,1.0313,1.2563,1.5296,1.6916,1.9111
20090310,0.8033,0.945,0.9513,1.0314,1.2613,1.5311,1.6933,1.9119
20090309,0.8067,0.9617,0.9535,1.0375,1.2652,1.5332,1.6951,1.9141
20090306,0.8008,0.9275,0.9404,1.035,1.2659,1.5346,1.6971,1.9182
20090305,0.8025,0.9421,0.9485,1.031,1.2688,1.5394,1.6998,1.9195
20090304,0.8008,0.9433,0.9521,1.0341,1.2714,1.5443,1.7001,1.9223
20090303,0.8025,0.9475,0.9556,1.0302,1.2716,1.5416,1.7021,1.923
20090302,0.8046,0.9471,0.9513,1.0386,1.2716,1.544,1.7043,1.9248
20090227,0.8067,0.9488,0.9596,1.035,1.2748,1.5487,1.7063,1.9275
20090226,0.8067,0.9404,0.9638,1.0358,1.2779,1.5536,1.7089,1.9301
20090225,0.8113,0.9483,0.985,1.0418,1.2793,1.5591,1.7133,1.9316
20090224,0.815,0.9558,0.9848,1.0442,1.2807,1.5624,1.7145,1.935
20090223,0.8238,0.9938,0.9678,1.0493,1.2846,1.5678,1.7184,1.9369
20090220,0.8213,0.9742,0.9696,1.0525,1.2829,1.5708,1.7214,1.938
20090219,0.8238,0.95,0.9721,1.0567,1.2845,1.5728,1.7232,1.9399
20090218,0.8163,0.9538,0.9625,1.0592,1.2867,1.5749,1.7262,1.9407
20090217,0.8196,0.9533,0.9513,1.0583,1.2916,1.5789,1.7335,1.9432
20090216,0.8204,0.9525,0.9469,1.0693,1.2948,1.5837,1.7365,1.9437
20090213,0.8346,0.9575,0.9517,1.0679,1.2995,1.5885,1.7403,1.9454
20090212,0.8292,0.9325,0.9483,1.0654,1.3038,1.594,1.7467,1.9472
20090211,0.8388,0.9348,0.9521,1.0548,1.3087,1.5986,1.7519,1.9498
20090210,0.8321,0.9395,0.9458,1.0538,1.315,1.6022,1.7612,1.9541
20090209,0.8328,0.9375,0.9377,1.0564,1.3239,1.6051,1.7689,1.9603
20090206,0.8242,0.9358,0.9413,1.065,1.3278,1.6117,1.7785,1.9695
20090205,0.8263,0.9399,0.9473,1.0708,1.3331,1.623,1.7912,1.977
20090204,0.8156,0.9404,0.9404,1.0775,1.3399,1.6294,1.7977,1.9807
20090203,0.8264,0.9314,0.9264,1.0888,1.3438,1.6378,1.8052,1.9875
20090202,0.8063,0.9083,0.905,1.08,1.3472,1.6471,1.8181,1.9967
20090201,0.925,0.9258,0.9342,1.095,1.3656,1.6596,1.8331,2.0057
20090124,0.9283,0.9833,1.025,1.107,1.3809,1.6702,1.8424,2.019
20090123,0.8775,1.0267,1.0417,1.1144,1.3852,1.6774,1.8513,2.0252
20090122,0.8942,1.0254,1.0503,1.1042,1.3997,1.6951,1.8669,2.0367
20090121,0.9133,0.9371,0.9313,1.0777,1.4066,1.7042,1.8827,2.0543
20090120,0.8167,0.8815,0.9124,1.095,1.4231,1.7167,1.8994,2.0699
20090119,0.8142,0.9075,0.9133,1.1226,1.4328,1.7329,1.9122,2.0902
20090116,0.8136,0.9121,0.9346,1.1271,1.449,1.7516,1.9286,2.1147
20090115,0.82,0.9004,0.936,1.11,1.4679,1.7757,1.9463,2.1339
20090114,0.8204,0.9203,0.9433,1.1,1.482,1.7976,1.9648,2.1539
20090113,0.8217,0.9217,0.9495,1.1358,1.4985,1.8125,1.9803,2.1647
20090112,0.8333,0.9263,0.9523,1.1217,1.5241,1.8423,2.0057,2.1855
20090109,0.8363,0.9439,1.0163,1.1286,1.5535,1.8805,2.0427,2.2003
20090108,0.8829,0.988,1.0346,1.125,1.5899,1.9158,2.0736,2.2293
20090107,0.8894,1.0038,1.0318,1.1256,1.6206,1.9596,2.11,2.2512
20090106,0.8967,0.99,1.0602,1.1417,1.6516,1.989,2.1401,2.2768
20090105,0.9086,0.9983,1.1021,1.215,1.698,2.0174,2.1744,2.3003
20090104,0.9117,0.9857,1.14,1.2178,1.7446,2.0452,2.207,2.3341
20101231,4.5217,6.3867,6.5125,6.169,4.6234,3.5614,3.5944,3.6312
20101230,5.0996,6.2853,6.4358,6.2217,4.6216,3.5447,3.58,3.6169
20101229,4.7588,6.0563,6.0067,6.21,4.6236,3.5152,3.5526,3.595
20101228,4.5954,5.7621,6.6429,6.1827,4.6021,3.5034,3.5378,3.5767
20101227,4.5079,5.2983,5.81,6.0678,4.5641,3.4592,3.4827,3.5246
20101224,4.2583,4.9308,5.6075,5.743,4.3264,3.3607,3.3773,3.395
20101223,3.255,5.6617,5.1533,5.1767,4.179,3.3234,3.3427,3.3617
20101222,2.5533,4.1583,4.5575,4.7952,4.113,3.2715,3.295,3.3239
20101221,2.3521,4.08,4.3407,4.491,3.9496,3.2405,3.2728,3.2955
20101220,2.1035,3.5025,3.9469,4.3297,3.9181,3.203,3.2311,3.2574
20101217,1.9954,3.7008,3.8842,4.3035,3.8842,3.1747,3.2043,3.223
20101216,2.0008,3.3358,3.6308,4.1983,3.8548,3.1664,3.1958,3.215
20101215,2.0158,3.6158,3.5975,4.0975,3.8158,3.1572,3.1871,3.2062
20101214,1.9985,3.2958,3.4183,3.9592,3.7205,3.1428,3.1693,3.1905
20101213,2.0067,2.5527,3.2608,3.8129,3.666,3.1325,3.1597,3.1815
20101210,2.0108,2.4933,3.2733,3.845,3.632,3.1233,3.1523,3.1743
20101209,2.0092,2.4889,3.3352,3.7525,3.5292,3.1141,3.1407,3.1646
20101208,2.0979,2.5029,3.2953,3.7625,3.42,3.1072,3.1304,3.1568
20101207,1.9858,2.2078,3.3467,3.5938,3.394,3.099,3.1212,3.151
20101206,1.88,3.0871,3.3753,3.7655,3.374,3.0919,3.1139,3.1449
20101203,1.9982,3.3325,3.6992,3.8163,3.3453,3.0864,3.1062,3.1381
20101202,2.2372,3.3471,3.7333,3.815,3.3274,3.0792,3.0949,3.1237
20101201,2.23,3.3458,3.7148,3.895,3.2865,3.0644,3.0827,3.1103
20101130,2.13,3.3263,3.72,3.71,3.2498,3.0497,3.069,3.0967
20101129,1.9217,2.6717,3.51,3.5963,3.1925,3.03,3.0494,3.0786
20101126,1.8925,2.7117,3.0617,3.5017,3.1367,3.0129,3.0309,3.0618
20101125,1.8913,2.4792,2.985,3.4383,3.0707,2.99,3.0082,3.0367
20101124,1.9055,2.3263,2.6054,3.2658,3.0127,2.9711,2.995,3.0241
20101123,1.9815,2.2193,2.3808,3.0189,2.9688,2.9552,2.978,3.0103
20101122,1.96,2.1492,2.2233,2.8772,2.9174,2.9365,2.9619,2.9916
20101119,1.8188,2.07,2.2025,2.678,2.8996,2.9196,2.9466,2.9798
20101118,1.8029,1.9946,2.2,2.6455,2.8956,2.9145,2.9418,2.9765
20101117,1.7292,1.915,2.1,2.6322,2.8922,2.9133,2.9418,2.9762
20101116,1.6508,1.7445,2.0008,2.6352,2.8907,2.9121,2.9411,2.9758
20101115,1.5921,1.7832,1.9652,2.63,2.887,2.9082,2.9381,2.9725
20101112,1.5258,1.6908,1.9348,2.6167,2.8817,2.9037,2.9324,2.9663
20101111,1.52,1.6733,1.9313,2.6058,2.8727,2.8928,2.921,2.9568
20101110,1.5188,1.6344,1.8332,2.5921,2.865,2.8798,2.9068,2.9458
20101109,1.5208,1.6396,1.8749,2.6253,2.8575,2.8768,2.9044,2.943
20101108,1.5288,1.634,1.9108,2.6238,2.847,2.869,2.8982,2.9389
20101105,1.5325,1.6038,1.9275,2.6329,2.8452,2.8662,2.8974,2.9348
20101104,1.5592,1.821,1.9523,2.6498,2.8448,2.8671,2.8964,2.9347
20101103,1.5738,1.8183,1.9596,2.6492,2.8412,2.8656,2.8941,2.9339
20101102,1.5788,1.8204,2.0038,2.651,2.8391,2.8654,2.891,2.931
20101101,1.5833,1.9963,2.0342,2.6571,2.8344,2.8609,2.8877,2.9257
20101029,1.5842,2.0211,2.0443,2.6564,2.8302,2.8562,2.882,2.9212
20101028,1.5238,2.0256,2.0463,2.6471,2.8265,2.845,2.8716,2.9142
20101027,1.5233,2.0333,2.0558,2.6429,2.8165,2.8362,2.8617,2.9066
20101026,1.5283,1.95,2.0113,2.6185,2.8115,2.8249,2.8496,2.8939
20101025,1.5829,1.9475,2.0017,2.6136,2.8034,2.8129,2.8386,2.8839
20101022,1.5904,1.9358,2.0021,2.6635,2.7893,2.7895,2.8193,2.8644
20101021,1.5913,1.9342,1.9617,2.6654,2.7643,2.765,2.7937,2.8392
20101020,1.5958,1.9617,1.9742,2.6467,2.7331,2.7272,2.7538,2.7946
20101019,1.5929,1.9113,1.9502,2.5354,2.6533,2.6339,2.6584,2.6855
20101018,1.5946,1.9421,1.951,2.4758,2.6528,2.6317,2.6545,2.6847
20101015,1.5925,1.9342,1.9608,2.44,2.6506,2.6314,2.6536,2.6847
20101014,1.6187,1.9383,2.0796,2.4583,2.6442,2.6272,2.65,2.6843
20101013,1.6358,1.9125,2.0667,2.545,2.6406,2.6232,2.6447,2.6831
20101012,1.6375,1.9025,2.0438,2.639,2.6362,2.6176,2.6399,2.6811
20101011,1.6683,1.9563,2.0433,2.7631,2.6215,2.6135,2.6357,2.6785
20101009,1.7299,1.9129,2.0158,2.8464,2.6169,2.6098,2.6313,2.6776
20101008,1.7325,2.6925,2.9342,3.075,2.6164,2.6088,2.6307,2.6781
20100930,2.5975,2.8408,3.1598,3.5067,2.6113,2.609,2.6331,2.6793
20100929,1.7466,2.69,3.3558,3.7592,2.6092,2.6036,2.6254,2.6755
20100928,1.7814,2.5502,2.9546,3.7283,2.6046,2.6012,2.622,2.6736
20100927,1.7123,2.4424,2.9557,3.6258,2.5972,2.5933,2.6183,2.6711
20100926,1.7735,2.8967,3.2516,3.5517,2.5863,2.5875,2.6122,2.67
20100925,1.8971,2.2509,3.0103,3.4592,2.5749,2.5834,2.608,2.6652
20100921,1.8069,2.3133,2.98,3.4392,2.5732,2.5786,2.6053,2.6611
20100920,1.6446,2.2433,2.8457,3.2342,2.5689,2.5757,2.6037,2.6597
20100919,1.453,1.9948,2.795,3.2708,2.5644,2.5724,2.6013,2.6592
20100917,1.5204,2.035,2.7033,3.3629,2.5677,2.5707,2.5992,2.658
20100916,1.6588,2.5275,2.5194,3.3158,2.5657,2.5687,2.5967,2.6555
20100915,1.6696,2.2364,2.6813,3.2661,2.5608,2.5638,2.5944,2.6536
20100914,1.5988,2.3863,2.6123,3.0933,2.5512,2.5589,2.5917,2.652
20100913,1.4963,2.4008,2.6,2.8392,2.5418,2.5556,2.5906,2.6495
20100910,1.5583,2.2782,2.3007,2.6242,2.5388,2.5502,2.5824,2.6463
20100909,1.6383,2.2865,2.301,2.5626,2.538,2.5477,2.5811,2.6451
20100908,1.7054,2.2333,2.3025,2.5792,2.5358,2.5473,2.581,2.6451
20100907,1.84,2.2558,2.4508,2.5967,2.5319,2.5473,2.5808,2.6449
20100906,1.9729,2.2456,2.4415,2.6225,2.5286,2.5455,2.5803,2.6441
20100903,1.9792,2.3375,2.5125,2.75,2.5144,2.5448,2.5796,2.6424
20100902,1.9806,2.4836,2.5733,2.8017,2.5127,2.5452,2.5806,2.6443
20100901,2.535,2.9856,3.03,2.9017,2.5151,2.5469,2.5843,2.6456
20100831,2.32,2.9489,3.0658,2.8433,2.512,2.547,2.5807,2.6455
20100830,2.0533,2.285,2.6258,2.5908,2.5035,2.5423,2.5768,2.6417
20100827,1.9563,2.2142,2.3017,2.3636,2.4896,2.5348,2.5698,2.6336
20100826,1.6317,1.8321,1.9917,2.1608,2.4723,2.5269,2.5645,2.6276
20100825,1.5417,1.7661,1.856,2.1425,2.4688,2.5236,2.5614,2.6238
20100824,1.5171,1.75,1.8346,2.14,2.4686,2.5232,2.5614,2.6243
20100823,1.4967,1.7288,1.8025,2.1383,2.4654,2.5218,2.56,2.6241
20100820,1.5379,1.7448,1.8021,2.1452,2.4672,2.5224,2.559,2.6235
20100819,1.5204,1.7418,1.8008,2.1508,2.4673,2.5238,2.5599,2.6227
20100818,1.4946,1.7725,1.7959,2.1479,2.4671,2.5218,2.5592,2.6205
20100817,1.4717,1.7875,1.7943,2.1462,2.4687,2.5197,2.5594,2.6204
20100816,1.4717,1.77,1.7835,2.1376,2.4663,2.5179,2.5587,2.6192
20100813,1.4729,1.7348,1.7438,2.1358,2.4651,2.5148,2.557,2.6173
20100812,1.4729,1.7263,1.7421,2.1292,2.4646,2.5165,2.5577,2.6166
20100811,1.4688,1.7068,1.7404,2.1404,2.4674,2.5191,2.5584,2.6158
20100810,1.4658,1.7317,1.7328,2.1158,2.4625,2.5152,2.5536,2.6139
20100809,1.4658,1.6917,1.7142,2.1108,2.4557,2.5123,2.5509,2.614
20100806,1.4692,1.7004,1.7175,2.1129,2.4528,2.5094,2.5469,2.613
20100805,1.4725,1.6875,1.72,2.1092,2.4473,2.507,2.5452,2.6122
20100804,1.4729,1.6306,1.695,2.1171,2.443,2.5041,2.5435,2.6121
20100803,1.4675,1.6792,1.75,2.1292,2.4447,2.5043,2.5433,2.6123
20100802,1.4696,1.6425,1.825,2.1525,2.4468,2.5053,2.5442,2.613
20100730,1.4696,1.6825,1.8071,2.1575,2.4475,2.5057,2.5469,2.6129
20100729,1.4446,1.6883,1.8313,2.175,2.4609,2.5085,2.5416,2.6126
20100728,1.4433,1.685,1.82,2.1906,2.4647,2.5117,2.5425,2.6138
20100727,1.4404,1.7346,1.8263,2.2275,2.4768,2.5179,2.5465,2.6147
20100726,1.4679,1.73,1.8625,2.2492,2.5039,2.5266,2.548,2.6149
20100723,1.4275,1.7808,1.8641,2.2575,2.5165,2.5234,2.5497,2.6154
20100722,1.4483,1.7167,1.8739,2.3008,2.5298,2.5231,2.5486,2.6138
20100721,1.4729,1.8458,1.8888,2.3358,2.5483,2.5158,2.5476,2.6145
20100720,1.4763,1.8192,1.9182,2.4008,2.5692,2.516,2.5476,2.6138
20100719,1.4442,1.85,1.9192,2.4158,2.5709,2.5143,2.5476,2.614
20100716,1.4433,1.86,1.9004,2.375,2.5814,2.5113,2.5475,2.6158
20100715,1.4608,1.8621,1.875,2.3936,2.5849,2.5083,2.547,2.6161
20100714,1.5186,1.7966,1.8902,2.4624,2.5905,2.5047,2.5464,2.6187
20100713,1.6479,1.9892,2.1008,2.5296,2.5953,2.507,2.5482,2.6192
20100712,1.6916,2.0667,2.35,2.595,2.5978,2.5057,2.5465,2.6183
20100709,1.7206,2.2918,2.5138,2.6214,2.5944,2.5047,2.544,2.6136
20100708,1.9842,2.4233,2.6371,2.715,2.5978,2.4799,2.5321,2.6011
20100707,2.1291,2.4485,2.6858,2.82,2.6069,2.4839,2.5347,2.6033
20100706,2.1567,2.6767,2.7043,2.9808,2.6149,2.4888,2.5378,2.6081
20100705,2.165,2.5838,2.7508,3.1533,2.6126,2.4837,2.5336,2.6059
20100702,2.1942,2.6079,2.9225,3.3483,2.621,2.4869,2.5333,2.6082
20100701,2.2492,2.6542,3.1092,3.5092,2.6261,2.4875,2.5334,2.6138
20100630,2.2683,2.6192,3.3417,3.883,2.6308,2.488,2.5352,2.6183
20100629,2.2785,2.8702,3.3018,3.8904,2.638,2.4777,2.5257,2.6123
20100628,2.2883,2.8192,3.2833,3.9075,2.6288,2.4629,2.5104,2.5997
20100625,2.2933,3.1458,3.1942,4.0525,2.6259,2.4444,2.4839,2.5676
20100624,2.3067,2.8708,3.185,3.9942,2.6033,2.4323,2.4681,2.5574
20100623,2.2408,2.7083,2.9217,3.8796,2.5622,2.4195,2.4534,2.5497
20100622,2.2463,2.8257,2.9442,3.76,2.5215,2.4038,2.4441,2.5436
20100621,2.2292,2.6467,2.99,3.5542,2.4621,2.3762,2.4277,2.5326
20100618,2.2142,2.6883,2.7483,3.3567,2.4137,2.3586,2.4156,2.5261
20100617,2.18,2.6175,2.7192,3.2233,2.3716,2.3453,2.4059,2.5201
20100613,2.1892,2.6858,2.8908,3.184,2.357,2.3333,2.3964,2.5188
20100612,2.2053,2.7733,2.9248,3.1628,2.3327,2.3218,2.3823,2.5023
20100611,1.9788,2.7317,2.8233,3.0833,2.3128,2.316,2.376,2.4997
20100610,1.935,2.4725,2.735,3.0107,2.2994,2.3043,2.3696,2.493
20100609,1.8454,2.2129,2.3225,2.9717,2.2803,2.2975,2.3621,2.4874
20100608,1.8413,2.1963,2.2992,2.9675,2.2669,2.2944,2.3563,2.4823
20100607,1.7041,1.9136,2.2276,2.9367,2.252,2.282,2.3421,2.4767
20100604,2.1024,2.2078,2.4708,2.9692,2.2536,2.2783,2.3398,2.4741
20100603,2.7513,3.1946,3.1325,3.0633,2.2584,2.2699,2.3329,2.4669
20100602,2.7654,3.2796,3.0842,3.0533,2.224,2.2448,2.3147,2.4571
20100601,2.7408,3.2008,3.045,2.9348,2.1885,2.2134,2.2979,2.4498
20100531,2.3725,2.5033,2.6892,2.4967,2.1201,2.1771,2.2658,2.4238
20100528,2.21,2.39,2.5028,2.3792,2.0925,2.1527,2.2474,2.414
20100527,2.32,2.4167,2.3211,2.3117,2.0677,2.134,2.232,2.4012
20100526,2.1592,2.1721,2.1525,2.1917,2.0389,2.1079,2.2178,2.3958
20100525,1.855,1.9267,2.0419,2.0482,1.9923,2.0606,2.1838,2.381
20100524,1.7425,1.865,1.8704,1.943,1.9658,2.0527,2.1761,2.3749
20100521,1.6588,1.8058,1.8275,1.8715,1.9542,2.0455,2.1669,2.3679
20100520,1.5502,1.7933,1.7775,1.8113,1.95,2.0443,2.1668,2.3698
20100519,1.5454,1.7683,1.74,1.8017,1.9497,2.0443,2.1667,2.3695
20100518,1.5438,1.7392,1.7354,1.7988,1.9513,2.0453,2.1665,2.3677
20100517,1.5433,1.7346,1.7375,1.7986,1.9477,2.0456,2.1668,2.3698
20100514,1.5,1.747,1.7342,1.7954,1.9464,2.0451,2.1677,2.3695
20100513,1.4983,1.7279,1.7168,1.7938,1.9459,2.0443,2.1651,2.3685
20100512,1.5008,1.7175,1.7108,1.7918,1.9459,2.0447,2.1646,2.368
20100511,1.5042,1.7042,1.708,1.7881,1.9478,2.0454,2.1641,2.3702
20100510,1.5054,1.7,1.705,1.7817,1.9489,2.0445,2.164,2.3684
20100507,1.4088,1.7033,1.6938,1.7783,1.9479,2.0439,2.1633,2.3677
20100506,1.4088,1.6821,1.6854,1.7704,1.9465,2.0426,2.1634,2.3682
20100505,1.4093,1.6483,1.6725,1.7668,1.9433,2.0414,2.1632,2.3678
20100504,1.3979,1.6017,1.6858,1.7614,1.941,2.0406,2.1632,2.3668
20100430,1.3973,1.6079,1.6479,1.7562,1.9398,2.0402,2.1634,2.3665
20100429,1.3529,1.6025,1.6371,1.7474,1.9394,2.04,2.1635,2.3664
20100428,1.3425,1.6196,1.6446,1.7472,1.9364,2.0379,2.1636,2.3655
20100427,1.3319,1.6383,1.6488,1.7465,1.9373,2.0374,2.164,2.3655
20100426,1.2896,1.6471,1.6528,1.7473,1.9376,2.0384,2.1649,2.3656
20100423,1.2888,1.6715,1.6586,1.7426,1.9384,2.038,2.166,2.365
20100422,1.2933,1.6396,1.6546,1.7406,1.938,2.0365,2.1643,2.3636
20100421,1.2917,1.6633,1.6644,1.7438,1.942,2.0351,2.1655,2.3615
20100420,1.2896,1.6369,1.6569,1.7459,1.9412,2.0359,2.1659,2.3619
20100419,1.2875,1.6099,1.6536,1.7464,1.9413,2.0368,2.1656,2.3633
20100416,1.2874,1.6638,1.6725,1.7463,1.9418,2.0367,2.1648,2.3632
20100415,1.2813,1.6725,1.68,1.7478,1.94,2.0356,2.1639,2.3624
20100414,1.2838,1.6454,1.6818,1.7474,1.9392,2.034,2.1629,2.3619
20100413,1.2833,1.6696,1.6814,1.7468,1.9396,2.0333,2.1619,2.361
20100412,1.2842,1.6458,1.6469,1.7471,1.9392,2.032,2.1615,2.3607
20100409,1.2913,1.6742,1.6508,1.7475,1.9388,2.0304,2.1605,2.3595
20100408,1.2925,1.68,1.65,1.7471,1.9401,2.026,2.1596,2.3583
20100407,1.2971,1.6633,1.6421,1.7442,1.9409,2.0215,2.1581,2.3556
20100406,1.3096,1.5917,1.6154,1.7392,1.9395,2.0148,2.1569,2.3522
20100402,1.3125,1.5758,1.6165,1.7402,1.9378,2.0124,2.1561,2.3523
20100401,1.3045,1.5733,1.629,1.7375,1.9394,2.0118,2.1565,2.3525
20100331,1.3388,1.6,1.6583,1.7403,1.9419,2.0123,2.1573,2.3525
20100330,1.2946,1.6297,1.6594,1.7461,1.9408,2.0131,2.1582,2.3526
20100329,1.3025,1.5499,1.6651,1.7532,1.943,2.0154,2.1582,2.3533
20100326,1.3042,1.5586,1.6804,1.7603,1.9405,2.0133,2.1582,2.3525
20100325,1.3083,1.5596,1.6692,1.7629,1.9408,2.0123,2.1583,2.3528
20100324,1.3133,1.5667,1.6404,1.7652,1.9415,2.0134,2.1585,2.353
20100323,1.3146,1.5832,1.6279,1.7682,1.9413,2.0136,2.1587,2.3535
20100322,1.3163,1.5933,1.6113,1.7753,1.941,2.0178,2.1588,2.353
20100319,1.3238,1.625,1.6366,1.7792,1.942,2.0183,2.158,2.3525
20100318,1.3246,1.6425,1.6497,1.7836,1.943,2.0193,2.1581,2.3526
20100317,1.3275,1.6417,1.6493,1.7879,1.9406,2.0197,2.1575,2.3521
20100316,1.3354,1.6313,1.666,1.7927,1.9405,2.0205,2.1576,2.3521
20100315,1.3375,1.65,1.6568,1.8019,1.9407,2.016,2.1573,2.352
20100312,1.3446,1.6608,1.6811,1.8189,1.9416,2.0174,2.1581,2.3524
20100311,1.3563,1.6846,1.692,1.8299,1.9419,2.0185,2.1579,2.3521
20100310,1.3592,1.7058,1.7153,1.834,1.9436,2.0198,2.1576,2.352
20100309,1.3663,1.6642,1.7233,1.8379,1.9453,2.0211,2.1571,2.352
20100308,1.3785,1.6392,1.7358,1.8419,1.9433,2.0167,2.1573,2.3521
20100305,1.3842,1.6879,1.7432,1.8361,1.9461,2.0169,2.158,2.3524
20100304,1.4017,1.6783,1.7364,1.8363,1.9465,2.0172,2.1579,2.3525
20100303,1.4075,1.7388,1.6717,1.8341,1.9455,2.0169,2.1567,2.3522
20100302,1.4242,1.718,1.6458,1.8358,1.9467,2.0154,2.1562,2.3518
20100301,1.4295,1.6508,1.6483,1.844,1.9436,2.0138,2.1549,2.351
20100226,1.4315,1.6642,1.6758,1.8561,1.9443,2.0153,2.1531,2.3501
20100225,1.4521,1.6829,1.6892,1.8533,1.9421,2.0156,2.1522,2.35
20100224,1.4375,1.65,1.5289,1.8569,1.9394,2.0166,2.1512,2.3496
20100223,1.4321,1.5996,1.5222,1.8569,1.9351,2.0189,2.1513,2.3489
20100222,1.4313,1.4758,1.5025,1.8679,1.9365,2.0238,2.1513,2.3497
20100221,1.4815,1.5058,1.6259,1.9191,1.9375,2.021,2.1508,2.3492
20100220,1.9858,2.1104,2.039,2.0142,1.9327,2.0092,2.1517,2.351
20100212,2.2538,2.4833,2.1492,2.0106,1.928,2.0027,2.149,2.3473
20100211,2.4967,2.7208,2.5719,2.065,1.9305,2.0026,2.1485,2.3445
20100210,1.4992,1.8358,1.945,1.8975,1.9203,1.9865,2.1433,2.3378
20100209,1.405,1.8942,1.9067,1.881,1.9128,1.986,2.1431,2.337
20100208,1.3567,1.8158,1.8029,1.8539,1.9055,1.9859,2.1428,2.3359
20100205,1.3583,1.7292,1.7707,1.8545,1.9051,1.9859,2.1425,2.3348
20100204,1.3575,1.7792,1.785,1.8503,1.9061,1.986,2.1433,2.334
20100203,1.3567,1.77,1.7904,1.8511,1.9081,1.9862,2.1442,2.3336
20100202,1.3575,1.7892,1.8058,1.8421,1.9074,1.9866,2.1433,2.3339
20100201,1.3546,1.8208,1.87,1.8311,1.9074,1.9887,2.1421,2.3332
20100129,1.3592,1.8542,1.8633,1.8129,1.9048,1.9867,2.1403,2.3326
20100128,1.3588,1.8508,1.865,1.8074,1.9017,1.9821,2.1381,2.3311
20100127,1.315,1.5483,1.646,1.7563,1.8963,1.9787,2.1335,2.3286
20100126,1.1958,1.5396,1.5404,1.7467,1.893,1.9746,2.1306,2.3261
20100125,1.1879,1.3892,1.5082,1.7431,1.889,1.9728,2.1278,2.3238
20100122,1.0423,1.4813,1.5274,1.7396,1.8866,1.9717,2.125,2.3213
20100121,1.0283,1.4125,1.5183,1.7397,1.8819,1.9684,2.1202,2.3176
20100120,1.0275,1.4579,1.5221,1.7375,1.875,1.9638,2.1135,2.312
20100119,1.0271,1.3613,1.4185,1.7368,1.8723,1.9592,2.1073,2.3027
20100118,1.0271,1.4042,1.4143,1.7371,1.8674,1.9534,2.1001,2.296
20100115,1.0283,1.415,1.4213,1.7426,1.8649,1.9474,2.097,2.2916
20100114,1.0475,1.4475,1.4254,1.7448,1.8584,1.9421,2.0925,2.2869
20100113,1.0854,1.395,1.4167,1.7426,1.8522,1.9384,2.0886,2.2802
20100112,1.0336,1.4354,1.4292,1.7392,1.8439,1.928,2.0779,2.2682
20100111,1.0471,1.3696,1.4217,1.7401,1.8403,1.9232,2.0719,2.2629
20100108,1.0608,1.3993,1.4608,1.7463,1.8369,1.9203,2.0679,2.2594
20100107,1.0797,1.3942,1.4968,1.7444,1.8321,1.9155,2.0634,2.2551
20100106,1.1183,1.4002,1.5696,1.7513,1.8288,1.9116,2.06,2.2501
20100105,1.115,1.4004,1.6023,1.758,1.8298,1.9109,2.06,2.2501
20100104,1.1175,1.4225,1.665,1.7728,1.8312,1.91,2.06,2.2502
20111231,4.9992,6.33,6.5,6.0,5.4691,5.4223,5.24,5.2373
20111230,3.4067,5.5808,6.0538,5.99,5.4749,5.426,5.2401,5.2378
20111229,3.4175,5.4192,5.5933,5.85,5.4742,5.4218,5.2409,5.2373
20111228,3.4202,4.7292,5.6567,5.85,5.4757,5.4233,5.2401,5.2343
20111227,3.0775,4.3842,5.4842,5.8511,5.4686,5.4219,5.2404,5.2345
20111226,2.9992,4.0958,5.0875,5.8097,5.4572,5.4154,5.2401,5.2337
20111223,2.9392,3.7392,5.4608,5.8172,5.4612,5.4177,5.241,5.2341
20111222,2.935,3.7733,5.3367,5.8917,5.456,5.4233,5.2447,5.2362
20111221,2.8983,3.5983,4.9633,5.865,5.4484,5.4262,5.2451,5.2362
20111220,2.8775,3.2208,4.3742,5.5708,5.4563,5.4285,5.2419,5.2357
20111219,2.8763,3.0075,4.3742,5.39,5.4505,5.4293,5.2424,5.2363
20111216,2.8758,3.0583,3.665,5.0583,5.4506,5.4334,5.2455,5.2361
20111215,2.9483,3.4492,3.3725,5.0975,5.4471,5.4328,5.2434,5.2366
20111214,2.9158,3.21,3.3008,4.7305,5.4459,5.4319,5.2424,5.2356
20111213,2.9513,3.4975,3.6,4.9194,5.4511,5.4306,5.2432,5.237
20111212,2.9475,3.5392,3.6833,4.8814,5.4607,5.4296,5.2419,5.2375
20111209,2.89,3.5308,3.4942,4.5743,5.4682,5.4358,5.2374,5.2371
20111208,2.8596,3.4692,3.5,4.8042,5.4711,5.4338,5.2368,5.2374
20111207,2.8696,3.4308,3.4633,4.6969,5.4842,5.4283,5.2354,5.2356
20111206,2.8504,3.3942,3.4983,4.6543,5.5183,5.4367,5.2373,5.2375
20111205,2.8567,3.2933,3.3358,4.6271,5.53,5.4417,5.2377,5.2368
20111202,2.9723,3.6446,3.5508,4.608,5.5433,5.4526,5.2401,5.2395
20111201,2.9775,3.9717,4.1675,4.7028,5.6054,5.4788,5.2443,5.2444
20111130,3.425,3.9642,4.3667,4.8033,5.6654,5.5013,5.2454,5.2517
20111129,3.4086,3.6375,4.6967,5.1517,5.6696,5.5058,5.2465,5.2518
20111128,3.7075,3.9833,4.6892,5.1583,5.6514,5.5242,5.2496,5.2482
20111125,4.0192,4.0358,4.7258,5.3208,5.6673,5.5108,5.2479,5.2485
20111124,3.9467,4.105,4.7,5.3211,5.6673,5.5121,5.248,5.2498
20111123,3.9567,4.3325,4.8908,5.2993,5.6692,5.5204,5.248,5.25
20111122,3.8342,4.4117,4.8258,5.3083,5.6707,5.5221,5.248,5.2524
20111121,3.6033,4.2092,4.2808,5.145,5.665,5.4975,5.2481,5.2512
20111118,3.4225,3.6994,4.0011,4.9232,5.655,5.4803,5.247,5.252
20111117,3.2292,3.5525,3.665,4.8814,5.6575,5.4853,5.2454,5.2515
20111116,2.925,3.345,3.384,4.6345,5.6558,5.4667,5.2453,5.2508
20111115,2.9125,3.2975,3.3949,4.5622,5.6608,5.4629,5.2469,5.2517
20111114,2.8988,3.3067,3.7358,4.5358,5.6617,5.4638,5.2451,5.2539
20111111,2.8233,3.5,3.67,4.5358,5.6542,5.4608,5.244,5.2509
20111110,3.1254,3.4767,3.6642,4.6075,5.6842,5.4579,5.2457,5.2526
20111109,3.1167,3.5183,3.68,4.5819,5.7046,5.4538,5.246,5.2528
20111108,3.1117,3.5583,3.6223,4.9133,5.71,5.4544,5.2491,5.2559
20111107,3.0933,3.5683,3.6296,4.9242,5.7221,5.4501,5.2479,5.2552
20111104,3.09,3.4983,3.6092,5.0775,5.7043,5.4513,5.2488,5.2546
20111103,3.09,3.3975,3.7383,5.1758,5.7017,5.4475,5.2488,5.2545
20111102,3.0964,3.6958,3.7967,5.2208,5.7033,5.4346,5.2476,5.2543
20111101,3.3025,4.3542,4.3842,5.6958,5.7693,5.4546,5.2452,5.2501
20111031,4.695,4.9433,5.7775,5.9107,5.7048,5.4546,5.2451,5.2533
20111028,4.8983,4.9792,5.215,5.8317,5.6643,5.445,5.2452,5.2499
20111027,4.1875,4.5417,4.6517,5.3269,5.6522,5.437,5.2455,5.2474
20111026,3.9983,4.0917,4.5418,5.145,5.6354,5.4214,5.2472,5.2534
20111025,3.5983,3.99,4.5,5.101,5.6363,5.4133,5.2451,5.2536
20111024,3.065,3.4033,3.9992,4.9667,5.6136,5.403,5.2408,5.2536
20111021,3.0738,3.4342,3.9775,4.9608,5.617,5.4008,5.2409,5.2547
20111020,3.01,3.4575,3.9992,4.9775,5.604,5.3983,5.2383,5.2516
20111019,2.8963,3.3517,3.4925,5.0044,5.6179,5.3896,5.2391,5.2538
20111018,2.8308,3.4933,3.8667,5.0626,5.6235,5.394,5.2385,5.2537
20111017,2.8075,3.34,3.7408,5.0558,5.6404,5.3714,5.2367,5.2562
20111014,2.88,3.1475,4.06,5.3292,5.6343,5.3566,5.2318,5.2558
20111013,2.9642,3.1517,3.4317,5.29,5.632,5.3232,5.2292,5.2539
20111012,2.995,3.3158,3.9572,5.3258,5.6343,5.313,5.2273,5.2528
20111011,3.4417,4.1975,4.4358,5.2396,5.6503,5.3016,5.2233,5.2512
20111010,3.8192,4.4283,4.4908,5.2975,5.648,5.3039,5.2241,5.2521
20111009,4.5642,4.795,4.8433,5.2758,5.6412,5.3023,5.2241,5.2522
20111008,4.8604,4.9667,5.0242,5.4838,5.6421,5.3023,5.2236,5.2531
20110930,4.8925,5.0025,5.065,5.9167,5.6466,5.3028,5.2217,5.2534
20110929,3.8721,5.0675,5.0767,5.8242,5.6399,5.2978,5.2168,5.2543
20110928,3.9917,4.81,4.9925,5.815,5.6391,5.2979,5.2173,5.2543
20110927,4.055,4.6667,5.0358,5.7011,5.6269,5.2948,5.2162,5.2541
20110926,3.0958,3.81,4.4975,5.8733,5.6195,5.2973,5.217,5.254
20110923,3.2942,4.1633,4.2542,5.88,5.6328,5.2973,5.217,5.2537
20110922,3.5042,3.9025,4.4492,5.9258,5.6289,5.2981,5.217,5.2543
20110921,3.7346,4.079,4.5752,5.8408,5.6393,5.2979,5.2169,5.2529
20110920,3.7975,3.9933,4.5579,5.685,5.6216,5.2968,5.2162,5.2551
20110919,3.4777,3.55,3.5839,5.4267,5.6138,5.2977,5.2165,5.2552
20110916,3.19,3.3202,3.4806,5.2149,5.6167,5.2979,5.2192,5.2558
20110915,3.1933,3.3433,3.9583,5.2583,5.6209,5.2992,5.2179,5.2553
20110914,2.9575,3.2883,3.5634,5.3,5.6304,5.3,5.2193,5.2543
20110913,2.9525,3.2817,3.4967,5.065,5.6272,5.3006,5.22,5.2543
20110909,3.0408,3.6233,3.9992,5.0942,5.6513,5.3059,5.2223,5.2552
20110908,3.1058,4.01,4.1023,5.3543,5.6554,5.3043,5.2236,5.2555
20110907,3.0546,4.3625,4.3483,5.5069,5.6509,5.3031,5.2243,5.2544
20110906,2.9975,4.4883,4.8208,5.6708,5.611,5.2998,5.22,5.2508
20110905,3.8892,4.8775,5.3167,5.6608,5.6079,5.2947,5.2196,5.2494
20110902,3.4808,4.2021,4.9692,5.58,5.5753,5.2905,5.2154,5.2485
20110901,3.4192,4.7658,4.9683,5.4242,5.5774,5.2903,5.215,5.2439
20110831,3.3538,4.955,5.4383,5.4033,5.5444,5.291,5.2133,5.2407
20110830,3.4308,4.975,5.3837,5.3277,5.5113,5.2828,5.2088,5.2373
20110829,3.165,4.3961,5.4232,5.2858,5.4867,5.2646,5.2021,5.2343
20110826,3.2235,4.0558,4.2475,5.015,5.3546,5.2344,5.1962,5.2268
20110825,3.3377,4.4825,4.5583,5.14,5.3848,5.2379,5.1971,5.2279
20110824,3.7683,4.4383,4.555,5.2292,5.4049,5.2396,5.1963,5.2288
20110823,4.2306,5.19,5.1233,5.4797,5.4246,5.2441,5.1971,5.2271
20110822,4.03,4.9667,4.7725,5.4663,5.4273,5.2494,5.1962,5.2262
20110819,3.6892,4.3033,4.545,5.4275,5.4328,5.2501,5.1951,5.2255
20110818,3.4425,3.7658,4.2975,5.07,5.4328,5.2483,5.1929,5.2247
20110817,2.9992,3.2167,3.2736,4.8861,5.4443,5.2493,5.1907,5.2214
20110816,2.9871,3.2129,3.2433,4.8367,5.4602,5.2535,5.1883,5.2181
20110815,2.8492,3.2375,3.2367,4.8707,5.4929,5.2777,5.1932,5.2226
20110812,2.7942,3.0825,3.6125,4.9842,5.5257,5.2753,5.193,5.2252
20110811,2.7438,3.0967,3.5317,4.9725,5.5883,5.2243,5.1909,5.2256
20110810,3.0425,3.1058,3.4858,5.0038,5.649,5.2292,5.1915,5.2269
20110809,2.7368,3.0933,3.4017,5.0583,5.6908,5.2286,5.1883,5.2249
20110808,2.7286,3.0,3.2858,5.0313,5.7463,5.2239,5.1856,5.2237
20110805,2.8175,3.01,3.21,5.0444,5.8066,5.2274,5.184,5.226
20110804,2.8442,3.2666,3.9967,5.01,5.8493,5.2395,5.1895,5.2257
20110803,2.8133,4.0992,4.5,5.1933,5.8897,5.2446,5.1908,5.2285
20110802,2.8121,4.8732,5.029,5.3972,5.9085,5.2455,5.189,5.23
20110801,3.0263,5.0121,5.7216,5.7242,5.9712,5.2568,5.1886,5.2273
20110729,3.4817,5.1142,5.6817,6.2651,5.9993,5.2622,5.1911,5.2285
20110728,3.6367,5.0467,5.8075,6.428,6.0002,5.2647,5.193,5.2297
20110727,4.1483,4.9583,6.4,6.5833,6.0198,5.2763,5.1957,5.2296
20110726,4.615,4.9908,6.1617,6.6692,6.0283,5.2856,5.1964,5.2293
20110725,5.1408,5.2592,6.4008,6.6608,6.0383,5.2775,5.1928,5.2239
20110722,5.2967,5.42,6.4183,6.9975,5.9688,5.2807,5.1918,5.2197
20110721,5.4208,5.7742,6.3808,6.6117,5.956,5.2963,5.203,5.2125
20110720,4.7383,5.3533,5.7367,5.9083,5.9694,5.2909,5.1957,5.2093
20110719,4.43,4.5817,5.2558,5.445,5.981,5.2785,5.1898,5.2068
20110718,3.6367,4.5217,5.5733,5.42,5.9927,5.2722,5.1892,5.2065
20110715,3.8683,4.0925,5.9567,5.3109,6.0216,5.2788,5.1869,5.2061
20110714,4.2217,4.8042,5.5583,5.2627,6.0853,5.3093,5.1811,5.2041
20110713,3.4525,3.6975,4.7392,5.2603,6.1102,5.2579,5.1788,5.202
20110712,2.4325,4.8683,5.1858,5.3214,6.1912,5.2435,5.1775,5.2016
20110711,4.015,5.3283,5.3233,5.545,6.2398,5.241,5.1789,5.2027
20110708,4.9983,6.2542,6.4183,5.8892,6.3057,5.2328,5.1684,5.1978
20110707,4.8292,5.6133,7.2208,6.0717,6.3302,5.2385,5.1601,5.1923
20110706,5.5817,7.4367,7.4983,6.4292,6.3333,5.2105,5.1163,5.1466
20110705,5.8392,6.7992,7.4992,6.396,6.3481,5.2069,5.1147,5.1496
20110704,2.8505,4.7617,4.4208,6.6792,6.3579,5.214,5.1106,5.1485
20110701,4.7297,5.9483,6.2683,7.2727,6.3867,5.2155,5.1084,5.1405
20110630,4.9983,6.5986,6.261,7.5666,6.3917,5.2079,5.1022,5.1367
20110629,5.035,6.3283,6.2242,7.7363,6.4571,5.2038,5.0961,5.1309
20110628,5.0554,6.4925,6.4492,7.755,6.4611,5.1976,5.0871,5.122
20110627,6.1117,7.2617,7.0592,7.9225,6.4302,5.1832,5.0751,5.1071
20110624,7.0502,8.67,7.3068,7.8857,6.3893,5.1735,5.0625,5.1024
20110623,7.3325,9.0708,9.0642,7.9167,6.383,5.1547,5.0483,5.0813
20110622,7.47,8.835,7.1542,7.5683,6.0594,5.1101,5.0233,5.0575
20110621,7.1375,8.3267,8.5883,7.5583,5.8421,5.0808,5.0039,5.0406
20110620,6.955,7.4958,7.5442,7.4458,5.7433,5.0457,4.9874,5.0259
20110617,3.985,6.6842,7.0119,7.3895,5.6733,5.0152,4.9496,4.9913
20110616,3.9957,6.6,7.0225,7.3708,5.5884,4.9831,4.9267,4.9771
20110615,3.9878,6.1825,6.2858,7.1625,5.2788,4.9211,4.8926,4.9569
20110614,3.4842,4.1592,4.3042,5.4417,4.9232,4.8606,4.8576,4.9338
20110613,3.8025,4.5317,4.6617,5.395,4.8743,4.7982,4.8403,4.9206
20110610,3.8167,4.6142,4.6483,5.3242,4.7705,4.7848,4.8283,4.9152
20110609,3.7858,4.1017,4.6125,5.1317,4.7502,4.7726,4.8122,4.9043
20110608,3.6663,3.71,4.2317,4.8667,4.6543,4.7676,4.7913,4.8898
20110607,2.9967,3.2292,3.7542,4.6025,4.5981,4.7278,4.7822,4.8832
20110603,2.505,3.5075,4.1392,4.584,4.5925,4.715,4.7829,4.8835
20110602,2.8436,3.5033,4.2258,4.4954,4.6002,4.7191,4.792,4.8902
20110601,3.1454,3.9167,4.2742,4.4299,4.6121,4.7188,4.7921,4.8916
20110531,3.8433,3.8467,4.8083,4.6269,4.6059,4.713,4.7924,4.894
20110530,2.55,3.2008,4.39,4.734,4.6003,4.6968,4.7948,4.9054
20110527,2.8362,4.3958,4.445,5.0908,4.642,4.7278,4.7998,4.8963
20110526,4.8533,5.0883,5.5542,5.36,4.644,4.7315,4.8022,4.8956
20110525,4.9992,5.305,5.5975,5.3367,4.6263,4.7161,4.7896,4.8879
20110524,4.4767,4.73,5.3047,5.1233,4.5933,4.7017,4.781,4.8841
20110523,4.0008,4.7108,4.99,4.89,4.5682,4.6996,4.7697,4.8746
20110520,4.005,3.9892,4.2133,4.4949,4.5625,4.6841,4.7667,4.864
20110519,3.5467,3.5283,4.1792,4.5058,4.5603,4.6791,4.7642,4.858
20110518,3.1492,3.269,4.2175,4.5808,4.5622,4.6773,4.7643,4.8566
20110517,2.0992,4.6375,4.5121,4.63,4.5455,4.6773,4.7651,4.8546
20110516,2.0908,4.5983,4.4525,4.5592,4.5257,4.6671,4.7649,4.8562
20110513,2.0892,3.5542,3.8258,3.93,4.5138,4.6678,4.7648,4.8573
20110512,2.0858,2.7729,2.8546,3.7142,4.4909,4.6432,4.7527,4.8521
20110511,2.1006,2.7883,2.86,3.6542,4.4944,4.6578,4.7557,4.8519
20110510,2.11,2.7783,2.8942,3.628,4.4986,4.6544,4.7581,4.8511
20110509,2.12,2.7458,2.9208,3.6158,4.5101,4.662,4.7665,4.8594
20110506,1.9938,2.7817,2.9292,3.5907,4.5083,4.6641,4.7632,4.8562
20110505,1.9942,2.965,2.935,3.6765,4.5209,4.6593,4.7609,4.8572
20110504,2.5167,2.9983,3.1975,3.8824,4.5165,4.6745,4.7662,4.8636
20110503,2.5525,2.9492,3.1867,3.9708,4.539,4.6754,4.7665,4.8642
20110429,2.4992,2.94,3.4633,4.1433,4.5387,4.6788,4.7717,4.8706
20110428,2.0242,3.0392,3.5092,4.3444,4.5339,4.6669,4.7624,4.8667
20110427,2.0233,3.7533,4.0608,4.5172,4.5315,4.6644,4.7539,4.8614
20110426,2.6792,4.4275,4.4258,4.6149,4.5218,4.661,4.746,4.8564
20110425,2.6958,4.0542,3.9075,4.4425,4.4797,4.636,4.7357,4.845
20110422,3.0775,3.5496,3.8417,4.2225,4.3771,4.6127,4.7335,4.8317
20110421,3.5333,3.9275,3.985,4.0058,4.3449,4.5996,4.7217,4.8177
20110420,1.7569,2.9992,3.1383,3.5039,4.3058,4.5893,4.7175,4.8116
20110419,1.7637,2.9598,3.1108,3.4629,4.288,4.5871,4.7166,4.8089
20110418,1.7629,2.695,2.7221,3.4625,4.2671,4.5834,4.7103,4.8016
20110415,1.7282,2.3513,2.51,3.4479,4.2373,4.5789,4.7052,4.7922
20110414,1.7338,2.3782,2.4992,3.4756,4.2387,4.5754,4.7043,4.7912
20110413,1.7361,1.9658,2.4892,3.4976,4.2463,4.573,4.7021,4.7899
20110412,1.7452,1.9517,2.5267,3.5132,4.248,4.5636,4.6972,4.7871
20110411,1.7571,1.9938,2.5834,3.5128,4.2522,4.5609,4.6933,4.7829
20110408,1.7663,2.4692,2.8972,3.5217,4.2531,4.5598,4.6901,4.7809
20110407,1.7717,2.0625,2.9075,3.5109,4.2491,4.5487,4.6714,4.7615
20110406,1.7829,2.3883,2.8996,3.522,4.2293,4.5244,4.6573,4.7347
20110402,1.7802,2.2783,2.8858,3.5343,4.1765,4.4476,4.586,4.6624
20110401,1.7922,2.7821,3.1825,3.565,4.1788,4.4274,4.5863,4.6623
20110331,1.7992,2.8183,3.2083,3.59,4.169,4.4271,4.5855,4.6618
20110330,1.7858,2.6071,3.0067,3.5989,4.1656,4.4233,4.5827,4.6604
20110329,1.7883,2.0842,3.1525,3.6517,4.1666,4.4196,4.582,4.6603
20110328,1.7883,2.3058,3.2599,3.8484,4.2072,4.4329,4.5835,4.6601
20110325,1.8675,2.2342,3.3492,3.8509,4.2388,4.4374,4.5824,4.6583
20110324,1.879,2.7,3.2375,3.8606,4.2517,4.4428,4.5855,4.6621
20110323,1.8992,2.7133,3.275,3.8799,4.2654,4.4543,4.5919,4.6673
20110322,1.9158,2.8283,3.2533,3.91,4.2684,4.4618,4.5902,4.6663
20110321,1.9242,2.96,3.2593,3.909,4.2684,4.456,4.5865,4.6647
20110318,1.6692,1.9967,2.6554,3.8817,4.2461,4.4388,4.5754,4.6566
20110317,1.6733,1.9983,2.2538,3.9342,4.2401,4.4511,4.5754,4.6558
20110316,1.6783,1.9933,2.6183,3.9639,4.2207,4.4525,4.5705,4.6525
20110315,1.6804,1.9917,2.5508,3.9108,4.2129,4.4489,4.5613,4.6459
20110314,1.6875,2.0467,2.5008,3.7425,4.1903,4.4429,4.5495,4.6378
20110311,1.6858,2.0508,2.5049,3.6936,4.1845,4.4311,4.5437,4.6382
20110310,1.6792,2.2575,2.5342,3.7062,4.1944,4.4294,4.5397,4.6366
20110309,1.6875,2.1513,2.54,3.618,4.2237,4.4208,4.5322,4.6353
20110308,1.6917,2.2033,2.5465,3.7475,4.3203,4.4366,4.5349,4.6355
20110307,1.7858,2.163,2.5367,3.7679,4.4015,4.461,4.5332,4.6344
20110304,1.8933,2.2092,2.5658,4.0075,4.4645,4.473,4.5358,4.6301
20110303,1.9419,2.4392,2.9533,4.0445,4.5258,4.4714,4.5243,4.6238
20110302,2.0183,2.9942,3.5375,4.2138,4.6752,4.4697,4.5217,4.6284
20110301,2.1875,2.9958,4.2517,4.4535,4.8281,4.4641,4.5108,4.6208
20110228,2.3783,2.9967,4.5083,4.7503,4.9107,4.4494,4.4998,4.608
20110225,2.7028,3.1492,5.215,4.8413,4.925,4.4373,4.4892,4.5953
20110224,2.2892,3.4463,5.0917,4.8545,4.9197,4.4202,4.472,4.5795
20110223,1.995,6.2033,5.5833,5.1042,4.9357,4.4025,4.4427,4.5499
20110222,2.0167,6.2533,6.655,5.3383,4.9333,4.3659,4.4184,4.5232
20110221,2.1783,6.0942,6.9858,5.215,4.8776,4.3423,4.3854,4.4897
20110218,2.1075,2.7949,4.0775,4.3814,4.7145,4.2932,4.3527,4.4529
20110217,2.1867,2.925,3.97,4.3436,4.7215,4.2579,4.3289,4.4259
20110216,2.3008,2.5882,3.4375,4.4817,4.765,4.2361,4.2971,4.393
20110215,2.31,2.6245,2.9075,4.4292,4.825,4.2195,4.2893,4.3686
20110214,2.31,2.7067,3.1125,4.4325,5.0048,4.2122,4.2703,4.3464
20110212,2.595,2.6412,4.1817,4.7917,5.1854,4.2063,4.258,4.3238
20110211,2.885,3.971,4.5658,5.1129,5.4415,4.196,4.2423,4.3067
20110210,2.8758,3.9717,4.605,5.3151,5.6362,4.1684,4.2164,4.2827
20110209,3.8475,4.0903,4.8067,5.5818,5.7299,4.117,4.1683,4.2211
20110201,3.3458,3.3692,4.85,6.625,5.6437,3.9943,4.0456,4.0894
20110131,5.0142,8.2192,8.5138,8.1318,5.7464,3.9931,4.0378,4.0808
20110130,7.9833,8.5117,8.5225,8.1118,5.7059,3.9716,4.0087,4.0561
20110128,7.6992,8.1883,8.1208,8.13,5.6207,3.9385,3.9745,4.0101
20110127,7.9997,8.4058,8.3792,8.1392,5.5597,3.8969,3.926,3.96
20110126,7.7608,7.8725,8.2292,8.1258,5.4415,3.8646,3.8889,3.9187
20110125,7.2042,7.7033,7.95,8.13,5.2502,3.8251,3.8291,3.8568
20110124,5.0408,5.4242,6.7958,7.9417,5.0497,3.7702,3.7877,3.816
20110121,5.7242,7.3208,6.7583,7.4775,4.9322,3.743,3.7571,3.7855
20110120,5.7083,6.0767,5.9892,6.735,4.6839,3.7157,3.7245,3.7539
20110119,2.6275,4.0588,4.1417,5.2633,4.3572,3.6916,3.7069,3.7344
20110118,1.9971,2.7675,3.1408,4.4708,4.1671,3.6665,3.6932,3.7196
20110117,1.9258,2.5713,2.9867,4.1505,4.1383,3.6621,3.6898,3.7155
20110114,1.9217,2.5458,3.1266,3.8204,4.1398,3.6549,3.6804,3.7076
20110113,1.9157,2.3075,3.3542,3.8299,4.172,3.6451,3.6742,3.6992
20110112,1.9625,2.4853,3.4042,3.8569,4.1951,3.6359,3.6667,3.6929
20110111,1.98,2.4375,3.6033,3.8782,4.2643,3.6271,3.6603,3.6895
20110110,2.01,2.3725,3.8417,3.9007,4.3408,3.6113,3.6497,3.6774
20110107,2.12,2.7996,3.88,3.9565,4.4184,3.6009,3.6353,3.662
20110106,2.1804,3.1567,4.0775,4.1188,4.4648,3.5806,3.6152,3.6521
20110105,2.68,3.2192,4.1208,4.1676,4.522,3.5789,3.6076,3.6461
20110104,2.9308,4.3108,4.3692,4.4711,4.5583,3.5598,3.5978,3.6383
20121231,3.866,4.58,4.682,4.899,3.8996,4.1,4.26,4.4002
20121228,2.286,4.067,4.593,4.863,3.8965,4.1,4.26,4.4002
20121227,2.2925,3.991,4.588,4.8605,3.8961,4.1,4.26,4.4003
20121226,2.303,3.894,4.444,4.595,3.8954,4.1,4.26,4.4005
20121225,2.3,3.812,4.294,4.92,3.8923,4.1,4.26,4.4005
20121224,2.3,3.179,4.593,4.898,3.888,4.1,4.26,4.4004
20121221,2.42,3.396,4.147,4.8633,3.8832,4.1,4.2599,4.4003
20121220,2.638,3.45,4.359,4.688,3.8809,4.1,4.2599,4.4003
20121219,2.2775,3.043,4.195,4.389,3.8742,4.1,4.2593,4.4002
20121218,2.28,2.999,3.794,4.1302,3.8664,4.1,4.2584,4.4002
20121217,2.256,3.0185,3.053,3.894,3.8608,4.1,4.2584,4.4002
20121214,2.2559,3.0,3.012,4.0386,3.8572,4.1,4.2584,4.4001
20121213,2.2747,2.66,2.983,3.9854,3.855,4.1,4.2584,4.4
20121212,2.26,3.016,3.021,4.0339,3.8547,4.1,4.2586,4.4
20121211,2.25,3.008,3.01,3.9838,3.8513,4.1,4.2567,4.4
20121210,2.249,3.024,3.038,3.951,3.8488,4.1,4.2554,4.4
20121207,2.2503,3.054,3.087,3.92,3.8431,4.1,4.255,4.4
20121206,2.2399,2.883,3.3,3.8615,3.8398,4.1,4.2552,4.4
20121205,2.25,2.8,3.217,3.8065,3.8347,4.1,4.2562,4.4
20121204,2.25,2.883,3.311,3.7797,3.8319,4.1,4.2571,4.4
20121203,2.258,3.3572,3.504,3.7833,3.8252,4.1001,4.255,4.4
20121130,2.2533,3.3867,3.4975,3.86,3.8256,4.1,4.2544,4.4
20121129,2.3148,3.3408,3.3925,3.8759,3.821,4.0999,4.2543,4.4
20121128,2.315,3.3617,3.3267,3.8344,3.814,4.0999,4.2541,4.4
20121127,2.3108,2.8708,3.3,3.7594,3.8125,4.099,4.2538,4.4
20121126,2.2992,2.8458,3.3,3.7458,3.8055,4.0998,4.2528,4.4
20121123,2.2525,2.8467,3.5,3.7283,3.8012,4.0997,4.2527,4.4
20121122,2.315,3.2183,3.5,3.7142,3.7979,4.0992,4.2528,4.4
20121121,2.3042,3.1975,3.4567,3.6739,3.79,4.0979,4.253,4.4
20121120,2.2422,3.3425,3.4346,3.6583,3.7893,4.0988,4.2534,4.4
20121119,2.154,3.2042,3.4208,3.7244,3.7839,4.0995,4.2538,4.4
20121116,2.2775,2.9075,3.4617,3.6475,3.7777,4.0994,4.2539,4.4
20121115,2.2775,3.3167,3.4058,3.8005,3.771,4.0994,4.254,4.4
20121114,2.2974,3.3483,3.3992,3.7495,3.7699,4.0993,4.2546,4.4
20121113,2.32,3.1505,3.3317,3.785,3.7694,4.0994,4.2537,4.4
20121112,2.5221,3.0825,3.3383,3.7313,3.7559,4.1005,4.2532,4.4
20121109,2.6183,3.1133,3.355,3.7288,3.7407,4.0953,4.2532,4.4
20121108,2.5748,3.2792,3.395,3.7602,3.7332,4.0951,4.2532,4.4
20121107,2.5688,3.1229,3.3792,3.7821,3.7285,4.0953,4.2531,4.4
20121106,2.5267,3.1952,3.4183,3.7467,3.7221,4.0977,4.2531,4.4
20121105,2.6933,3.3308,3.3817,3.7702,3.722,4.0927,4.2532,4.4
20121102,2.6758,3.4267,3.3796,3.8332,3.7204,4.0926,4.2535,4.4
20121101,3.0433,3.4223,3.7492,4.0034,3.7164,4.0918,4.2544,4.4
20121031,2.955,3.2183,4.3567,4.2175,3.7185,4.0921,4.2542,4.4
20121030,3.0585,3.2361,4.5375,4.3633,3.7193,4.0922,4.2534,4.4
20121029,4.4292,4.1958,4.7233,4.9379,3.722,4.0899,4.2534,4.4
20121026,3.315,3.5867,3.7492,4.5955,3.7108,4.0877,4.2532,4.4
20121025,2.7092,3.6175,3.6325,4.3796,3.7086,4.0859,4.2532,4.4
20121024,2.7633,3.1467,3.4933,3.93,3.7039,4.0862,4.2532,4.4001
20121023,2.3446,2.905,3.4032,3.4033,3.6918,4.0876,4.2537,4.4001
20121022,2.2435,2.7075,3.3917,3.3763,3.7019,4.0873,4.2548,4.4001
20121019,2.1958,2.6868,3.3867,3.4716,3.7075,4.0889,4.2557,4.4001
20121018,2.1943,2.68,3.4,3.7371,3.7037,4.0884,4.2551,4.4001
20121017,2.2192,2.8508,3.195,3.6579,3.6991,4.0863,4.256,4.4001
20121016,2.2058,2.7933,3.1988,3.6283,3.6994,4.0889,4.256,4.4001
20121015,2.0408,2.7742,3.2313,3.6167,3.6992,4.0881,4.2561,4.4001
20121012,2.4228,3.1725,3.5992,3.5943,3.7026,4.0871,4.2561,4.4001
20121011,2.4475,3.1608,3.3742,3.6752,3.6997,4.0832,4.2561,4.4002
20121010,2.65,3.16,3.4733,3.8492,3.689,4.0847,4.2561,4.4002
20121009,3.3635,3.7508,3.9542,4.0088,3.6881,4.0895,4.2561,4.4002
20121008,3.7192,3.8125,3.9992,4.0,3.6868,4.0894,4.2557,4.4004
20120929,3.28,3.1867,3.3558,3.9925,3.6857,4.0894,4.2558,4.4
20120928,2.4758,2.8275,3.5308,3.9675,3.6865,4.0903,4.2567,4.4
20120927,2.9992,3.7692,3.9575,4.1667,3.6875,4.0907,4.2574,4.4003
20120926,2.9975,3.7417,4.2821,4.8296,3.6883,4.0917,4.2577,4.4005
20120925,4.5,4.7408,4.8208,4.8375,3.6874,4.0917,4.2583,4.4006
20120924,4.3892,4.4975,4.6986,4.6654,3.6835,4.0907,4.2596,4.4006
20120921,4.2892,4.4258,4.23,4.4247,3.6686,4.0898,4.258,4.4008
20120920,3.9992,3.9075,3.9775,4.308,3.6583,4.0892,4.2579,4.401
20120919,3.5008,3.3017,3.6925,4.105,3.652,4.0886,4.2583,4.401
20120918,2.9217,3.1408,3.4433,4.0208,3.6505,4.0889,4.2591,4.401
20120917,2.715,3.2433,3.3917,3.9858,3.6497,4.0897,4.2596,4.4014
20120914,2.6732,3.3633,3.2925,3.9443,3.6501,4.0894,4.2621,4.4024
20120913,2.6833,3.435,3.2975,3.9246,3.6496,4.0888,4.262,4.4042
20120912,2.5983,3.4346,3.305,3.8667,3.6461,4.0874,4.2619,4.4043
20120911,2.4992,2.9973,3.2,3.8179,3.6465,4.0857,4.2613,4.4057
20120910,2.2992,3.0025,3.1467,3.6839,3.6389,4.0825,4.2646,4.405
20120907,2.1253,3.3908,3.4908,3.7336,3.6373,4.0782,4.2672,4.4077
20120906,2.1237,3.4017,3.49,3.635,3.6365,4.0838,4.2687,4.409
20120905,2.1375,3.4275,3.2796,3.6371,3.6397,4.0881,4.27,4.4144
20120904,2.0075,2.5025,3.0938,3.4849,3.637,4.0883,4.2716,4.4175
20120903,2.05,3.3917,3.2833,3.5367,3.637,4.0883,4.2754,4.4247
20120831,2.0657,3.5108,3.415,3.652,3.6325,4.0905,4.2765,4.425
20120830,2.3838,3.5842,3.5708,3.6871,3.6314,4.0914,4.2843,4.4324
20120829,2.5992,3.5279,3.3193,3.7267,3.6335,4.0924,4.2854,4.4326
20120828,2.7001,3.0817,3.3342,3.7593,3.6379,4.0944,4.2883,4.4338
20120827,2.6975,3.4508,3.5242,3.8664,3.6284,4.0975,4.293,4.438
20120824,2.6983,3.62,3.5283,3.9121,3.6548,4.1064,4.2951,4.4399
20120823,3.055,3.8,4.0,4.0338,3.6543,4.1089,4.2962,4.4412
20120822,3.08,3.8,4.5508,4.0417,3.6533,4.1106,4.2983,4.4419
20120821,3.49,3.7458,4.5267,4.2654,3.6508,4.1117,4.3003,4.444
20120820,3.3525,3.585,4.4283,4.1235,3.6263,4.1085,4.2993,4.4438
20120817,3.175,3.9025,4.1167,4.0517,3.6113,4.103,4.2978,4.4421
20120816,3.0942,3.525,4.0867,3.7633,3.5994,4.1041,4.295,4.4403
20120815,3.1117,3.4,3.6258,3.5592,3.5892,4.1042,4.2973,4.4403
20120814,2.675,3.3417,3.2758,3.3872,3.5823,4.1052,4.3011,4.4404
20120813,2.4342,3.3383,3.2667,3.2392,3.5793,4.1072,4.3061,4.4421
20120810,2.6592,3.3,3.2317,3.2325,3.5893,4.1125,4.31,4.4452
20120809,2.5992,3.3117,3.3492,3.2283,3.6099,4.1217,4.3179,4.4494
20120808,2.5483,3.2533,3.3917,3.2342,3.6393,4.1341,4.3253,4.4519
20120807,2.5344,3.2575,3.4108,3.2177,3.6587,4.1397,4.3365,4.4581
20120806,2.4783,3.4,3.3992,3.246,3.674,4.1401,4.3439,4.4646
20120803,2.5033,3.3917,3.3656,3.3117,3.6864,4.1422,4.3535,4.4717
20120802,2.5375,3.4992,3.3025,3.314,3.7197,4.1547,4.3639,4.48
20120801,2.6192,3.4175,3.2733,3.3415,3.7289,4.157,4.3743,4.4896
20120731,2.5983,3.3508,3.3092,3.3479,3.7371,4.1607,4.3811,4.4904
20120730,2.5283,3.1233,3.2892,3.4547,3.7466,4.1667,4.3881,4.4948
20120727,2.6,3.1092,3.3,3.5183,3.7593,4.1745,4.3966,4.5037
20120726,2.66,3.3767,3.4688,3.7518,3.7689,4.1842,4.4047,4.5086
20120725,2.6813,3.3375,3.7092,3.7829,3.7737,4.1893,4.4132,4.5136
20120724,2.9517,3.3717,3.895,3.9925,3.7669,4.1911,4.419,4.5168
20120723,3.3275,3.5533,3.9167,3.9063,3.7777,4.2046,4.4276,4.5214
20120720,3.1271,3.5642,3.8117,3.6792,3.7801,4.2071,4.4346,4.5278
20120719,2.9858,3.5225,3.6055,3.5771,3.7834,4.2177,4.441,4.5388
20120718,2.9342,3.45,3.4525,3.2816,3.7859,4.22,4.4491,4.5435
20120717,2.6325,3.2771,3.3,3.1222,3.7932,4.2313,4.4599,4.5507
20120716,2.4573,3.2746,3.3158,3.1404,3.8071,4.241,4.4726,4.5606
20120713,2.4792,3.3317,3.3458,3.1658,3.8374,4.2556,4.485,4.5721
20120712,2.389,3.1908,3.2817,3.1943,3.8791,4.2782,4.5017,4.5965
20120711,2.3467,3.2663,3.3,3.2873,3.9225,4.2915,4.5206,4.6177
20120710,2.3277,3.3142,3.3354,3.3534,3.9544,4.3119,4.5392,4.6442
20120709,2.3437,3.3442,3.4175,3.5896,3.9841,4.329,4.5608,4.6735
20120706,2.3501,3.4308,3.4917,3.9985,4.0092,4.3434,4.5716,4.6876
20120705,2.6025,3.99,4.3275,4.3492,4.0479,4.3787,4.6093,4.7181
20120704,2.6208,3.8558,4.3475,4.355,4.055,4.3918,4.6197,4.7289
20120703,3.2475,4.165,4.5508,4.4102,4.0674,4.4038,4.6355,4.7357
20120702,3.6092,4.1567,4.5933,4.4835,4.0732,4.4149,4.645,4.7426
20120629,3.6008,4.1083,4.7182,4.4758,4.0778,4.42,4.6502,4.7454
20120628,3.5483,3.925,4.545,4.2313,4.0844,4.4234,4.6558,4.7507
20120627,3.4967,4.1708,4.7775,4.6883,4.1093,4.4367,4.6646,4.7659
20120626,3.8775,4.28,4.7967,4.8,4.1132,4.4362,4.6659,4.7755
20120625,3.6508,4.2175,4.7008,4.6192,4.1036,4.4458,4.6734,4.7808
20120621,3.59,4.3083,3.965,4.2829,4.0517,4.4435,4.6665,4.774
20120620,3.2775,3.4163,3.2652,3.4767,4.0402,4.4477,4.6709,4.7788
20120619,2.6908,2.9242,3.2583,3.3917,4.0247,4.449,4.6718,4.7851
20120618,2.5388,2.5567,3.0358,3.2954,4.0343,4.4533,4.6785,4.7953
20120615,2.5592,2.7196,3.2767,3.1992,4.0419,4.4619,4.687,4.8055
20120614,2.5483,2.695,2.9467,3.2375,4.0523,4.4711,4.696,4.8186
20120613,2.4938,2.6883,2.9533,3.1683,4.0649,4.488,4.7044,4.8296
20120612,2.3867,2.5325,2.7558,2.9871,4.0835,4.5021,4.7144,4.8402
20120611,2.3196,2.4154,2.7554,2.9725,4.0972,4.5152,4.7348,4.8501
20120608,2.4033,2.4567,2.8175,2.9463,4.1163,4.537,4.7543,4.8669
20120607,2.4008,2.675,2.8692,2.8563,4.1701,4.5968,4.8002,4.9115
20120606,2.2017,2.5667,2.85,2.8063,4.1766,4.6004,4.8049,4.9141
20120605,1.9983,2.5967,2.7608,2.7808,4.1818,4.6095,4.8109,4.9183
20120604,1.9183,2.5183,2.795,2.8292,4.1921,4.619,4.8165,4.9241
20120601,1.895,2.3442,2.4592,2.8983,4.1968,4.6229,4.8217,4.9262
20120531,1.8788,2.1375,2.6017,2.9642,4.2068,4.6308,4.8318,4.9317
20120530,1.9058,2.3217,2.605,2.985,4.2213,4.6571,4.8495,4.9458
20120529,1.9042,2.5733,2.6492,3.0,4.232,4.6695,4.8634,4.9546
20120528,1.9117,2.4958,2.7108,3.0033,4.25,4.6981,4.8811,4.9669
20120525,1.9017,2.5025,2.7925,3.0267,4.27,4.7104,4.8934,4.9765
20120524,1.8833,2.2277,2.7792,3.0525,4.3048,4.7357,4.9102,4.9898
20120523,1.845,2.4196,2.75,3.0258,4.3333,4.7608,4.9314,5.0013
20120522,1.8208,2.6925,2.79,2.9783,4.3754,4.7903,4.9522,5.01
20120521,1.8142,2.6742,2.8208,3.0033,4.405,4.7972,4.9577,5.0156
20120518,1.8275,2.6858,2.825,3.0283,4.4331,4.8126,4.9676,5.0236
20120517,1.8114,2.68,2.8617,3.1058,4.4612,4.8364,4.9819,5.0339
20120516,1.8275,2.7867,2.8867,3.33,4.4876,4.8587,5.0004,5.0491
20120515,1.8725,2.8292,2.8398,3.4892,4.5223,4.8916,5.018,5.0563
20120514,1.9221,3.1433,3.3975,3.5013,4.5584,4.9042,5.0369,5.0792
20120511,2.275,3.1867,3.4683,3.655,4.6178,4.9666,5.0626,5.0966
20120510,2.3667,3.2258,3.5808,3.663,4.6298,4.9764,5.0681,5.0992
20120509,2.395,3.3108,3.7667,3.7368,4.6479,4.9886,5.0737,5.1
20120508,2.4683,3.6917,3.8025,3.7704,4.6628,4.9937,5.0796,5.1013
20120507,2.9625,3.7729,3.8933,3.8577,4.6728,4.9985,5.083,5.1025
20120504,2.9575,3.8292,3.8338,3.9321,4.6844,5.0025,5.0854,5.1038
20120503,2.955,3.8529,3.8547,3.9681,4.6919,5.0081,5.0902,5.1073
20120502,2.8367,3.8,3.9175,4.09,4.6985,5.0121,5.0913,5.1095
20120428,2.7967,3.7796,3.9217,4.04,4.7037,5.0177,5.0941,5.1114
20120427,3.285,3.8725,3.9925,4.1267,4.7113,5.0241,5.095,5.116
20120426,3.4358,3.9708,4.0375,4.085,4.7165,5.0287,5.0967,5.1191
20120425,3.4658,3.9133,3.965,4.0801,4.724,5.0324,5.097,5.1216
20120424,3.2163,3.7967,3.9575,4.19,4.7363,5.0351,5.0998,5.1244
20120423,3.3267,3.7642,3.9708,4.0952,4.745,5.0396,5.1012,5.1278
20120420,3.4,3.9525,3.9084,4.0875,4.7658,5.0441,5.1046,5.1311
20120419,3.1992,3.8025,3.9075,3.9738,4.7768,5.0491,5.1071,5.1326
20120418,2.9983,3.7488,3.7975,3.9383,4.7934,5.0566,5.11,5.1336
20120417,3.0004,3.7517,3.87,4.0,4.8194,5.06,5.114,5.1351
20120416,3.29,3.8,3.8525,4.2158,4.8355,5.0643,5.1174,5.1367
20120413,3.4958,3.7942,3.8579,4.0129,4.8368,5.0709,5.1175,5.1378
20120412,3.0475,3.7992,3.8308,4.075,4.8399,5.0725,5.1202,5.1397
20120411,2.9975,3.7808,3.7942,4.0002,4.8446,5.0724,5.1243,5.1416
20120410,2.9946,3.7008,3.761,4.0071,4.8543,5.0705,5.1266,5.1437
20120409,2.9125,3.7442,3.9821,4.0384,4.8659,5.077,5.1292,5.145
20120406,3.2288,4.2258,4.245,4.052,4.876,5.0844,5.1303,5.1463
20120405,3.0033,3.9658,3.9525,4.0751,4.8775,5.088,5.1329,5.1481
20120401,2.6392,3.44,3.5238,4.1269,4.883,5.0882,5.1377,5.1503
20120331,2.6733,3.4415,3.9563,4.2192,4.8832,5.0908,5.1397,5.1524
20120330,2.6767,3.7067,4.0342,4.1577,4.9024,5.0997,5.1507,5.1585
20120329,2.6008,3.4954,3.9492,4.2309,4.9114,5.106,5.1572,5.1668
20120328,2.635,3.525,3.9342,4.5088,4.9282,5.1147,5.1631,5.1739
20120327,2.5483,3.2442,3.9475,4.4258,4.9474,5.1169,5.1685,5.1767
20120326,2.6842,3.2983,3.9983,4.2297,4.9446,5.1294,5.1743,5.1798
20120323,2.7125,2.9758,3.7917,4.375,4.9515,5.1337,5.178,5.1855
20120322,2.6983,3.1683,3.7617,4.4,4.95,5.148,5.179,5.1867
20120321,2.5478,3.0758,3.7608,4.343,4.9643,5.1533,5.1798,5.1859
20120320,2.4992,2.9983,3.69,4.071,4.967,5.162,5.1798,5.1884
20120319,2.395,2.8883,3.5608,4.0345,4.9818,5.1783,5.18,5.1926
20120316,2.3783,2.8975,2.9817,4.12,4.9999,5.1872,5.1803,5.1965
20120315,2.3477,2.8808,2.9858,4.12,5.0195,5.1964,5.1813,5.2005
20120314,2.3139,3.0,3.0758,4.0492,5.0461,5.2027,5.1825,5.2002
20120313,2.3175,2.9958,3.0658,4.0,5.0629,5.2059,5.1824,5.2011
20120312,2.3058,2.7958,2.9908,4.0233,5.0835,5.22,5.1891,5.2015
20120309,2.3088,2.9683,3.7492,4.0133,5.1081,5.2315,5.1939,5.2044
20120308,2.3146,2.9325,3.6217,3.9892,5.1397,5.2458,5.1995,5.2086
20120307,2.3154,3.09,3.6908,3.984,5.1689,5.2532,5.2024,5.211
20120306,2.3154,3.1298,3.6842,4.2527,5.2158,5.2596,5.2087,5.2138
20120305,2.4465,3.1392,3.6667,4.435,5.2383,5.2681,5.2122,5.2198
20120302,2.5292,3.2683,3.8392,4.4635,5.2506,5.2786,5.2161,5.2203
20120301,2.5067,3.2642,3.8217,4.663,5.2665,5.2861,5.2181,5.221
20120229,2.5933,3.4717,4.361,4.6433,5.2775,5.2934,5.2222,5.2229
20120228,2.6817,3.6533,4.2908,4.7042,5.2828,5.2966,5.2228,5.2244
20120227,3.0131,3.645,4.385,5.0793,5.2974,5.3005,5.2228,5.2274
20120224,4.6433,4.4817,4.3793,5.2525,5.3043,5.3035,5.2245,5.2286
20120223,5.2192,5.485,6.2275,5.6433,5.3044,5.305,5.2252,5.2293
20120222,5.0167,5.0317,4.66,5.7958,5.3055,5.306,5.2255,5.2294
20120221,4.8842,5.1233,5.2242,5.6908,5.306,5.307,5.2259,5.2295
20120220,4.7792,5.3472,5.6708,5.7102,5.3148,5.3136,5.2277,5.2289
20120217,4.4958,5.1792,5.5742,5.8244,5.3061,5.3251,5.2361,5.2331
20120216,3.5025,4.3283,5.0067,5.0227,5.284,5.3293,5.2356,5.2325
20120215,3.0075,3.885,4.1167,4.5992,5.2774,5.3287,5.2356,5.2317
20120214,2.9973,3.77,3.9,4.4175,5.284,5.3379,5.235,5.2317
20120213,2.6883,3.6515,3.85,4.4267,5.2982,5.3496,5.2361,5.2317
20120210,2.6867,3.6408,3.85,4.5147,5.3142,5.3628,5.2379,5.2316
20120209,2.6567,3.6708,3.8,4.6975,5.3313,5.3791,5.2395,5.2323
20120208,2.7667,3.7108,3.9408,4.7357,5.3611,5.389,5.2393,5.2344
20120207,2.7767,3.5,3.8,4.7798,5.3811,5.4035,5.2411,5.2367
20120206,2.775,3.4425,3.7758,4.9967,5.431,5.4114,5.2441,5.237
20120203,2.9242,3.3125,4.8,4.9293,5.4391,5.4131,5.2467,5.2366
20120202,2.9675,4.3267,4.99,5.2098,5.4515,5.4135,5.2473,5.2367
20120201,2.965,4.3567,4.9983,5.2567,5.4586,5.4146,5.2453,5.2374
20120131,2.9675,4.3142,4.96,5.3645,5.4668,5.4164,5.2495,5.2367
20120130,2.8578,4.3463,4.8508,5.4208,5.4705,5.417,5.2495,5.2369
20120129,3.2992,4.2308,4.225,5.4142,5.4742,5.4175,5.2495,5.2386
20120121,3.4692,3.9308,4.2008,5.4792,5.4815,5.4196,5.2489,5.2392
20120120,3.4775,4.9917,5.9183,6.025,5.5071,5.4208,5.2502,5.2367
20120119,6.4975,6.0117,6.6067,7.5842,5.5498,5.4232,5.2488,5.2368
20120118,8.1667,7.9,8.8083,9.2356,5.5883,5.4251,5.2477,5.2377
20120117,7.3667,7.4117,7.8267,7.7992,5.5147,5.4266,5.2483,5.2369
20120116,5.4725,5.585,6.4217,6.91,5.4844,5.4227,5.2464,5.2381
20120113,4.6363,4.8383,5.9808,6.1918,5.457,5.4202,5.2425,5.238
20120112,3.475,4.1658,5.485,5.8467,5.4498,5.4201,5.242,5.2377
20120111,3.24,3.9958,4.5483,5.9484,5.442,5.4205,5.2421,5.2373
20120110,3.6933,4.1017,4.5542,5.9339,5.4616,5.4218,5.2422,5.2373
20120109,4.0,4.5083,4.5583,5.9351,5.4602,5.4203,5.2435,5.2375
20120106,3.9979,4.3008,4.6192,5.9483,5.46,5.4214,5.2419,5.2393
20120105,4.0,4.5042,4.9192,5.8494,5.4615,5.4224,5.242,5.2376
20120104,3.4975,4.0208,4.6758,5.9133,5.4655,5.4243,5.2417,5.2364
20131231,3.148,5.25,5.962,5.913,5.5565,4.9205,4.94,4.9606
20131230,3.205,4.841,5.907,6.122,5.553,4.9068,4.9277,4.9485
20131227,3.513,5.067,5.949,6.492,5.5465,4.8942,4.9142,4.9361
20131226,4.001,5.329,6.14,6.57,5.538,4.8763,4.8982,4.9203
20131225,4.05,5.616,5.941,6.509,5.522,4.8588,4.8823,4.9034
20131224,4.145,6.197,5.761,6.605,5.5174,4.8369,4.8622,4.8856
20131223,4.515,8.843,8.246,7.656,5.516,4.8151,4.8422,4.8656
20131220,3.927,7.654,7.003,7.53,5.458,4.7818,4.8135,4.8353
20131219,3.846,6.472,6.218,7.1012,5.4239,4.7487,4.7816,4.8013
20131218,3.588,5.902,5.079,6.765,5.385,4.7054,4.7423,4.7634
20131217,3.47,4.459,4.552,6.235,5.3537,4.6608,4.6957,4.7335
20131216,3.447,4.358,4.389,5.557,5.331,4.6207,4.6553,4.7045
20131213,3.4321,4.3,4.41,5.423,5.335,4.5736,4.6072,4.6657
20131212,3.46,4.305,4.51,5.4155,5.3222,4.5197,4.5547,4.6247
20131211,3.51,4.329,4.55,5.238,5.332,4.4612,4.4969,4.5771
20131210,3.558,4.444,4.72,5.296,5.338,4.3995,4.4319,4.5237
20131209,3.62,4.485,4.882,5.45,5.2581,4.3302,4.3553,4.4689
20131206,3.7,4.55,5.058,5.596,5.167,4.2513,4.2739,4.405
20131205,3.703,4.558,5.509,6.08,4.885,4.2432,4.2707,4.4
20131204,3.7235,4.577,5.75,6.235,4.7778,4.232,4.2706,4.4
20131203,3.725,4.6,5.913,6.28,4.7365,4.2216,4.2701,4.4
20131202,3.748,4.571,5.93,6.263,4.7197,4.2207,4.27,4.4
20131129,3.726,4.666,6.066,6.365,4.7229,4.2207,4.27,4.4
20131128,3.746,4.823,6.295,6.555,4.7181,4.2207,4.27,4.4
20131127,3.764,4.663,5.968,6.704,4.7211,4.2207,4.27,4.4
20131126,3.746,4.6775,5.95,6.582,4.7156,4.2207,4.27,4.4
20131125,3.847,4.74,6.165,6.378,4.7132,4.2207,4.27,4.4
20131122,3.899,4.763,5.916,6.378,4.7118,4.2207,4.27,4.4
20131121,3.889,4.708,5.599,6.283,4.711,4.2207,4.27,4.4
20131120,4.057,4.751,5.43,6.179,4.7092,4.2207,4.27,4.4
20131119,4.075,4.83,5.532,6.121,4.71,4.2206,4.27,4.4
20131118,4.513,5.357,6.198,6.405,4.7095,4.2206,4.27,4.4
20131115,4.454,5.311,5.902,5.949,4.706,4.2207,4.27,4.4
20131114,4.188,4.193,4.485,5.325,4.6997,4.2202,4.27,4.4
20131113,3.336,3.635,4.359,5.251,4.699,4.22,4.27,4.4
20131112,3.329,3.545,4.305,4.865,4.6978,4.22,4.27,4.4
20131111,3.6,3.78,4.458,5.269,4.6962,4.22,4.27,4.4
20131108,3.761,3.939,4.5805,5.077,4.6944,4.2201,4.27,4.4
20131107,3.73,3.891,4.552,4.974,4.6933,4.2204,4.27,4.4
20131106,3.66,3.866,4.55,4.869,4.6926,4.22,4.27,4.4
20131105,3.9147,4.232,4.557,4.6155,4.693,4.22,4.27,4.4
20131104,4.0971,4.423,4.5,4.605,4.6921,4.22,4.27,4.4
20131101,4.2883,4.61,5.03,5.162,4.6925,4.22,4.27,4.4
20131031,4.59,4.993,5.51,5.334,4.6948,4.22,4.27,4.4
20131030,5.23,5.593,6.349,5.924,4.6965,4.2195,4.27,4.4
20131029,4.446,4.947,6.452,6.162,4.6966,4.22,4.27,4.4
20131028,4.434,4.894,6.396,6.477,4.6975,4.2201,4.27,4.4
20131025,4.367,4.891,5.862,6.422,4.691,4.2201,4.27,4.4
20131024,4.088,4.68,4.882,5.4,4.6876,4.2201,4.27,4.4
20131023,3.78,3.992,3.871,4.814,4.6843,4.22,4.27,4.4
20131022,3.052,3.558,3.6,4.707,4.6813,4.22,4.27,4.4
20131021,3.06,3.548,3.67,4.683,4.6775,4.22,4.27,4.4
20131018,3.001,3.485,3.573,4.613,4.6695,4.22,4.27,4.4
20131017,3.038,3.35,3.391,4.73,4.6681,4.22,4.27,4.4
20131016,3.055,3.314,3.357,4.857,4.6654,4.22,4.27,4.4
20131015,3.117,3.845,3.883,4.713,4.6655,4.22,4.27,4.4
20131014,3.113,3.855,4.65,4.85,4.6661,4.22,4.27,4.4
20131012,3.027,4.246,4.798,4.805,4.6673,4.22,4.27,4.4
20131011,3.1,4.26,4.847,5.0,4.6679,4.22,4.27,4.4
20131010,3.328,4.48,4.939,5.1,4.6681,4.22,4.27,4.4
20131009,3.232,4.502,4.816,5.213,4.6682,4.22,4.27,4.4
20131008,3.052,4.393,4.78,5.178,4.6685,4.22,4.27,4.4
20130930,3.126,4.203,4.774,5.3,4.6704,4.22,4.27,4.4
20130929,3.15,3.749,5.778,5.3,4.6732,4.22,4.27,4.4
20130927,3.1477,3.646,5.6528,5.33,4.6722,4.22,4.27,4.4
20130926,3.112,4.055,5.571,5.435,4.6732,4.22,4.27,4.4
20130925,3.347,3.916,5.1825,5.856,4.6715,4.22,4.27,4.4
20130924,3.6144,4.44,4.8033,6.1089,4.6731,4.22,4.27,4.4
20130923,3.815,4.232,4.35,6.004,4.6717,4.22,4.27,4.4
20130922,3.573,3.991,4.007,5.948,4.6617,4.22,4.27,4.4
20130918,3.557,3.749,3.9325,5.913,4.6584,4.22,4.27,4.4
20130917,3.493,3.583,3.64,5.836,4.6579,4.22,4.27,4.4
20130916,3.008,3.469,3.592,5.67,4.6569,4.22,4.27,4.4
20130913,2.979,3.57,3.852,5.4834,4.6571,4.22,4.27,4.4
20130912,2.967,3.494,3.8,5.374,4.6563,4.2198,4.27,4.4
20130911,3.014,3.482,3.767,5.138,4.6559,4.2198,4.27,4.4
20130910,2.8955,3.625,3.746,4.862,4.6549,4.2198,4.27,4.4
20130909,2.92,3.554,3.714,4.598,4.6564,4.2198,4.27,4.4
20130906,2.95,3.469,3.716,4.484,4.6573,4.2198,4.27,4.4
20130905,2.89,3.456,3.705,4.574,4.6566,4.22,4.2703,4.4
20130904,3.005,3.498,3.747,4.581,4.6566,4.2198,4.2701,4.4
20130903,3.0006,3.75,3.763,4.523,4.6558,4.2198,4.2701,4.4
20130902,3.0188,3.742,4.15,4.6,4.6561,4.2198,4.2701,4.4
20130830,3.034,3.7355,4.311,4.805,4.6572,4.2198,4.2701,4.4
20130829,2.957,4.318,4.4,4.903,4.658,4.2198,4.2701,4.4
20130828,3.098,4.259,5.015,4.929,4.6586,4.2198,4.2701,4.4
20130827,3.006,4.209,5.382,4.974,4.6609,4.2198,4.2701,4.4
20130826,3.037,4.023,5.196,5.007,4.6619,4.2198,4.2701,4.4
20130823,3.265,4.149,5.171,5.016,4.662,4.2198,4.27,4.4
20130822,3.357,4.115,5.046,4.968,4.662,4.2198,4.27,4.4
20130821,3.517,4.219,5.4,5.04,4.658,4.2198,4.27,4.4
20130820,3.854,4.428,5.467,5.218,4.6636,4.2198,4.2701,4.4
20130819,3.403,4.092,5.156,4.925,4.6573,4.2198,4.27,4.4
20130816,3.209,3.772,3.823,4.56,4.6503,4.2198,4.27,4.4
20130815,3.283,3.994,4.119,4.517,4.6502,4.2198,4.27,4.4
20130814,3.435,3.855,4.16,4.505,4.65,4.2198,4.27,4.4
20130813,3.2253,3.702,4.16,4.524,4.65,4.2198,4.27,4.4
20130812,2.9645,3.648,4.168,4.5,4.65,4.22,4.27,4.4
20130809,2.914,3.64,4.3,4.535,4.6501,4.2198,4.27,4.4
20130808,3.1641,3.7585,4.42,4.595,4.6504,4.2198,4.27,4.4
20130807,3.1005,3.873,4.361,4.58,4.6515,4.2197,4.27,4.4
20130806,3.1,4.066,4.549,4.6005,4.6538,4.2193,4.27,4.4
20130805,3.1,4.356,4.31,4.575,4.655,4.2198,4.27,4.4
20130802,3.2539,4.314,4.55,4.642,4.6595,4.2198,4.27,4.4
20130801,3.549,4.545,5.36,4.846,4.6635,4.2193,4.27,4.4
20130731,3.699,4.971,5.453,5.34,4.6645,4.2199,4.27,4.4
20130730,3.641,4.972,5.34,5.889,4.667,4.2203,4.27,4.4
20130729,3.703,5.057,5.5,5.988,4.671,4.2201,4.27,4.4
20130726,3.55,4.351,4.62,5.722,4.667,4.2189,4.27,4.4
20130725,3.3495,4.132,4.258,5.468,4.6601,4.2185,4.27,4.4
20130724,3.23,4.011,4.131,5.293,4.661,4.2189,4.27,4.4
20130723,3.1355,3.959,4.11,4.99,4.6517,4.2173,4.27,4.4
20130722,3.1035,3.925,4.099,4.806,4.6515,4.2173,4.27,4.4
20130719,3.04,3.745,4.057,4.669,4.6525,4.2173,4.27,4.4
20130718,2.998,3.634,3.996,4.61,4.6578,4.2173,4.27,4.4
20130717,2.968,3.596,3.992,4.53,4.662,4.2166,4.27,4.4
20130716,3.013,3.706,4.0,4.424,4.6703,4.2176,4.27,4.4
20130715,3.2998,3.809,3.94,4.2705,4.6785,4.2185,4.2701,4.4
20130712,3.3,3.8,3.928,4.128,4.691,4.2189,4.2704,4.4
20130711,3.3547,3.81,3.906,4.351,4.6955,4.2199,4.2705,4.4
20130710,3.251,3.59,3.85,4.269,4.704,4.22,4.2707,4.4
20130709,3.249,3.596,3.604,4.298,4.723,4.2215,4.272,4.4
20130708,3.256,3.656,3.686,4.3,4.794,4.2238,4.2741,4.4
20130705,3.38,3.816,4.295,4.7885,4.939,4.2273,4.2749,4.4
20130704,3.348,3.938,4.464,5.102,5.029,4.2287,4.2776,4.4
20130703,3.4,4.242,4.658,5.2,5.148,4.23,4.2796,4.4022
20130702,3.786,4.75,5.074,5.8,5.211,4.2344,4.2808,4.407
20130701,4.456,5.423,6.04,6.88,5.295,4.239,4.282,4.4125
20130628,4.941,6.163,6.331,7.35,5.439,4.2412,4.2863,4.4148
20130627,5.561,6.684,6.668,8.384,5.539,4.2425,4.2898,4.4198
20130626,5.553,7.201,7.103,8.545,5.582,4.2444,4.2933,4.4215
20130625,5.736,7.644,6.773,8.418,5.641,4.2551,4.3025,4.4295
20130624,6.489,7.311,7.089,7.355,5.724,4.245,4.2856,4.421
20130621,8.492,8.543,8.566,9.698,5.79,4.2591,4.2844,4.4156
20130620,13.444,11.004,7.594,9.399,5.803,4.2425,4.2674,4.4005
20130619,7.66,8.075,7.839,7.615,5.408,4.1032,4.2611,4.4
20130618,5.596,6.703,5.71,7.178,5.329,4.1026,4.261,4.4
20130617,4.813,6.848,5.944,7.282,5.319,4.1,4.26,4.4
20130614,6.968,6.811,7.522,7.21,5.29,4.1001,4.26,4.4
20130613,6.691,6.08,7.013,6.962,5.205,4.1,4.26,4.4
20130609,7.49,6.612,7.95,6.811,5.145,4.1,4.26,4.4
20130608,9.581,7.603,8.197,6.646,5.108,4.1,4.26,4.4
20130607,8.294,6.657,7.74,6.3415,4.574,4.1,4.26,4.4
20130606,5.982,5.137,5.242,5.09,3.8938,4.1,4.26,4.4
20130605,4.623,4.739,4.873,4.512,3.8838,4.1,4.26,4.4
20130604,4.517,4.716,4.808,4.3805,3.8835,4.1,4.26,4.4
20130603,4.599,4.628,4.798,4.501,3.8834,4.1,4.26,4.4
20130531,4.501,4.781,4.738,4.016,3.8821,4.1,4.26,4.4
20130530,3.39,4.144,4.021,3.75,3.8818,4.1,4.26,4.4
20130529,3.05,3.67,3.8,3.68,3.8821,4.1,4.26,4.4
20130528,3.35,3.503,3.6945,4.1457,3.8848,4.1,4.26,4.4
20130527,3.56,4.08,3.851,4.391,3.8834,4.1,4.26,4.4
20130524,3.504,4.151,4.238,4.595,3.8838,4.1,4.26,4.4
20130523,3.681,4.192,4.769,4.635,3.8847,4.1,4.26,4.4
20130522,3.424,3.952,4.509,4.456,3.8852,4.1,4.26,4.4
20130521,3.36,4.375,4.384,4.512,3.8834,4.1,4.26,4.4
20130520,2.957,4.23,4.22,4.517,3.8831,4.1,4.26,4.4
20130517,2.8439,3.5858,3.347,3.967,3.8823,4.1,4.26,4.4
20130516,2.702,3.192,3.18,3.4,3.8805,4.1,4.26,4.4
20130515,2.2445,2.767,2.9,3.253,3.8803,4.1,4.26,4.4
20130514,2.24,2.774,2.969,3.31,3.8803,4.1,4.26,4.4
20130513,2.1573,2.901,3.036,3.318,3.88,4.1,4.26,4.4
20130510,2.14,2.971,2.9935,3.274,3.8802,4.1,4.26,4.4
20130509,2.11,3.106,3.1,3.2725,3.8803,4.1,4.26,4.4
20130508,2.11,2.984,3.06,3.2565,3.8804,4.1,4.26,4.4
20130507,2.36,3.176,3.15,3.25,3.8808,4.1,4.26,4.4
20130506,2.78,3.221,3.067,3.233,3.881,4.1,4.26,4.4
20130503,3.0,3.237,3.0,3.233,3.8814,4.1,4.26,4.4
20130502,2.8,2.919,3.01,3.3,3.883,4.1,4.26,4.4
20130428,2.83,3.03,3.237,3.442,3.8821,4.1,4.26,4.4
20130427,3.016,3.52,3.544,3.585,3.8821,4.1,4.26,4.4
20130426,3.0,3.527,4.017,3.9,3.8843,4.1,4.26,4.4
20130425,4.291,5.021,4.851,4.294,3.8857,4.1,4.26,4.4
20130424,4.061,4.754,4.636,4.667,3.8837,4.1,4.26,4.4
20130423,2.97,3.57,4.107,4.303,3.8844,4.1,4.26,4.4
20130422,2.637,3.123,3.561,4.109,3.8828,4.1,4.26,4.4
20130419,2.503,3.085,3.5,3.797,3.8813,4.1,4.26,4.4
20130418,2.208,2.895,3.439,3.336,3.8803,4.1,4.26,4.4
20130417,2.0138,3.013,3.098,3.302,3.8803,4.1,4.26,4.4
20130416,2.017,3.044,3.05,3.2593,3.8803,4.1,4.26,4.4
20130415,2.0533,2.981,3.049,3.2128,3.8802,4.1,4.26,4.4
20130412,2.0238,2.97,3.138,3.2358,3.8803,4.1,4.26,4.4
20130411,2.0669,3.035,3.187,3.268,3.8803,4.1,4.26,4.4
20130410,2.1235,3.217,3.196,3.3033,3.8818,4.1,4.26,4.4
20130409,2.14,3.288,3.0823,3.276,3.8812,4.1,4.26,4.4
20130408,2.1808,3.279,3.107,3.3065,3.8818,4.1,4.26,4.4
20130407,2.033,3.323,3.29,3.3308,3.8814,4.1,4.26,4.4
20130403,2.093,3.297,3.49,3.352,3.8804,4.1,4.26,4.4
20130402,2.019,3.407,3.45,3.4245,3.8804,4.1,4.26,4.4
20130401,1.9915,3.404,3.406,3.434,3.8804,4.1,4.26,4.4
20130329,2.684,3.394,3.445,3.4,3.8805,4.1,4.26,4.4
20130328,1.75,3.177,3.849,3.351,3.8814,4.1,4.26,4.4
20130327,1.741,2.849,3.934,3.277,3.8811,4.1,4.26,4.4
20130326,1.674,3.025,3.66,3.2473,3.8802,4.1,4.26,4.4
20130325,1.6841,2.923,3.341,3.2985,3.8801,4.1,4.26,4.4
20130322,1.807,2.979,3.769,3.3245,3.8801,4.1001,4.26,4.4
20130321,1.938,3.04,3.584,3.36,3.8794,4.1001,4.26,4.4
20130320,2.051,3.278,3.511,3.591,3.8804,4.1001,4.26,4.4
20130319,2.248,2.973,3.383,3.2782,3.8802,4.1001,4.26,4.4
20130318,2.524,3.086,3.34,3.2612,3.8801,4.1001,4.26,4.4
20130315,2.064,3.3905,3.128,3.292,3.8836,4.1001,4.26,4.4
20130314,2.057,3.084,3.09,3.318,3.8821,4.1001,4.26,4.4
20130313,2.072,3.035,2.924,3.3301,3.8833,4.1001,4.26,4.4
20130312,2.095,3.07,2.705,3.34,3.8822,4.1001,4.26,4.4
20130311,2.2315,2.998,2.7391,3.422,3.8816,4.1001,4.26,4.4
20130308,2.468,2.496,2.858,3.4425,3.8812,4.1001,4.26,4.4
20130307,2.486,2.519,3.037,3.5335,3.8837,4.1001,4.26,4.4
20130306,2.858,2.998,3.2,3.6279,3.8866,4.1001,4.26,4.4
20130305,3.018,3.189,3.4249,3.806,3.8918,4.1002,4.26,4.4
20130304,3.2935,4.313,4.392,4.281,3.892,4.1004,4.26,4.4
20130301,4.136,4.476,4.811,4.4505,3.8946,4.1024,4.2601,4.4
20130228,4.011,4.267,4.865,4.4901,3.8946,4.1017,4.2601,4.4
20130227,3.932,4.225,4.821,4.384,3.8866,4.101,4.26,4.4
20130226,3.69,3.811,4.189,4.405,3.8842,4.1005,4.26,4.4
20130225,2.386,3.31,3.338,3.2713,3.88,4.1003,4.26,4.4
20130222,2.2,3.091,3.032,3.278,3.8798,4.1003,4.26,4.4
20130221,2.018,2.998,3.05,3.2801,3.88,4.1,4.26,4.4
20130220,1.8798,2.949,2.9988,3.3646,3.88,4.1,4.26,4.4
20130219,1.8693,2.949,2.98,3.4536,3.8817,4.1,4.26,4.4
20130218,1.866,2.9286,2.779,3.582,3.886,4.1,4.26,4.4
20130217,1.899,2.986,2.933,3.667,3.8892,4.1,4.26,4.4
20130216,1.98,2.831,3.26,3.9,3.8933,4.1,4.26,4.4
20130208,2.715,3.513,3.793,4.045,3.8916,4.1003,4.26,4.4
20130207,3.6463,4.1,4.181,4.145,3.8937,4.1003,4.26,4.4
20130206,3.596,3.696,4.133,4.1035,3.8929,4.1003,4.26,4.4
20130205,3.25,3.338,4.039,4.1555,3.8913,4.1007,4.26,4.4
20130204,2.833,3.4,3.85,4.253,3.889,4.1002,4.26,4.4
20130201,2.6745,3.34,3.648,4.176,3.8883,4.1001,4.26,4.4
20130131,2.31,3.233,3.572,4.199,3.8878,4.1007,4.26,4.4
20130130,2.1,3.236,3.418,4.085,3.8876,4.1001,4.26,4.4
20130129,2.1,3.0995,3.652,3.997,3.8872,4.1,4.26,4.4
20130128,2.1,2.992,3.731,4.016,3.8863,4.1001,4.26,4.4
20130125,2.103,2.698,2.951,3.935,3.8831,4.1,4.26,4.4
20130124,2.0665,2.824,2.958,3.858,3.8804,4.1,4.26,4.4
20130123,1.9409,2.9848,2.944,3.792,3.88,4.1,4.26,4.4
20130122,1.927,2.994,2.9085,3.83,3.8839,4.1,4.26,4.4
20130121,1.958,2.991,2.889,3.6829,3.8861,4.1,4.26,4.4
20130118,1.979,2.89,2.95,3.7785,3.8942,4.1001,4.26,4.4001
20130117,2.029,2.805,2.822,3.737,3.9026,4.1005,4.26,4.4003
20130116,2.071,2.788,2.791,3.6885,3.9029,4.1012,4.26,4.4003
20130115,2.105,2.871,2.79,3.7028,3.9047,4.1001,4.26,4.4002
20130114,2.078,2.794,2.827,3.791,3.9058,4.1003,4.26,4.4003
20130111,2.104,2.746,2.884,3.777,3.9043,4.1,4.26,4.4002
20130110,2.108,2.999,3.014,3.7627,3.9024,4.1,4.26,4.4004
20130109,2.107,3.0245,3.03,3.908,3.9031,4.1,4.26,4.4002
20130108,2.145,3.15,3.205,3.99,3.9029,4.1,4.26,4.4004
20130107,2.1529,3.2,3.3,4.012,3.9028,4.1,4.26,4.4004
20130106,2.199,3.6,3.871,4.019,3.9026,4.1,4.26,4.4004
20130105,2.304,3.801,4.034,4.164,3.9016,4.1,4.26,4.4004
20130104,2.557,4.048,4.162,4.203,3.9,4.1,4.26,4.4004
20141231,3.528,4.639,5.579,5.588,5.1351,4.7442,4.62,4.7304
20141230,3.38,4.639,5.376,5.53,5.1398,4.745,4.6151,4.7182
20141229,3.415,4.714,5.385,5.654,5.1385,4.7508,4.61,4.7109
20141226,3.486,4.815,5.429,5.957,5.1485,4.7538,4.6092,4.7088
20141225,3.549,5.005,5.576,6.029,5.155,4.7455,4.604,4.7059
20141224,3.606,5.185,5.632,6.088,5.166,4.7233,4.5928,4.7045
20141223,3.667,5.653,6.027,6.13,5.1615,4.6885,4.5819,4.6993
20141222,3.702,5.782,6.048,5.984,5.1066,4.6486,4.5755,4.6873
20141219,3.606,5.367,5.32,5.6855,5.001,4.5762,4.5591,4.6823
20141218,3.13,4.025,4.939,5.447,4.876,4.506,4.5315,4.6726
20141217,2.766,3.692,4.418,5.277,4.7355,4.4669,4.5155,4.6649
20141216,2.668,3.636,4.26,4.92,4.5652,4.4149,4.502,4.6552
20141215,2.654,3.605,4.219,4.6895,4.42,4.3758,4.4924,4.65
20141212,2.651,3.587,4.202,4.573,4.3313,4.3666,4.4836,4.6491
20141211,2.646,3.506,4.117,4.468,4.316,4.3609,4.4809,4.6448
20141210,2.643,3.456,3.956,4.372,4.248,4.3541,4.477,4.6443
20141209,2.64,3.43,3.951,4.295,4.236,4.35,4.4796,4.6421
20141208,2.641,3.42,3.948,4.231,4.229,4.3472,4.483,4.6418
20141205,2.628,3.39,3.958,4.218,4.2177,4.346,4.4885,4.6487
20141204,2.632,3.402,3.951,4.1989,4.1952,4.3467,4.492,4.6586
20141203,2.634,3.413,3.904,4.197,4.193,4.3478,4.4953,4.6666
20141202,2.643,3.389,3.811,4.195,4.183,4.3489,4.5033,4.6758
20141201,2.646,3.354,3.637,4.178,4.1751,4.3489,4.5133,4.6881
20141128,2.608,3.322,3.638,4.114,4.1695,4.3471,4.5235,4.6994
20141127,2.584,3.29,3.603,4.148,4.1695,4.3522,4.537,4.7144
20141126,2.573,3.274,3.577,4.101,4.163,4.3628,4.5523,4.7341
20141125,2.559,3.276,3.569,4.112,4.1562,4.371,4.5765,4.756
20141124,2.554,3.223,3.535,4.019,4.145,4.3803,4.6072,4.8051
20141121,2.586,3.218,3.623,4.064,4.1758,4.406,4.6527,4.8513
20141120,2.539,3.117,3.562,4.051,4.1771,4.4097,4.6555,4.8526
20141119,2.504,3.074,3.518,3.93,4.1802,4.418,4.6659,4.8565
20141118,2.503,3.07,3.491,3.877,4.193,4.43,4.6768,4.8632
20141117,2.509,3.079,3.468,3.888,4.209,4.452,4.697,4.8712
20141114,2.486,3.078,3.394,3.893,4.233,4.489,4.725,4.88
20141113,2.473,3.073,3.404,3.868,4.25,4.533,4.7502,4.891
20141112,2.483,3.0693,3.438,3.856,4.288,4.608,4.79,4.908
20141111,2.493,3.074,3.531,3.9008,4.351,4.724,4.8453,4.9373
20141110,2.539,3.099,3.648,3.917,4.3659,4.7344,4.8558,4.9459
20141107,2.569,3.101,3.667,3.895,4.3813,4.7471,4.8643,4.9483
20141106,2.558,3.118,3.673,3.897,4.403,4.7555,4.8685,4.9498
20141105,2.542,3.171,3.686,3.883,4.4234,4.76,4.87,4.95
20141104,2.542,3.198,3.677,3.897,4.4358,4.7619,4.872,4.95
20141103,2.548,3.186,3.739,3.915,4.4407,4.7678,4.8752,4.95
20141031,2.559,3.2,3.756,3.991,4.4472,4.77,4.8775,4.95
20141030,2.554,3.1915,3.764,3.993,4.4495,4.7739,4.8799,4.9501
20141029,2.518,3.14,3.72,3.932,4.4503,4.775,4.8803,4.95
20141028,2.491,3.059,3.725,3.902,4.4502,4.7788,4.8807,4.9502
20141027,2.4822,3.0522,3.6767,3.8322,4.466,4.78,4.8826,4.9517
20141024,2.4452,3.025,3.451,3.846,4.4685,4.7835,4.8856,4.9557
20141023,2.423,2.945,3.341,3.8789,4.4825,4.7851,4.8886,4.9588
20141022,2.419,2.932,3.296,3.877,4.491,4.7868,4.8907,4.9602
20141021,2.415,2.921,3.265,3.858,4.4978,4.7851,4.8941,4.9633
20141020,2.428,2.936,3.234,3.809,4.5052,4.7905,4.8957,4.9679
20141017,2.461,2.95,3.215,3.833,4.5148,4.792,4.8971,4.9707
20141016,2.474,2.969,3.21,3.842,4.5208,4.7946,4.8993,4.9745
20141015,2.498,2.98,3.231,3.8648,4.5255,4.7975,4.9,4.9783
20141014,2.538,3.005,3.286,3.872,4.5346,4.8,4.9,4.9811
20141013,2.536,3.004,3.279,3.881,4.5352,4.8,4.9,4.9825
20141011,2.544,2.999,3.28,3.909,4.5364,4.8,4.9,4.9837
20141010,2.5665,2.99,3.2688,3.93,4.535,4.8,4.9,4.985
20141009,2.5623,2.986,3.325,3.984,4.5394,4.8,4.9,4.9878
20141008,2.54,2.903,3.287,3.9905,4.544,4.8,4.9,4.9893
20140930,2.5325,2.874,3.271,3.998,4.5445,4.8,4.9,4.9905
20140929,2.543,2.905,3.132,4.006,4.55,4.8,4.9,4.9905
20140928,2.658,3.073,3.214,4.057,4.5528,4.8,4.9,4.9915
20140926,2.678,3.301,3.444,4.012,4.5565,4.8015,4.9,4.9905
20140925,2.677,3.255,3.424,3.998,4.562,4.8074,4.9019,4.9915
20140924,2.691,3.142,3.221,4.0,4.5741,4.8184,4.9055,4.9915
20140923,2.716,3.111,3.289,4.098,4.587,4.8225,4.9098,4.9925
20140922,2.797,3.198,3.438,4.277,4.5986,4.8324,4.9165,4.9965
20140919,2.84,3.3,3.553,4.31,4.607,4.842,4.9228,4.9975
20140918,2.841,3.3,3.518,4.18,4.6206,4.8463,4.926,4.999
20140917,2.847,3.287,3.519,4.06,4.6296,4.8533,4.93,5.0
20140916,2.853,3.25,3.495,4.014,4.6349,4.8533,4.9301,5.0
20140915,2.851,3.244,3.446,4.008,4.6393,4.8525,4.9301,5.0
20140912,2.853,3.235,3.442,3.992,4.6421,4.8548,4.9304,5.0
20140911,2.859,3.203,3.404,3.906,4.642,4.8578,4.9318,5.0
20140910,2.839,3.161,3.414,3.892,4.6495,4.8564,4.9305,5.0
20140909,2.816,3.152,3.407,3.93,4.6522,4.8638,4.9326,5.0
20140905,2.807,3.188,3.497,3.965,4.6539,4.8631,4.9328,5.0
20140904,2.815,3.275,3.615,3.97,4.6632,4.864,4.9339,5.0
20140903,2.824,3.391,3.765,4.033,4.6652,4.8608,4.9323,5.0
20140902,2.847,3.51,3.981,4.096,4.6654,4.8714,4.9364,5.0
20140901,2.906,3.584,4.117,4.057,4.6665,4.8716,4.9373,5.0
20140829,2.908,3.672,4.199,4.114,4.6659,4.8726,4.9364,5.0
20140828,2.876,3.538,4.05,4.133,4.6689,4.8727,4.9373,5.0
20140827,2.861,3.349,3.9828,4.178,4.668,4.8729,4.9365,5.0
20140826,2.823,3.318,3.876,4.2,4.6695,4.873,4.9363,5.0
20140825,2.841,3.363,3.886,4.199,4.6758,4.88,4.9394,5.0
20140822,2.843,3.369,3.942,4.2039,4.6764,4.88,4.9398,5.0
20140821,2.848,3.312,3.98,4.238,4.6786,4.88,4.94,5.0
20140820,2.833,3.246,3.462,4.286,4.6804,4.88,4.939,5.0
20140819,2.835,3.237,3.477,4.363,4.6791,4.8801,4.9382,5.0
20140818,2.858,3.276,3.51,4.31,4.6805,4.881,4.9382,5.0
20140815,2.889,3.346,3.509,4.174,4.6811,4.8844,4.9387,5.0
20140814,2.888,3.353,3.598,4.233,4.6834,4.8851,4.9391,5.0
20140813,2.892,3.36,3.579,4.22,4.6882,4.8871,4.9442,5.0
20140812,2.916,3.39,3.586,4.154,4.6905,4.8904,4.9457,5.0
20140811,2.955,3.42,3.616,4.166,4.6916,4.8914,4.9467,5.0
20140808,3.001,3.457,3.693,4.101,4.6921,4.8912,4.9465,5.0
20140807,3.04,3.511,3.977,4.161,4.6941,4.8901,4.9491,5.0
20140806,3.051,3.559,3.9799,4.104,4.6982,4.8949,4.9505,5.0
20140805,3.145,3.738,3.998,4.056,4.7049,4.899,4.9543,5.0
20140804,3.182,3.842,4.086,4.105,4.7081,4.9,4.9551,5.0
20140801,3.196,3.907,4.047,4.21,4.7149,4.9,4.9558,5.0
20140731,3.204,3.98,3.979,4.2,4.7215,4.9,4.9588,5.0
20140730,3.2502,3.914,4.525,4.144,4.7316,4.9,4.959,5.0
20140729,3.2503,3.907,4.6,4.141,4.739,4.9,4.9601,5.0
20140728,3.304,4.013,4.628,4.398,4.7465,4.9,4.9602,5.0
20140725,3.348,4.081,4.821,4.95,4.7465,4.9,4.9603,5.0
20140724,3.313,4.101,5.273,5.278,4.7465,4.9,4.9604,5.0
20140723,3.295,4.202,5.15,5.271,4.7525,4.9,4.9604,5.0
20140722,3.253,3.848,5.159,5.115,4.7465,4.9,4.9605,5.0
20140721,3.318,3.694,4.991,5.03,4.7467,4.9,4.9607,5.0
20140718,3.245,3.651,4.988,4.73,4.7467,4.9,4.9616,5.0
20140717,3.2465,3.641,4.4,4.588,4.7448,4.9,4.9616,5.0
20140716,3.2472,3.65,4.391,4.492,4.7487,4.9,4.9608,5.0
20140715,3.218,3.646,4.18,4.417,4.7485,4.9001,4.9618,5.0
20140714,3.255,3.7035,4.299,4.313,4.7461,4.9001,4.9618,5.0
20140711,3.285,3.723,4.153,4.163,4.7423,4.9,4.9616,5.0
20140710,3.3,3.711,4.069,4.1545,4.7438,4.9,4.9608,5.0
20140709,3.351,3.736,4.023,4.1,4.749,4.9,4.9628,5.0
20140708,3.253,3.52,3.782,4.046,4.75,4.9,4.9607,5.0
20140707,2.952,3.421,3.446,4.047,4.7495,4.9,4.9641,5.0
20140704,2.94,3.42,3.5,4.063,4.75,4.9,4.9652,5.0
20140703,2.96,3.393,3.5,4.132,4.75,4.9001,4.9654,5.0
20140702,3.02,3.927,4.089,4.891,4.75,4.9001,4.9672,5.0
20140701,3.017,4.421,4.711,5.001,4.7499,4.9004,4.9654,5.0
20140630,2.913,3.867,5.394,5.004,4.7499,4.9007,4.9658,5.0
20140627,2.885,3.781,5.184,5.012,4.7482,4.901,4.9664,5.0
20140626,2.974,3.552,5.147,5.035,4.7478,4.9033,4.9677,5.0
20140625,2.995,3.464,5.06,5.492,4.7582,4.9059,4.9722,5.0
20140624,2.971,3.483,4.697,5.638,4.7679,4.9081,4.9747,5.0
20140623,2.755,3.448,4.603,5.526,4.7761,4.9136,4.9777,5.0
20140620,2.759,3.402,4.578,5.435,4.7751,4.9139,4.9796,5.0
20140619,2.698,3.093,4.03,5.233,4.7692,4.9216,4.9805,5.0
20140618,2.639,3.074,4.511,4.972,4.7767,4.9277,4.9842,5.0
20140617,2.6,3.031,3.568,4.941,4.7825,4.9347,4.9867,5.0
20140616,2.6,3.006,3.237,5.058,4.7777,4.951,4.9889,5.0
20140613,2.6,3.04,3.259,4.814,4.7794,4.96,4.9935,5.0
20140612,2.597,3.154,3.25,4.719,4.7862,4.9601,4.9925,5.0
20140611,2.592,3.15,3.223,4.381,4.7941,4.9606,4.9926,5.0
20140610,2.57,3.13,3.132,4.159,4.8095,4.9615,4.9946,5.0
20140609,2.58,3.13,3.158,4.161,4.8181,4.9603,4.9938,5.0
20140606,2.5808,3.15,3.442,3.984,4.8259,4.9609,4.9959,5.0
20140605,2.576,3.07,3.448,3.878,4.8393,4.9733,4.9967,5.0
20140604,2.561,3.152,3.334,3.931,4.855,4.9868,4.9967,5.0
20140603,2.521,3.18,3.38,3.716,4.883,4.9958,4.998,5.0
20140530,2.57,3.23,3.324,3.861,4.925,4.9998,5.0,5.0
20140529,2.51,3.215,3.349,3.877,4.9418,4.999,5.0,5.0001
20140528,2.51,3.2,3.33,3.94,4.9768,5.0,5.0,5.0001
20140527,2.541,3.247,3.39,4.0,5.0197,5.0,5.0,5.0002
20140526,2.5025,3.195,3.822,4.1,5.0413,5.0,5.0,5.0012
20140523,2.53,3.405,3.908,4.0685,5.0675,5.0,5.0,5.0013
20140522,2.51,3.419,3.919,4.203,5.0935,5.0,5.0,5.0014
20140521,2.528,3.353,3.925,4.2,5.1215,5.0,5.0,5.0026
20140520,2.427,3.361,3.579,4.095,5.1772,5.0,5.0,5.003
20140519,2.396,3.1,3.1318,3.736,5.2142,5.0,5.0,5.011
20140516,2.37,3.129,3.127,3.69,5.2418,5.0,5.0,5.01
20140515,2.35,3.1355,3.202,3.651,5.2665,5.0,5.0,5.0
20140514,2.3666,3.236,3.233,3.5675,5.3198,5.0,5.0,5.0
20140513,2.35,3.181,3.2498,3.617,5.3414,5.0,5.0,5.0
20140512,2.2135,3.18,3.198,3.66,5.3764,5.0,5.0,5.0
20140509,2.2205,3.194,3.121,3.773,5.3909,5.0,5.0,5.0
20140508,2.23,3.204,3.106,3.79,5.3992,5.0,5.0,5.0
20140507,2.37,3.1125,3.092,3.882,5.4167,5.0,5.0,5.0
20140506,2.37,3.092,3.158,3.941,5.4474,5.0,5.0,5.0
20140505,2.37,3.14,3.158,4.058,5.4655,5.0,5.0,5.0
20140504,2.4,3.683,3.708,4.5,5.482,5.0,5.0,5.0
20140430,2.5,4.134,4.176,4.604,5.495,5.0,5.0,5.0
20140429,2.604,4.0738,4.885,4.593,5.5,5.0,5.0,5.0
20140428,2.406,4.025,4.543,4.6,5.4982,5.0,5.0,5.0
20140425,2.31,3.503,4.329,4.286,5.49,5.0,5.0,5.0
20140424,2.303,3.521,4.147,4.32,5.5,5.0,5.0,5.0
20140423,1.963,3.08,3.715,3.9511,5.5,5.0,5.0,5.0
20140422,1.9262,3.029,3.311,3.808,5.5,5.0,5.0,5.0
20140421,1.98,2.713,2.994,3.767,5.5,5.0,5.0,5.0
20140418,2.0,2.761,2.782,3.93,5.5,5.0,5.0,5.0
20140417,2.181,2.721,2.764,4.06,5.5,5.0,5.0,5.0
20140416,2.298,2.726,3.003,4.085,5.5,5.0,5.0,5.0
20140415,2.449,3.444,3.388,4.102,5.5,5.0,5.0,5.0
20140414,2.639,3.57,3.7,4.165,5.5,5.0,5.0,5.0
20140411,2.75,3.701,3.703,4.209,5.5,5.0,5.0,5.0
20140410,2.74,3.708,3.715,4.375,5.5,5.0,5.0,5.0
20140409,2.74,3.67,4.182,4.401,5.5,5.0,5.0,5.0
20140408,2.713,3.591,4.21,4.437,5.5,5.0,5.0,5.0
20140404,2.763,2.997,4.278,4.597,5.5,5.0,5.0,5.0
20140403,2.95,4.103,4.457,4.6,5.5,5.0,5.0,5.0
20140402,2.95,4.225,4.504,4.6,5.5,5.0,5.0,5.0
20140401,2.866,4.205,4.503,4.6,5.5,5.0,5.0,5.0
20140331,2.8,4.184,5.467,4.617,5.5,5.0,5.0,5.0
20140328,2.75,4.168,5.46,4.769,5.5,5.0,5.0,5.0
20140327,2.658,4.812,5.161,4.938,5.5,5.0,5.0,5.0
20140326,2.52,3.868,4.53,4.835,5.5,5.0,5.0,5.0
20140325,2.5,3.6295,4.064,5.125,5.5,5.0,5.0,5.0
20140324,2.5,3.578,3.823,5.148,5.5,5.0,5.0,5.0
20140321,2.5,3.6,3.78,4.895,5.5,5.0,5.0,5.0
20140320,3.011,3.474,3.641,4.619,5.5,5.0,5.0,5.0
20140319,2.8025,3.422,3.8,4.412,5.5,5.0,5.0,5.0
20140318,2.05,2.88,2.88,4.022,5.5,5.0,5.0,5.0
20140317,1.869,2.671,2.7,3.938,5.5,5.0,5.0,5.0
20140314,1.8765,2.527,2.608,3.868,5.5,5.0,5.0,5.0
20140313,1.96,2.5,2.277,3.83,5.5,5.0,5.0,5.0
20140312,1.9,2.211,2.208,3.872,5.5,5.0,5.0,5.0
20140311,1.873,2.258,2.295,4.293,5.5002,5.0,5.0,5.0
20140310,1.919,2.358,2.625,4.574,5.502,5.0,5.0,5.0
20140307,1.9948,2.403,3.052,4.586,5.504,5.0,5.0,5.0001
20140306,2.0547,2.486,3.762,4.64,5.5067,5.0,5.0,5.0001
20140305,2.09,3.798,3.8,4.45,5.5105,5.0,5.0,5.0001
20140304,2.083,3.5135,3.8,4.365,5.515,5.0,5.0,5.0001
20140303,2.085,2.821,3.734,4.262,5.519,5.0,5.0,5.0001
20140228,1.8458,3.529,3.753,4.316,5.529,5.0,5.0,5.0001
20140227,1.75,3.43,3.761,4.368,5.536,5.0,5.0,5.0001
20140226,1.75,3.072,3.822,4.4435,5.5415,5.0,5.0,5.0001
20140225,1.72,3.278,3.811,4.519,5.5585,5.0,5.0,5.0001
20140224,1.7,3.339,3.97,4.968,5.5665,5.0,5.0,5.0001
20140221,1.764,3.595,4.0,5.176,5.5775,4.9996,5.0,5.0001
20140220,1.981,3.703,4.149,5.22,5.596,4.9999,5.0,5.0001
20140219,2.403,3.762,4.678,5.2942,5.6,4.9998,5.0,5.0001
20140218,2.68,3.743,4.639,5.2985,5.6,4.9993,5.0,5.0001
20140217,2.951,3.879,4.483,5.365,5.6,4.9984,5.0,5.0001
20140214,3.278,4.436,4.563,5.493,5.6005,4.9966,5.0,5.0001
20140213,3.669,5.021,4.911,5.629,5.6037,4.9963,5.0,5.0007
20140212,4.075,5.178,5.22,5.65,5.6012,4.9955,5.0,5.0001
20140211,4.137,5.201,5.28,5.758,5.6005,4.9936,5.0,5.0001
20140210,4.3035,5.299,5.422,5.849,5.6031,4.9936,5.0,5.0001
20140208,4.25,5.25,5.43,5.811,5.605,4.9936,4.9999,5.0001
20140207,4.27,5.409,5.65,5.4,5.6,4.9939,4.9998,5.0001
20140130,4.435,4.983,5.733,5.441,5.6,4.9941,4.9998,5.0001
20140129,4.8,5.108,7.072,7.192,5.6,4.9938,4.9996,5.0001
20140128,4.8477,4.9657,6.807,7.333,5.5998,4.9931,4.9994,5.0001
20140127,4.534,4.689,6.092,6.83,5.5989,4.9933,4.9984,5.0001
20140126,4.4,4.717,6.35,6.995,5.5962,4.9929,4.9966,5.0001
20140124,3.7193,4.449,6.765,6.817,5.5946,4.9922,4.995,5.0001
20140123,3.7,5.293,5.94,6.708,5.5926,4.9904,4.9943,5.0001
20140122,3.676,5.224,5.56,6.95,5.5924,4.9887,4.9935,5.0001
20140121,3.641,5.535,5.562,7.427,5.591,4.9873,4.9936,5.0001
20140120,3.888,6.329,5.538,7.472,5.5893,4.9854,4.993,5.0001
20140117,2.817,4.776,4.735,6.964,5.5868,4.9821,4.9918,5.0002
20140116,2.7723,4.256,4.679,6.693,5.5812,4.9788,4.9913,4.9999
20140115,2.7513,3.965,4.641,6.742,5.5846,4.9757,4.9896,4.9997
20140114,2.7395,4.0036,4.69,6.4842,5.5865,4.9742,4.9855,4.9977
20140113,2.738,4.013,4.636,6.465,5.5849,4.9715,4.984,4.9955
20140110,2.766,4.041,4.75,5.675,5.5841,4.9673,4.9818,4.9934
20140109,2.794,4.02,4.799,6.314,5.5837,4.964,4.9776,4.9929
20140108,2.83,4.126,4.927,5.65,5.5821,4.9585,4.9742,4.9904
20140107,2.875,4.259,5.074,5.925,5.576,4.9547,4.9713,4.9869
20140106,2.92,4.633,5.433,6.475,5.5732,4.9476,4.966,4.9824
20140103,3.006,4.711,5.524,6.201,5.5661,4.9389,4.9582,4.9757
20140102,3.131,4.981,5.759,5.91,5.5657,4.9306,4.9501,4.9677
20151231,1.991,2.355,2.947,3.002,3.0852,3.2,3.25,3.35
20151230,1.935,2.352,2.918,3.004,3.0882,3.2,3.25,3.35
20151229,1.935,2.352,2.93,3.005,3.0882,3.2,3.25,3.35
20151228,1.939,2.354,2.917,3.0065,3.0878,3.2,3.25,3.35
20151225,1.934,2.355,2.899,3.004,3.0825,3.2,3.25,3.35
20151224,1.924,2.348,2.863,3.0,3.0774,3.2,3.25,3.35
20151223,1.903,2.348,2.824,2.987,3.0735,3.2,3.25,3.35
20151222,1.875,2.342,2.769,2.944,3.0611,3.2,3.25,3.35
20151221,1.843,2.334,2.741,2.891,3.0551,3.2,3.25,3.3503
20151218,1.816,2.318,2.685,2.822,3.0501,3.2,3.25,3.35
20151217,1.793,2.299,2.639,2.762,3.0481,3.2,3.25,3.35
20151216,1.79,2.301,2.638,2.742,3.0475,3.2,3.25,3.35
20151215,1.788,2.299,2.64,2.721,3.051,3.2,3.25,3.35
20151214,1.788,2.303,2.64,2.7,3.0461,3.2,3.25,3.35
20151211,1.788,2.302,2.642,2.701,3.051,3.2,3.25,3.35
20151210,1.789,2.297,2.641,2.701,3.046,3.2,3.25,3.35
20151209,1.789,2.294,2.64,2.7,3.047,3.2,3.25,3.35
20151208,1.786,2.292,2.641,2.7,3.051,3.2,3.25,3.35
20151207,1.784,2.291,2.635,2.7,3.048,3.2,3.25,3.35
20151204,1.787,2.293,2.632,2.7,3.043,3.2,3.25,3.35
20151203,1.787,2.292,2.636,2.7,3.043,3.2,3.25,3.35
20151202,1.786,2.293,2.638,2.7,3.042,3.2,3.25,3.35
20151201,1.788,2.294,2.64,2.7,3.047,3.2,3.25,3.35
20151130,1.788,2.299,2.639,2.7,3.05,3.2,3.25,3.35
20151127,1.786,2.293,2.638,2.7,3.05,3.2,3.25,3.35
20151126,1.785,2.289,2.637,2.7,3.05,3.2,3.25,3.3503
20151125,1.785,2.286,2.637,2.7,3.05,3.2,3.25,3.35
20151124,1.785,2.285,2.637,2.7,3.05,3.2,3.25,3.3503
20151123,1.785,2.283,2.633,2.701,3.046,3.2,3.25,3.3503
20151120,1.784,2.282,2.623,2.7,3.044,3.198,3.25,3.35
20151119,1.785,2.28,2.622,2.698,3.044,3.197,3.25,3.35
20151118,1.781,2.279,2.621,2.695,3.0441,3.198,3.25,3.35
20151117,1.782,2.278,2.619,2.692,3.04,3.198,3.25,3.35
20151116,1.784,2.279,2.617,2.697,3.038,3.2,3.25,3.3508
20151113,1.786,2.278,2.617,2.697,3.034,3.2,3.25,3.3508
20151112,1.784,2.279,2.619,2.7,3.034,3.2,3.25,3.35
20151111,1.782,2.279,2.623,2.705,3.034,3.2,3.25,3.35
20151110,1.783,2.28,2.624,2.706,3.034,3.199,3.25,3.351
20151109,1.786,2.285,2.624,2.711,3.033,3.198,3.25,3.35
20151106,1.787,2.285,2.628,2.719,3.0355,3.2,3.253,3.35
20151105,1.787,2.288,2.628,2.733,3.0405,3.205,3.257,3.35
20151104,1.79,2.293,2.633,2.737,3.0415,3.213,3.262,3.351
20151103,1.792,2.29,2.634,2.747,3.0425,3.217,3.265,3.354
20151102,1.793,2.291,2.639,2.755,3.042,3.222,3.271,3.355
20151030,1.798,2.291,2.64,2.7645,3.036,3.2265,3.28,3.3575
20151029,1.798,2.291,2.642,2.786,3.036,3.238,3.293,3.364
20151028,1.796,2.292,2.641,2.796,3.038,3.249,3.304,3.371
20151027,1.8,2.297,2.645,2.824,3.047,3.272,3.318,3.384
20151026,1.84,2.338,2.689,2.888,3.084,3.298,3.328,3.392
20151023,1.909,2.401,2.73,3.023,3.144,3.351,3.361,3.418
20151022,1.904,2.396,2.733,3.03,3.157,3.351,3.361,3.418
20151021,1.905,2.394,2.73,3.034,3.169,3.351,3.361,3.419
20151020,1.903,2.394,2.729,3.049,3.175,3.351,3.361,3.418
20151019,1.902,2.395,2.733,3.057,3.1783,3.35,3.361,3.416
20151016,1.899,2.394,2.734,3.066,3.1826,3.346,3.36,3.415
20151015,1.901,2.397,2.737,3.074,3.1846,3.3525,3.361,3.415
20151014,1.9,2.397,2.742,3.087,3.186,3.353,3.361,3.414
20151013,1.9,2.397,2.744,3.09,3.1825,3.3481,3.361,3.413
20151012,1.902,2.397,2.745,3.094,3.173,3.3526,3.3627,3.414
20151010,1.904,2.401,2.748,3.095,3.1656,3.3509,3.3645,3.414
20151009,1.906,2.4,2.75,3.095,3.1585,3.3458,3.3587,3.414
20151008,1.909,2.4,2.747,3.092,3.1515,3.3408,3.3517,3.414
20150930,1.989,2.408,2.763,3.091,3.153,3.341,3.3517,3.413
20150929,1.907,2.419,2.744,3.091,3.153,3.3436,3.3517,3.413
20150928,1.91,2.431,2.74,3.088,3.152,3.3398,3.3515,3.413
20150925,1.907,2.447,2.727,3.087,3.153,3.3418,3.3492,3.413
20150924,1.909,2.48,2.697,3.094,3.1518,3.3405,3.346,3.413
20150923,1.908,2.401,2.705,3.086,3.1468,3.336,3.3436,3.413
20150922,1.908,2.397,2.682,3.075,3.1448,3.332,3.341,3.413
20150921,1.901,2.391,2.653,3.071,3.141,3.327,3.336,3.413
20150918,1.9,2.39,2.609,3.053,3.1355,3.3257,3.3346,3.413
20150917,1.899,2.391,2.591,3.037,3.1268,3.3242,3.3335,3.413
20150916,1.9,2.391,2.593,3.018,3.116,3.324,3.3335,3.413
20150915,1.899,2.392,2.607,3.005,3.113,3.319,3.3305,3.412
20150914,1.899,2.394,2.622,3.003,3.106,3.3105,3.325,3.411
20150911,1.9001,2.403,2.641,3.005,3.097,3.311,3.3235,3.411
20150910,1.899,2.4,2.616,3.008,3.093,3.302,3.318,3.41
20150909,1.896,2.398,2.65,3.01,3.092,3.301,3.3146,3.4143
20150908,1.897,2.402,2.724,3.018,3.095,3.288,3.3112,3.409
20150907,1.904,2.41,2.945,3.04,3.099,3.2739,3.3072,3.401
20150906,1.901,2.41,2.951,3.05,3.104,3.2738,3.3052,3.401
20150902,2.031,2.421,2.978,3.052,3.1026,3.2715,3.304,3.401
20150901,1.821,2.41,2.976,3.052,3.1026,3.271,3.3018,3.404
20150831,1.801,2.398,2.947,3.034,3.1,3.2645,3.2935,3.401
20150828,1.774,2.392,2.91,2.999,3.098,3.2595,3.2895,3.4
20150827,1.759,2.398,2.785,2.958,3.096,3.259,3.2865,3.4
20150826,1.786,2.429,2.73,2.951,3.0975,3.2575,3.2825,3.4
20150825,1.879,2.593,2.729,2.858,3.091,3.243,3.2865,3.4
20150824,1.866,2.597,2.713,2.81,3.09,3.233,3.283,3.4
20150821,1.847,2.599,2.711,2.789,3.09,3.2235,3.275,3.3987
20150820,1.83,2.586,2.69,2.759,3.093,3.2135,3.2735,3.3957
20150819,1.788,2.546,2.652,2.707,3.094,3.207,3.2655,3.3947
20150818,1.745,2.531,2.605,2.699,3.093,3.2037,3.2642,3.3945
20150817,1.701,2.517,2.598,2.691,3.091,3.2052,3.26,3.3925
20150814,1.667,2.495,2.575,2.671,3.097,3.2003,3.26,3.3925
20150813,1.641,2.481,2.556,2.646,3.101,3.2003,3.26,3.3925
20150812,1.614,2.472,2.56,2.646,3.1125,3.2003,3.26,3.3925
20150811,1.586,2.463,2.569,2.668,3.118,3.2006,3.26,3.3935
20150810,1.557,2.455,2.579,2.711,3.1223,3.201,3.26,3.3935
20150807,1.529,2.453,2.62,2.754,3.127,3.2042,3.26,3.3935
20150806,1.517,2.449,2.673,2.799,3.137,3.199,3.26,3.3935
20150805,1.508,2.471,2.693,2.844,3.143,3.1927,3.26,3.3934
20150804,1.497,2.483,2.695,2.904,3.15,3.1845,3.26,3.3924
20150803,1.488,2.495,2.722,2.971,3.153,3.1807,3.26,3.3924
20150731,1.47,2.509,2.754,2.988,3.1575,3.1758,3.26,3.3924
20150730,1.448,2.502,2.772,3.008,3.1605,3.1768,3.26,3.3924
20150729,1.427,2.514,2.872,3.013,3.1635,3.1767,3.26,3.3923
20150728,1.388,2.552,2.904,3.03,3.1638,3.1753,3.2601,3.3924
20150727,1.374,2.559,2.911,3.037,3.1645,3.1708,3.26,3.3923
20150724,1.337,2.559,2.902,3.012,3.1635,3.1656,3.26,3.3922
20150723,1.332,2.54,2.918,3.02,3.16,3.1647,3.2601,3.3912
20150722,1.323,2.478,2.917,3.018,3.1563,3.1642,3.2601,3.3912
20150721,1.304,2.458,2.911,3.017,3.1512,3.1611,3.2601,3.3912
20150720,1.29,2.449,2.916,3.0322,3.1505,3.1601,3.26,3.3912
20150717,1.282,2.464,2.942,3.051,3.152,3.1601,3.26,3.3912
20150716,1.263,2.481,2.946,3.053,3.155,3.1601,3.26,3.3912
20150715,1.245,2.55,2.948,3.0785,3.1598,3.1601,3.2601,3.3911
20150714,1.238,2.556,2.944,3.102,3.1642,3.1601,3.26,3.3901
20150713,1.224,2.553,2.942,3.109,3.1709,3.1601,3.2601,3.3897
20150710,1.21,2.575,2.972,3.125,3.177,3.1602,3.2603,3.3868
20150709,1.198,2.578,2.986,3.14,3.182,3.1615,3.2614,3.3867
20150708,1.187,2.589,3.032,3.155,3.186,3.1635,3.2625,3.3858
20150707,1.176,2.61,3.072,3.181,3.192,3.1638,3.2638,3.386
20150706,1.167,2.661,3.153,3.215,3.203,3.166,3.266,3.387
20150703,1.159,2.802,3.228,3.274,3.202,3.1681,3.2686,3.387
20150702,1.1608,2.712,3.272,3.314,3.212,3.1696,3.272,3.387
20150701,1.163,2.602,3.113,3.373,3.213,3.174,3.2755,3.3865
20150630,1.257,2.652,3.213,3.521,3.233,3.18,3.281,3.392
20150629,1.34,2.84,3.504,3.58,3.248,3.184,3.283,3.392
20150626,1.357,2.921,3.593,3.634,3.277,3.199,3.299,3.4
20150625,1.357,2.884,3.6,3.571,3.25,3.199,3.2988,3.4
20150624,1.338,2.808,3.45,3.446,3.211,3.197,3.2978,3.4
20150623,1.295,2.675,3.274,3.361,3.173,3.193,3.2967,3.4
20150619,1.267,2.674,3.154,3.359,3.105,3.1896,3.2957,3.4
20150618,1.202,2.478,2.96,3.308,3.054,3.1853,3.2956,3.4
20150617,1.151,2.238,2.793,3.108,2.999,3.1823,3.2958,3.4
20150616,1.131,2.143,2.729,3.099,2.981,3.1823,3.297,3.4
20150615,1.121,2.11,2.704,3.098,2.96,3.1815,3.297,3.4
20150612,1.104,2.085,2.6,3.057,2.921,3.184,3.3,3.4
20150611,1.09,2.063,2.436,2.84,2.909,3.186,3.306,3.4
20150610,1.083,2.052,2.41,2.767,2.902,3.19,3.318,3.4
20150609,1.071,2.049,2.433,2.647,2.902,3.197,3.331,3.4
20150608,1.061,2.043,2.411,2.548,2.887,3.197,3.334,3.4
20150605,1.051,2.07,2.471,2.365,2.885,3.197,3.338,3.4
20150604,1.047,2.122,2.633,2.354,2.8825,3.1953,3.337,3.402
20150603,1.039,2.057,2.518,2.326,2.871,3.191,3.337,3.408
20150602,1.034,1.977,2.351,2.296,2.862,3.189,3.347,3.4175
20150601,1.027,1.963,2.254,2.29,2.8565,3.197,3.356,3.43
20150529,1.039,1.972,2.251,2.276,2.864,3.211,3.376,3.444
20150528,1.043,1.952,2.238,2.271,2.865,3.232,3.402,3.463
20150527,1.04,1.967,2.227,2.273,2.869,3.277,3.453,3.511
20150526,1.04,1.9688,2.205,2.268,2.881,3.344,3.538,3.574
20150525,1.039,1.968,2.207,2.302,2.903,3.445,3.681,3.692
20150522,1.037,1.966,2.295,2.389,2.959,3.561,3.8625,3.866
20150521,1.033,1.944,2.369,2.457,3.014,3.595,3.9,3.948
20150520,1.032,1.932,2.38,2.514,3.071,3.648,3.939,4.024
20150519,1.033,1.925,2.37,2.57,3.156,3.7,3.979,4.115
20150518,1.052,1.92,2.384,2.664,3.2,3.772,4.022,4.171
20150515,1.078,1.962,2.4,2.802,3.323,3.875,4.097,4.241
20150514,1.182,2.056,2.536,2.957,3.482,3.962,4.1805,4.3115
20150513,1.247,2.149,2.596,3.042,3.634,4.046,4.2553,4.3845
20150512,1.29,2.197,2.635,3.083,3.681,4.09,4.292,4.415
20150511,1.345,2.245,2.639,3.12,3.735,4.125,4.335,4.453
20150508,1.443,2.334,2.834,3.211,3.7985,4.1831,4.396,4.5
20150507,1.489,2.355,2.91,3.241,3.823,4.212,4.4198,4.515
20150506,1.523,2.369,2.94,3.267,3.846,4.23,4.4378,4.533
20150505,1.564,2.368,2.947,3.302,3.8815,4.2565,4.4567,4.5455
20150504,1.619,2.39,3.005,3.38,3.923,4.294,4.477,4.5628
20150430,1.69,2.43,3.069,3.465,3.97,4.324,4.4905,4.5816
20150429,1.739,2.439,3.078,3.5295,4.035,4.3553,4.5102,4.5965
20150428,1.759,2.438,3.084,3.5982,4.08,4.4035,4.53,4.6075
20150427,1.806,2.451,3.099,3.6705,4.161,4.4676,4.5595,4.6278
20150424,1.851,2.488,3.099,3.768,4.2641,4.5085,4.5895,4.643
20150423,1.908,2.527,3.126,3.842,4.3431,4.539,4.604,4.6688
20150422,1.949,2.567,3.144,3.908,4.4161,4.596,4.6298,4.6935
20150421,2.002,2.62,3.172,4.015,4.4845,4.6461,4.6667,4.7265
20150420,2.087,2.732,3.291,4.146,4.6133,4.6978,4.7094,4.7553
20150417,2.268,2.873,3.384,4.314,4.703,4.7485,4.7456,4.7758
20150416,2.298,2.884,3.392,4.346,4.72,4.7585,4.7467,4.7753
20150415,2.307,2.88,3.403,4.384,4.7365,4.769,4.7474,4.7773
20150414,2.372,2.92,3.436,4.442,4.7535,4.77,4.7467,4.7773
20150413,2.405,2.949,3.487,4.4983,4.7667,4.7733,4.7467,4.7774
20150410,2.489,2.97,3.534,4.5582,4.7821,4.7755,4.7468,4.7785
20150409,2.599,3.073,3.636,4.6475,4.8008,4.7762,4.7472,4.7798
20150408,2.683,3.163,3.733,4.7616,4.8305,4.7773,4.7483,4.78
20150407,2.766,3.319,3.833,4.845,4.8585,4.7784,4.7485,4.78
20150403,2.887,3.506,3.97,4.923,4.888,4.7794,4.7495,4.78
20150402,2.995,3.635,4.106,4.991,4.8975,4.7785,4.7495,4.78
20150401,3.087,3.754,4.249,4.998,4.8975,4.7795,4.7495,4.78
20150331,3.183,3.886,4.314,5.009,4.8975,4.7795,4.7495,4.78
20150330,3.203,3.919,4.332,5.013,4.8975,4.7795,4.7495,4.78
20150327,3.206,3.893,4.284,5.016,4.8975,4.7796,4.7495,4.78
20150326,3.216,3.897,4.268,5.016,4.8975,4.7795,4.7495,4.78
20150325,3.21,3.955,4.294,5.018,4.8975,4.7796,4.7507,4.7801
20150324,3.218,4.033,4.329,5.02,4.898,4.779,4.749,4.78
20150323,3.217,4.143,4.362,5.029,4.899,4.78,4.75,4.78
20150320,3.294,4.331,4.495,5.031,4.902,4.7802,4.7505,4.78
20150319,3.332,4.496,4.607,5.034,4.904,4.7812,4.7505,4.7801
20150318,3.369,4.602,4.666,5.035,4.906,4.7802,4.75,4.7801
20150317,3.376,4.62,4.692,5.04,4.905,4.7812,4.7525,4.7801
20150316,3.403,4.708,4.753,5.045,4.905,4.7811,4.752,4.7801
20150313,3.436,4.738,4.773,5.052,4.9,4.7801,4.75,4.78
20150312,3.4644,4.7511,4.7989,5.0511,4.9,4.78,4.75,4.7801
20150311,3.347,4.773,4.814,5.0518,4.9,4.7799,4.749,4.7801
20150310,3.35,4.763,4.836,5.055,4.8988,4.7789,4.7483,4.7801
20150309,3.381,4.773,4.871,5.058,4.8979,4.7781,4.7515,4.7803
20150306,3.416,4.739,4.8685,5.06,4.8978,4.7791,4.7535,4.7821
20150305,3.433,4.729,4.861,5.064,4.896,4.78,4.7531,4.7802
20150304,3.446,4.717,4.868,5.066,4.8959,4.7791,4.751,4.7812
20150303,3.45,4.747,4.878,5.067,4.8979,4.7801,4.7491,4.7805
20150302,3.453,4.748,4.862,5.069,4.898,4.7795,4.7502,4.7829
20150228,3.441,4.772,4.896,5.0833,4.9,4.7825,4.7512,4.7879
20150227,3.318,4.715,4.873,5.0832,4.9,4.7846,4.7512,4.7888
20150226,3.298,4.717,4.816,5.0828,4.9,4.7846,4.7512,4.7878
20150225,3.328,4.768,4.814,5.08,4.9,4.7856,4.7512,4.7886
20150217,3.4,4.749,4.859,5.076,4.9,4.7853,4.7512,4.7868
20150216,3.182,4.7,4.781,5.077,4.9,4.7821,4.7512,4.7888
20150215,3.175,4.72,4.786,5.067,4.9,4.7803,4.7513,4.7876
20150213,3.091,4.663,4.775,5.064,4.9,4.7803,4.7512,4.7855
20150212,3.058,4.602,4.784,5.055,4.901,4.778,4.7491,4.7834
20150211,2.932,4.42,4.791,5.044,4.9,4.7765,4.7482,4.78
20150210,2.852,4.321,4.761,5.031,4.899,4.7791,4.7494,4.779
20150209,2.812,4.335,4.807,5.025,4.904,4.7796,4.7538,4.779
20150206,2.856,4.359,4.831,5.043,4.908,4.7841,4.755,4.7793
20150205,2.866,4.412,4.86,5.0502,4.916,4.788,4.757,4.783
20150204,2.973,4.427,4.932,5.078,4.928,4.799,4.7698,4.7886
20150203,2.9544,4.3933,4.9189,5.0667,4.9167,4.7989,4.7678,4.7856
20150202,2.889,4.257,4.909,5.048,4.9164,4.796,4.7652,4.7848
20150130,2.813,4.026,4.896,5.01,4.914,4.792,4.764,4.783
20150129,2.765,3.929,4.868,4.9885,4.907,4.7878,4.7577,4.779
20150128,2.69,3.898,4.85,4.9732,4.9005,4.7829,4.7527,4.7788
20150127,2.674,3.89,4.849,4.9658,4.897,4.7771,4.7427,4.7758
20150126,2.688,3.92,4.949,4.984,4.8935,4.7741,4.7277,4.7748
20150123,2.728,4.028,5.033,5.028,4.901,4.7745,4.7173,4.7738
20150122,2.771,3.875,5.049,4.989,4.9,4.773,4.7122,4.772
20150121,2.788,3.823,5.03,4.943,4.9,4.7757,4.7085,4.768
20150120,2.707,3.782,4.718,4.8465,4.897,4.7707,4.7028,4.7635
20150119,2.66,3.831,4.726,4.79,4.894,4.7655,4.685,4.7555
20150116,2.633,3.848,4.756,4.793,4.889,4.7612,4.6795,4.7521
20150115,2.631,3.843,4.78,4.797,4.894,4.7543,4.6705,4.7521
20150114,2.636,3.837,4.789,4.799,4.898,4.7509,4.6632,4.75
20150113,2.667,3.73,4.692,4.787,4.9055,4.7539,4.6609,4.75
20150112,2.753,3.762,4.721,4.782,4.9061,4.7479,4.6582,4.75
20150109,2.805,3.738,4.698,4.781,4.925,4.747,4.651,4.749
20150108,2.83,3.745,4.659,4.803,4.963,4.748,4.6487,4.7488
20150107,2.881,3.873,4.732,4.953,5.019,4.7501,4.6457,4.7476
20150106,3.032,4.241,4.965,5.102,5.077,4.7482,4.641,4.7455
20150105,3.421,4.725,5.665,5.364,5.125,4.7478,4.6276,4.7429
20150104,3.64,4.883,5.794,5.629,5.138,4.7537,4.6246,4.7385
20161230,2.23,2.543,2.828,3.3059,3.2726,3.2864,3.3192,3.3728
20161229,2.227,2.544,2.813,3.2988,3.2651,3.2835,3.3115,3.3675
20161228,2.246,2.545,2.799,3.2945,3.2592,3.2762,3.3018,3.361
20161227,2.264,2.547,2.786,3.2842,3.2512,3.2718,3.2973,3.3598
20161226,2.294,2.545,2.783,3.2716,3.2414,3.2672,3.2928,3.3575
20161223,2.323,2.543,2.776,3.2558,3.2337,3.2515,3.2873,3.3546
20161222,2.341,2.544,2.77,3.2371,3.2267,3.2442,3.2827,3.3455
20161221,2.345,2.544,2.76,3.221,3.2164,3.2312,3.2767,3.3349
20161220,2.345,2.5375,2.7465,3.2,3.204,3.222,3.2661,3.3186
20161219,2.335,2.525,2.726,3.1695,3.1898,3.2099,3.2502,3.3059
20161216,2.33,2.519,2.712,3.1545,3.1774,3.1985,3.2418,3.2986
20161215,2.311,2.505,2.705,3.1245,3.1635,3.1842,3.2275,3.2855
20161214,2.3,2.499,2.6994,3.1072,3.1568,3.1731,3.2082,3.2741
20161213,2.296,2.496,2.694,3.0916,3.1498,3.1607,3.1942,3.2606
20161212,2.292,2.494,2.686,3.0756,3.1377,3.1464,3.1816,3.246
20161209,2.2925,2.4928,2.682,3.056,3.1265,3.144,3.176,3.2391
20161208,2.2908,2.4908,2.6785,3.03,3.1144,3.1399,3.1696,3.231
20161207,2.292,2.491,2.675,2.9996,3.1134,3.1383,3.1655,3.2197
20161206,2.299,2.493,2.666,2.9756,3.1039,3.1226,3.1442,3.2066
20161205,2.308,2.497,2.662,2.9457,3.0889,3.1057,3.1211,3.1853
20161202,2.32,2.501,2.658,2.9163,3.0686,3.0868,3.1001,3.173
20161201,2.325,2.502,2.653,2.893,3.0556,3.0771,3.0902,3.16
20161130,2.316,2.496,2.638,2.8697,3.0358,3.0604,3.0714,3.1491
20161129,2.302,2.481,2.618,2.8565,3.0172,3.0434,3.0535,3.131
20161128,2.298,2.466,2.607,2.8446,3.0113,3.0331,3.0445,3.1199
20161125,2.289,2.458,2.603,2.826,3.0026,3.0201,3.0349,3.1088
20161124,2.282,2.452,2.602,2.8199,2.9956,3.0104,3.0289,3.0976
20161123,2.277,2.451,2.601,2.8089,2.9857,3.0036,3.0184,3.0853
20161122,2.273,2.45,2.597,2.799,2.9765,2.996,3.014,3.0825
20161121,2.271,2.448,2.593,2.7894,2.9701,2.9852,3.0069,3.0782
20161118,2.265,2.444,2.585,2.7739,2.9505,2.9715,2.999,3.0712
20161117,2.259,2.436,2.581,2.7608,2.9325,2.9526,2.9888,3.0605
20161116,2.257,2.428,2.574,2.7545,2.9125,2.938,2.9792,3.054
20161115,2.247,2.415,2.569,2.7511,2.8955,2.9303,2.9738,3.049
20161114,2.231,2.407,2.565,2.7508,2.8846,2.923,2.968,3.048
20161111,2.211,2.402,2.563,2.7476,2.8751,2.9209,2.965,3.045
20161110,2.196,2.393,2.563,2.746,2.8701,2.9185,2.964,3.044
20161109,2.182,2.389,2.562,2.745,2.8655,2.9154,2.9635,3.0415
20161108,2.187,2.392,2.565,2.747,2.8648,2.9137,2.961,3.041
20161107,2.206,2.399,2.567,2.7489,2.8576,2.9112,2.9599,3.041
20161104,2.232,2.405,2.57,2.7489,2.8458,2.9064,2.9587,3.0408
20161103,2.245,2.408,2.572,2.749,2.838,2.9034,2.9562,3.038
20161102,2.2492,2.414,2.573,2.7509,2.8296,2.9032,2.952,3.035
20161101,2.252,2.416,2.573,2.7486,2.8254,2.902,2.952,3.032
20161031,2.253,2.418,2.573,2.7453,2.8233,2.9,2.951,3.032
20161028,2.254,2.415,2.573,2.7427,2.8221,2.898,2.9485,3.032
20161027,2.254,2.411,2.57,2.7365,2.8207,2.895,2.945,3.031
20161026,2.248,2.409,2.566,2.7347,2.8164,2.894,2.944,3.03
20161025,2.238,2.404,2.56,2.7265,2.814,2.893,2.943,3.03
20161024,2.231,2.404,2.556,2.7245,2.813,2.891,2.9409,3.029
20161021,2.222,2.401,2.554,2.7242,2.8096,2.8899,2.9387,3.028
20161020,2.208,2.397,2.553,2.7213,2.8054,2.8889,2.9361,3.028
20161019,2.196,2.39,2.55,2.7133,2.804,2.8887,2.9309,3.028
20161018,2.173,2.381,2.544,2.7121,2.804,2.887,2.9284,3.0275
20161017,2.159,2.375,2.542,2.7101,2.804,2.887,2.9284,3.0275
20161014,2.153,2.374,2.541,2.711,2.8025,2.887,2.9284,3.0275
20161013,2.151,2.378,2.543,2.7125,2.8025,2.8877,2.9284,3.0275
20161012,2.15,2.383,2.545,2.7148,2.8015,2.887,2.9284,3.0275
20161011,2.153,2.394,2.552,2.718,2.8015,2.887,2.9284,3.0275
20161010,2.162,2.41,2.561,2.725,2.8015,2.887,2.9284,3.0275
20161009,2.175,2.425,2.574,2.73,2.8015,2.887,2.9284,3.0275
20161008,2.193,2.442,2.588,2.736,2.8015,2.887,2.9284,3.0275
20160930,2.327,2.477,2.602,2.741,2.8015,2.887,2.9284,3.0265
20160929,2.188,2.487,2.602,2.743,2.8015,2.887,2.9284,3.0265
20160928,2.178,2.476,2.595,2.7396,2.8015,2.887,2.9284,3.0265
20160927,2.166,2.459,2.589,2.7353,2.8025,2.887,2.9284,3.0265
20160926,2.164,2.439,2.581,2.733,2.804,2.8899,2.9283,3.0265
20160923,2.1668,2.406,2.577,2.7298,2.804,2.8888,2.928,3.0275
20160922,2.168,2.408,2.56,2.7177,2.803,2.8875,2.9249,3.0275
20160921,2.167,2.405,2.54,2.7069,2.8009,2.8843,2.924,3.0275
20160920,2.159,2.4,2.533,2.699,2.799,2.8823,2.9248,3.0275
20160919,2.154,2.397,2.531,2.695,2.796,2.8822,2.9226,3.0275
20160918,2.14,2.394,2.522,2.6896,2.7919,2.8815,2.921,3.0275
20160914,2.128,2.392,2.519,2.686,2.7885,2.8794,2.921,3.0265
20160913,2.108,2.3855,2.5165,2.6792,2.785,2.8789,2.921,3.0265
20160912,2.095,2.378,2.516,2.6767,2.7849,2.8789,2.921,3.0265
20160909,2.085,2.3765,2.517,2.677,2.7831,2.879,2.921,3.0255
20160908,2.081,2.37,2.52,2.6745,2.781,2.877,2.921,3.0255
20160907,2.0803,2.368,2.529,2.677,2.781,2.879,2.921,3.0265
20160906,2.077,2.368,2.536,2.682,2.7845,2.8805,2.92,3.0265
20160905,2.07,2.369,2.544,2.686,2.786,2.884,2.921,3.0255
20160902,2.066,2.369,2.555,2.69,2.788,2.886,2.924,3.0265
20160901,2.066,2.368,2.5713,2.696,2.791,2.8895,2.9255,3.026
20160831,2.065,2.369,2.583,2.696,2.794,2.8915,2.9265,3.027
20160830,2.063,2.366,2.602,2.696,2.795,2.8915,2.9265,3.025
20160829,2.049,2.364,2.621,2.696,2.795,2.894,2.927,3.027
20160826,2.044,2.362,2.637,2.697,2.796,2.895,2.927,3.027
20160825,2.044,2.364,2.647,2.6998,2.795,2.896,2.927,3.027
20160824,2.043,2.362,2.641,2.6976,2.794,2.896,2.927,3.027
20160823,2.033,2.352,2.632,2.696,2.793,2.895,2.926,3.026
20160822,2.0233,2.3467,2.6333,2.6978,2.7944,2.8967,2.9267,3.0267
20160819,2.023,2.347,2.631,2.696,2.793,2.896,2.926,3.027
20160818,2.023,2.347,2.634,2.696,2.794,2.895,2.927,3.026
20160817,2.022,2.345,2.635,2.698,2.796,2.897,2.927,3.026
20160816,2.022,2.343,2.637,2.702,2.7995,2.898,2.9295,3.026
20160815,2.0233,2.3411,2.64,2.7056,2.8028,2.9,2.9318,3.0278
20160812,2.021,2.336,2.636,2.705,2.8045,2.9,2.9309,3.026
20160811,2.021,2.332,2.636,2.705,2.805,2.901,2.9335,3.027
20160810,2.017,2.325,2.636,2.709,2.8085,2.9045,2.9347,3.026
20160809,2.01,2.317,2.635,2.714,2.8105,2.9055,2.937,3.025
20160808,2.005,2.316,2.639,2.721,2.815,2.907,2.94,3.026
20160805,2.002,2.317,2.649,2.729,2.8185,2.9105,2.9445,3.028
20160804,2.002,2.324,2.657,2.739,2.822,2.917,2.9484,3.03
20160803,2.004,2.332,2.666,2.755,2.8335,2.9225,2.9535,3.0335
20160802,2.008,2.338,2.675,2.761,2.839,2.928,2.9595,3.0358
20160801,2.012,2.343,2.683,2.7665,2.844,2.934,2.9646,3.0378
20160729,2.017,2.348,2.692,2.773,2.846,2.936,2.9658,3.038
20160728,2.028,2.359,2.695,2.775,2.8465,2.9385,2.9656,3.039
20160727,2.038,2.36,2.696,2.777,2.849,2.9446,2.9705,3.041
20160726,2.037,2.348,2.691,2.779,2.851,2.9455,2.974,3.041
20160725,2.032,2.332,2.68,2.78,2.854,2.948,2.976,3.041
20160722,2.023,2.321,2.678,2.784,2.856,2.954,2.981,3.044
20160721,2.008,2.311,2.677,2.786,2.8575,2.955,2.982,3.046
20160720,2.005,2.308,2.679,2.794,2.8615,2.956,2.985,3.045
20160719,2.003,2.308,2.684,2.795,2.865,2.957,2.985,3.048
20160718,1.996,2.307,2.688,2.799,2.87,2.959,2.985,3.048
20160715,1.996,2.308,2.693,2.803,2.877,2.964,2.986,3.047
20160714,1.993,2.31,2.703,2.81,2.888,2.966,2.994,3.047
20160713,1.993,2.313,2.718,2.823,2.907,2.9715,2.996,3.049
20160712,1.994,2.319,2.732,2.837,2.924,2.975,2.997,3.05
20160711,1.996,2.323,2.741,2.845,2.931,2.9775,2.999,3.05
20160708,1.996,2.327,2.753,2.8495,2.936,2.983,3.0,3.05
20160707,1.997,2.33,2.76,2.8535,2.9455,2.987,3.0,3.05
20160706,1.999,2.337,2.774,2.856,2.953,2.989,3.0,3.05
20160705,2.007,2.344,2.786,2.86,2.9605,2.99,3.0012,3.05
20160704,2.014,2.355,2.794,2.869,2.9672,2.99,3.0012,3.05
20160701,2.027,2.365,2.801,2.877,2.9661,2.9899,3.0012,3.05
20160630,2.037,2.385,2.8,2.887,2.9659,2.9887,3.0012,3.05
20160629,2.038,2.386,2.8,2.89,2.9639,2.9865,3.0012,3.051
20160628,2.04,2.381,2.796,2.8899,2.9638,2.9845,3.0012,3.051
20160627,2.038,2.375,2.792,2.8886,2.9618,2.9845,3.0019,3.051
20160624,2.035,2.371,2.784,2.8852,2.9626,2.9825,2.9985,3.051
20160623,2.032,2.358,2.776,2.8813,2.9605,2.9835,2.9945,3.051
20160622,2.027,2.355,2.759,2.8768,2.9593,2.9835,2.9945,3.051
20160621,2.019,2.354,2.751,2.8728,2.9573,2.9845,2.9945,3.051
20160620,2.01,2.351,2.744,2.8675,2.9572,2.9845,2.9945,3.051
20160617,2.005,2.346,2.738,2.859,2.9568,2.9844,2.9945,3.05
20160616,2.002,2.343,2.726,2.8535,2.9523,2.9834,2.9945,3.05
20160615,2.0,2.341,2.725,2.844,2.9521,2.9834,2.994,3.05
20160614,2.0,2.341,2.731,2.844,2.9508,2.9834,2.9944,3.05
20160613,2.0,2.342,2.737,2.844,2.9476,2.9833,2.993,3.05
20160612,2.0,2.343,2.741,2.842,2.946,2.982,2.993,3.05
20160608,2.0,2.341,2.752,2.838,2.946,2.982,2.993,3.05
20160607,2.0,2.34,2.754,2.838,2.946,2.9834,2.9935,3.05
20160606,1.998,2.337,2.757,2.839,2.946,2.9833,2.992,3.05
20160603,1.999,2.338,2.757,2.835,2.947,2.9833,2.993,3.05
20160602,2.004,2.342,2.763,2.838,2.946,2.9823,2.992,3.05
20160601,2.006,2.337,2.762,2.842,2.946,2.9823,2.992,3.05
20160531,2.01,2.338,2.771,2.846,2.946,2.9822,2.992,3.05
20160530,2.002,2.334,2.776,2.846,2.9455,2.9822,2.992,3.05
20160527,2.001,2.333,2.777,2.846,2.942,2.9822,2.992,3.05
20160526,2.001,2.332,2.775,2.845,2.941,2.981,2.993,3.05
20160525,2.001,2.331,2.779,2.842,2.9385,2.982,2.993,3.05
20160524,2.002,2.33,2.778,2.842,2.933,2.9807,2.9908,3.05
20160523,2.004,2.33,2.779,2.84,2.93,2.9762,2.9865,3.05
20160520,2.008,2.331,2.782,2.839,2.9288,2.9716,2.9843,3.05
20160519,2.01,2.331,2.783,2.837,2.9273,2.9655,2.9823,3.05
20160518,2.011,2.332,2.782,2.839,2.9227,2.9636,2.9822,3.05
20160517,2.011,2.331,2.785,2.835,2.9158,2.9552,2.9812,3.049
20160516,2.005,2.327,2.786,2.834,2.9075,2.9516,2.981,3.047
20160513,2.002,2.324,2.785,2.834,2.9035,2.9452,2.979,3.045
20160512,2.0,2.325,2.787,2.835,2.8955,2.9418,2.979,3.044
20160511,1.999,2.324,2.789,2.838,2.894,2.9385,2.978,3.043
20160510,1.999,2.323,2.792,2.841,2.892,2.9345,2.977,3.042
20160509,1.999,2.323,2.79,2.841,2.892,2.9325,2.977,3.042
20160506,2.0,2.326,2.794,2.842,2.894,2.9335,2.977,3.042
20160505,2.001,2.329,2.794,2.846,2.896,2.9345,2.977,3.042
20160504,2.0,2.328,2.797,2.845,2.899,2.933,2.977,3.042
20160503,2.0033,2.34,2.8011,2.8489,2.9044,2.93,2.9767,3.0422
20160429,2.049,2.386,2.823,2.853,2.908,2.927,2.975,3.042
20160428,2.021,2.368,2.812,2.8415,2.8925,2.9166,2.9712,3.042
20160427,2.024,2.346,2.801,2.833,2.883,2.912,2.9712,3.042
20160426,2.036,2.341,2.795,2.829,2.8775,2.907,2.9708,3.042
20160425,2.045,2.342,2.787,2.823,2.8735,2.904,2.967,3.042
20160422,2.038,2.334,2.77,2.8115,2.868,2.9025,2.9676,3.042
20160421,2.029,2.332,2.757,2.8055,2.861,2.8965,2.967,3.042
20160420,2.018,2.322,2.751,2.803,2.851,2.894,2.967,3.042
20160419,2.004,2.305,2.743,2.8,2.85,2.894,2.9675,3.043
20160418,1.998,2.302,2.742,2.799,2.848,2.893,2.967,3.042
20160415,1.995,2.301,2.743,2.799,2.848,2.894,2.967,3.044
20160414,1.999,2.304,2.741,2.799,2.8487,2.8928,2.967,3.042
20160413,1.996,2.302,2.739,2.799,2.8485,2.8905,2.966,3.042
20160412,1.993,2.295,2.737,2.797,2.847,2.8875,2.965,3.043
20160411,1.985,2.291,2.738,2.797,2.8485,2.885,2.965,3.042
20160408,1.98,2.287,2.741,2.798,2.8455,2.8828,2.966,3.047
20160407,1.9783,2.289,2.745,2.8,2.847,2.8825,2.968,3.048
20160406,1.983,2.294,2.763,2.8068,2.845,2.8805,2.968,3.049
20160405,1.993,2.302,2.812,2.8212,2.846,2.878,2.9683,3.05
20160401,2.014,2.32,2.821,2.816,2.8385,2.872,2.969,3.051
20160331,2.017,2.325,2.788,2.807,2.8248,2.87,2.97,3.051
20160330,2.004,2.312,2.73,2.7665,2.8115,2.869,2.97,3.052
20160329,1.996,2.303,2.678,2.729,2.8002,2.866,2.97,3.054
20160328,1.992,2.301,2.657,2.706,2.797,2.868,2.971,3.055
20160325,1.989,2.3,2.635,2.702,2.797,2.87,2.9746,3.055
20160324,1.995,2.297,2.627,2.704,2.799,2.8792,2.978,3.055
20160323,2.0,2.301,2.625,2.7025,2.798,2.884,2.98,3.0555
20160322,2.007,2.305,2.616,2.699,2.797,2.887,2.985,3.058
20160321,1.998,2.302,2.606,2.692,2.795,2.892,2.992,3.0635
20160318,1.99,2.295,2.553,2.662,2.793,2.902,2.995,3.0685
20160317,1.97,2.288,2.551,2.662,2.791,2.916,3.003,3.078
20160316,1.956,2.282,2.552,2.6585,2.793,2.9302,3.011,3.09
20160315,1.953,2.281,2.558,2.659,2.793,2.936,3.011,3.091
20160314,1.949,2.281,2.556,2.659,2.793,2.94,3.014,3.093
20160311,1.945,2.282,2.561,2.666,2.799,2.949,3.016,3.0955
20160310,1.947,2.28,2.568,2.678,2.804,2.959,3.02,3.101
20160309,1.95,2.292,2.57,2.683,2.807,2.972,3.026,3.106
20160308,1.95,2.293,2.574,2.689,2.814,2.976,3.033,3.112
20160307,1.951,2.294,2.581,2.696,2.823,2.98,3.044,3.121
20160304,1.95,2.295,2.592,2.703,2.832,2.989,3.051,3.125
20160303,1.957,2.297,2.613,2.716,2.84,2.993,3.057,3.134
20160302,1.962,2.3,2.658,2.738,2.857,2.996,3.068,3.145
20160301,1.968,2.308,2.695,2.795,2.8835,3.01,3.078,3.1735
20160229,2.007,2.335,2.678,2.8,2.899,3.022,3.089,3.186
20160226,2.048,2.345,2.622,2.785,2.899,3.03,3.097,3.192
20160225,2.004,2.321,2.517,2.757,2.899,3.0252,3.097,3.197
20160224,1.956,2.295,2.48,2.759,2.901,3.0255,3.103,3.204
20160223,1.933,2.283,2.464,2.775,2.927,3.0402,3.11,3.21
20160222,1.934,2.286,2.46,2.801,2.947,3.056,3.123,3.219
20160219,1.938,2.286,2.474,2.839,2.967,3.074,3.139,3.234
20160218,1.951,2.285,2.506,2.884,3.004,3.1,3.155,3.25
20160217,1.968,2.297,2.52,2.938,3.014,3.1,3.156,3.25
20160216,1.974,2.297,2.519,2.957,3.029,3.1,3.158,3.25
20160215,1.977,2.3,2.54,2.979,3.041,3.104,3.163,3.25
20160214,1.978,2.313,2.57,2.999,3.0495,3.1065,3.1665,3.251
20160206,2.281,2.353,2.853,3.044,3.058,3.1075,3.169,3.251
20160205,1.984,2.448,2.897,3.079,3.06,3.108,3.1742,3.25
20160204,1.983,2.455,2.903,3.089,3.061,3.109,3.177,3.253
20160203,1.983,2.453,2.894,3.095,3.071,3.113,3.178,3.262
20160202,1.984,2.455,2.892,3.101,3.081,3.1195,3.184,3.265
20160201,1.987,2.444,2.875,3.127,3.082,3.1188,3.184,3.265
20160129,1.989,2.33,2.916,3.168,3.103,3.1225,3.1836,3.265
20160128,1.992,2.362,2.945,3.134,3.107,3.1205,3.1806,3.265
20160127,1.995,2.359,2.931,3.092,3.104,3.121,3.181,3.265
20160126,1.997,2.363,2.9,3.057,3.073,3.1235,3.1842,3.2682
20160125,2.009,2.376,2.843,3.019,3.0415,3.118,3.18,3.259
20160122,2.028,2.4,2.836,2.99,3.031,3.113,3.178,3.256
20160121,2.014,2.405,2.812,2.918,2.986,3.103,3.174,3.253
20160120,1.983,2.341,2.729,2.874,2.9705,3.104,3.172,3.253
20160119,1.959,2.316,2.726,2.881,2.976,3.105,3.174,3.25
20160118,1.954,2.308,2.73,2.886,2.985,3.118,3.188,3.2705
20160115,1.956,2.303,2.738,2.899,3.008,3.136,3.211,3.295
20160114,1.95,2.3,2.756,2.931,3.027,3.152,3.232,3.318
20160113,1.95,2.3,2.773,2.967,3.041,3.163,3.24,3.3345
20160112,1.951,2.3,2.798,2.998,3.053,3.172,3.246,3.34
20160111,1.951,2.303,2.817,2.998,3.0585,3.1783,3.248,3.344
20160108,1.958,2.308,2.867,2.999,3.067,3.1856,3.249,3.345
20160107,1.966,2.313,2.895,2.9995,3.0746,3.191,3.25,3.346
20160106,1.98,2.322,2.9,3.0,3.082,3.194,3.25,3.347
20160105,1.998,2.33,2.902,3.001,3.086,3.2,3.25,3.35
20160104,1.995,2.335,2.904,3.001,3.086,3.2,3.25,3.35
20171229,2.84,2.954,3.989,4.9352,4.9133,4.8823,4.7207,4.7581
20171228,2.672,2.925,3.972,4.932,4.9123,4.8821,4.7166,4.761
20171227,2.666,2.905,3.957,4.93,4.9129,4.8804,4.7154,4.7594
20171226,2.589,2.892,3.935,4.9277,4.909,4.8839,4.7131,4.7631
20171225,2.569,2.881,3.9194,4.9162,4.9092,4.8885,4.7102,4.7605
20171222,2.612,2.867,3.909,4.8402,4.8908,4.8698,4.7051,4.7489
20171221,2.665,2.871,3.904,4.7718,4.8676,4.8473,4.7005,4.7382
20171220,2.73,2.874,3.898,4.7377,4.8559,4.8322,4.6943,4.7219
20171219,2.741,2.873,3.891,4.6869,4.8385,4.812,4.6926,4.6987
20171218,2.723,2.871,3.883,4.6382,4.8348,4.8097,4.6852,4.697
20171215,2.724,2.871,3.871,4.5814,4.8175,4.8067,4.6817,4.6997
20171214,2.803,2.868,3.87,4.5534,4.8144,4.7963,4.6765,4.6862
20171213,2.788,2.851,3.863,4.524,4.8039,4.7821,4.6647,4.6716
20171212,2.726,2.83,3.857,4.4898,4.799,4.7703,4.6565,4.6651
20171211,2.688,2.818,3.851,4.4574,4.7992,4.7629,4.6542,4.6607
20171208,2.608,2.799,3.851,4.4335,4.7918,4.7485,4.652,4.6562
20171207,2.585,2.791,3.851,4.395,4.7873,4.7343,4.6492,4.6519
20171206,2.573,2.787,3.849,4.3394,4.783,4.7322,4.6418,4.6486
20171205,2.579,2.799,3.853,4.3039,4.7901,4.7312,4.6378,4.6459
20171204,2.6,2.816,3.86,4.2384,4.7804,4.722,4.6273,4.6383
20171201,2.642,2.851,3.876,4.1632,4.7639,4.7093,4.623,4.6329
20171130,2.788,2.898,3.884,4.072,4.7594,4.703,4.62,4.629
20171129,2.683,2.877,3.881,4.037,4.7438,4.6796,4.6093,4.6194
20171128,2.799,2.883,3.879,4.0367,4.728,4.666,4.6028,4.6138
20171127,2.819,2.883,3.875,4.0368,4.7103,4.6495,4.5975,4.6072
20171124,2.797,2.873,3.872,4.0379,4.6722,4.6344,4.5907,4.6018
20171123,2.803,2.871,3.87,4.0388,4.6518,4.6236,4.5862,4.5971
20171122,2.809,2.868,3.86,4.0376,4.6375,4.6159,4.582,4.5904
20171121,2.808,2.861,3.853,4.0351,4.6243,4.6086,4.5694,4.5835
20171120,2.786,2.859,3.85,4.0301,4.6222,4.606,4.5636,4.575
20171117,2.738,2.865,3.846,4.0307,4.6016,4.5804,4.5553,4.5704
20171116,2.8,2.886,3.843,4.027,4.5656,4.5437,4.5225,4.5432
20171115,2.806,2.886,3.84,4.0164,4.5455,4.5227,4.4946,4.5018
20171114,2.827,2.8765,3.833,4.0144,4.5346,4.4968,4.4686,4.4778
20171113,2.787,2.8592,3.8228,4.0132,4.5155,4.4675,4.4583,4.4661
20171110,2.717,2.8455,3.812,4.0104,4.4747,4.4569,4.4482,4.4573
20171109,2.646,2.811,3.8,4.0034,4.4568,4.4489,4.4403,4.4497
20171108,2.595,2.7892,3.798,3.9935,4.4377,4.439,4.4345,4.4422
20171107,2.552,2.7878,3.7999,3.9975,4.4314,4.4319,4.4255,4.4402
20171106,2.512,2.797,3.8122,4.0059,4.4294,4.4297,4.4237,4.4364
20171103,2.5772,2.8249,3.8287,4.0133,4.4217,4.4165,4.4235,4.4338
20171102,2.626,2.859,3.836,4.0289,4.4099,4.4101,4.4171,4.4287
20171101,2.739,2.894,3.85,4.029,4.408,4.4034,4.4114,4.4223
20171031,2.736,2.894,3.846,4.027,4.3954,4.3978,4.4063,4.4176
20171030,2.72,2.888,3.8343,4.02,4.3926,4.3936,4.402,4.4107
20171027,2.7181,2.8788,3.8206,4.0194,4.3901,4.3926,4.4001,4.4045
20171026,2.6937,2.8699,3.807,4.019,4.3845,4.3916,4.3988,4.4049
20171025,2.664,2.8594,3.802,4.0188,4.383,4.3891,4.398,4.4029
20171024,2.634,2.8343,3.795,4.0186,4.3803,4.3892,4.398,4.4017
20171023,2.616,2.8341,3.7879,4.02,4.3793,4.3888,4.398,4.4032
20171020,2.5782,2.8379,3.7812,4.0235,4.3758,4.3883,4.399,4.4032
20171019,2.592,2.8405,3.7758,4.0285,4.3737,4.3892,4.3977,4.4016
20171018,2.596,2.8468,3.7719,4.0342,4.3729,4.3887,4.3978,4.4018
20171017,2.6003,2.8483,3.7732,4.0356,4.3711,4.388,4.3979,4.4015
20171016,2.594,2.848,3.7784,4.0427,4.3668,4.3875,4.3978,4.4012
20171013,2.605,2.8516,3.7923,4.049,4.3599,4.3868,4.398,4.4017
20171012,2.657,2.886,3.7989,4.0512,4.3581,4.3877,4.3973,4.401
20171011,2.741,2.9247,3.8097,4.052,4.3555,4.3872,4.3983,4.4025
20171010,2.738,2.939,3.813,4.056,4.3541,4.3868,4.398,4.403
20171009,2.74,2.9201,3.818,4.0614,4.3502,4.3878,4.399,4.403
20170930,2.938,2.9671,3.8194,4.0693,4.3565,4.3863,4.3975,4.404
20170929,2.804,2.9639,3.8077,4.0743,4.3561,4.3865,4.3976,4.4043
20170928,2.917,2.9675,3.7929,4.0565,4.356,4.3866,4.398,4.4049
20170927,2.863,2.9494,3.791,4.0174,4.3565,4.3875,4.399,4.4048
20170926,2.837,2.9291,3.7811,4.0062,4.3558,4.3875,4.3978,4.404
20170925,2.758,2.8987,3.7719,3.9941,4.3578,4.3884,4.3977,4.4033
20170922,2.756,2.858,3.7659,3.9908,4.3611,4.39,4.399,4.4028
20170921,2.8057,2.869,3.7639,3.9897,4.3675,4.3919,4.397,4.4031
20170920,2.79,2.869,3.758,3.9854,4.367,4.3918,4.3989,4.404
20170919,2.832,2.868,3.7524,3.9815,4.3638,4.3903,4.3988,4.4032
20170918,2.756,2.844,3.737,3.9667,4.3643,4.3874,4.3976,4.4012
20170915,2.6958,2.832,3.7218,3.951,4.3647,4.387,4.398,4.4015
20170914,2.681,2.8239,3.713,3.9361,4.3675,4.3874,4.397,4.399
20170913,2.65,2.8056,3.7103,3.9305,4.3711,4.3891,4.3957,4.401
20170912,2.6483,2.8036,3.7085,3.9354,4.3768,4.3908,4.397,4.4009
20170911,2.644,2.8014,3.7085,3.9339,4.4034,4.3974,4.4011,4.4033
20170908,2.636,2.8023,3.7088,3.937,4.4281,4.4019,4.4011,4.4059
20170907,2.6406,2.8056,3.711,3.9335,4.4348,4.4014,4.4006,4.4055
20170906,2.641,2.8092,3.713,3.919,4.4271,4.3981,4.3965,4.4034
20170905,2.665,2.8202,3.715,3.9094,4.4173,4.3961,4.3942,4.4032
20170904,2.75,2.8572,3.7238,3.9032,4.4023,4.3919,4.3916,4.4017
20170901,2.813,2.8764,3.7262,3.892,4.3741,4.3861,4.3919,4.4023
20170831,2.831,2.8879,3.7336,3.892,4.3728,4.3884,4.3945,4.4038
20170830,2.9237,2.9266,3.75,3.9055,4.3867,4.3968,4.4018,4.4133
20170829,2.922,2.921,3.7447,3.8962,4.3765,4.3937,4.4008,4.4107
20170828,2.851,2.9064,3.7399,3.8915,4.374,4.3924,4.3975,4.4078
20170825,2.855,2.9098,3.739,3.8872,4.3689,4.3898,4.3945,4.4068
20170824,2.8479,2.904,3.7385,3.8839,4.3619,4.3896,4.394,4.4051
20170823,2.8453,2.9028,3.7323,3.8757,4.3571,4.3892,4.3929,4.4041
20170822,2.8171,2.8985,3.7279,3.8712,4.3505,4.3872,4.3924,4.4032
20170821,2.8482,2.897,3.7247,3.8671,4.3464,4.3847,4.3923,4.402
20170818,2.8355,2.894,3.7154,3.8644,4.344,4.3836,4.3912,4.401
20170817,2.8352,2.8927,3.708,3.8582,4.3417,4.3818,4.3899,4.4
20170816,2.8213,2.88,3.702,3.85,4.3363,4.3787,4.3892,4.4
20170815,2.798,2.874,3.7,3.848,4.3268,4.3795,4.3888,4.3999
20170814,2.7743,2.868,3.7,3.8512,4.3148,4.3763,4.3859,4.3981
20170811,2.79,2.8725,3.7,3.8627,4.2979,4.3673,4.3837,4.3985
20170810,2.797,2.8767,3.702,3.8691,4.2867,4.3636,4.3836,4.3985
20170809,2.8018,2.8821,3.702,3.8756,4.2818,4.3633,4.3823,4.398
20170808,2.784,2.871,3.701,3.8755,4.2735,4.3614,4.3821,4.397
20170807,2.736,2.865,3.699,3.8781,4.2733,4.3573,4.3821,4.398
20170804,2.721,2.8657,3.7,3.8828,4.2724,4.3562,4.3822,4.3979
20170803,2.807,2.884,3.7037,3.8884,4.2704,4.3563,4.3838,4.3982
20170802,2.832,2.892,3.707,3.8875,4.2681,4.3521,4.3837,4.3961
20170801,2.8093,2.886,3.708,3.8886,4.2631,4.3518,4.3815,4.3931
20170731,2.806,2.882,3.705,3.889,4.2561,4.3493,4.379,4.3881
20170728,2.8152,2.877,3.703,3.8915,4.2514,4.3481,4.3761,4.3892
20170727,2.786,2.8626,3.703,3.8994,4.25,4.3432,4.376,4.3908
20170726,2.725,2.849,3.6997,3.9086,4.251,4.3434,4.3759,4.3904
20170725,2.7147,2.849,3.698,3.9205,4.254,4.3444,4.377,4.3935
20170724,2.708,2.845,3.699,3.93,4.255,4.3453,4.3782,4.396
20170721,2.733,2.847,3.702,3.9497,4.255,4.3517,4.3804,4.3977
20170720,2.7534,2.853,3.705,3.9792,4.2551,4.3597,4.3812,4.3976
20170719,2.722,2.842,3.6973,3.992,4.26,4.3685,4.3854,4.4008
20170718,2.701,2.8293,3.6926,3.9989,4.2666,4.3692,4.3879,4.4034
20170717,2.6329,2.8057,3.6809,4.012,4.2706,4.379,4.3929,4.405
20170714,2.627,2.803,3.686,4.0397,4.281,4.385,4.395,4.4051
20170713,2.659,2.8184,3.694,4.0675,4.29,4.3879,4.3978,4.4074
20170712,2.646,2.8156,3.6918,4.0848,4.3088,4.3909,4.3961,4.4066
20170711,2.621,2.812,3.691,4.1205,4.3212,4.3995,4.398,4.4075
20170710,2.549,2.784,3.693,4.161,4.3421,4.4006,4.398,4.4073
20170707,2.533,2.7858,3.699,4.215,4.3607,4.41,4.398,4.4091
20170706,2.5473,2.7919,3.708,4.2762,4.3876,4.4274,4.399,4.4108
20170705,2.583,2.8028,3.7206,4.338,4.4285,4.4431,4.4,4.413
20170704,2.6897,2.8299,3.7342,4.3987,4.4606,4.4569,4.4,4.4162
20170703,2.72,2.841,3.745,4.4252,4.4857,4.47,4.4005,4.4193
20170630,2.618,2.8455,3.751,4.4608,4.5009,4.4743,4.4006,4.4203
20170629,2.539,2.8507,3.7595,4.4955,4.5211,4.4833,4.402,4.4193
20170628,2.5596,2.8577,3.762,4.5219,4.5522,4.4998,4.4086,4.4299
20170627,2.626,2.8834,3.765,4.548,4.5833,4.5134,4.411,4.433
20170626,2.717,2.9063,3.764,4.5738,4.6125,4.521,4.4154,4.4369
20170623,2.81,2.936,3.7634,4.589,4.63,4.5277,4.4167,4.4345
20170622,2.869,2.9432,3.7333,4.607,4.6521,4.5306,4.4177,4.4342
20170621,2.889,2.9429,3.687,4.6322,4.688,4.5349,4.4181,4.4359
20170620,2.8776,2.93,3.6501,4.6584,4.7141,4.5389,4.414,4.4368
20170619,2.8635,2.9204,3.6223,4.6979,4.747,4.543,4.4094,4.431
20170616,2.8528,2.914,3.5833,4.699,4.7613,4.5416,4.4064,4.4297
20170615,2.8317,2.9047,3.569,4.6946,4.7723,4.5353,4.4039,4.4264
20170614,2.825,2.9026,3.566,4.6826,4.7827,4.5326,4.3985,4.4231
20170613,2.832,2.9,3.557,4.6529,4.7827,4.5258,4.3949,4.4208
20170612,2.8302,2.8968,3.5495,4.6273,4.7763,4.5176,4.3891,4.4172
20170609,2.8275,2.8949,3.535,4.5854,4.7555,4.5056,4.3884,4.4116
20170608,2.8199,2.8939,3.526,4.5146,4.7306,4.4955,4.3836,4.406
20170607,2.809,2.8919,3.5119,4.4304,4.6988,4.4844,4.3758,4.3991
20170606,2.8419,2.8959,3.4992,4.3633,4.6577,4.4631,4.3668,4.3922
20170605,2.8167,2.894,3.493,4.283,4.6225,4.4542,4.3623,4.3862
20170602,2.7953,2.884,3.484,4.1892,4.6012,4.449,4.3529,4.3773
20170601,2.6525,2.866,3.4738,4.1013,4.5779,4.451,4.3487,4.37
20170531,2.6365,2.856,3.4711,4.0763,4.5641,4.4499,4.3443,4.3579
20170527,2.601,2.854,3.4664,4.0685,4.5528,4.4481,4.3414,4.3544
20170526,2.609,2.853,3.4644,4.0655,4.5424,4.4437,4.3346,4.3435
20170525,2.611,2.843,3.4576,4.0646,4.5338,4.4368,4.3251,4.3342
20170524,2.623,2.8426,3.4513,4.0643,4.5177,4.4262,4.3107,4.322
20170523,2.654,2.8571,3.4489,4.0624,4.4956,4.4215,4.2965,4.3137
20170522,2.6745,2.8679,3.4366,4.061,4.4744,4.4148,4.2881,4.3024
20170519,2.715,2.88,3.419,4.0571,4.4641,4.413,4.285,4.2925
20170518,2.7641,2.8867,3.4134,4.0525,4.4439,4.4043,4.2814,4.2864
20170517,2.7525,2.882,3.397,4.0495,4.4349,4.4021,4.2765,4.2831
20170516,2.746,2.8827,3.393,4.0477,4.4278,4.402,4.2727,4.2784
20170515,2.716,2.8833,3.389,4.0462,4.4184,4.3996,4.2679,4.2739
20170512,2.7911,2.9107,3.3872,4.0468,4.4088,4.3952,4.2665,4.2724
20170511,2.813,2.9294,3.3846,4.0507,4.4083,4.392,4.2644,4.2715
20170510,2.827,2.93,3.3805,4.0463,4.3933,4.3857,4.2623,4.2674
20170509,2.8199,2.9233,3.3752,4.0441,4.3848,4.3799,4.2557,4.2612
20170508,2.818,2.9091,3.3683,4.0447,4.3731,4.3744,4.251,4.2555
20170505,2.8348,2.9186,3.366,4.0469,4.3608,4.3664,4.2466,4.2512
20170504,2.8506,2.927,3.365,4.0436,4.3476,4.3602,4.2449,4.2503
20170503,2.8451,2.913,3.349,4.0361,4.3309,4.35,4.2412,4.2453
20170502,2.8175,2.873,3.317,4.027,4.3002,4.3397,4.2317,4.233
20170428,2.819,2.8699,3.3038,4.0237,4.2974,4.3364,4.2265,4.2296
20170427,2.792,2.8449,3.2935,4.0161,4.2917,4.3331,4.2244,4.2255
20170426,2.759,2.8203,3.2799,4.011,4.2884,4.3309,4.2232,4.2243
20170425,2.7514,2.814,3.268,4.01,4.2839,4.3288,4.2217,4.2228
20170424,2.7157,2.79,3.241,4.01,4.2789,4.3276,4.2164,4.2175
20170421,2.6163,2.76,3.229,4.0095,4.2781,4.3254,4.2139,4.2145
20170420,2.5987,2.758,3.2275,4.005,4.2725,4.3242,4.2096,4.2121
20170419,2.575,2.752,3.2125,4.0008,4.2661,4.3225,4.2069,4.2113
20170418,2.486,2.7175,3.188,3.9978,4.2621,4.3145,4.1999,4.2023
20170417,2.444,2.69,3.1735,3.9972,4.2609,4.3148,4.1989,4.2022
20170414,2.429,2.674,3.1617,3.9972,4.2634,4.3177,4.1989,4.2013
20170413,2.413,2.6566,3.1553,4.0016,4.2631,4.3166,4.1987,4.2022
20170412,2.3885,2.6631,3.1637,4.0132,4.2653,4.316,4.1968,4.2011
20170411,2.408,2.687,3.1897,4.0382,4.2774,4.322,4.1975,4.201
20170410,2.442,2.707,3.2203,4.0746,4.2906,4.332,4.1977,4.201
20170407,2.4957,2.741,3.249,4.118,4.301,4.339,4.197,4.2
20170406,2.537,2.7506,3.2754,4.1783,4.3183,4.345,4.197,4.2
20170405,2.4868,2.74,3.3053,4.2525,4.3355,4.347,4.197,4.2
20170401,2.497,2.778,3.356,4.317,4.3642,4.351,4.197,4.2
20170331,2.5384,2.85,3.405,4.3501,4.393,4.35,4.195,4.2
20170330,2.507,2.821,3.383,4.3843,4.3995,4.349,4.1942,4.2006
20170329,2.521,2.81,3.3544,4.3955,4.4135,4.353,4.1919,4.1952
20170328,2.448,2.791,3.3341,4.4105,4.423,4.356,4.1883,4.1918
20170327,2.482,2.7993,3.3378,4.4296,4.4364,4.3597,4.1829,4.1874
20170324,2.604,2.784,3.362,4.4581,4.4516,4.3663,4.1788,4.1835
20170323,2.657,2.807,3.365,4.4475,4.4396,4.3592,4.1772,4.1717
20170322,2.6507,2.791,3.3372,4.3959,4.4077,4.346,4.1713,4.1649
20170321,2.6477,2.768,3.307,4.3558,4.3846,4.3218,4.1621,4.1559
20170320,2.6325,2.7471,3.269,4.3172,4.3711,4.3091,4.1504,4.1435
20170317,2.633,2.725,3.236,4.2775,4.3507,4.2909,4.134,4.1246
20170316,2.441,2.6938,3.2137,4.2218,4.3267,4.2581,4.1094,4.1052
20170315,2.3869,2.656,3.1825,4.1537,4.2933,4.2205,4.0837,4.0818
20170314,2.3761,2.652,3.168,4.1343,4.2925,4.2146,4.0764,4.0678
20170313,2.379,2.649,3.163,4.1226,4.2925,4.2054,4.0648,4.0614
20170310,2.4019,2.655,3.161,4.1153,4.2942,4.2031,4.0604,4.0551
20170309,2.4076,2.659,3.159,4.1126,4.2943,4.201,4.0567,4.0539
20170308,2.4061,2.655,3.156,4.1052,4.2932,4.201,4.0527,4.0536
20170307,2.4041,2.644,3.14,4.1016,4.2918,4.201,4.0516,4.0527
20170306,2.4033,2.646,3.137,4.0951,4.2925,4.201,4.051,4.0511
20170303,2.369,2.659,3.138,4.0851,4.2905,4.2002,4.0499,4.051
20170302,2.4611,2.732,3.167,4.083,4.2904,4.2,4.0487,4.0492
20170301,2.4943,2.729,3.163,4.0763,4.2881,4.1998,4.0454,4.0497
20170228,2.493,2.728,3.158,4.08,4.2841,4.196,4.0437,4.0467
20170227,2.4338,2.711,3.15,4.082,4.2804,4.1922,4.0353,4.0407
20170224,2.4756,2.725,3.15,4.091,4.2829,4.19,4.0334,4.0362
20170223,2.5271,2.716,3.146,4.093,4.284,4.1881,4.0245,4.0305
20170222,2.4845,2.706,3.142,4.085,4.2778,4.1824,4.0155,4.0225
20170221,2.483,2.691,3.1388,4.082,4.2704,4.1755,4.0091,4.0102
20170220,2.4086,2.675,3.1295,4.075,4.2622,4.1665,4.0057,4.0064
20170217,2.36,2.664,3.1132,4.0652,4.2567,4.1567,4.0007,4.0005
20170216,2.333,2.6435,3.1098,4.0516,4.2518,4.1463,3.9924,3.9906
20170215,2.2658,2.627,3.1033,4.0312,4.2394,4.1381,3.9835,3.9846
20170214,2.261,2.6208,3.0988,4.016,4.2148,4.1012,3.9668,3.968
20170213,2.264,2.623,3.097,4.0052,4.2029,4.07,3.9503,3.953
20170210,2.2678,2.6233,3.0911,3.9938,4.1727,4.0217,3.9288,3.9352
20170209,2.272,2.634,3.0919,3.9839,4.144,4.0045,3.9084,3.9168
20170208,2.2765,2.633,3.0856,3.9601,4.1094,3.9722,3.8882,3.9019
20170207,2.281,2.6283,3.067,3.9304,4.016,3.9429,3.8751,3.882
20170206,2.278,2.628,3.0562,3.9031,3.9497,3.9195,3.847,3.8542
20170204,2.2571,2.648,3.0434,3.8907,3.9348,3.9039,3.8092,3.8214
20170203,2.218,2.652,3.0675,3.8761,3.9175,3.878,3.7705,3.786
20170126,2.5293,2.691,3.1763,3.851,3.8706,3.8377,3.7233,3.7396
20170125,2.165,2.684,3.0672,3.8295,3.8551,3.8146,3.7005,3.7136
20170124,2.164,2.662,3.0385,3.8142,3.8401,3.7802,3.6787,3.6905
20170123,2.175,2.637,3.0215,3.8118,3.8401,3.774,3.6666,3.6847
20170122,2.189,2.607,3.0131,3.808,3.8301,3.7628,3.6557,3.677
20170120,2.376,2.593,3.0077,3.8196,3.8213,3.7427,3.647,3.6691
20170119,2.364,2.538,2.9544,3.7951,3.803,3.7369,3.6398,3.6602
20170118,2.328,2.5042,2.855,3.7502,3.7491,3.6982,3.6272,3.6513
20170117,2.2563,2.4666,2.8076,3.7116,3.7222,3.6812,3.6117,3.6321
20170116,2.142,2.4239,2.7815,3.6852,3.7018,3.6617,3.5968,3.6102
20170113,2.104,2.398,2.7626,3.6718,3.6874,3.6461,3.5872,3.6014
20170112,2.103,2.394,2.743,3.6387,3.6536,3.6201,3.572,3.5838
20170111,2.104,2.39,2.753,3.5662,3.5853,3.5809,3.5495,3.5674
20170110,2.096,2.399,2.762,3.5314,3.5526,3.5481,3.5247,3.5533
20170109,2.094,2.41,2.765,3.4738,3.5152,3.5093,3.4962,3.5329
20170106,2.112,2.441,2.782,3.4101,3.4388,3.438,3.4413,3.4882
20170105,2.13,2.474,2.792,3.3578,3.3384,3.345,3.367,3.4311
20170104,2.172,2.545,2.805,3.3223,3.2912,3.3094,3.3391,3.3904
20170103,2.209,2.589,2.817,3.3126,3.2813,3.3037,3.331,3.3833
20181228,1.47,2.721,3.368,3.492,3.357,3.297,3.48,3.521
20181227,1.793,2.695,3.322,3.47,3.339,3.294,3.48,3.52
20181226,2.029,2.672,3.233,3.397,3.309,3.291,3.48,3.52
20181225,2.028,2.653,3.13,3.302,3.273,3.289,3.48,3.518
20181224,2.316,2.659,3.03,3.232,3.23,3.286,3.48,3.517
20181221,2.486,2.649,2.866,3.154,3.209,3.284,3.48,3.517
20181220,2.567,2.676,2.819,3.112,3.199,3.282,3.481,3.524
20181219,2.654,2.69,2.788,3.047,3.181,3.278,3.482,3.524
20181218,2.669,2.694,2.767,3.034,3.174,3.278,3.482,3.522
20181217,2.625,2.697,2.727,3.002,3.164,3.275,3.48,3.52
20181214,2.655,2.683,2.676,2.966,3.156,3.274,3.479,3.52
20181213,2.519,2.636,2.638,2.9,3.149,3.273,3.477,3.52
20181212,2.424,2.626,2.631,2.874,3.147,3.274,3.477,3.522
20181211,2.463,2.624,2.625,2.848,3.145,3.274,3.475,3.521
20181210,2.453,2.615,2.622,2.838,3.142,3.277,3.478,3.526
20181207,2.416,2.611,2.618,2.828,3.136,3.277,3.478,3.525
20181206,2.418,2.6,2.612,2.81,3.133,3.275,3.478,3.525
20181205,2.267,2.581,2.613,2.782,3.133,3.276,3.478,3.526
20181204,2.445,2.621,2.641,2.745,3.126,3.275,3.478,3.527
20181203,2.515,2.618,2.648,2.714,3.117,3.275,3.478,3.527
20181130,2.642,2.669,2.673,2.701,3.113,3.279,3.483,3.527
20181129,2.262,2.65,2.663,2.6969,3.1094,3.2767,3.4836,3.5278
20181128,2.539,2.65,2.663,2.699,3.104,3.277,3.486,3.528
20181127,2.556,2.643,2.664,2.697,3.096,3.278,3.487,3.527
20181126,2.498,2.644,2.661,2.693,3.085,3.277,3.488,3.525
20181123,2.356,2.628,2.655,2.691,3.073,3.275,3.491,3.529
20181122,2.456,2.642,2.668,2.697,3.064,3.281,3.495,3.535
20181121,2.579,2.656,2.678,2.697,3.06,3.287,3.504,3.544
20181120,2.609,2.665,2.677,2.696,3.053,3.294,3.505,3.543
20181119,2.551,2.643,2.65,2.686,3.035,3.293,3.51,3.551
20181116,2.345,2.629,2.641,2.684,3.023,3.297,3.513,3.553
20181115,2.339,2.629,2.638,2.685,3.01,3.296,3.512,3.55
20181114,2.325,2.632,2.638,2.685,3.008,3.298,3.512,3.554
20181113,2.468,2.633,2.636,2.685,3.004,3.3,3.516,3.558
20181112,2.309,2.624,2.627,2.675,3.001,3.3,3.51,3.553
20181109,2.038,2.599,2.617,2.671,3.001,3.3,3.509,3.552
20181108,1.978,2.6,2.619,2.678,3.0,3.299,3.506,3.55
20181107,2.0906,2.595,2.626,2.68,2.997,3.297,3.505,3.551
20181106,2.27,2.613,2.646,2.684,2.991,3.294,3.504,3.55
20181105,2.4345,2.638,2.652,2.691,2.986,3.294,3.505,3.55
20181102,2.477,2.649,2.662,2.694,2.981,3.296,3.505,3.55
20181101,2.547,2.673,2.691,2.696,2.976,3.297,3.504,3.55
20181031,2.37,2.715,2.73,2.689,2.963,3.298,3.504,3.55
20181030,1.566,2.598,2.64,2.663,2.957,3.295,3.501,3.55
20181029,1.852,2.609,2.651,2.672,2.958,3.297,3.502,3.55
20181026,2.067,2.618,2.65,2.673,2.952,3.297,3.502,3.55
20181025,2.215,2.63,2.651,2.675,2.948,3.297,3.505,3.552
20181024,2.393,2.631,2.653,2.675,2.924,3.296,3.498,3.544
20181023,2.451,2.635,2.653,2.672,2.903,3.289,3.488,3.532
20181022,2.475,2.632,2.65,2.663,2.871,3.277,3.471,3.516
20181019,2.445,2.622,2.648,2.655,2.842,3.267,3.456,3.507
20181018,2.427,2.611,2.637,2.651,2.832,3.26,3.453,3.504
20181017,2.353,2.604,2.632,2.651,2.818,3.254,3.45,3.505
20181016,2.373,2.603,2.633,2.658,2.8,3.253,3.45,3.505
20181015,2.377,2.612,2.637,2.668,2.801,3.253,3.451,3.505
20181012,2.439,2.615,2.644,2.682,2.8,3.25,3.453,3.505
20181011,2.36,2.611,2.65,2.692,2.801,3.251,3.455,3.506
20181010,2.398,2.618,2.673,2.705,2.81,3.253,3.459,3.502
20181009,2.502,2.633,2.703,2.734,2.816,3.258,3.464,3.504
20181008,2.536,2.657,2.766,2.781,2.836,3.269,3.476,3.512
20180930,2.653,2.766,3.473,2.802,2.847,3.287,3.489,3.521
20180929,2.073,2.783,3.31,2.802,2.846,3.285,3.489,3.521
20180928,2.445,2.73,3.127,2.8,2.843,3.282,3.486,3.527
20180927,2.46,2.722,2.986,2.799,2.838,3.275,3.484,3.526
20180926,2.553,2.711,2.879,2.785,2.83,3.267,3.475,3.523
20180925,2.543,2.692,2.791,2.771,2.827,3.257,3.461,3.52
20180921,2.514,2.654,2.746,2.754,2.815,3.248,3.453,3.516
20180920,2.519,2.659,2.733,2.753,2.812,3.241,3.448,3.512
20180919,2.562,2.668,2.719,2.751,2.818,3.235,3.453,3.513
20180918,2.654,2.685,2.719,2.753,2.82,3.233,3.449,3.514
20180917,2.466,2.639,2.706,2.749,2.822,3.227,3.448,3.516
20180914,2.489,2.645,2.714,2.756,2.83,3.224,3.452,3.5225
20180913,2.53,2.663,2.732,2.76,2.843,3.222,3.447,3.521
20180912,2.557,2.675,2.734,2.751,2.846,3.216,3.437,3.513
20180911,2.59,2.686,2.735,2.735,2.848,3.213,3.419,3.501
20180910,2.573,2.679,2.715,2.723,2.842,3.209,3.414,3.5
20180907,2.591,2.673,2.705,2.712,2.851,3.202,3.409,3.5
20180906,2.494,2.633,2.638,2.7,2.845,3.201,3.407,3.5
20180905,2.164,2.552,2.623,2.696,2.85,3.2,3.403,3.5
20180904,2.195,2.6,2.646,2.706,2.878,3.205,3.409,3.5
20180903,2.277,2.621,2.665,2.716,2.887,3.207,3.413,3.502
20180831,2.309,2.633,2.68,2.72,2.894,3.207,3.415,3.503
20180830,2.277,2.64,2.686,2.727,2.894,3.209,3.411,3.506
20180829,2.3895,2.646,2.702,2.742,2.897,3.207,3.411,3.509
20180828,2.4255,2.647,2.728,2.75,2.899,3.195,3.41,3.514
20180827,2.44,2.642,2.747,2.751,2.895,3.172,3.411,3.512
20180824,2.392,2.612,2.748,2.738,2.889,3.156,3.408,3.511
20180823,2.454,2.649,2.755,2.731,2.887,3.128,3.405,3.512
20180822,2.538,2.662,2.75,2.701,2.878,3.076,3.352,3.491
20180821,2.636,2.681,2.739,2.694,2.856,3.053,3.325,3.446
20180820,2.625,2.674,2.69,2.676,2.83,2.997,3.276,3.406
20180817,2.58,2.65,2.605,2.653,2.817,2.971,3.219,3.364
20180816,2.511,2.637,2.56,2.639,2.813,2.946,3.184,3.329
20180815,2.345,2.612,2.515,2.631,2.807,2.93,3.155,3.285
20180814,2.328,2.589,2.495,2.613,2.799,2.925,3.133,3.265
20180813,2.113,2.491,2.471,2.603,2.791,2.915,3.119,3.235
20180810,1.826,2.426,2.466,2.616,2.801,2.925,3.131,3.244
20180809,1.622,2.45,2.458,2.643,2.816,2.954,3.152,3.256
20180808,1.422,2.345,2.453,2.678,2.842,2.995,3.195,3.314
20180807,1.613,2.386,2.519,2.728,2.895,3.068,3.271,3.395
20180806,1.819,2.469,2.606,2.791,2.954,3.144,3.35,3.475
20180803,1.849,2.525,2.676,2.837,3.003,3.213,3.432,3.551
20180802,1.97,2.584,2.72,2.884,3.056,3.269,3.504,3.626
20180801,2.028,2.622,2.776,2.935,3.119,3.333,3.554,3.682
20180731,2.066,2.648,2.812,2.965,3.174,3.38,3.589,3.712
20180730,2.198,2.651,2.831,2.994,3.233,3.433,3.633,3.737
20180727,2.284,2.654,2.853,3.035,3.303,3.514,3.688,3.781
20180726,2.321,2.66,2.878,3.071,3.363,3.556,3.727,3.812
20180725,2.349,2.667,2.897,3.103,3.419,3.634,3.77,3.851
20180724,2.353,2.655,2.913,3.121,3.475,3.69,3.814,3.897
20180723,2.362,2.658,2.936,3.162,3.503,3.724,3.85,3.923
20180720,2.346,2.675,2.961,3.183,3.536,3.748,3.875,3.953
20180719,2.416,2.683,2.973,3.198,3.561,3.776,3.887,3.962
20180718,2.525,2.702,2.991,3.214,3.588,3.793,3.895,3.969
20180717,2.591,2.703,3.007,3.2151,3.601,3.8,3.901,3.969
20180716,2.557,2.699,3.018,3.21,3.608,3.8,3.903,3.962
20180713,2.48,2.686,3.027,3.208,3.613,3.799,3.902,3.961
20180712,2.487,2.686,3.031,3.222,3.626,3.805,3.908,3.969
20180711,2.406,2.679,3.045,3.241,3.632,3.82,3.911,3.976
20180710,2.308,2.657,3.068,3.285,3.649,3.847,3.928,3.994
20180709,1.991,2.602,3.104,3.34,3.682,3.87,3.946,4.009
20180706,1.967,2.588,3.176,3.446,3.74,3.904,3.976,4.039
20180705,2.132,2.605,3.292,3.571,3.818,3.97,4.033,4.082
20180704,2.199,2.662,3.493,3.732,3.919,4.051,4.097,4.149
20180703,2.42,2.719,3.658,3.8824,3.9944,4.1253,4.1703,4.2238
20180702,2.519,2.78,3.778,4.004,4.104,4.193,4.243,4.298
20180629,2.628,2.862,3.825,4.031,4.155,4.223,4.273,4.331
20180628,2.289,2.841,3.811,4.064,4.192,4.241,4.292,4.352
20180627,2.445,2.834,3.793,4.097,4.242,4.274,4.31,4.37
20180626,2.518,2.831,3.78,4.125,4.261,4.296,4.329,4.381
20180625,2.564,2.826,3.76,4.134,4.272,4.3,4.333,4.385
20180622,2.586,2.819,3.751,4.151,4.305,4.312,4.35,4.398
20180621,2.593,2.825,3.735,4.157,4.329,4.322,4.351,4.4
20180620,2.619,2.822,3.713,4.157,4.334,4.326,4.352,4.4
20180619,2.59,2.809,3.69,4.144,4.346,4.324,4.352,4.4
20180615,2.592,2.81,3.663,4.126,4.352,4.332,4.353,4.399
20180614,2.591,2.809,3.665,4.107,4.351,4.323,4.352,4.4
20180613,2.589,2.8,3.656,4.101,4.351,4.321,4.35,4.4
20180612,2.584,2.789,3.659,4.087,4.352,4.317,4.349,4.399
20180611,2.573,2.776,3.656,4.083,4.353,4.313,4.348,4.398
20180608,2.563,2.772,3.662,4.054,4.351,4.311,4.345,4.397
20180607,2.555,2.783,3.675,4.05,4.35,4.307,4.344,4.395
20180606,2.562,2.792,3.689,4.042,4.354,4.307,4.343,4.394
20180605,2.584,2.802,3.713,4.025,4.346,4.308,4.343,4.394
20180604,2.599,2.818,3.727,3.993,4.341,4.307,4.34,4.393
20180601,2.801,2.897,3.738,3.966,4.339,4.304,4.336,4.391
20180531,2.831,2.898,3.735,3.905,4.329,4.296,4.333,4.388
20180530,2.884,2.895,3.729,3.872,4.312,4.289,4.33,4.385
20180529,2.742,2.848,3.715,3.85,4.282,4.265,4.326,4.381
20180528,2.533,2.806,3.69,3.84,4.242,4.243,4.318,4.376
20180525,2.528,2.794,3.687,3.847,4.215,4.229,4.315,4.373
20180524,2.53,2.751,3.68,3.845,4.193,4.215,4.311,4.371
20180523,2.53,2.752,3.679,3.841,4.173,4.211,4.309,4.373
20180522,2.525,2.755,3.673,3.838,4.16,4.207,4.307,4.371
20180521,2.527,2.756,3.669,3.832,4.151,4.207,4.309,4.371
20180518,2.563,2.768,3.656,3.833,4.147,4.202,4.309,4.37
20180517,2.597,2.803,3.649,3.831,4.101,4.194,4.306,4.366
20180516,2.766,2.835,3.649,3.825,4.082,4.188,4.304,4.363
20180515,2.641,2.773,3.611,3.813,4.072,4.172,4.297,4.355
20180514,2.58,2.738,3.594,3.801,4.06,4.162,4.289,4.353
20180511,2.487,2.713,3.606,3.799,4.05,4.155,4.285,4.348
20180510,2.509,2.723,3.621,3.806,4.034,4.152,4.282,4.346
20180509,2.52,2.734,3.639,3.816,4.013,4.152,4.278,4.346
20180508,2.575,2.751,3.663,3.829,3.9994,4.151,4.2825,4.348
20180507,2.582,2.768,3.692,3.84,3.9943,4.15,4.285,4.349
20180504,2.594,2.806,3.7353,3.851,3.993,4.154,4.291,4.357
20180503,2.681,2.852,3.783,3.87,3.993,4.162,4.296,4.364
20180502,2.72,2.892,3.824,3.893,4.003,4.174,4.306,4.376
20180428,2.824,2.972,3.868,3.9,4.005,4.18,4.309,4.382
20180427,2.921,2.978,3.86,3.899,4.007,4.184,4.313,4.385
20180426,2.765,2.925,3.828,3.865,3.992,4.183,4.315,4.383
20180425,2.728,2.911,3.821,3.78,3.984,4.185,4.317,4.38
20180424,2.736,2.907,3.819,3.748,3.991,4.193,4.326,4.394
20180423,2.724,2.9,3.807,3.751,4.004,4.211,4.336,4.409
20180420,2.747,2.893,3.8,3.761,4.017,4.238,4.353,4.419
20180419,2.733,2.884,3.782,3.791,4.05,4.275,4.378,4.448
20180418,2.679,2.858,3.748,3.821,4.103,4.313,4.415,4.5
20180417,2.665,2.843,3.715,3.834,4.174,4.351,4.444,4.537
20180416,2.582,2.802,3.676,3.821,4.173,4.351,4.448,4.534
20180413,2.557,2.798,3.671,3.825,4.179,4.356,4.451,4.535
20180412,2.557,2.8,3.674,3.842,4.199,4.367,4.453,4.536
20180411,2.561,2.804,3.684,3.871,4.209,4.38,4.459,4.538
20180410,2.551,2.807,3.693,3.915,4.229,4.394,4.4666,4.542
20180409,2.528,2.806,3.717,3.9701,4.2579,4.414,4.4726,4.5489
20180408,2.446,2.812,3.743,4.011,4.2781,4.4424,4.4852,4.559
20180404,2.469,2.83,3.781,4.0597,4.3101,4.474,4.5112,4.58
20180403,2.574,2.87,3.837,4.1268,4.3506,4.4931,4.5313,4.6033
20180402,2.622,2.883,3.8465,4.1879,4.4052,4.5309,4.5623,4.625
20180330,2.69,2.9166,3.881,4.2884,4.4615,4.5686,4.6021,4.6508
20180329,2.581,2.8958,3.871,4.3133,4.5247,4.6053,4.6405,4.678
20180328,2.592,2.889,3.8655,4.3421,4.6174,4.6656,4.6999,4.7148
20180327,2.5935,2.874,3.8645,4.3906,4.6239,4.6606,4.7043,4.7188
20180326,2.543,2.862,3.855,4.4094,4.6351,4.6925,4.7088,4.7233
20180323,2.545,2.8464,3.855,4.4364,4.6489,4.7005,4.7133,4.7248
20180322,2.549,2.8538,3.848,4.4662,4.6621,4.7095,4.7178,4.737
20180321,2.559,2.858,3.836,4.5042,4.6751,4.7185,4.7285,4.7418
20180320,2.558,2.861,3.827,4.5093,4.685,4.734,4.7318,4.7418
20180319,2.561,2.863,3.825,4.5121,4.704,4.7418,4.7318,4.7418
20180316,2.586,2.865,3.827,4.5101,4.712,4.7488,4.7318,4.7418
20180315,2.632,2.866,3.826,4.4908,4.7139,4.7588,4.7318,4.7418
20180314,2.633,2.869,3.827,4.4578,4.719,4.7568,4.7313,4.7418
20180313,2.637,2.87,3.828,4.4071,4.725,4.7518,4.7313,4.7418
20180312,2.586,2.858,3.828,4.3707,4.735,4.7518,4.7313,4.7418
20180309,2.573,2.857,3.829,4.3265,4.741,4.7508,4.7313,4.7418
20180308,2.57,2.862,3.833,4.2544,4.7407,4.7468,4.7313,4.7418
20180307,2.592,2.873,3.836,4.1936,4.7364,4.7404,4.7305,4.742
20180306,2.617,2.886,3.839,4.1453,4.7332,4.7334,4.73,4.742
20180305,2.652,2.894,3.84,4.0726,4.722,4.7332,4.73,4.742
20180302,2.773,2.897,3.838,4.0451,4.7191,4.7319,4.73,4.742
20180301,2.691,2.896,3.839,4.0403,4.7154,4.7289,4.73,4.742
20180228,2.708,2.906,3.842,4.0428,4.7131,4.7287,4.73,4.742
20180227,2.561,2.861,3.8329,4.038,4.7103,4.727,4.73,4.7422
20180226,2.571,2.87,3.8459,4.0443,4.7128,4.729,4.73,4.742
20180224,2.56,2.876,3.858,4.0526,4.7078,4.7291,4.73,4.742
20180223,2.597,2.881,3.863,4.0557,4.7076,4.7307,4.7299,4.742
20180222,2.631,2.891,3.855,4.0666,4.7054,4.7268,4.7281,4.7434
20180214,2.723,2.91,3.876,4.0751,4.7031,4.728,4.731,4.744
20180213,2.587,2.928,3.948,4.0705,4.7006,4.7287,4.7312,4.7456
20180212,2.585,2.918,3.919,4.075,4.696,4.7269,4.7312,4.7456
20180211,2.608,2.917,3.908,4.0694,4.6974,4.7289,4.7312,4.7456
20180209,2.589,2.918,3.892,4.074,4.6936,4.729,4.7312,4.7456
20180208,2.572,2.904,3.885,4.078,4.696,4.7291,4.7313,4.7455
20180207,2.571,2.771,3.883,4.0809,4.707,4.7302,4.7323,4.745
20180206,2.539,2.7706,3.875,4.0887,4.7206,4.7313,4.7321,4.7465
20180205,2.5305,2.7758,3.872,4.107,4.7258,4.7323,4.7302,4.7446
20180202,2.5173,2.788,3.867,4.1293,4.7278,4.7322,4.7314,4.7457
20180201,2.5154,2.7925,3.8642,4.1329,4.7276,4.732,4.7332,4.7463
20180131,2.594,2.8298,3.8552,4.1289,4.7257,4.73,4.7312,4.7423
20180130,2.554,2.838,3.858,4.1288,4.7267,4.7299,4.7311,4.7423
20180129,2.566,2.842,3.863,4.1276,4.727,4.7287,4.7303,4.7423
20180126,2.5506,2.842,3.86,4.1257,4.7292,4.727,4.7324,4.7423
20180125,2.5634,2.8498,3.86,4.1269,4.7317,4.7297,4.7333,4.7423
20180124,2.574,2.832,3.863,4.1183,4.7267,4.7268,4.7323,4.7423
20180123,2.602,2.863,3.86,4.1123,4.7163,4.7278,4.7322,4.7423
20180122,2.771,2.889,3.854,4.1122,4.7122,4.7272,4.7318,4.7429
20180119,2.836,2.891,3.846,4.1113,4.7115,4.7216,4.7274,4.7384
20180118,2.7655,2.878,3.843,4.0921,4.7044,4.7154,4.7237,4.7332
20180117,2.765,2.878,3.837,4.0905,4.6935,4.7133,4.7165,4.732
20180116,2.785,2.879,3.828,4.0941,4.6843,4.7124,4.7142,4.7296
20180115,2.794,2.86,3.816,4.0904,4.683,4.7139,4.7116,4.7253
20180112,2.83,2.864,3.808,4.1134,4.6791,4.7085,4.7052,4.7233
20180111,2.832,2.832,3.776,4.1632,4.6701,4.7049,4.7017,4.723
20180110,2.643,2.776,3.706,4.1821,4.6607,4.699,4.697,4.72
20180109,2.529,2.744,3.698,4.2209,4.657,4.7026,4.697,4.72
20180108,2.461,2.737,3.72,4.2886,4.6594,4.7052,4.6989,4.72
20180105,2.484,2.745,3.749,4.3756,4.6637,4.7118,4.699,4.7249
20180104,2.505,2.76,3.802,4.476,4.687,4.738,4.702,4.7286
20180103,2.5635,2.785,3.87,4.622,4.73,4.783,4.711,4.736
20180102,2.657,2.839,3.943,4.743,4.804,4.831,4.715,4.747
20191231,1.694,2.737,2.905,2.9785,3.02,3.046,3.073,3.1005
20191230,1.2,2.618,2.825,2.9755,3.021,3.046,3.073,3.1015
20191227,1.075,2.579,2.897,2.991,3.0255,3.048,3.077,3.105
20191226,0.848,2.607,2.9,2.9955,3.0295,3.049,3.0785,3.111
20191225,0.943,2.549,2.975,2.9985,3.0325,3.054,3.0815,3.114
20191224,1.114,2.45,2.976,2.996,3.0335,3.0555,3.0845,3.1145
20191223,1.557,2.453,2.908,2.998,3.04,3.057,3.085,3.12
20191220,1.814,2.529,2.952,2.997,3.041,3.059,3.088,3.122
20191219,2.0575,2.559,2.911,2.976,3.043,3.06,3.091,3.124
20191218,2.485,2.585,2.537,2.959,3.04,3.059,3.087,3.124
20191217,2.506,2.588,2.43,2.942,3.036,3.056,3.084,3.123
20191216,2.437,2.5315,2.439,2.9304,3.0324,3.0534,3.0824,3.122
20191213,2.133,2.474,2.443,2.913,3.0325,3.051,3.081,3.122
20191212,2.053,2.431,2.369,2.891,3.0305,3.05,3.079,3.122
20191211,2.081,2.493,2.408,2.871,3.03,3.05,3.076,3.123
20191210,2.198,2.45,2.435,2.858,3.028,3.05,3.075,3.122
20191209,2.345,2.506,2.429,2.841,3.025,3.05,3.074,3.123
20191206,2.073,2.482,2.476,2.83,3.0245,3.05,3.072,3.121
20191205,1.906,2.433,2.317,2.811,3.022,3.05,3.073,3.121
20191204,1.971,2.426,2.35,2.799,3.019,3.05,3.072,3.121
20191203,2.132,2.343,2.361,2.785,3.015,3.05,3.071,3.122
20191202,2.233,2.478,2.451,2.779,3.017,3.05,3.071,3.122
20191129,2.356,2.607,2.54,2.783,3.017,3.05,3.07,3.122
20191128,2.078,2.597,2.594,2.7795,3.016,3.05,3.069,3.119
20191127,2.233,2.589,2.599,2.7815,3.019,3.05,3.067,3.119
20191126,2.323,2.598,2.6,2.7835,3.02,3.047,3.067,3.118
20191125,2.234,2.596,2.639,2.7875,3.029,3.05,3.066,3.119
20191122,1.948,2.536,2.5,2.7925,3.037,3.05,3.067,3.121
20191121,1.849,2.426,2.489,2.7945,3.034,3.05,3.07,3.127
20191120,1.899,2.497,2.57,2.795,3.032,3.051,3.071,3.125
20191119,2.343,2.611,2.75,2.791,3.033,3.053,3.071,3.119
20191118,2.707,2.728,2.826,2.794,3.032,3.055,3.073,3.119
20191115,2.693,2.737,2.742,2.788,3.02,3.051,3.068,3.116
20191114,2.666,2.682,2.696,2.776,3.0,3.032,3.051,3.108
20191113,2.598,2.675,2.673,2.766,2.981,3.012,3.035,3.101
20191112,2.376,2.649,2.562,2.762,2.965,2.996,3.024,3.099
20191111,2.033,2.555,2.449,2.759,2.955,2.989,3.016,3.094
20191108,1.902,2.57,2.433,2.759,2.953,2.984,3.012,3.093
20191107,1.915,2.595,2.418,2.758,2.953,2.97,3.008,3.09
20191106,1.788,2.546,2.419,2.756,2.948,2.955,3.005,3.088
20191105,1.88,2.498,2.456,2.759,2.933,2.938,3.0,3.086
20191104,2.075,2.529,2.532,2.77,2.919,2.929,2.995,3.084
20191101,2.301,2.616,2.628,2.775,2.897,2.91,2.987,3.079
20191031,2.59,2.685,2.763,2.775,2.887,2.903,2.983,3.076
20191030,2.303,2.683,2.778,2.771,2.864,2.893,2.979,3.074
20191029,2.368,2.67,2.811,2.773,2.847,2.881,2.974,3.067
20191028,2.478,2.671,2.838,2.773,2.84,2.875,2.971,3.063
20191025,2.506,2.669,2.851,2.774,2.831,2.873,2.972,3.063
20191024,2.446,2.661,2.895,2.769,2.824,2.865,2.965,3.061
20191023,2.654,2.693,2.892,2.761,2.808,2.86,2.962,3.061
20191022,2.799,2.789,2.84,2.75,2.793,2.851,2.955,3.057
20191021,2.682,2.691,2.797,2.723,2.763,2.841,2.951,3.054
20191018,2.618,2.691,2.709,2.713,2.746,2.834,2.95,3.051
20191017,2.585,2.663,2.697,2.709,2.736,2.825,2.95,3.05
20191016,2.694,2.686,2.714,2.704,2.732,2.822,2.95,3.048
20191015,2.703,2.684,2.735,2.703,2.731,2.821,2.951,3.049
20191014,2.555,2.651,2.495,2.699,2.722,2.816,2.951,3.049
20191011,1.911,2.556,2.502,2.703,2.718,2.813,2.953,3.05
20191010,2.016,2.595,2.512,2.7085,2.718,2.814,2.955,3.049
20191009,2.202,2.627,2.601,2.728,2.72,2.813,2.957,3.047
20191008,2.627,2.688,2.724,2.754,2.724,2.817,2.96,3.048
20190930,2.635,2.843,3.018,2.762,2.728,2.819,2.964,3.048
20190927,1.313,2.59,2.95,2.75,2.726,2.816,2.964,3.048
20190926,1.637,2.577,2.967,2.749,2.732,2.815,2.965,3.048
20190925,2.046,2.572,2.953,2.75,2.729,2.815,2.966,3.047
20190924,2.369,2.676,2.952,2.751,2.729,2.813,2.969,3.048
20190923,2.759,2.732,2.884,2.737,2.725,2.813,2.97,3.048
20190920,2.746,2.731,2.808,2.719,2.717,2.808,2.971,3.046
20190919,2.737,2.709,2.738,2.704,2.709,2.8,2.97,3.045
20190918,2.633,2.654,2.668,2.692,2.706,2.798,2.97,3.044
20190917,2.565,2.638,2.659,2.685,2.708,2.795,2.97,3.043
20190916,2.336,2.642,2.663,2.682,2.71,2.792,2.972,3.043
20190912,2.369,2.65,2.663,2.682,2.709,2.787,2.976,3.042
20190911,2.451,2.645,2.683,2.679,2.707,2.778,2.979,3.043
20190910,2.553,2.628,2.64,2.677,2.707,2.772,2.98,3.046
20190909,2.607,2.652,2.661,2.688,2.707,2.768,2.989,3.051
20190906,2.597,2.652,2.652,2.681,2.708,2.768,2.991,3.052
20190905,2.536,2.636,2.603,2.665,2.704,2.761,2.991,3.052
20190904,2.445,2.604,2.595,2.662,2.702,2.758,2.991,3.051
20190903,2.513,2.61,2.621,2.664,2.701,2.757,2.991,3.052
20190902,2.55,2.653,2.662,2.661,2.7,2.754,2.991,3.05
20190830,2.572,2.665,2.701,2.661,2.701,2.7525,2.99,3.051
20190829,2.478,2.6702,2.735,2.6611,2.7002,2.7513,2.9921,3.0545
20190828,2.609,2.682,2.754,2.661,2.702,2.753,2.991,3.055
20190827,2.677,2.687,2.741,2.662,2.7,2.753,2.993,3.055
20190826,2.639,2.669,2.739,2.66,2.694,2.751,2.995,3.055
20190823,2.586,2.651,2.745,2.663,2.69,2.748,2.996,3.056
20190822,2.544,2.642,2.754,2.656,2.682,2.741,2.996,3.059
20190821,2.5832,2.653,2.754,2.655,2.674,2.734,2.996,3.064
20190820,2.642,2.664,2.791,2.656,2.671,2.73,2.999,3.068
20190819,2.666,2.672,2.773,2.656,2.669,2.729,2.998,3.074
20190816,2.665,2.673,2.776,2.653,2.666,2.728,2.996,3.0775
20190815,2.659,2.678,2.772,2.649,2.661,2.726,2.997,3.0825
20190814,2.689,2.695,2.803,2.636,2.656,2.72,3.001,3.083
20190813,2.667,2.703,2.772,2.613,2.644,2.713,3.001,3.0785
20190812,2.629,2.656,2.637,2.588,2.625,2.71,3.001,3.0755
20190809,2.596,2.644,2.512,2.571,2.618,2.706,3.002,3.0785
20190808,2.5,2.578,2.438,2.562,2.618,2.701,3.004,3.0805
20190807,2.22,2.52,2.433,2.564,2.623,2.701,3.005,3.083
20190806,2.261,2.494,2.486,2.584,2.635,2.703,3.01,3.087
20190805,2.544,2.619,2.517,2.594,2.646,2.706,3.015,3.094
20190802,2.634,2.647,2.599,2.6,2.649,2.707,3.018,3.096
20190801,2.634,2.638,2.59,2.6,2.646,2.708,3.016,3.096
20190731,2.642,2.673,2.704,2.606,2.644,2.708,3.017,3.098
20190730,2.621,2.663,2.71,2.602,2.636,2.708,3.017,3.098
20190729,2.629,2.657,2.69,2.6,2.631,2.706,3.016,3.098
20190726,2.636,2.647,2.688,2.597,2.629,2.704,3.016,3.096
20190725,2.628,2.642,2.663,2.594,2.625,2.704,3.015,3.096
20190724,2.481,2.561,2.631,2.59,2.625,2.703,3.016,3.096
20190723,2.562,2.634,2.765,2.591,2.628,2.703,3.017,3.097
20190722,2.6698,2.692,2.885,2.592,2.628,2.704,3.018,3.1
20190719,2.827,2.753,2.989,2.591,2.631,2.705,3.018,3.101
20190718,2.772,2.748,2.951,2.577,2.623,2.704,3.018,3.101
20190717,2.711,2.734,2.894,2.557,2.613,2.704,3.018,3.099
20190716,2.725,2.724,2.88,2.532,2.609,2.702,3.018,3.096
20190715,2.6175,2.669,2.638,2.498,2.6,2.7,3.018,3.093
20190712,2.235,2.559,2.378,2.487,2.6,2.7,3.015,3.091
20190711,1.998,2.497,2.32,2.483,2.6,2.7,3.015,3.088
20190710,1.814,2.543,2.348,2.486,2.6,2.7,3.017,3.089
20190709,1.773,2.54,2.374,2.484,2.601,2.702,3.019,3.087
20190708,1.445,2.449,2.108,2.467,2.603,2.707,3.022,3.086
20190705,1.055,2.271,2.066,2.463,2.606,2.712,3.024,3.084
20190704,0.844,2.139,2.059,2.465,2.627,2.733,3.032,3.094
20190703,0.877,2.145,2.095,2.492,2.641,2.751,3.036,3.096
20190702,0.914,2.032,2.198,2.534,2.657,2.76,3.039,3.096
20190701,1.065,2.319,2.364,2.603,2.681,2.779,3.042,3.099
20190628,1.3705,2.604,2.591,2.684,2.708,2.803,3.047,3.103
20190627,0.9615,2.61,2.571,2.703,2.722,2.824,3.05,3.105
20190626,0.991,2.417,2.626,2.731,2.758,2.847,3.059,3.112
20190625,1.023,2.466,2.711,2.76,2.809,2.878,3.075,3.138
20190624,1.0,2.326,2.762,2.805,2.859,2.906,3.093,3.17
20190621,1.112,2.416,2.807,2.852,2.895,2.938,3.112,3.19
20190620,1.253,2.448,2.859,2.876,2.911,2.958,3.115,3.207
20190619,1.447,2.386,2.787,2.891,2.929,2.967,3.122,3.218
20190618,1.601,2.399,2.722,2.897,2.943,2.98,3.122,3.231
20190617,1.801,2.491,2.669,2.898,2.947,2.991,3.121,3.228
20190614,1.723,2.565,2.454,2.898,2.947,2.986,3.12,3.225
20190613,1.924,2.583,2.44,2.878,2.944,2.982,3.119,3.22
20190612,1.939,2.564,2.439,2.865,2.943,2.976,3.116,3.217
20190611,2.053,2.589,2.428,2.859,2.94,2.973,3.115,3.213
20190610,1.848,2.604,2.404,2.853,2.932,2.958,3.116,3.215
20190606,1.521,2.572,2.378,2.841,2.924,2.953,3.111,3.212
20190605,1.593,2.472,2.383,2.832,2.916,2.952,3.11,3.209
20190604,1.738,2.399,2.414,2.821,2.902,2.953,3.108,3.208
20190603,2.003,2.553,2.571,2.809,2.904,2.957,3.107,3.208
20190531,2.194,2.65,2.801,2.816,2.912,2.963,3.11,3.206
20190530,2.067,2.665,2.9,2.813,2.916,2.964,3.11,3.205
20190529,2.491,2.785,2.981,2.818,2.917,2.966,3.108,3.206
20190528,2.76,2.823,2.955,2.816,2.915,2.965,3.105,3.205
20190527,2.666,2.711,2.803,2.792,2.904,2.956,3.093,3.202
20190524,2.342,2.592,2.757,2.779,2.902,2.953,3.076,3.198
20190523,2.584,2.648,2.757,2.784,2.901,2.951,3.063,3.19
20190522,2.623,2.69,2.809,2.77,2.903,2.95,3.06,3.185
20190521,2.75,2.699,2.784,2.756,2.9,2.95,3.056,3.177
20190520,2.5845,2.678,2.689,2.717,2.9,2.95,3.051,3.167
20190517,2.134,2.589,2.494,2.705,2.9,2.95,3.05,3.162
20190516,2.281,2.607,2.44,2.708,2.896,2.947,3.051,3.157
20190515,2.5334,2.641,2.462,2.713,2.893,2.948,3.052,3.153
20190514,2.4123,2.65,2.449,2.717,2.891,2.948,3.05,3.153
20190513,2.156,2.579,2.405,2.715,2.889,2.948,3.05,3.152
20190510,1.826,2.568,2.408,2.72,2.895,2.948,3.05,3.151
20190509,1.513,2.573,2.387,2.728,2.903,2.946,3.05,3.151
20190508,1.141,2.286,2.372,2.741,2.91,2.947,3.05,3.151
20190507,1.391,2.349,2.402,2.773,2.922,2.951,3.05,3.154
20190506,1.642,2.5285,2.537,2.811,2.934,2.956,3.051,3.156
20190430,2.086,2.683,2.86,2.856,2.93,2.963,3.044,3.159
20190429,1.7,2.691,2.895,2.857,2.923,2.955,3.04,3.147
20190426,2.496,2.735,3.012,2.859,2.896,2.932,3.016,3.129
20190425,2.785,2.785,3.027,2.851,2.88,2.917,3.005,3.119
20190424,2.752,2.764,2.967,2.838,2.855,2.903,2.991,3.108
20190423,2.828,2.7,2.915,2.824,2.833,2.885,2.982,3.106
20190422,2.557,2.654,2.896,2.791,2.822,2.872,2.974,3.101
20190419,2.661,2.692,2.882,2.79,2.817,2.869,2.969,3.095
20190418,2.812,2.75,3.008,2.795,2.806,2.864,2.964,3.096
20190417,2.998,2.788,2.992,2.779,2.787,2.861,2.96,3.091
20190416,2.883,2.787,2.982,2.759,2.774,2.853,2.947,3.077
20190415,2.797,2.772,2.902,2.717,2.768,2.85,2.939,3.072
20190412,2.652,2.669,2.805,2.686,2.761,2.842,2.924,3.067
20190411,2.735,2.657,2.779,2.669,2.76,2.838,2.923,3.06
20190410,2.278,2.654,2.566,2.655,2.755,2.833,2.914,3.053
20190409,1.797,2.469,2.45,2.646,2.751,2.824,2.908,3.047
20190408,1.428,2.483,2.378,2.65,2.754,2.816,2.906,3.047
20190404,1.417,2.418,2.376,2.664,2.758,2.815,2.906,3.047
20190403,1.663,2.357,2.403,2.697,2.767,2.818,2.909,3.044
20190402,1.956,2.453,2.527,2.745,2.786,2.825,2.913,3.042
20190401,2.315,2.579,2.713,2.782,2.795,2.835,2.917,3.047
20190329,2.486,2.698,2.911,2.819,2.801,2.841,2.924,3.051
20190328,2.041,2.705,2.923,2.825,2.807,2.848,2.931,3.062
20190327,2.286,2.797,2.932,2.843,2.819,2.857,2.94,3.074
20190326,2.495,2.704,2.901,2.862,2.828,2.859,2.95,3.08
20190325,2.535,2.668,2.896,2.879,2.836,2.861,2.957,3.086
20190322,2.62,2.664,2.97,2.884,2.837,2.862,2.962,3.092
20190321,2.661,2.684,2.936,2.884,2.838,2.864,2.963,3.091
20190320,2.714,2.711,2.946,2.875,2.833,2.865,2.962,3.088
20190319,2.666,2.729,2.991,2.852,2.823,2.865,2.96,3.086
20190318,2.756,2.709,2.861,2.832,2.814,2.86,2.958,3.082
20190315,2.655,2.728,2.617,2.81,2.799,2.858,2.956,3.077
20190314,2.31,2.598,2.48,2.774,2.777,2.854,2.953,3.072
20190313,2.079,2.493,2.461,2.754,2.768,2.851,2.95,3.066
20190312,2.365,2.601,2.458,2.732,2.761,2.851,2.95,3.066
20190311,2.092,2.395,2.4328,2.7172,2.7565,2.85,2.95,3.06
20190308,2.047,2.388,2.448,2.712,2.755,2.85,2.95,3.057
20190307,2.06,2.517,2.487,2.705,2.751,2.85,2.95,3.054
20190306,2.074,2.488,2.488,2.703,2.75,2.85,2.95,3.053
20190305,2.266,2.574,2.49,2.699,2.75,2.85,2.95,3.055
20190304,1.933,2.38,2.424,2.696,2.75,2.85,2.95,3.058
20190301,2.155,2.511,2.565,2.7,2.75,2.85,2.95,3.059
20190228,2.584,2.658,2.73,2.694,2.751,2.85,2.951,3.06
20190227,2.654,2.75,2.887,2.686,2.756,2.852,2.954,3.061
20190226,2.705,2.745,2.862,2.681,2.756,2.851,2.953,3.059
20190225,2.605,2.658,2.628,2.659,2.752,2.85,2.953,3.059
20190222,2.431,2.6,2.518,2.656,2.749,2.854,2.955,3.063
20190221,2.03,2.399,2.409,2.651,2.749,2.858,2.958,3.063
20190220,1.854,2.377,2.398,2.655,2.759,2.864,2.966,3.069
20190219,1.967,2.398,2.404,2.676,2.778,2.876,2.979,3.073
20190218,1.8224,2.395,2.398,2.687,2.797,2.885,2.989,3.081
20190215,1.713,2.351,2.393,2.698,2.802,2.898,2.996,3.095
20190214,1.721,2.33,2.397,2.714,2.83,2.908,3.015,3.119
20190213,1.722,2.362,2.442,2.732,2.852,2.938,3.044,3.146
20190212,2.017,2.513,2.497,2.76,2.872,2.961,3.079,3.172
20190211,2.265,2.596,2.522,2.785,2.898,2.995,3.118,3.198
20190201,2.1,2.722,2.843,2.835,2.9,3.017,3.168,3.241
20190131,2.238,2.756,2.979,2.839,2.9,3.021,3.182,3.252
20190130,2.0021,2.765,2.997,2.84,2.901,3.026,3.199,3.271
20190129,2.078,2.766,2.982,2.835,2.9,3.027,3.211,3.282
20190128,2.194,2.66,2.882,2.828,2.901,3.031,3.228,3.291
20190125,2.362,2.626,2.748,2.819,2.902,3.037,3.239,3.294
20190124,2.263,2.616,2.716,2.811,2.904,3.044,3.245,3.3
20190123,2.244,2.584,2.709,2.806,2.909,3.052,3.246,3.3
20190122,2.243,2.578,2.695,2.797,2.914,3.054,3.245,3.3
20190121,2.24,2.594,2.637,2.786,2.915,3.055,3.241,3.3
20190118,2.1785,2.618,2.558,2.777,2.918,3.061,3.248,3.302
20190117,2.259,2.611,2.569,2.777,2.93,3.066,3.257,3.304
20190116,2.306,2.64,2.576,2.777,2.942,3.079,3.262,3.314
20190115,2.245,2.652,2.57,2.777,2.962,3.094,3.271,3.324
20190114,1.878,2.629,2.541,2.775,2.984,3.106,3.284,3.337
20190111,1.708,2.555,2.515,2.772,3.007,3.12,3.296,3.35
20190110,1.743,2.587,2.502,2.781,3.031,3.149,3.321,3.377
20190109,1.567,2.475,2.477,2.79,3.065,3.184,3.354,3.401
20190108,1.414,2.372,2.487,2.825,3.093,3.206,3.384,3.431
20190107,1.447,2.475,2.541,2.909,3.141,3.233,3.415,3.466
20190104,1.649,2.563,2.615,3.01,3.215,3.27,3.453,3.497
20190103,1.968,2.547,2.673,3.084,3.246,3.286,3.466,3.507
20190102,2.3,2.634,2.802,3.2,3.285,3.292,3.472,3.511
20201231,1.093,2.381,3.025,2.702,2.756,2.838,2.939,3.0
20201230,0.644,2.308,2.964,2.702,2.755,2.837,2.946,3.0
20201229,0.624,2.264,2.805,2.702,2.757,2.837,2.946,3.001
20201228,0.673,2.133,2.865,2.702,2.761,2.838,2.948,3.009
20201225,0.793,2.151,2.829,2.702,2.766,2.84,2.955,3.015
20201224,0.609,1.774,2.798,2.703,2.776,2.849,2.962,3.029
20201223,0.623,2.064,2.846,2.708,2.787,2.854,2.974,3.033
20201222,1.015,2.061,2.94,2.714,2.796,2.868,2.992,3.04
20201221,1.489,2.05,2.862,2.717,2.818,2.887,3.008,3.047
20201218,1.723,2.148,2.267,2.716,2.855,2.922,3.03,3.066
20201217,1.356,1.961,1.937,2.717,2.905,2.97,3.065,3.099
20201216,0.974,1.815,1.9,2.723,2.952,3.024,3.112,3.149
20201215,1.403,2.062,1.999,2.725,2.983,3.071,3.156,3.2
20201214,1.702,2.143,2.046,2.722,3.0,3.1,3.187,3.231
20201211,1.431,2.178,1.978,2.712,3.016,3.13,3.195,3.239
20201210,0.979,2.063,1.973,2.712,3.024,3.142,3.2,3.247
20201209,1.065,2.074,2.042,2.714,3.05,3.154,3.206,3.256
20201208,1.302,2.101,2.052,2.702,3.073,3.155,3.206,3.259
20201207,1.366,2.119,2.032,2.7,3.076,3.155,3.206,3.257
20201204,1.086,2.116,2.017,2.696,3.083,3.156,3.2065,3.2578
20201203,0.901,2.104,1.975,2.706,3.089,3.159,3.21,3.261
20201202,0.742,1.925,1.987,2.703,3.103,3.163,3.216,3.265
20201201,0.764,1.972,2.121,2.717,3.109,3.17,3.224,3.274
20201130,1.115,2.356,2.755,2.743,3.123,3.183,3.246,3.291
20201127,0.836,2.336,2.815,2.734,3.136,3.181,3.25,3.289
20201126,1.298,2.294,2.812,2.718,3.113,3.164,3.235,3.278
20201125,1.578,2.224,2.84,2.716,3.077,3.137,3.219,3.266
20201124,1.828,2.232,2.784,2.713,3.069,3.124,3.207,3.255
20201123,1.839,2.193,2.773,2.703,3.047,3.109,3.203,3.253
20201120,1.959,2.228,2.646,2.702,3.021,3.092,3.196,3.242
20201119,1.918,2.231,2.564,2.69,3.014,3.079,3.189,3.23
20201118,1.72,2.21,2.501,2.689,3.009,3.074,3.178,3.22
20201117,1.798,2.238,2.527,2.686,3.003,3.064,3.171,3.21
20201116,2.252,2.339,2.86,2.682,3.002,3.058,3.169,3.207
20201113,2.523,2.433,2.842,2.679,3.003,3.058,3.166,3.205
20201112,2.521,2.335,2.675,2.671,3.002,3.057,3.161,3.204
20201111,2.314,2.306,2.583,2.646,3.002,3.056,3.156,3.201
20201110,2.333,2.269,2.524,2.636,3.002,3.055,3.154,3.201
20201109,2.193,2.272,2.379,2.646,3.001,3.054,3.153,3.2
20201106,1.79,2.215,2.197,2.64,3.001,3.052,3.153,3.199
20201105,1.377,2.071,2.089,2.633,2.996,3.052,3.154,3.196
20201104,1.449,2.092,2.115,2.643,2.993,3.052,3.153,3.194
20201103,1.868,2.18,2.214,2.643,2.989,3.05,3.151,3.192
20201102,2.322,2.464,2.407,2.687,2.982,3.048,3.145,3.187
20201030,2.236,2.418,3.025,2.689,2.972,3.044,3.136,3.18
20201029,2.125,2.353,2.852,2.69,2.96,3.035,3.123,3.167
20201028,2.379,2.385,2.852,2.686,2.952,3.027,3.109,3.157
20201027,2.38,2.33,2.846,2.668,2.933,3.014,3.099,3.146
20201026,2.18,2.227,2.675,2.658,2.913,3.005,3.089,3.131
20201023,2.161,2.205,2.62,2.653,2.895,2.999,3.078,3.116
20201022,1.911,2.19,2.419,2.649,2.877,2.986,3.066,3.101
20201021,1.988,2.207,2.369,2.645,2.855,2.973,3.052,3.09
20201020,2.162,2.261,2.345,2.635,2.829,2.959,3.035,3.081
20201019,2.187,2.23,2.218,2.634,2.803,2.95,3.029,3.074
20201016,2.017,2.199,2.183,2.632,2.786,2.947,3.022,3.066
20201015,2.063,2.191,2.171,2.633,2.774,2.944,3.015,3.057
20201014,1.962,2.136,2.061,2.637,2.757,2.935,3.008,3.045
20201013,1.7,2.092,1.978,2.636,2.734,2.926,3.005,3.039
20201012,1.53,2.073,1.963,2.635,2.722,2.921,3.0,3.031
20201009,2.038,2.174,2.478,2.668,2.708,2.918,2.994,3.024
20200930,2.361,2.331,3.007,2.68,2.691,2.919,2.988,3.021
20200929,0.913,2.283,2.894,2.67,2.684,2.919,2.982,3.016
20200928,0.602,2.418,2.77,2.666,2.673,2.914,2.978,3.01
20200925,1.113,2.044,2.743,2.655,2.668,2.915,2.973,3.009
20200924,1.424,2.148,2.751,2.642,2.668,2.917,2.968,3.008
20200923,1.884,2.149,2.751,2.627,2.67,2.914,2.959,3.002
20200922,2.286,2.332,2.502,2.624,2.67,2.911,2.957,3.002
20200921,2.204,2.262,2.649,2.619,2.673,2.912,2.955,3.001
20200918,2.101,2.233,2.411,2.609,2.679,2.919,2.96,3.0
20200917,1.769,2.199,2.195,2.603,2.686,2.927,2.964,3.0
20200916,1.404,2.185,2.149,2.597,2.688,2.933,2.968,3.0
20200915,1.731,2.133,2.156,2.596,2.696,2.946,2.978,3.003
20200914,1.607,2.161,2.171,2.59,2.697,2.943,2.979,3.002
20200911,1.464,2.162,2.166,2.564,2.697,2.936,2.975,2.999
20200910,1.34,2.128,2.168,2.538,2.695,2.927,2.967,2.992
20200909,1.607,2.193,2.202,2.502,2.693,2.91,2.953,2.988
20200908,2.051,2.211,2.245,2.468,2.688,2.899,2.944,2.982
20200907,2.088,2.2,2.279,2.436,2.676,2.887,2.93,2.965
20200904,2.052,2.211,2.22,2.399,2.661,2.874,2.92,2.953
20200903,1.742,2.197,2.187,2.39,2.654,2.863,2.914,2.951
20200902,2.094,2.201,2.226,2.38,2.646,2.852,2.905,2.945
20200901,2.104,2.211,2.242,2.372,2.64,2.847,2.901,2.942
20200831,1.766,2.228,2.349,2.374,2.636,2.844,2.893,2.933
20200828,1.345,2.235,2.338,2.366,2.63,2.834,2.883,2.922
20200827,1.477,2.182,2.398,2.367,2.621,2.825,2.871,2.917
20200826,1.63,2.222,2.468,2.37,2.612,2.82,2.859,2.907
20200825,1.969,2.241,2.553,2.368,2.606,2.819,2.856,2.905
20200824,2.3595,2.23,2.548,2.364,2.604,2.81,2.853,2.901
20200821,2.258,2.28,2.422,2.339,2.601,2.802,2.849,2.9
20200820,2.172,2.249,2.341,2.316,2.601,2.8,2.845,2.896
20200819,2.148,2.204,2.248,2.307,2.6,2.795,2.84,2.893
20200818,2.115,2.19,2.231,2.304,2.6,2.788,2.831,2.886
20200817,2.128,2.213,2.276,2.305,2.602,2.779,2.822,2.878
20200814,2.175,2.222,2.307,2.306,2.601,2.778,2.814,2.872
20200813,2.162,2.237,2.284,2.3,2.601,2.769,2.811,2.866
20200812,2.152,2.246,2.271,2.3,2.601,2.764,2.809,2.862
20200811,2.201,2.249,2.197,2.299,2.6,2.757,2.803,2.855
20200810,2.129,2.202,2.098,2.295,2.601,2.755,2.803,2.853
20200807,2.057,2.205,2.052,2.286,2.603,2.755,2.802,2.852
20200806,1.661,2.074,2.021,2.286,2.6,2.749,2.797,2.85
20200805,1.69,2.062,2.035,2.281,2.6,2.744,2.79,2.846
20200804,1.925,2.143,2.043,2.286,2.598,2.733,2.778,2.837
20200803,1.57,2.043,1.946,2.282,2.595,2.715,2.763,2.828
20200731,1.788,2.236,2.247,2.295,2.593,2.709,2.76,2.828
20200730,1.369,2.183,2.24,2.288,2.59,2.705,2.756,2.82
20200729,1.45,2.174,2.281,2.276,2.586,2.7,2.752,2.815
20200728,1.753,2.2,2.278,2.267,2.578,2.697,2.745,2.807
20200727,1.994,2.202,2.289,2.258,2.574,2.69,2.738,2.804
20200724,1.843,2.147,2.234,2.245,2.557,2.676,2.727,2.796
20200723,1.858,2.207,2.192,2.239,2.541,2.654,2.709,2.783
20200722,1.336,2.008,2.187,2.225,2.501,2.621,2.687,2.758
20200721,1.584,2.101,2.215,2.223,2.466,2.565,2.651,2.727
20200720,1.9565,2.183,2.306,2.214,2.404,2.49,2.585,2.671
20200717,2.328,2.227,2.423,2.198,2.356,2.441,2.542,2.637
20200716,2.2465,2.249,2.197,2.145,2.286,2.377,2.479,2.574
20200715,2.022,2.15,2.113,2.1,2.241,2.334,2.438,2.516
20200714,1.67,2.148,2.094,2.077,2.192,2.292,2.404,2.48
20200713,2.128,2.201,2.216,2.057,2.163,2.264,2.385,2.455
20200710,2.197,2.203,1.957,2.035,2.143,2.241,2.367,2.433
20200709,2.189,2.192,2.048,2.013,2.122,2.222,2.353,2.42
20200708,2.088,2.137,1.872,1.998,2.111,2.209,2.335,2.404
20200707,1.706,2.092,1.72,1.998,2.103,2.196,2.318,2.392
20200706,1.346,1.794,1.624,1.997,2.104,2.19,2.305,2.384
20200703,1.364,1.98,1.685,2.011,2.105,2.186,2.301,2.376
20200702,1.745,2.006,1.823,2.038,2.113,2.181,2.297,2.368
20200701,1.967,2.095,1.984,2.071,2.122,2.178,2.299,2.361
20200630,1.785,2.228,2.282,2.083,2.126,2.168,2.296,2.358
20200629,1.012,2.181,2.156,2.096,2.127,2.166,2.29,2.35
20200624,1.54,2.173,2.284,2.098,2.121,2.16,2.28,2.344
20200623,1.971,2.15,2.419,2.08,2.109,2.152,2.265,2.325
20200622,2.133,2.15,2.205,2.057,2.097,2.142,2.253,2.308
20200619,2.131,2.147,2.156,2.048,2.095,2.132,2.249,2.3
20200618,2.123,2.1,2.096,2.023,2.078,2.115,2.223,2.285
20200617,2.048,2.057,1.832,1.993,2.056,2.095,2.207,2.266
20200616,1.751,1.891,1.757,1.95,2.019,2.062,2.166,2.23
20200615,1.477,1.855,1.79,1.916,1.987,2.03,2.141,2.207
20200612,1.529,2.016,1.859,1.899,1.956,2.004,2.106,2.189
20200611,1.757,2.021,1.848,1.86,1.904,1.953,2.051,2.138
20200610,1.849,1.98,1.8,1.791,1.816,1.861,1.947,2.053
20200609,1.833,1.947,1.758,1.741,1.727,1.788,1.884,2.007
20200608,1.89,1.942,1.69,1.647,1.658,1.737,1.83,1.957
20200605,1.582,1.987,1.705,1.582,1.594,1.668,1.773,1.903
20200604,1.963,2.001,1.604,1.513,1.536,1.619,1.745,1.851
20200603,1.885,1.971,1.579,1.455,1.494,1.596,1.723,1.826
20200602,1.468,1.673,1.44,1.422,1.462,1.575,1.69,1.801
20200601,1.629,1.959,1.724,1.424,1.456,1.566,1.678,1.788
20200529,2.097,2.151,1.925,1.43,1.453,1.552,1.667,1.774
20200528,2.102,2.179,1.847,1.412,1.43,1.525,1.64,1.748
20200527,2.104,2.018,1.75,1.39,1.415,1.518,1.626,1.739
20200526,1.88,1.908,1.491,1.342,1.405,1.503,1.611,1.723
20200525,1.473,1.785,1.34,1.316,1.4,1.497,1.6,1.71
20200522,1.094,1.595,1.313,1.307,1.4,1.493,1.6,1.704
20200521,1.104,1.556,1.314,1.303,1.4,1.493,1.6,1.701
20200520,1.22,1.534,1.321,1.301,1.399,1.492,1.599,1.699
20200519,1.385,1.521,1.274,1.3,1.399,1.492,1.598,1.698
20200518,0.905,1.563,1.265,1.3,1.398,1.492,1.598,1.699
20200515,0.864,1.657,1.259,1.3,1.399,1.493,1.599,1.7
20200514,0.743,1.514,1.256,1.3,1.399,1.493,1.598,1.698
20200513,0.705,1.485,1.253,1.3,1.398,1.493,1.597,1.696
20200512,0.803,1.568,1.269,1.3,1.398,1.493,1.595,1.695
20200511,0.876,1.679,1.278,1.3,1.398,1.493,1.594,1.69
20200509,0.85,1.481,1.279,1.3,1.399,1.493,1.592,1.686
20200508,0.938,1.809,1.296,1.3,1.4,1.491,1.589,1.683
20200507,1.143,1.838,1.321,1.304,1.4,1.491,1.589,1.683
20200506,1.483,1.865,1.364,1.311,1.4,1.492,1.589,1.684
20200430,1.888,1.919,1.511,1.314,1.4,1.493,1.588,1.683
20200429,0.661,1.755,1.344,1.304,1.399,1.49,1.585,1.681
20200428,0.874,1.62,1.305,1.304,1.398,1.489,1.583,1.681
20200427,0.874,1.774,1.31,1.307,1.397,1.487,1.58,1.682
20200424,0.912,1.718,1.317,1.302,1.396,1.486,1.582,1.683
20200423,0.893,1.663,1.319,1.301,1.396,1.486,1.58,1.683
20200422,0.901,1.576,1.296,1.3,1.391,1.484,1.578,1.676
20200421,0.901,1.606,1.307,1.302,1.396,1.48,1.572,1.674
20200420,0.896,1.734,1.313,1.301,1.394,1.482,1.578,1.674
20200417,0.716,1.737,1.307,1.308,1.403,1.499,1.594,1.683
20200416,0.702,1.657,1.318,1.324,1.428,1.516,1.603,1.694
20200415,0.801,1.632,1.35,1.341,1.447,1.539,1.631,1.712
20200414,0.994,1.707,1.387,1.353,1.46,1.556,1.644,1.733
20200413,1.378,1.851,1.361,1.365,1.485,1.579,1.668,1.758
20200410,1.349,1.813,1.325,1.4,1.507,1.606,1.702,1.794
20200409,1.182,1.68,1.283,1.473,1.558,1.665,1.769,1.855
20200408,0.893,1.739,1.333,1.553,1.647,1.759,1.87,1.951
20200407,0.806,1.773,1.382,1.659,1.73,1.859,1.993,2.07
20200403,1.001,1.831,1.537,1.741,1.844,1.956,2.075,2.165
20200402,1.278,1.857,1.621,1.772,1.889,1.982,2.098,2.202
20200401,1.403,2.004,1.736,1.809,1.918,2.015,2.123,2.226
20200331,1.614,2.147,1.854,1.827,1.933,2.033,2.14,2.25
20200330,1.374,2.163,1.786,1.835,1.948,2.051,2.159,2.274
20200327,1.104,1.769,1.69,1.857,1.966,2.072,2.198,2.305
20200326,0.845,1.72,1.666,1.869,1.977,2.091,2.216,2.324
20200325,0.847,1.745,1.66,1.897,2.01,2.131,2.245,2.355
20200324,0.814,1.693,1.668,1.938,2.056,2.17,2.293,2.392
20200323,0.845,1.805,1.732,1.962,2.072,2.191,2.312,2.41
20200320,0.795,1.945,1.774,1.993,2.087,2.218,2.342,2.438
20200319,0.846,1.893,1.732,2.008,2.104,2.242,2.362,2.451
20200318,0.963,1.751,1.774,2.032,2.12,2.263,2.387,2.464
20200317,1.083,1.896,1.85,2.063,2.145,2.295,2.4,2.482
20200316,1.231,2.199,1.969,2.093,2.175,2.33,2.418,2.491
20200313,1.414,2.252,1.993,2.119,2.202,2.359,2.438,2.513
20200312,1.664,2.309,2.035,2.13,2.223,2.365,2.45,2.534
20200311,2.118,2.3,2.039,2.145,2.224,2.379,2.47,2.557
20200310,2.014,2.241,1.979,2.132,2.225,2.391,2.481,2.586
20200309,1.588,2.074,1.905,2.115,2.238,2.407,2.494,2.591
20200306,1.362,2.035,1.912,2.126,2.258,2.427,2.516,2.616
20200305,1.45,2.089,1.949,2.15,2.29,2.467,2.553,2.651
20200304,1.462,2.052,1.964,2.174,2.332,2.499,2.581,2.679
20200303,1.622,2.094,1.99,2.229,2.375,2.528,2.614,2.706
20200302,1.714,2.129,2.051,2.27,2.408,2.548,2.635,2.722
20200228,1.628,2.374,2.092,2.301,2.429,2.56,2.642,2.735
20200227,1.347,2.192,2.086,2.301,2.433,2.564,2.648,2.74
20200226,1.499,2.183,2.073,2.306,2.442,2.577,2.66,2.744
20200225,1.602,2.203,2.084,2.318,2.459,2.59,2.673,2.752
20200224,1.533,2.176,2.103,2.33,2.476,2.601,2.688,2.755
20200221,1.355,2.245,2.111,2.343,2.489,2.605,2.692,2.76
20200220,1.403,2.308,2.115,2.359,2.5,2.61,2.697,2.767
20200219,1.626,2.268,2.134,2.371,2.51,2.618,2.704,2.773
20200218,1.503,2.293,2.117,2.387,2.525,2.633,2.71,2.786
20200217,1.425,2.261,2.129,2.4,2.545,2.651,2.727,2.807
20200214,1.256,2.233,2.103,2.416,2.565,2.664,2.744,2.817
20200213,1.443,2.324,2.126,2.454,2.605,2.691,2.763,2.834
20200212,1.521,2.286,2.11,2.495,2.639,2.723,2.783,2.845
20200211,1.56,2.225,2.141,2.527,2.679,2.758,2.801,2.856
20200210,1.652,2.289,2.23,2.577,2.723,2.787,2.823,2.877
20200207,1.793,2.306,2.292,2.628,2.753,2.81,2.843,2.897
20200206,1.819,2.366,2.345,2.651,2.776,2.833,2.875,2.913
20200205,2.051,2.343,2.435,2.696,2.799,2.853,2.894,2.936
20200204,2.273,2.416,2.585,2.76,2.824,2.877,2.91,2.959
20200203,2.504,2.607,2.62,2.806,2.852,2.903,2.94,2.98
20200123,2.444,2.549,2.797,2.822,2.858,2.914,2.951,2.995
20200122,1.534,2.607,2.814,2.82,2.858,2.912,2.95,2.995
20200121,1.885,2.601,2.837,2.816,2.859,2.91,2.953,2.995
20200120,2.248,2.607,2.877,2.813,2.86,2.914,2.954,2.997
20200119,2.413,2.608,2.856,2.804,2.863,2.917,2.957,2.997
20200117,2.522,2.64,2.943,2.808,2.868,2.918,2.965,3.005
20200116,2.609,2.663,2.969,2.8,2.868,2.918,2.965,3.007
20200115,2.654,2.717,3.013,2.799,2.865,2.918,2.97,3.012
20200114,2.518,2.654,2.735,2.706,2.862,2.915,2.969,3.013
20200113,2.059,2.522,2.51,2.619,2.858,2.915,2.966,3.014
20200110,1.7722,2.487,2.29,2.619,2.864,2.92,2.972,3.015
20200109,1.69,2.47,2.147,2.609,2.867,2.921,2.974,3.021
20200108,1.553,2.32,2.16,2.638,2.881,2.93,2.983,3.032
20200107,1.215,2.259,2.176,2.7,2.899,2.943,2.992,3.04
20200106,1.003,2.219,2.091,2.747,2.92,2.96,3.005,3.05
20200103,1.162,2.349,2.19,2.842,2.96,2.995,3.028,3.071
20200102,1.4436,2.433,2.334,2.8975,2.994,3.019,3.052,3.086
20211231,2.129,2.271,2.988,2.431,2.5,2.59,2.66,2.736
20211230,1.276,2.321,3.113,2.43,2.501,2.592,2.66,2.737
20211229,1.343,2.25,3.058,2.429,2.5,2.591,2.661,2.737
20211228,1.616,2.245,3.099,2.425,2.5,2.591,2.662,2.738
20211227,1.778,2.312,3.07,2.424,2.5,2.591,2.662,2.737
20211224,1.84,1.943,3.288,2.416,2.5,2.592,2.663,2.737
20211223,1.631,2.023,3.053,2.409,2.496,2.591,2.661,2.738
20211222,1.687,2.012,2.907,2.402,2.494,2.591,2.66,2.739
20211221,1.858,2.087,2.708,2.386,2.493,2.59,2.66,2.738
20211220,1.994,2.121,2.482,2.381,2.492,2.588,2.658,2.735
20211217,1.862,2.151,2.177,2.368,2.492,2.587,2.656,2.735
20211216,2.116,2.209,2.157,2.366,2.491,2.587,2.657,2.736
20211215,2.137,2.201,2.222,2.364,2.493,2.587,2.657,2.736
20211214,2.168,2.21,2.29,2.365,2.493,2.587,2.657,2.736
20211213,2.108,2.197,2.141,2.364,2.493,2.587,2.657,2.737
20211210,1.807,2.184,2.132,2.36,2.492,2.587,2.657,2.736
20211209,2.154,2.22,2.286,2.36,2.49,2.585,2.657,2.738
20211208,2.151,2.202,2.252,2.36,2.489,2.583,2.655,2.74
20211207,2.13,2.159,2.167,2.357,2.488,2.586,2.658,2.743
20211206,1.817,2.129,2.087,2.358,2.492,2.594,2.66,2.746
20211203,1.913,2.078,2.145,2.357,2.499,2.6,2.666,2.751
20211202,1.984,2.1,2.083,2.356,2.496,2.599,2.665,2.752
20211201,2.017,2.121,2.115,2.357,2.494,2.597,2.667,2.752
20211130,2.173,2.297,2.576,2.356,2.492,2.595,2.674,2.753
20211129,1.86,2.239,2.295,2.353,2.489,2.594,2.676,2.752
20211126,1.712,2.247,2.322,2.353,2.486,2.593,2.676,2.754
20211125,1.823,2.231,2.397,2.353,2.484,2.592,2.677,2.756
20211124,1.788,2.269,2.425,2.353,2.482,2.589,2.676,2.756
20211123,2.178,2.17,2.432,2.353,2.48,2.586,2.675,2.757
20211122,1.946,2.109,2.35,2.35,2.477,2.583,2.674,2.756
20211119,1.998,2.171,2.323,2.348,2.475,2.577,2.673,2.756
20211118,1.932,2.172,2.306,2.346,2.473,2.576,2.671,2.757
20211117,2.152,2.182,2.196,2.349,2.467,2.572,2.671,2.759
20211116,1.923,2.096,2.103,2.356,2.463,2.566,2.671,2.762
20211115,1.787,2.1,2.111,2.359,2.46,2.563,2.674,2.763
20211112,1.856,2.124,2.093,2.382,2.454,2.556,2.673,2.767
20211111,1.881,2.113,2.144,2.398,2.454,2.554,2.673,2.768
20211110,1.833,2.142,2.201,2.398,2.454,2.551,2.673,2.769
20211109,2.137,2.191,2.227,2.399,2.454,2.55,2.673,2.774
20211108,1.897,2.121,2.167,2.396,2.452,2.546,2.673,2.779
20211105,1.887,2.129,2.213,2.398,2.451,2.542,2.673,2.78
20211104,1.886,2.132,2.146,2.397,2.451,2.542,2.675,2.784
20211103,2.0,2.137,2.186,2.397,2.452,2.541,2.675,2.784
20211102,2.126,2.185,2.205,2.394,2.45,2.539,2.673,2.783
20211101,2.03,2.168,2.158,2.398,2.449,2.537,2.671,2.783
20211029,2.142,2.299,2.414,2.398,2.449,2.536,2.669,2.782
20211028,1.94,2.301,2.441,2.396,2.448,2.533,2.666,2.778
20211027,1.921,2.268,2.441,2.392,2.445,2.529,2.664,2.773
20211026,1.546,2.262,2.424,2.387,2.443,2.525,2.664,2.766
20211025,1.61,2.243,2.41,2.38,2.438,2.522,2.661,2.759
20211022,1.672,2.056,2.434,2.37,2.434,2.511,2.663,2.758
20211021,1.683,2.055,2.456,2.366,2.432,2.509,2.66,2.753
20211020,2.104,2.221,2.395,2.363,2.431,2.504,2.657,2.746
20211019,2.223,2.283,2.552,2.362,2.428,2.501,2.655,2.738
20211018,2.131,2.174,2.278,2.357,2.422,2.5,2.654,2.734
20211015,2.065,2.132,2.145,2.3582,2.4222,2.498,2.653,2.7265
20211014,2.106,2.198,2.3,2.359,2.423,2.498,2.653,2.725
20211013,2.157,2.202,2.199,2.357,2.42,2.495,2.651,2.717
20211012,2.101,2.167,2.183,2.363,2.423,2.492,2.651,2.716
20211011,2.135,2.199,2.181,2.366,2.423,2.488,2.651,2.718
20211008,2.105,2.17,2.095,2.399,2.433,2.489,2.656,2.722
20210930,2.22,2.266,2.97,2.439,2.431,2.489,2.655,2.722
20210929,1.505,2.45,2.9,2.436,2.427,2.489,2.652,2.718
20210928,1.946,2.115,2.809,2.426,2.417,2.485,2.653,2.713
20210927,1.708,1.984,2.732,2.418,2.408,2.483,2.65,2.708
20210924,1.695,2.219,2.709,2.408,2.397,2.473,2.65,2.7
20210923,2.035,2.189,2.657,2.396,2.39,2.469,2.649,2.7
20210922,2.161,2.232,2.387,2.387,2.385,2.469,2.649,2.7
20210917,2.213,2.398,2.382,2.373,2.372,2.468,2.649,2.7
20210916,2.21,2.234,2.345,2.356,2.365,2.466,2.649,2.7
20210915,2.137,2.213,2.336,2.344,2.363,2.468,2.649,2.7
20210914,2.296,2.28,2.353,2.339,2.361,2.468,2.649,2.699
20210913,2.165,2.203,2.296,2.32,2.357,2.467,2.644,2.699
20210910,2.109,2.199,2.227,2.312,2.357,2.467,2.649,2.698
20210909,2.029,2.158,2.237,2.311,2.357,2.467,2.649,2.698
20210908,2.184,2.201,2.246,2.307,2.357,2.468,2.649,2.699
20210907,2.187,2.198,2.17,2.305,2.355,2.471,2.649,2.698
20210906,2.115,2.151,2.169,2.307,2.355,2.469,2.649,2.698
20210903,1.943,2.059,2.051,2.31,2.356,2.47,2.648,2.699
20210902,2.082,2.075,2.056,2.311,2.356,2.47,2.646,2.699
20210901,2.122,2.104,2.039,2.323,2.358,2.47,2.651,2.7
20210831,2.195,2.322,2.36,2.329,2.357,2.473,2.652,2.7
20210830,1.846,2.308,2.323,2.319,2.355,2.472,2.652,2.7
20210827,2.092,2.329,2.306,2.315,2.354,2.471,2.652,2.7
20210826,2.199,2.319,2.317,2.312,2.354,2.471,2.653,2.7
20210825,2.211,2.311,2.322,2.309,2.354,2.471,2.651,2.7
20210824,2.262,2.224,2.299,2.303,2.353,2.471,2.656,2.7
20210823,2.143,2.16,2.244,2.3,2.353,2.471,2.656,2.7
20210820,2.042,2.115,2.235,2.3,2.353,2.472,2.656,2.7
20210819,1.841,2.091,2.248,2.3,2.354,2.474,2.656,2.7
20210818,1.725,2.054,2.284,2.3,2.355,2.475,2.659,2.7
20210817,1.972,2.139,2.13,2.3,2.355,2.476,2.663,2.704
20210816,2.105,2.193,2.201,2.301,2.355,2.476,2.665,2.708
20210813,2.176,2.197,2.155,2.3,2.359,2.479,2.666,2.71
20210812,1.94,2.15,2.159,2.295,2.36,2.48,2.667,2.71
20210811,2.032,2.147,2.315,2.292,2.363,2.482,2.674,2.713
20210810,2.25,2.348,2.388,2.289,2.365,2.483,2.678,2.716
20210809,2.212,2.145,2.132,2.27,2.36,2.485,2.683,2.72
20210806,1.859,1.994,2.001,2.278,2.368,2.489,2.69,2.728
20210805,1.709,1.97,1.982,2.288,2.373,2.494,2.698,2.736
20210804,1.71,2.04,2.029,2.295,2.385,2.506,2.712,2.75
20210803,1.836,2.041,2.091,2.303,2.394,2.511,2.726,2.766
20210802,1.876,2.071,2.072,2.318,2.4,2.517,2.734,2.78
20210730,2.178,2.284,2.339,2.331,2.401,2.525,2.74,2.789
20210729,1.644,2.257,2.394,2.326,2.401,2.525,2.742,2.788
20210728,2.092,2.356,2.457,2.329,2.401,2.528,2.747,2.796
20210727,2.27,2.31,2.442,2.324,2.401,2.527,2.746,2.796
20210726,2.119,2.214,2.346,2.32,2.402,2.523,2.746,2.793
20210723,2.057,2.143,2.311,2.318,2.402,2.523,2.746,2.797
20210722,2.114,2.18,2.344,2.317,2.402,2.526,2.746,2.799
20210721,2.182,2.218,2.284,2.315,2.402,2.527,2.748,2.801
20210720,2.178,2.198,2.258,2.313,2.402,2.528,2.754,2.805
20210719,2.111,2.155,2.235,2.315,2.401,2.534,2.76,2.808
20210716,2.115,2.201,2.188,2.318,2.404,2.543,2.769,2.814
20210715,2.098,2.178,2.186,2.316,2.405,2.547,2.776,2.822
20210714,1.984,2.179,2.195,2.326,2.414,2.552,2.785,2.833
20210713,2.05,2.193,2.198,2.333,2.423,2.567,2.791,2.843
20210712,1.94,2.163,2.193,2.339,2.428,2.577,2.804,2.858
20210709,2.206,2.22,2.149,2.351,2.435,2.589,2.818,2.868
20210708,1.791,2.114,2.107,2.357,2.435,2.594,2.823,2.872
20210707,2.068,2.129,2.064,2.376,2.442,2.6,2.84,2.896
20210706,1.908,2.046,2.023,2.378,2.442,2.601,2.841,2.898
20210705,1.665,2.034,2.021,2.382,2.444,2.601,2.841,2.896
20210702,1.614,1.945,2.041,2.385,2.449,2.605,2.841,2.899
20210701,1.734,2.186,2.199,2.407,2.457,2.606,2.841,2.901
20210630,2.177,2.405,2.966,2.415,2.458,2.609,2.841,2.904
20210629,1.795,2.431,2.911,2.41,2.458,2.608,2.84,2.904
20210628,1.558,2.258,2.836,2.405,2.457,2.607,2.84,2.904
20210625,1.55,2.196,2.719,2.404,2.456,2.609,2.84,2.904
20210624,1.853,2.254,2.61,2.404,2.455,2.611,2.84,2.907
20210623,2.208,2.276,2.673,2.406,2.457,2.61,2.841,2.906
20210622,2.301,2.337,2.623,2.406,2.457,2.608,2.838,2.905
20210621,2.247,2.257,2.526,2.401,2.449,2.606,2.834,2.902
20210618,2.014,2.206,2.527,2.398,2.444,2.606,2.83,2.895
20210617,1.876,2.179,2.248,2.391,2.441,2.604,2.829,2.891
20210616,2.006,2.198,2.221,2.388,2.439,2.605,2.826,2.886
20210615,2.104,2.237,2.246,2.383,2.434,2.608,2.825,2.884
20210611,1.998,2.169,2.202,2.384,2.434,2.61,2.824,2.883
20210610,1.892,2.146,2.269,2.381,2.435,2.611,2.823,2.881
20210609,2.188,2.271,2.322,2.386,2.442,2.618,2.826,2.884
20210608,2.193,2.267,2.35,2.383,2.443,2.624,2.824,2.884
20210607,2.299,2.253,2.346,2.385,2.446,2.626,2.822,2.887
20210604,2.175,2.187,2.11,2.377,2.444,2.629,2.821,2.887
20210603,1.852,2.092,2.093,2.384,2.454,2.641,2.829,2.899
20210602,2.04,2.156,2.135,2.397,2.469,2.651,2.835,2.907
20210601,2.187,2.233,2.139,2.406,2.478,2.659,2.84,2.91
20210531,2.227,2.502,2.581,2.407,2.479,2.663,2.838,2.911
20210528,2.166,2.278,2.376,2.404,2.476,2.663,2.834,2.912
20210527,2.117,2.262,2.336,2.403,2.474,2.667,2.836,2.915
20210526,1.99,2.269,2.311,2.405,2.479,2.67,2.841,2.921
20210525,2.194,2.254,2.317,2.406,2.485,2.671,2.842,2.924
20210524,2.171,2.156,2.31,2.407,2.49,2.675,2.842,2.925
20210521,1.996,2.16,2.26,2.41,2.489,2.684,2.843,2.929
20210520,2.092,2.165,2.268,2.412,2.497,2.69,2.843,2.931
20210519,2.025,2.149,2.218,2.416,2.505,2.701,2.843,2.932
20210518,2.119,2.196,2.24,2.418,2.51,2.702,2.841,2.93
20210517,2.136,2.195,2.137,2.419,2.514,2.703,2.841,2.932
20210514,1.805,2.074,2.079,2.422,2.521,2.705,2.842,2.931
20210513,1.966,2.082,2.06,2.423,2.525,2.709,2.842,2.932
20210512,1.951,2.029,2.032,2.429,2.532,2.719,2.843,2.938
20210511,1.938,2.078,1.986,2.432,2.536,2.722,2.843,2.943
20210510,1.663,1.909,1.957,2.437,2.542,2.728,2.848,2.947
20210507,1.779,1.94,2.026,2.463,2.569,2.742,2.865,2.959
20210506,2.097,2.152,2.179,2.477,2.576,2.745,2.874,2.966
20210430,2.285,2.336,2.367,2.489,2.58,2.752,2.879,2.972
20210429,1.823,2.252,2.331,2.49,2.585,2.757,2.88,2.978
20210428,1.78,2.189,2.321,2.491,2.592,2.768,2.884,2.98
20210427,1.814,2.234,2.307,2.491,2.592,2.782,2.889,2.981
20210426,2.075,2.246,2.39,2.494,2.594,2.792,2.896,2.987
20210423,1.942,2.139,2.283,2.5,2.6,2.792,2.9,3.0
20210422,2.127,2.15,2.281,2.5,2.6,2.792,2.9,3.001
20210421,1.864,2.133,2.259,2.5,2.6,2.794,2.9,3.009
20210420,1.854,2.196,2.262,2.5,2.6,2.798,2.9,3.02
20210419,2.118,2.226,2.25,2.5,2.6,2.798,2.9,3.026
20210416,1.946,2.199,2.119,2.501,2.601,2.798,2.9,3.032
20210415,1.81,2.058,2.07,2.502,2.602,2.798,2.9,3.037
20210414,1.81,2.063,2.086,2.503,2.603,2.798,2.902,3.042
20210413,1.781,2.061,2.088,2.508,2.605,2.798,2.903,3.051
20210412,1.792,2.05,2.112,2.51,2.608,2.797,2.909,3.055
20210409,1.784,2.054,2.08,2.516,2.612,2.795,2.911,3.059
20210408,1.76,2.014,2.057,2.523,2.615,2.798,2.913,3.062
20210407,1.824,1.939,2.003,2.532,2.62,2.796,2.917,3.068
20210406,1.765,2.045,2.086,2.533,2.629,2.798,2.922,3.072
20210402,1.734,2.145,2.179,2.541,2.634,2.799,2.93,3.079
20210401,2.143,2.155,2.192,2.541,2.635,2.799,2.935,3.08
20210331,2.124,2.251,2.478,2.542,2.635,2.798,2.941,3.08
20210330,1.825,2.236,2.415,2.541,2.639,2.799,2.944,3.081
20210329,1.814,2.158,2.369,2.554,2.642,2.802,2.951,3.083
20210326,1.762,2.173,2.397,2.569,2.65,2.802,2.966,3.086
20210325,2.029,2.194,2.412,2.577,2.6685,2.809,2.976,3.089
20210324,1.822,1.992,2.429,2.577,2.681,2.815,2.983,3.09
20210323,1.976,2.168,2.452,2.578,2.689,2.826,2.988,3.094
20210322,2.052,2.163,2.469,2.576,2.694,2.832,2.993,3.097
20210319,2.135,2.199,2.297,2.577,2.698,2.836,2.995,3.1
20210318,2.206,2.197,2.313,2.574,2.703,2.831,2.993,3.1
20210317,1.968,2.167,2.17,2.57,2.704,2.832,2.999,3.1
20210316,2.14,2.229,2.29,2.568,2.705,2.836,2.999,3.102
20210315,2.245,2.275,2.411,2.568,2.709,2.843,2.998,3.102
20210312,1.787,2.134,2.151,2.563,2.719,2.848,3.0,3.101
20210311,1.796,2.06,2.087,2.574,2.733,2.855,3.0,3.102
20210310,1.747,2.038,2.086,2.578,2.737,2.86,3.0,3.102
20210309,2.024,2.067,2.102,2.584,2.74,2.867,3.0,3.102
20210308,1.704,2.144,2.129,2.583,2.749,2.879,3.0,3.102
20210305,1.565,1.999,2.081,2.597,2.766,2.885,3.0,3.102
20210304,1.926,2.161,2.111,2.629,2.781,2.893,3.001,3.104
20210303,1.471,1.89,2.107,2.654,2.794,2.898,3.002,3.103
20210302,1.775,2.157,2.196,2.682,2.804,2.899,3.005,3.106
20210301,2.154,2.216,2.22,2.701,2.813,2.899,3.005,3.105
20210226,2.092,2.214,2.328,2.719,2.833,2.9,3.007,3.104
20210225,1.703,2.215,2.349,2.721,2.836,2.9,3.007,3.101
20210224,1.512,2.114,2.368,2.727,2.843,2.902,3.007,3.094
20210223,1.984,2.277,2.418,2.733,2.848,2.9,3.0,3.085
20210222,1.512,2.206,2.324,2.74,2.845,2.895,2.988,3.076
20210219,1.886,2.051,2.397,2.745,2.824,2.876,2.966,3.052
20210218,2.341,2.213,2.292,2.753,2.815,2.866,2.953,3.038
20210210,1.925,2.217,2.383,2.754,2.812,2.862,2.953,3.038
20210209,1.772,2.425,2.732,2.759,2.808,2.85,2.953,3.034
20210208,1.906,2.341,2.762,2.755,2.791,2.828,2.95,3.024
20210205,1.909,2.338,2.877,2.753,2.779,2.807,2.932,3.007
20210204,2.075,2.324,2.644,2.752,2.776,2.807,2.92,3.002
20210203,1.859,2.146,2.585,2.772,2.776,2.807,2.916,3.002
20210202,2.313,2.241,2.715,2.807,2.775,2.805,2.91,3.003
20210201,2.795,3.194,3.283,2.85,2.773,2.802,2.902,2.998
20210129,3.282,3.071,3.798,2.832,2.765,2.796,2.896,2.989
20210128,3.024,2.981,3.555,2.708,2.705,2.756,2.859,2.962
20210127,2.97,2.969,3.064,2.632,2.619,2.707,2.827,2.936
20210126,2.726,2.728,2.853,2.547,2.589,2.699,2.802,2.906
20210125,2.45,2.296,2.681,2.512,2.579,2.691,2.791,2.892
20210122,2.436,2.271,2.601,2.503,2.578,2.688,2.789,2.883
20210121,2.573,2.359,2.651,2.489,2.578,2.688,2.789,2.875
20210120,2.457,2.493,2.619,2.464,2.575,2.688,2.789,2.866
20210119,2.236,2.267,2.248,2.396,2.573,2.685,2.785,2.858
20210118,2.125,2.177,2.141,2.388,2.578,2.69,2.793,2.857
20210115,1.738,2.124,1.99,2.39,2.581,2.694,2.795,2.859
20210114,1.675,2.013,1.937,2.404,2.582,2.697,2.797,2.864
20210113,1.401,1.999,1.951,2.412,2.59,2.697,2.799,2.871
20210112,1.333,1.985,1.923,2.432,2.599,2.703,2.802,2.88
20210111,1.216,2.148,1.821,2.447,2.618,2.715,2.814,2.889
20210108,0.965,2.141,1.793,2.468,2.645,2.738,2.837,2.91
20210107,0.921,1.855,1.742,2.491,2.677,2.769,2.863,2.936
20210106,0.616,1.966,1.788,2.529,2.707,2.792,2.889,2.962
20210105,0.729,1.822,1.856,2.577,2.734,2.816,2.913,2.985
20210104,0.899,1.993,2.021,2.642,2.746,2.829,2.926,2.993
20221230,1.957,2.223,3.145,2.346,2.422,2.508,2.565,2.619
20221229,0.441,2.261,3.165,2.34,2.418,2.505,2.561,2.619
20221228,0.522,2.019,3.19,2.332,2.416,2.504,2.558,2.62
20221227,0.632,2.004,3.084,2.321,2.411,2.498,2.554,2.62
20221226,0.82,1.961,3.039,2.306,2.405,2.494,2.55,2.623
20221223,0.585,1.687,2.835,2.287,2.402,2.489,2.546,2.626
20221222,0.783,1.579,2.571,2.271,2.395,2.48,2.537,2.617
20221221,0.921,1.687,2.288,2.246,2.384,2.471,2.531,2.613
20221220,1.166,1.807,2.036,2.222,2.361,2.461,2.52,2.603
20221219,1.217,1.8,1.782,2.21,2.355,2.458,2.517,2.596
20221216,1.224,1.752,1.737,2.171,2.339,2.45,2.508,2.587
20221215,1.223,1.626,1.745,2.123,2.321,2.434,2.49,2.569
20221214,1.199,1.669,1.732,2.065,2.298,2.412,2.472,2.547
20221213,1.032,1.748,1.691,2.037,2.283,2.403,2.459,2.532
20221212,1.052,1.61,1.715,2.006,2.273,2.392,2.44,2.514
20221209,1.071,1.759,1.635,1.978,2.259,2.379,2.429,2.5
20221208,1.064,1.71,1.637,1.967,2.25,2.3695,2.419,2.488
20221207,1.007,1.663,1.581,1.952,2.231,2.353,2.405,2.476
20221206,1.043,1.677,1.65,1.935,2.207,2.335,2.39,2.465
20221205,1.08,1.689,1.619,1.929,2.201,2.327,2.384,2.46
20221202,1.157,1.693,1.7,1.923,2.2,2.316,2.377,2.454
20221201,1.458,1.729,1.711,1.919,2.197,2.308,2.37,2.445
20221130,1.515,1.915,1.966,1.915,2.193,2.305,2.364,2.435
20221129,1.023,1.865,1.862,1.909,2.186,2.302,2.359,2.423
20221128,1.033,1.881,1.87,1.913,2.185,2.298,2.358,2.417
20221125,1.021,1.744,1.96,1.924,2.188,2.302,2.363,2.419
20221124,1.044,1.769,1.957,1.94,2.195,2.316,2.378,2.437
20221123,1.039,1.673,1.906,1.949,2.25,2.36,2.423,2.482
20221122,0.871,1.665,2.1,1.947,2.248,2.356,2.414,2.476
20221121,1.139,1.675,2.036,1.938,2.241,2.34,2.399,2.463
20221118,1.364,1.791,2.037,1.933,2.238,2.311,2.384,2.449
20221117,1.699,1.863,1.981,1.93,2.213,2.276,2.366,2.436
20221116,1.936,1.998,2.087,1.884,2.116,2.164,2.264,2.349
20221115,1.853,1.929,1.969,1.831,2.009,2.043,2.153,2.224
20221114,1.646,1.846,1.874,1.768,1.912,1.948,2.071,2.133
20221111,1.704,1.888,1.825,1.716,1.868,1.924,2.041,2.092
20221110,1.826,1.938,1.846,1.7,1.838,1.916,2.02,2.076
20221109,1.808,1.855,1.801,1.698,1.807,1.908,2.006,2.062
20221108,1.756,1.812,1.753,1.688,1.781,1.896,2.002,2.054
20221107,1.62,1.786,1.695,1.677,1.769,1.891,1.997,2.049
20221104,1.386,1.702,1.628,1.675,1.754,1.884,1.989,2.043
20221103,1.324,1.718,1.608,1.676,1.752,1.884,1.982,2.04
20221102,1.755,1.771,1.682,1.684,1.752,1.884,1.983,2.039
20221101,1.843,1.829,1.652,1.683,1.75,1.884,1.98,2.038
20221031,1.739,1.952,1.983,1.68,1.745,1.881,1.978,2.037
20221028,1.327,1.963,1.96,1.675,1.743,1.877,1.978,2.036
20221027,1.764,2.013,2.063,1.673,1.741,1.874,1.977,2.036
20221026,1.775,1.995,2.111,1.657,1.734,1.867,1.974,2.034
20221025,1.763,1.876,2.127,1.639,1.724,1.858,1.966,2.027
20221024,1.394,1.726,1.811,1.628,1.71,1.845,1.956,2.02
20221021,1.23,1.682,1.698,1.62,1.702,1.836,1.949,2.014
20221020,1.154,1.581,1.576,1.612,1.697,1.825,1.935,2.008
20221019,1.116,1.547,1.481,1.609,1.691,1.815,1.933,2.005
20221018,1.134,1.53,1.479,1.61,1.686,1.812,1.927,2.004
20221017,1.167,1.558,1.462,1.613,1.684,1.81,1.925,2.004
20221014,1.133,1.594,1.484,1.613,1.68,1.806,1.922,2.003
20221013,1.182,1.638,1.49,1.619,1.677,1.804,1.92,2.003
20221012,1.155,1.611,1.454,1.62,1.671,1.803,1.918,2.002
20221011,1.183,1.621,1.453,1.634,1.678,1.804,1.918,2.004
20221010,1.11,1.497,1.438,1.644,1.679,1.804,1.919,2.004
20221009,1.178,1.616,1.409,1.655,1.674,1.802,1.922,2.006
20221008,1.652,1.699,1.564,1.698,1.676,1.801,1.925,2.009
20220930,2.081,2.055,2.63,1.711,1.673,1.8,1.931,2.016
20220929,0.964,2.015,2.453,1.71,1.666,1.799,1.929,2.011
20220928,1.27,1.747,2.553,1.682,1.652,1.796,1.922,2.006
20220927,1.399,1.697,2.025,1.665,1.634,1.792,1.912,2.0
20220926,1.429,1.84,1.953,1.646,1.621,1.791,1.904,1.995
20220923,1.465,1.608,1.85,1.625,1.612,1.781,1.9,1.995
20220922,1.461,1.646,1.824,1.617,1.609,1.779,1.899,1.996
20220921,1.468,1.726,1.8,1.593,1.607,1.777,1.897,1.996
20220920,1.458,1.687,1.685,1.573,1.606,1.768,1.894,1.99
20220919,1.41,1.699,1.659,1.536,1.601,1.76,1.885,1.984
20220916,1.294,1.643,1.552,1.511,1.599,1.752,1.876,1.977
20220915,1.226,1.547,1.46,1.508,1.599,1.751,1.873,1.974
20220914,1.173,1.557,1.449,1.508,1.599,1.752,1.874,1.974
20220913,1.171,1.521,1.414,1.502,1.599,1.751,1.872,1.972
20220909,1.173,1.476,1.409,1.503,1.6,1.75,1.87,1.969
20220908,1.159,1.502,1.406,1.501,1.601,1.75,1.87,1.971
20220907,1.113,1.524,1.403,1.5,1.6,1.75,1.87,1.971
20220906,1.069,1.449,1.376,1.5,1.6,1.75,1.87,1.971
20220905,1.033,1.409,1.372,1.5,1.6,1.75,1.87,1.971
20220902,1.175,1.51,1.428,1.5,1.6,1.75,1.87,1.97
20220901,1.463,1.497,1.47,1.5,1.6,1.75,1.873,1.972
20220831,1.401,1.78,1.672,1.501,1.6,1.75,1.874,1.974
20220830,1.124,1.649,1.675,1.5,1.599,1.75,1.873,1.973
20220829,1.235,1.639,1.696,1.498,1.596,1.747,1.871,1.973
20220826,1.258,1.745,1.649,1.495,1.594,1.744,1.868,1.969
20220825,1.153,1.515,1.461,1.49,1.593,1.739,1.861,1.963
20220824,1.122,1.445,1.448,1.49,1.593,1.737,1.857,1.96
20220823,1.109,1.499,1.443,1.491,1.594,1.736,1.856,1.959
20220822,1.1433,1.5089,1.4578,1.4911,1.5956,1.7367,1.8556,1.96
20220819,1.211,1.509,1.458,1.492,1.597,1.741,1.857,1.961
20220818,1.187,1.479,1.434,1.491,1.598,1.743,1.859,1.961
20220817,1.138,1.467,1.355,1.498,1.598,1.742,1.859,1.964
20220816,1.075,1.392,1.356,1.5,1.599,1.744,1.864,1.965
20220815,1.043,1.425,1.315,1.505,1.607,1.75,1.873,1.978
20220812,1.044,1.413,1.349,1.513,1.622,1.763,1.889,1.995
20220811,1.03,1.404,1.357,1.53,1.629,1.766,1.888,1.99
20220810,1.068,1.43,1.334,1.533,1.637,1.771,1.88,1.988
20220809,1.018,1.409,1.325,1.546,1.647,1.784,1.894,1.997
20220808,1.013,1.391,1.322,1.569,1.667,1.8,1.916,2.013
20220805,1.019,1.384,1.351,1.594,1.699,1.838,1.95,2.043
20220804,1.025,1.381,1.357,1.622,1.729,1.879,1.989,2.079
20220803,1.026,1.385,1.39,1.679,1.767,1.911,2.028,2.119
20220802,1.076,1.526,1.461,1.704,1.799,1.942,2.066,2.151
20220801,1.177,1.56,1.547,1.721,1.825,1.982,2.109,2.193
20220729,1.254,1.705,1.61,1.737,1.846,1.996,2.131,2.218
20220728,1.014,1.546,1.632,1.742,1.854,2.004,2.144,2.226
20220727,1.008,1.613,1.649,1.748,1.863,2.012,2.157,2.236
20220726,1.018,1.632,1.654,1.755,1.872,2.021,2.166,2.246
20220725,1.074,1.639,1.656,1.756,1.881,2.03,2.173,2.256
20220722,1.194,1.635,1.642,1.757,1.893,2.038,2.184,2.266
20220721,1.254,1.679,1.634,1.767,1.909,2.054,2.203,2.284
20220720,1.27,1.679,1.697,1.773,1.924,2.07,2.22,2.298
20220719,1.242,1.629,1.65,1.77,1.948,2.091,2.236,2.31
20220718,1.218,1.646,1.727,1.772,1.974,2.113,2.251,2.322
20220715,1.211,1.593,1.563,1.774,1.977,2.116,2.256,2.326
20220714,1.195,1.629,1.567,1.775,1.979,2.118,2.261,2.333
20220713,1.219,1.617,1.578,1.784,1.9835,2.122,2.266,2.337
20220712,1.211,1.621,1.588,1.789,1.9855,2.126,2.273,2.344
20220711,1.223,1.627,1.58,1.797,1.9895,2.128,2.278,2.346
20220708,1.216,1.651,1.586,1.807,1.9925,2.13,2.28,2.349
20220707,1.222,1.626,1.593,1.822,1.995,2.133,2.281,2.354
20220706,1.21,1.641,1.635,1.834,1.998,2.135,2.283,2.355
20220705,1.367,1.669,1.594,1.86,2.0,2.139,2.287,2.359
20220704,1.418,1.624,1.602,1.878,2.0,2.137,2.288,2.36
20220701,1.441,1.798,1.689,1.887,2.0,2.14,2.289,2.363
20220630,1.901,2.2,2.157,1.898,2.0,2.141,2.289,2.363
20220629,1.372,2.025,2.18,1.898,2.0,2.141,2.288,2.362
20220628,1.438,1.98,2.116,1.895,2.0,2.139,2.288,2.363
20220627,1.438,1.992,2.043,1.894,2.0,2.139,2.288,2.36
20220624,1.435,1.85,1.984,1.893,2.0,2.138,2.287,2.364
20220623,1.437,1.755,1.963,1.893,2.0,2.137,2.291,2.367
20220622,1.444,1.783,1.848,1.892,2.0,2.137,2.291,2.369
20220621,1.438,1.796,1.845,1.891,2.0,2.136,2.291,2.372
20220620,1.418,1.829,1.786,1.891,2.0,2.136,2.291,2.374
20220617,1.414,1.737,1.664,1.891,2.0,2.14,2.291,2.378
20220616,1.413,1.688,1.626,1.892,2.0,2.146,2.293,2.381
20220615,1.413,1.708,1.614,1.893,2.002,2.15,2.292,2.381
20220614,1.413,1.656,1.607,1.892,2.002,2.15,2.285,2.377
20220613,1.408,1.7,1.611,1.889,2.002,2.15,2.282,2.373
20220610,1.403,1.675,1.601,1.89,2.0,2.148,2.282,2.369
20220609,1.414,1.707,1.62,1.887,2.003,2.145,2.275,2.365
20220608,1.419,1.689,1.628,1.882,2.003,2.144,2.268,2.357
20220607,1.421,1.708,1.65,1.877,2.003,2.138,2.261,2.349
20220606,1.454,1.701,1.636,1.873,2.001,2.134,2.245,2.332
20220602,1.432,1.674,1.625,1.87,1.999,2.133,2.241,2.323
20220601,1.413,1.652,1.641,1.865,1.998,2.13,2.238,2.317
20220531,1.588,1.898,1.757,1.865,1.998,2.129,2.238,2.318
20220530,1.405,1.814,1.803,1.856,1.997,2.126,2.236,2.319
20220527,1.381,1.777,1.738,1.854,1.995,2.13,2.239,2.323
20220526,1.364,1.765,1.737,1.875,1.99,2.136,2.243,2.325
20220525,1.347,1.785,1.737,1.871,2.009,2.143,2.243,2.326
20220524,1.325,1.681,1.691,1.897,2.013,2.151,2.242,2.323
20220523,1.323,1.693,1.704,1.9,2.021,2.167,2.254,2.331
20220520,1.322,1.665,1.701,1.932,2.05,2.186,2.261,2.337
20220519,1.414,1.654,1.669,1.937,2.067,2.208,2.275,2.343
20220518,1.326,1.647,1.645,1.941,2.078,2.222,2.288,2.359
20220517,2.109,1.584,1.594,1.945,1.325,2.239,2.301,2.377
20220516,2.145,1.714,1.624,1.978,1.311,2.255,2.313,2.393
20220513,2.155,1.671,1.6145,2.015,1.31,2.264,2.33,2.408
20220512,2.166,1.714,1.671,2.064,1.309,2.275,2.341,2.42
20220511,2.173,1.708,1.656,2.071,1.325,2.289,2.35,2.431
20220510,2.181,1.63,1.75,2.078,1.305,2.3,2.356,2.442
20220509,2.186,1.814,1.751,2.089,1.309,2.304,2.364,2.45
20220507,2.195,1.699,1.8,2.109,1.294,2.308,2.371,2.462
20220506,2.202,1.789,1.77,2.114,1.351,2.311,2.376,2.468
20220505,2.209,1.903,1.907,2.116,1.783,2.317,2.381,2.474
20220429,2.217,2.006,2.022,2.125,1.838,2.324,2.384,2.474
20220428,2.231,1.88,1.975,2.142,1.301,2.334,2.393,2.484
20220427,2.242,1.743,1.889,2.154,1.303,2.346,2.404,2.497
20220426,2.252,1.681,1.892,2.166,1.306,2.355,2.413,2.507
20220425,2.262,1.712,1.945,2.181,1.303,2.368,2.424,2.516
20220424,2.274,1.809,1.961,2.194,1.302,2.38,2.436,2.53
20220422,2.305,1.7,1.946,2.213,1.255,2.398,2.451,2.54
20220421,2.313,1.804,1.971,2.222,1.294,2.407,2.461,2.549
20220420,2.323,1.937,1.971,2.23,1.303,2.411,2.465,2.555
20220419,2.327,1.801,2.021,2.237,1.294,2.415,2.472,2.558
20220418,2.331,1.876,1.904,2.245,1.403,2.418,2.476,2.562
20220415,1.339,1.822,1.884,2.253,2.336,2.421,2.482,2.567
20220414,1.552,1.905,1.924,2.267,2.343,2.429,2.488,2.572
20220413,1.665,1.966,1.933,2.276,2.347,2.434,2.493,2.575
20220412,1.772,2.04,1.971,2.284,2.351,2.437,2.496,2.577
20220411,1.856,1.947,1.938,2.291,2.357,2.441,2.5,2.582
20220408,1.751,1.985,1.941,2.295,2.363,2.444,2.506,2.586
20220407,1.825,2.051,1.971,2.29,2.36,2.443,2.505,2.593
20220406,1.848,2.004,2.015,2.305,2.37,2.451,2.508,2.605
20220401,1.604,2.017,2.0,2.307,2.372,2.452,2.513,2.606
20220331,2.011,2.197,2.392,2.313,2.373,2.452,2.513,2.606
20220330,1.557,2.171,2.399,2.313,2.371,2.451,2.511,2.606
20220329,1.727,2.145,2.391,2.314,2.372,2.452,2.511,2.605
20220328,1.946,2.188,2.475,2.313,2.37,2.451,2.51,2.604
20220325,2.001,2.207,2.433,2.31,2.369,2.452,2.509,2.603
20220324,2.005,2.056,2.365,2.308,2.369,2.452,2.509,2.601
20220323,2.003,2.074,2.308,2.305,2.368,2.451,2.509,2.601
20220322,1.946,2.073,2.319,2.303,2.369,2.451,2.509,2.6
20220321,2.015,2.104,2.292,2.303,2.368,2.451,2.506,2.595
20220318,1.992,2.073,2.248,2.303,2.368,2.451,2.505,2.594
20220317,2.009,2.083,2.111,2.301,2.367,2.451,2.504,2.593
20220316,2.04,2.115,2.13,2.302,2.366,2.451,2.504,2.586
20220315,2.063,2.122,2.167,2.301,2.363,2.45,2.503,2.581
20220314,2.063,2.104,2.101,2.3,2.362,2.45,2.503,2.579
20220311,2.051,2.102,2.1,2.3,2.362,2.45,2.503,2.578
20220310,2.025,2.082,2.077,2.3,2.362,2.45,2.502,2.575
20220309,2.024,2.059,2.039,2.3,2.359,2.45,2.502,2.571
20220308,2.056,2.114,2.068,2.3,2.361,2.45,2.502,2.568
20220307,2.039,2.068,2.041,2.3,2.36,2.45,2.501,2.566
20220304,1.902,2.048,2.0,2.3,2.362,2.449,2.5,2.566
20220303,1.729,2.005,1.995,2.3,2.363,2.448,2.501,2.566
20220302,1.887,2.046,2.02,2.302,2.365,2.446,2.502,2.563
20220301,1.801,2.029,2.045,2.303,2.366,2.445,2.504,2.566
20220228,2.234,2.249,2.303,2.305,2.37,2.447,2.506,2.565
20220225,2.231,2.322,2.375,2.306,2.374,2.448,2.507,2.57
20220224,2.197,2.187,2.283,2.307,2.379,2.448,2.508,2.567
20220223,2.043,2.176,2.27,2.308,2.383,2.449,2.509,2.569
20220222,2.039,2.191,2.254,2.31,2.385,2.45,2.511,2.573
20220221,2.195,2.14,2.302,2.315,2.392,2.453,2.515,2.579
20220218,2.11,2.098,2.227,2.323,2.4,2.457,2.524,2.586
20220217,1.855,2.002,2.047,2.334,2.406,2.463,2.534,2.596
20220216,1.942,2.057,2.028,2.34,2.41,2.466,2.54,2.604
20220215,1.807,2.0,2.008,2.348,2.415,2.471,2.545,2.613
20220214,1.866,2.023,1.972,2.359,2.424,2.476,2.554,2.62
20220211,1.812,2.021,1.972,2.369,2.432,2.483,2.563,2.629
20220210,1.673,1.965,1.963,2.381,2.442,2.49,2.571,2.639
20220209,1.728,2.01,1.97,2.395,2.447,2.495,2.584,2.654
20220208,2.044,2.087,2.032,2.4,2.448,2.496,2.585,2.655
20220207,2.112,2.102,2.145,2.407,2.454,2.498,2.588,2.657
20220128,1.2,2.25,2.561,2.419,2.457,2.5,2.595,2.66
20220127,1.614,2.12,2.462,2.418,2.457,2.504,2.599,2.664
20220126,1.74,2.088,2.502,2.419,2.46,2.508,2.602,2.668
20220125,1.931,2.093,2.489,2.419,2.464,2.513,2.605,2.674
20220124,1.935,2.132,2.435,2.418,2.465,2.517,2.613,2.678
20220121,2.063,2.112,2.368,2.417,2.466,2.521,2.619,2.682
20220120,2.035,2.113,2.431,2.418,2.471,2.526,2.623,2.686
20220119,2.035,2.127,2.405,2.422,2.483,2.534,2.63,2.696
20220118,1.921,2.088,2.209,2.427,2.493,2.548,2.64,2.706
20220117,2.113,2.183,2.391,2.428,2.499,2.555,2.645,2.711
20220114,2.209,2.213,2.235,2.429,2.5,2.564,2.65,2.718
20220113,2.218,2.202,2.079,2.427,2.5,2.569,2.65,2.721
20220112,1.972,2.098,2.039,2.428,2.5,2.57,2.65,2.724
20220111,1.984,2.131,2.027,2.429,2.5,2.574,2.65,2.726
20220110,1.878,2.093,1.977,2.429,2.5,2.575,2.654,2.726
20220107,1.839,2.103,1.966,2.43,2.5,2.578,2.656,2.729
20220106,1.714,2.042,1.995,2.429,2.5,2.584,2.657,2.734
20220105,1.777,2.148,2.046,2.429,2.5,2.588,2.658,2.737
20220104,1.925,2.099,2.112,2.429,2.5,2.589,2.659,2.736
20231229,1.746,1.867,2.949,2.482,2.53,2.555,2.565,2.581
20231228,1.429,1.937,2.928,2.499,2.556,2.586,2.596,2.611
20231227,1.467,1.864,3.009,2.506,2.59,2.613,2.626,2.641
20231226,1.494,1.844,2.927,2.509,2.6,2.629,2.639,2.649
20231225,1.592,1.822,2.695,2.506,2.601,2.633,2.641,2.65
20231222,1.616,1.762,2.16,2.501,2.604,2.632,2.64,2.652
20231221,1.711,1.801,2.251,2.491,2.604,2.632,2.637,2.651
20231220,1.592,1.784,2.429,2.472,2.601,2.627,2.629,2.65
20231219,1.57,1.767,2.429,2.468,2.601,2.627,2.626,2.65
20231218,1.623,1.818,2.554,2.464,2.603,2.626,2.624,2.649
20231215,1.594,1.753,2.087,2.454,2.601,2.626,2.621,2.649
20231214,1.628,1.763,2.219,2.451,2.597,2.626,2.621,2.649
20231213,1.634,1.789,2.299,2.445,2.593,2.626,2.618,2.647
20231212,1.761,1.839,2.298,2.439,2.585,2.616,2.612,2.644
20231211,1.755,1.855,2.207,2.411,2.572,2.607,2.605,2.635
20231208,1.63,1.798,2.281,2.372,2.564,2.596,2.594,2.621
20231207,1.619,1.755,2.254,2.354,2.554,2.581,2.578,2.6
20231206,1.606,1.763,2.064,2.34,2.537,2.561,2.561,2.577
20231205,1.714,1.816,1.999,2.327,2.533,2.55,2.554,2.571
20231204,1.724,1.759,1.963,2.308,2.519,2.539,2.548,2.567
20231201,1.618,1.795,2.064,2.302,2.503,2.53,2.545,2.565
20231130,1.858,2.166,2.836,2.297,2.493,2.527,2.544,2.564
20231129,1.608,2.076,2.815,2.279,2.481,2.525,2.544,2.564
20231128,1.711,2.051,2.759,2.267,2.465,2.524,2.544,2.564
20231127,1.809,2.094,2.699,2.255,2.463,2.523,2.543,2.563
20231124,1.837,2.195,2.669,2.236,2.462,2.521,2.541,2.561
20231123,1.896,1.949,2.564,2.226,2.462,2.521,2.541,2.561
20231122,1.899,1.997,2.471,2.224,2.462,2.521,2.542,2.562
20231121,1.89,1.961,2.384,2.221,2.461,2.521,2.541,2.561
20231120,1.897,1.962,2.351,2.223,2.461,2.52,2.541,2.561
20231117,1.8822,1.9622,2.3767,2.23,2.4611,2.52,2.5422,2.5622
20231116,1.907,1.951,2.243,2.229,2.457,2.516,2.541,2.562
20231115,1.863,1.896,2.284,2.227,2.453,2.514,2.542,2.562
20231114,1.913,1.967,2.207,2.234,2.452,2.513,2.541,2.562
20231113,1.754,1.84,2.089,2.234,2.451,2.512,2.538,2.561
20231110,1.701,1.826,2.09,2.235,2.451,2.514,2.537,2.56
20231109,1.647,1.824,2.024,2.236,2.45,2.508,2.527,2.553
20231108,1.73,1.822,2.001,2.24,2.449,2.503,2.523,2.552
20231107,1.637,1.817,1.995,2.245,2.445,2.501,2.521,2.546
20231106,1.579,1.752,1.948,2.249,2.438,2.495,2.516,2.544
20231103,1.623,1.742,1.902,2.25,2.43,2.491,2.514,2.543
20231102,1.494,1.837,1.969,2.262,2.426,2.485,2.51,2.541
20231101,1.789,1.889,2.459,2.265,2.421,2.481,2.505,2.536
20231031,1.75,1.965,2.476,2.268,2.415,2.475,2.504,2.53
20231030,1.695,2.041,2.364,2.271,2.406,2.466,2.498,2.523
20231027,1.626,2.053,2.488,2.269,2.399,2.457,2.492,2.515
20231026,1.65,2.045,2.515,2.268,2.39,2.454,2.489,2.512
20231025,1.952,2.006,2.711,2.266,2.378,2.451,2.487,2.512
20231024,1.877,1.988,2.66,2.256,2.364,2.439,2.476,2.507
20231023,1.931,1.933,2.583,2.245,2.35,2.427,2.468,2.504
20231020,1.907,2.103,2.446,2.235,2.34,2.417,2.464,2.502
20231019,1.859,1.929,1.967,2.226,2.333,2.411,2.458,2.497
20231018,1.835,1.899,1.943,2.219,2.321,2.403,2.451,2.49
20231017,1.814,1.844,1.938,2.218,2.313,2.394,2.44,2.482
20231016,1.722,1.793,1.882,2.223,2.309,2.387,2.432,2.474
20231013,1.741,1.893,1.994,2.229,2.308,2.38,2.428,2.466
20231012,1.81,1.889,2.057,2.234,2.305,2.368,2.423,2.463
20231011,1.864,1.895,1.965,2.236,2.304,2.364,2.416,2.457
20231010,1.827,1.861,1.9,2.237,2.302,2.36,2.408,2.452
20231009,1.73,1.801,1.802,2.236,2.3,2.357,2.402,2.447
20231008,1.597,1.764,1.84,2.264,2.3,2.357,2.401,2.447
20231007,1.701,1.831,1.862,2.272,2.3,2.357,2.401,2.446
20230928,2.155,2.195,3.231,2.285,2.302,2.356,2.402,2.446
20230927,1.706,1.848,3.112,2.278,2.303,2.353,2.399,2.44
20230926,1.741,1.969,3.035,2.26,2.294,2.335,2.386,2.432
20230925,1.694,2.005,2.812,2.229,2.282,2.32,2.374,2.416
20230922,1.727,1.988,2.663,2.211,2.273,2.312,2.366,2.412
20230921,1.884,1.951,2.533,2.192,2.26,2.303,2.359,2.409
20230920,2.038,1.961,2.415,2.157,2.243,2.288,2.351,2.402
20230919,1.837,1.925,2.225,2.126,2.221,2.274,2.338,2.388
20230918,1.912,1.891,2.053,2.11,2.194,2.258,2.323,2.374
20230915,1.763,1.9,1.934,2.083,2.165,2.239,2.305,2.361
20230914,1.766,1.917,2.043,2.056,2.144,2.223,2.294,2.347
20230913,1.524,1.874,2.1,2.027,2.117,2.211,2.285,2.339
20230912,1.834,1.931,2.105,1.999,2.104,2.203,2.278,2.331
20230911,1.906,1.955,2.048,1.968,2.094,2.19,2.27,2.321
20230908,1.893,1.835,2.049,1.945,2.081,2.181,2.261,2.309
20230907,1.84,1.904,2.027,1.93,2.067,2.17,2.252,2.304
20230906,1.493,1.795,1.837,1.914,2.052,2.153,2.242,2.295
20230905,1.39,1.733,1.789,1.911,2.046,2.151,2.24,2.287
20230904,1.528,1.728,1.766,1.911,2.044,2.151,2.239,2.285
20230901,1.677,1.814,1.851,1.91,2.044,2.151,2.236,2.283
20230831,1.865,2.103,2.223,1.913,2.043,2.15,2.234,2.28
20230830,1.911,2.235,2.215,1.902,2.036,2.145,2.227,2.276
20230829,1.973,2.091,2.138,1.88,2.028,2.139,2.22,2.27
20230828,1.91,2.056,2.007,1.869,2.02,2.13,2.207,2.262
20230825,1.819,1.896,2.002,1.851,2.014,2.119,2.2,2.257
20230824,1.569,1.795,1.965,1.854,2.016,2.118,2.2,2.256
20230823,1.738,1.81,1.979,1.855,2.016,2.118,2.204,2.258
20230822,1.818,1.824,1.913,1.855,2.019,2.119,2.205,2.263
20230821,1.937,1.875,2.004,1.857,2.024,2.123,2.206,2.268
20230818,1.946,1.886,1.999,1.863,2.026,2.125,2.208,2.273
20230817,1.842,1.868,1.871,1.874,2.03,2.132,2.214,2.28
20230816,1.833,1.831,1.838,1.876,2.04,2.139,2.22,2.285
20230815,1.77,1.886,1.854,1.885,2.045,2.147,2.225,2.29
20230814,1.684,1.832,1.761,1.908,2.063,2.164,2.243,2.304
20230811,1.331,1.777,1.77,1.921,2.065,2.166,2.248,2.306
20230810,1.34,1.758,1.774,1.941,2.067,2.169,2.252,2.308
20230809,1.541,1.782,1.789,1.952,2.074,2.174,2.255,2.314
20230808,1.361,1.775,1.727,1.968,2.075,2.177,2.258,2.316
20230807,1.518,1.737,1.703,1.988,2.08,2.183,2.265,2.322
20230804,1.141,1.64,1.666,2.004,2.085,2.187,2.271,2.325
20230803,1.083,1.671,1.743,2.025,2.092,2.193,2.275,2.331
20230802,1.301,1.777,1.765,2.045,2.098,2.196,2.278,2.335
20230801,1.558,1.806,1.796,2.056,2.098,2.198,2.28,2.337
20230731,1.847,1.963,2.0,2.065,2.097,2.198,2.28,2.337
20230728,1.473,1.826,2.018,2.066,2.098,2.199,2.28,2.337
20230727,1.396,1.818,1.979,2.066,2.098,2.199,2.28,2.338
20230726,1.459,1.853,2.035,2.066,2.099,2.199,2.282,2.338
20230725,1.516,1.843,1.988,2.066,2.1,2.201,2.284,2.338
20230724,1.534,1.808,1.985,2.0673,2.1,2.202,2.285,2.338
20230721,1.531,1.826,1.991,2.068,2.1,2.205,2.286,2.339
20230720,1.558,1.832,1.979,2.068,2.1,2.206,2.286,2.34
20230719,1.65,1.872,1.982,2.068,2.1,2.207,2.286,2.34
20230718,1.531,1.892,1.979,2.07,2.1,2.207,2.286,2.34
20230717,1.312,1.86,1.88,2.069,2.1,2.207,2.288,2.341
20230714,1.332,1.806,1.886,2.068,2.101,2.205,2.289,2.342
20230713,1.439,1.782,1.795,2.078,2.107,2.206,2.293,2.341
20230712,1.235,1.781,1.764,2.077,2.109,2.208,2.296,2.345
20230711,1.183,1.744,1.756,2.078,2.118,2.212,2.299,2.349
20230710,1.154,1.726,1.73,2.078,2.128,2.215,2.304,2.352
20230707,1.104,1.779,1.752,2.084,2.138,2.221,2.307,2.36
20230706,1.048,1.763,1.8,2.086,2.147,2.228,2.313,2.368
20230705,1.117,1.808,1.72,2.09,2.158,2.237,2.323,2.375
20230704,1.188,1.758,1.757,2.094,2.164,2.239,2.326,2.377
20230703,1.056,1.795,1.907,2.098,2.165,2.24,2.326,2.377
20230630,1.484,2.063,2.18,2.099,2.168,2.242,2.325,2.379
20230629,1.086,1.884,2.223,2.098,2.167,2.243,2.326,2.38
20230628,1.107,1.867,2.302,2.096,2.161,2.236,2.322,2.376
20230627,1.112,1.851,2.315,2.088,2.155,2.228,2.317,2.374
20230626,1.15,1.867,2.315,2.078,2.148,2.219,2.312,2.366
20230625,1.413,1.95,2.18,2.074,2.144,2.214,2.305,2.36
20230621,1.844,2.009,2.229,2.061,2.135,2.211,2.304,2.36
20230620,1.989,2.043,2.201,2.046,2.126,2.213,2.301,2.357
20230619,2.228,1.984,2.011,2.021,2.114,2.214,2.295,2.354
20230616,1.92,1.925,1.857,2.004,2.105,2.215,2.285,2.348
20230615,1.43,1.839,1.844,2.003,2.106,2.22,2.285,2.346
20230614,1.321,1.846,1.805,2.008,2.12,2.229,2.298,2.363
20230613,1.673,1.84,1.847,2.013,2.134,2.243,2.318,2.381
20230612,1.289,1.83,1.735,2.024,2.148,2.257,2.33,2.397
20230609,1.251,1.826,1.739,2.031,2.161,2.266,2.338,2.404
20230608,1.339,1.85,1.746,2.043,2.177,2.277,2.348,2.409
20230607,1.404,1.855,1.776,2.049,2.181,2.284,2.354,2.414
20230606,1.275,1.767,1.827,2.056,2.186,2.291,2.365,2.422
20230605,1.23,1.847,1.85,2.063,2.193,2.297,2.369,2.427
20230602,1.307,1.814,1.87,2.068,2.199,2.307,2.379,2.435
20230601,1.74,1.848,1.86,2.083,2.213,2.33,2.397,2.453
20230531,1.716,2.058,2.056,2.093,2.219,2.343,2.409,2.464
20230530,1.296,1.993,2.052,2.098,2.223,2.346,2.417,2.468
20230529,1.37,1.937,2.051,2.104,2.233,2.355,2.425,2.474
20230526,1.438,1.992,2.096,2.108,2.238,2.358,2.434,2.478
20230525,1.578,1.908,2.05,2.111,2.243,2.364,2.436,2.478
20230524,1.271,1.762,2.05,2.113,2.252,2.366,2.438,2.481
20230523,1.224,1.824,2.065,2.117,2.255,2.372,2.438,2.484
20230522,1.276,1.897,2.1,2.124,2.262,2.379,2.442,2.489
20230519,1.408,1.91,2.062,2.131,2.269,2.39,2.445,2.489
20230518,1.463,1.76,1.948,2.136,2.278,2.392,2.447,2.49
20230517,1.54,1.844,1.87,2.16,2.288,2.403,2.454,2.49
20230516,1.476,1.766,1.822,2.18,2.294,2.41,2.462,2.496
20230515,1.523,1.874,1.909,2.189,2.311,2.419,2.474,2.508
20230512,1.32,1.829,1.846,2.199,2.325,2.427,2.487,2.524
20230511,1.102,1.803,1.818,2.212,2.349,2.439,2.502,2.548
20230510,1.11,1.902,1.861,2.228,2.363,2.452,2.521,2.569
20230509,1.239,1.825,1.813,2.235,2.377,2.462,2.529,2.583
20230508,1.408,1.795,1.793,2.248,2.386,2.47,2.54,2.596
20230506,1.095,1.745,1.764,2.259,2.393,2.481,2.548,2.603
20230505,1.234,1.815,1.92,2.277,2.401,2.491,2.564,2.618
20230504,1.658,1.963,1.979,2.294,2.414,2.501,2.582,2.636
20230428,2.134,2.3,2.455,2.309,2.428,2.506,2.587,2.645
20230427,0.868,2.211,2.35,2.309,2.43,2.506,2.589,2.648
20230426,1.217,2.062,2.375,2.31,2.43,2.507,2.59,2.649
20230425,1.683,2.022,2.397,2.312,2.43,2.507,2.59,2.649
20230424,1.599,2.117,2.41,2.312,2.43,2.506,2.59,2.649
20230423,1.806,2.096,2.401,2.312,2.429,2.507,2.59,2.649
20230421,2.272,2.199,2.412,2.31,2.429,2.507,2.589,2.649
20230420,2.207,2.101,2.331,2.309,2.429,2.507,2.589,2.649
20230419,2.13,2.097,2.285,2.31,2.432,2.512,2.59,2.65
20230418,2.047,2.078,2.286,2.31,2.426,2.511,2.59,2.65
20230417,1.818,2.048,2.069,2.308,2.424,2.509,2.589,2.649
20230414,1.605,2.0,2.015,2.306,2.422,2.508,2.588,2.65
20230413,1.326,1.998,2.012,2.307,2.421,2.509,2.588,2.65
20230412,1.39,1.997,2.045,2.311,2.418,2.509,2.587,2.65
20230411,1.421,1.985,2.114,2.312,2.415,2.508,2.587,2.65
20230410,1.324,2.004,2.057,2.313,2.414,2.508,2.587,2.65
20230407,1.374,1.997,2.046,2.322,2.41,2.507,2.586,2.649
20230406,1.34,1.978,1.946,2.33,2.414,2.511,2.586,2.648
20230404,1.103,1.87,1.897,2.343,2.423,2.516,2.587,2.654
20230403,1.354,1.924,1.985,2.364,2.429,2.522,2.593,2.66
20230331,1.838,2.215,2.622,2.4,2.448,2.539,2.599,2.666
20230330,0.836,2.144,2.585,2.4,2.454,2.541,2.6,2.667
20230329,0.901,2.157,2.656,2.4,2.456,2.542,2.601,2.671
20230328,1.121,2.028,2.613,2.402,2.464,2.544,2.604,2.674
20230327,1.106,2.117,2.545,2.4,2.468,2.547,2.606,2.676
20230324,1.288,1.703,2.55,2.399,2.473,2.548,2.606,2.678
20230323,1.558,1.937,2.489,2.399,2.476,2.554,2.614,2.683
20230322,2.024,2.078,2.26,2.396,2.479,2.557,2.621,2.687
20230321,2.459,2.198,2.461,2.398,2.487,2.566,2.63,2.699
20230320,2.273,2.163,2.359,2.397,2.492,2.582,2.646,2.723
20230317,2.262,2.086,2.262,2.397,2.5,2.598,2.664,2.74
20230316,2.294,2.177,2.234,2.39,2.5,2.6,2.669,2.744
20230315,2.109,2.089,2.18,2.384,2.5,2.598,2.673,2.745
20230314,1.829,2.055,2.066,2.378,2.499,2.598,2.672,2.746
20230313,1.614,1.959,2.009,2.371,2.498,2.598,2.671,2.749
20230310,1.829,2.013,2.08,2.364,2.497,2.596,2.67,2.75
20230309,1.373,1.921,1.9655,2.35,2.491,2.594,2.667,2.75
20230308,1.648,1.915,2.017,2.333,2.486,2.588,2.659,2.745
20230307,1.436,1.873,2.022,2.314,2.476,2.584,2.654,2.738
20230306,1.231,1.816,1.878,2.299,2.469,2.578,2.65,2.732
20230303,1.291,1.931,1.927,2.295,2.466,2.574,2.647,2.725
20230302,1.62,1.993,1.956,2.294,2.459,2.567,2.642,2.718
20230301,2.087,2.09,2.104,2.294,2.45,2.559,2.636,2.711
20230228,2.083,2.352,2.661,2.292,2.437,2.55,2.629,2.704
20230227,1.817,2.177,2.527,2.287,2.423,2.535,2.621,2.692
20230224,1.433,2.243,2.509,2.285,2.416,2.528,2.612,2.68
20230223,1.475,2.163,2.495,2.278,2.406,2.518,2.602,2.668
20230222,1.765,2.158,2.515,2.267,2.403,2.511,2.599,2.66
20230221,2.195,2.136,2.449,2.253,2.397,2.505,2.595,2.648
20230220,2.157,2.104,2.286,2.236,2.392,2.5,2.593,2.643
20230217,2.115,2.198,2.604,2.222,2.385,2.5,2.589,2.635
20230216,2.005,2.095,2.278,2.214,2.383,2.499,2.584,2.626
20230215,1.902,1.996,2.053,2.2,2.379,2.495,2.583,2.624
20230214,1.576,2.007,2.037,2.2,2.373,2.493,2.583,2.623
20230213,1.412,1.923,1.982,2.199,2.371,2.49,2.581,2.621
20230210,1.865,1.961,2.226,2.198,2.371,2.487,2.579,2.621
20230209,2.318,2.198,2.388,2.196,2.37,2.483,2.577,2.618
20230208,2.365,2.194,2.344,2.191,2.365,2.476,2.573,2.613
20230207,2.241,2.086,2.063,2.184,2.36,2.473,2.568,2.605
20230206,1.782,2.007,1.966,2.174,2.359,2.472,2.56,2.597
20230203,1.262,1.85,1.868,2.173,2.357,2.466,2.549,2.59
20230202,1.635,1.959,1.927,2.19,2.36,2.469,2.542,2.584
20230201,2.119,2.045,2.071,2.205,2.362,2.469,2.534,2.581
20230131,1.988,2.121,2.118,2.227,2.364,2.466,2.532,2.58
20230130,1.411,2.05,1.971,2.24,2.365,2.466,2.531,2.578
20230129,1.202,1.854,1.93,2.264,2.367,2.466,2.532,2.577
20230128,1.432,1.915,1.91,2.272,2.373,2.467,2.535,2.581
20230120,1.834,1.988,2.293,2.294,2.377,2.472,2.535,2.583
20230119,1.656,2.281,2.757,2.291,2.376,2.472,2.534,2.584
20230118,1.933,2.135,2.79,2.285,2.374,2.467,2.528,2.579
20230117,1.852,2.195,2.768,2.264,2.366,2.458,2.516,2.571
20230116,1.568,2.054,2.589,2.244,2.356,2.447,2.5,2.559
20230113,1.242,1.94,2.145,2.22,2.353,2.441,2.492,2.553
20230112,1.465,1.992,2.204,2.194,2.353,2.435,2.486,2.55
20230111,1.426,1.996,2.123,2.174,2.347,2.428,2.476,2.54
20230110,1.116,1.933,1.978,2.138,2.338,2.414,2.465,2.523
20230109,0.671,1.729,1.73,2.135,2.331,2.406,2.456,2.518
20230106,0.539,1.58,1.496,2.15,2.335,2.411,2.468,2.523
20230105,0.574,1.388,1.431,2.189,2.352,2.435,2.491,2.542
20230104,1.003,1.582,1.518,2.255,2.38,2.468,2.528,2.577
20230103,1.475,1.92,1.618,2.334,2.415,2.503,2.559,2.611
20241231,1.454,1.966,2.163,1.681,1.6855,1.694,1.7035,1.708
20241230,1.367,1.95,2.08,1.6846,1.685,1.6955,1.7075,1.7112
20241227,1.388,1.74,2.157,1.686,1.69,1.699,1.708,1.7125
20241226,1.386,1.533,2.036,1.689,1.6922,1.701,1.71,1.7145
20241225,1.365,1.516,1.965,1.69,1.693,1.702,1.712,1.7185
20241224,1.321,1.489,1.917,1.695,1.6985,1.707,1.717,1.725
20241223,1.31,1.525,1.943,1.699,1.705,1.712,1.724,1.732
20241220,1.414,1.62,1.852,1.7,1.708,1.717,1.73,1.74
20241219,1.424,1.627,2.035,1.701,1.712,1.72,1.735,1.745
20241218,1.428,1.776,1.994,1.704,1.715,1.724,1.738,1.748
20241217,1.425,1.787,1.892,1.706,1.718,1.726,1.742,1.754
20241216,1.421,1.762,1.873,1.708,1.725,1.733,1.747,1.76
20241213,1.404,1.758,1.87,1.71,1.735,1.744,1.759,1.774
20241212,1.482,1.635,1.876,1.712,1.74,1.753,1.766,1.78
20241211,1.528,1.722,1.849,1.711,1.744,1.759,1.771,1.785
20241210,1.47,1.784,1.868,1.711,1.748,1.765,1.777,1.793
20241209,1.516,1.736,1.83,1.71,1.753,1.77,1.783,1.8
20241206,1.478,1.686,1.801,1.711,1.755,1.774,1.787,1.803
20241205,1.479,1.688,1.799,1.711,1.762,1.78,1.792,1.807
20241204,1.381,1.588,1.68,1.716,1.772,1.792,1.804,1.815
20241203,1.337,1.601,1.734,1.736,1.795,1.815,1.825,1.835
20241202,1.414,1.591,1.723,1.754,1.825,1.848,1.858,1.868
20241129,1.319,1.631,1.74,1.772,1.852,1.871,1.882,1.893
20241128,1.329,1.726,1.766,1.779,1.858,1.879,1.889,1.899
20241127,1.385,1.7,1.786,1.784,1.859,1.879,1.889,1.899
20241126,1.43,1.723,1.821,1.785,1.86,1.879,1.889,1.899
20241125,1.464,1.727,1.863,1.787,1.86,1.879,1.889,1.899
20241122,1.456,1.653,1.862,1.789,1.86,1.878,1.888,1.898
20241121,1.455,1.659,1.865,1.792,1.86,1.88,1.889,1.898
20241120,1.47,1.684,1.905,1.791,1.857,1.879,1.889,1.897
20241119,1.48,1.693,1.881,1.792,1.856,1.879,1.889,1.898
20241118,1.47,1.697,1.872,1.794,1.856,1.878,1.889,1.899
20241115,1.47,1.685,1.805,1.796,1.856,1.878,1.889,1.899
20241114,1.456,1.674,1.805,1.796,1.858,1.881,1.893,1.904
20241113,1.465,1.644,1.824,1.797,1.859,1.884,1.897,1.907
20241112,1.525,1.687,1.856,1.797,1.859,1.889,1.901,1.913
20241111,1.443,1.655,1.812,1.797,1.862,1.893,1.905,1.916
20241108,1.461,1.645,1.8,1.799,1.864,1.895,1.909,1.92
20241107,1.319,1.555,1.777,1.803,1.87,1.901,1.915,1.925
20241106,1.33,1.5,1.76,1.808,1.876,1.907,1.92,1.93
20241105,1.338,1.5,1.688,1.811,1.877,1.91,1.925,1.935
20241104,1.346,1.496,1.735,1.815,1.878,1.914,1.927,1.937
20241101,1.36,1.507,1.768,1.818,1.879,1.917,1.933,1.943
20241031,1.364,1.656,1.895,1.82,1.884,1.922,1.937,1.948
20241030,1.394,1.656,1.898,1.82,1.884,1.922,1.938,1.949
20241029,1.439,1.75,1.929,1.82,1.884,1.922,1.935,1.949
20241028,1.495,1.658,1.955,1.821,1.884,1.922,1.934,1.948
20241025,1.507,1.703,1.981,1.823,1.883,1.922,1.934,1.947
20241024,1.53,1.596,1.995,1.822,1.879,1.92,1.932,1.944
20241023,1.49,1.595,1.973,1.82,1.873,1.915,1.93,1.942
20241022,1.477,1.579,1.887,1.82,1.869,1.913,1.927,1.938
20241021,1.474,1.584,1.896,1.819,1.864,1.906,1.923,1.934
20241018,1.399,1.568,1.926,1.818,1.858,1.903,1.921,1.932
20241017,1.425,1.549,1.864,1.819,1.855,1.903,1.922,1.934
20241016,1.46,1.59,1.861,1.819,1.846,1.895,1.915,1.932
20241015,1.407,1.517,1.907,1.82,1.842,1.891,1.913,1.93
20241014,1.418,1.587,1.866,1.82,1.841,1.891,1.912,1.93
20241012,1.306,1.511,1.904,1.82,1.841,1.891,1.912,1.931
20241011,1.406,1.526,1.92,1.82,1.841,1.892,1.912,1.93
20241010,1.527,1.7,1.941,1.82,1.841,1.894,1.913,1.934
20241009,1.618,1.803,1.923,1.82,1.841,1.892,1.909,1.932
20241008,1.509,1.697,1.9,1.82,1.84,1.892,1.904,1.927
20240930,1.514,1.522,1.927,1.82,1.84,1.889,1.901,1.923
20240929,1.336,1.727,1.815,1.82,1.836,1.888,1.902,1.922
20240927,1.401,1.661,1.761,1.822,1.835,1.887,1.902,1.923
20240926,1.608,1.838,1.918,1.825,1.836,1.891,1.906,1.926
20240925,1.643,1.873,1.923,1.83,1.845,1.898,1.914,1.932
20240924,1.785,1.92,1.973,1.836,1.85,1.905,1.92,1.943
20240923,1.921,1.859,2.004,1.837,1.854,1.913,1.932,1.957
20240920,1.932,1.929,1.993,1.834,1.852,1.914,1.931,1.958
20240919,1.879,1.947,1.911,1.833,1.851,1.911,1.93,1.957
20240918,1.744,1.86,1.867,1.831,1.85,1.91,1.93,1.958
20240914,1.611,1.746,1.854,1.83,1.85,1.91,1.93,1.9585
20240913,1.656,1.806,1.872,1.83,1.85,1.91,1.932,1.96
20240912,1.777,1.794,1.903,1.83,1.85,1.912,1.932,1.96
20240911,1.773,1.776,1.92,1.834,1.851,1.914,1.934,1.962
20240910,1.955,1.834,1.826,1.832,1.851,1.906,1.934,1.962
20240909,1.8,1.833,1.821,1.831,1.85,1.903,1.933,1.962
20240906,1.716,1.676,1.88,1.831,1.85,1.901,1.931,1.96
20240905,1.578,1.68,1.855,1.825,1.85,1.901,1.931,1.96
20240904,1.529,1.67,1.831,1.823,1.85,1.902,1.932,1.96
20240903,1.568,1.68,1.783,1.822,1.85,1.902,1.931,1.96
20240902,1.516,1.689,1.805,1.821,1.85,1.9,1.93,1.959
20240830,1.529,1.647,1.819,1.822,1.85,1.9,1.931,1.961
20240829,1.514,1.628,1.883,1.822,1.85,1.9,1.93,1.958
20240828,1.52,1.758,1.904,1.824,1.85,1.9,1.931,1.956
20240827,1.667,1.869,1.928,1.824,1.849,1.896,1.927,1.95
20240826,1.862,1.936,1.955,1.823,1.845,1.894,1.924,1.945
20240823,1.801,1.825,1.954,1.819,1.844,1.892,1.92,1.942
20240822,1.765,1.821,1.94,1.815,1.843,1.886,1.919,1.936
20240821,1.722,1.808,1.925,1.812,1.84,1.882,1.915,1.932
20240820,1.712,1.761,1.919,1.812,1.838,1.88,1.913,1.926
20240819,1.682,1.722,1.914,1.81,1.837,1.881,1.911,1.922
20240816,1.7,1.811,1.879,1.809,1.838,1.883,1.91,1.922
20240815,1.754,1.814,1.911,1.811,1.84,1.882,1.91,1.922
20240814,1.842,1.869,1.921,1.812,1.838,1.884,1.911,1.923
20240813,1.928,1.828,1.906,1.813,1.837,1.885,1.91,1.923
20240812,1.951,1.893,1.878,1.806,1.833,1.884,1.9085,1.922
20240809,1.778,1.795,1.839,1.803,1.8335,1.8835,1.906,1.916
20240808,1.681,1.763,1.755,1.805,1.835,1.885,1.908,1.917
20240807,1.617,1.708,1.714,1.807,1.839,1.888,1.914,1.923
20240806,1.583,1.687,1.724,1.813,1.844,1.894,1.917,1.928
20240805,1.585,1.694,1.714,1.818,1.849,1.899,1.925,1.937
20240802,1.573,1.7,1.752,1.825,1.853,1.902,1.93,1.946
20240801,1.608,1.7,1.803,1.828,1.857,1.906,1.936,1.956
20240731,1.782,1.772,1.84,1.835,1.86,1.913,1.944,1.96
20240730,1.639,1.814,1.887,1.839,1.865,1.916,1.951,1.966
20240729,1.631,1.895,1.911,1.843,1.869,1.92,1.956,1.9729
20240726,1.689,1.913,1.895,1.848,1.877,1.927,1.961,1.979
20240725,1.764,1.871,1.908,1.855,1.882,1.932,1.967,1.985
20240724,1.739,1.742,1.891,1.862,1.887,1.937,1.973,1.993
20240723,1.736,1.751,1.857,1.867,1.888,1.94,1.977,1.997
20240722,1.647,1.715,1.876,1.873,1.894,1.944,1.978,1.997
20240719,1.855,1.855,1.959,1.877,1.895,1.948,1.982,2.0
20240718,1.933,1.893,1.946,1.879,1.897,1.954,1.985,2.002
20240717,1.913,1.885,1.913,1.878,1.896,1.956,1.987,2.005
20240716,1.894,1.894,1.948,1.878,1.897,1.957,1.988,2.007
20240715,1.78,1.821,1.84,1.879,1.897,1.957,1.989,2.007
20240712,1.668,1.801,1.835,1.878,1.899,1.955,1.993,2.009
20240711,1.67,1.803,1.809,1.879,1.904,1.958,1.995,2.014
20240710,1.64,1.8,1.832,1.883,1.906,1.959,1.996,2.018
20240709,1.679,1.804,1.838,1.886,1.907,1.959,1.998,2.019
20240708,1.754,1.82,1.85,1.887,1.907,1.959,1.999,2.02
20240705,1.764,1.807,1.833,1.888,1.908,1.958,1.997,2.015
20240704,1.712,1.811,1.807,1.892,1.91,1.962,2.003,2.029
20240703,1.688,1.8,1.811,1.895,1.914,1.967,2.006,2.034
20240702,1.715,1.796,1.812,1.896,1.917,1.973,2.014,2.042
20240701,1.749,1.802,1.846,1.899,1.917,1.976,2.02,2.046
20240628,1.889,2.099,2.128,1.9,1.918,1.979,2.025,2.049
20240627,1.879,2.028,2.152,1.9,1.918,1.979,2.029,2.051
20240626,1.976,2.083,2.108,1.9,1.919,1.979,2.034,2.055
20240625,1.964,2.014,2.145,1.9,1.921,1.978,2.038,2.058
20240624,1.98,2.008,2.146,1.9,1.922,1.979,2.039,2.059
20240621,1.96,1.939,2.128,1.9,1.923,1.977,2.04,2.059
20240620,1.877,1.89,2.087,1.9,1.927,1.983,2.044,2.063
20240619,1.853,1.861,2.0,1.9,1.929,1.985,2.048,2.067
20240618,1.829,1.882,1.987,1.9,1.934,1.987,2.048,2.067
20240617,1.783,1.862,1.957,1.898,1.935,1.985,2.048,2.068
20240614,1.732,1.813,1.839,1.9,1.939,1.986,2.049,2.069
20240613,1.723,1.817,1.847,1.9,1.94,1.989,2.053,2.073
20240612,1.68,1.796,1.833,1.898,1.943,1.994,2.055,2.075
20240611,1.679,1.802,1.825,1.9,1.947,1.995,2.056,2.081
20240607,1.719,1.751,1.825,1.898,1.949,1.996,2.063,2.085
20240606,1.656,1.78,1.83,1.897,1.948,1.996,2.069,2.089
20240605,1.664,1.776,1.821,1.899,1.948,1.997,2.075,2.095
20240604,1.663,1.785,1.838,1.9,1.949,1.996,2.077,2.097
20240603,1.723,1.811,1.857,1.905,1.953,1.998,2.079,2.099
20240531,1.805,1.851,1.868,1.907,1.955,1.999,2.08,2.099
20240530,1.746,1.903,1.918,1.906,1.957,2.0,2.08,2.1
20240529,1.849,1.897,1.952,1.905,1.957,2.0,2.082,2.1
20240528,1.81,1.885,1.941,1.905,1.957,2.0,2.083,2.101
20240527,1.767,1.888,1.899,1.904,1.958,2.0,2.082,2.102
20240524,1.766,1.818,1.917,1.905,1.958,2.001,2.08,2.1
20240523,1.769,1.829,1.919,1.905,1.957,2.001,2.08,2.1
20240522,1.779,1.838,1.937,1.908,1.958,2.004,2.08,2.1
20240521,1.758,1.847,1.887,1.906,1.958,2.005,2.08,2.1
20240520,1.719,1.803,1.871,1.905,1.958,2.007,2.08,2.099
20240517,1.719,1.808,1.848,1.907,1.963,2.013,2.08,2.096
20240516,1.724,1.801,1.818,1.911,1.969,2.019,2.077,2.095
20240515,1.727,1.808,1.848,1.923,1.975,2.025,2.079,2.099
20240514,1.769,1.837,1.871,1.927,1.977,2.026,2.079,2.099
20240513,1.781,1.836,1.897,1.931,1.983,2.035,2.08,2.1
20240511,1.724,1.85,1.889,1.941,1.988,2.037,2.08,2.1
20240510,1.733,1.836,1.894,1.94,1.989,2.036,2.078,2.1
20240509,1.727,1.822,1.914,1.943,1.991,2.036,2.078,2.102
20240508,1.837,1.867,1.859,1.945,1.99,2.038,2.076,2.1035
20240507,1.744,1.845,1.861,1.951,1.996,2.041,2.077,2.108
20240506,1.777,1.874,1.909,1.958,2.001,2.045,2.081,2.111
20240430,1.921,2.109,2.135,1.961,2.002,2.042,2.079,2.109
20240429,1.823,2.08,2.103,1.962,2.005,2.037,2.072,2.112
20240428,1.806,1.951,2.001,1.95,1.994,2.017,2.053,2.087
20240426,1.879,1.912,2.002,1.952,1.993,2.018,2.051,2.082
20240425,1.846,1.885,1.979,1.956,1.999,2.027,2.052,2.074
20240424,1.784,1.855,1.959,1.959,2.014,2.041,2.062,2.084
20240423,1.788,1.824,1.952,1.963,2.018,2.045,2.068,2.091
20240422,1.78,1.831,1.956,1.972,2.027,2.053,2.086,2.108
20240419,1.797,1.87,1.983,1.989,2.035,2.063,2.103,2.129
20240418,1.776,1.836,1.965,1.996,2.041,2.074,2.112,2.143
20240417,1.723,1.816,1.952,2.0,2.049,2.08,2.12,2.151
20240416,1.715,1.805,1.858,2.005,2.058,2.089,2.133,2.16
20240415,1.716,1.797,1.89,2.012,2.071,2.105,2.147,2.175
20240412,1.717,1.82,1.878,2.025,2.09,2.127,2.17,2.204
20240411,1.721,1.815,1.871,2.039,2.105,2.144,2.189,2.222
20240410,1.722,1.817,1.86,2.049,2.117,2.157,2.197,2.23
20240409,1.718,1.816,1.857,2.05,2.12,2.163,2.204,2.236
20240408,1.711,1.815,1.867,2.062,2.133,2.177,2.213,2.247
20240407,1.708,1.805,1.939,2.082,2.141,2.18,2.22,2.253
20240403,1.685,1.821,1.963,2.097,2.143,2.186,2.227,2.256
20240402,1.704,1.833,1.917,2.11,2.151,2.194,2.233,2.262
20240401,1.728,1.857,1.991,2.128,2.157,2.199,2.235,2.265
20240329,1.718,1.967,2.216,2.14,2.156,2.203,2.238,2.268
20240328,1.734,1.948,2.199,2.143,2.156,2.206,2.238,2.267
20240327,1.77,1.972,2.234,2.141,2.159,2.205,2.238,2.266
20240326,1.77,1.957,2.224,2.137,2.16,2.206,2.24,2.266
20240325,1.774,1.898,2.214,2.135,2.159,2.206,2.239,2.266
20240322,1.772,1.845,2.137,2.13,2.163,2.205,2.239,2.2655
20240321,1.771,1.834,2.123,2.126,2.162,2.206,2.244,2.267
20240320,1.765,1.844,2.138,2.123,2.16,2.208,2.246,2.27
20240319,1.754,1.87,2.099,2.117,2.163,2.213,2.249,2.273
20240318,1.746,1.854,2.127,2.106,2.163,2.214,2.25,2.274
20240315,1.766,1.89,2.039,2.101,2.163,2.211,2.25,2.274
20240314,1.746,1.88,1.997,2.1,2.161,2.21,2.251,2.273
20240313,1.735,1.882,2.028,2.095,2.159,2.207,2.25,2.268
20240312,1.721,1.853,2.009,2.091,2.158,2.207,2.247,2.261
20240311,1.731,1.853,2.0,2.086,2.159,2.206,2.246,2.257
20240308,1.72,1.848,2.003,2.087,2.16,2.207,2.247,2.26
20240307,1.713,1.827,1.984,2.088,2.164,2.211,2.249,2.266
20240306,1.713,1.822,2.002,2.088,2.165,2.216,2.252,2.273
20240305,1.719,1.855,1.995,2.086,2.167,2.222,2.254,2.275
20240304,1.711,1.811,1.977,2.086,2.171,2.232,2.258,2.278
20240301,1.694,1.806,1.986,2.088,2.182,2.246,2.271,2.29
20240229,1.639,1.775,1.955,2.099,2.193,2.26,2.284,2.3
20240228,1.7056,1.8178,2.0333,2.1033,2.1989,2.2656,2.2878,2.3044
20240227,1.819,1.904,2.079,2.107,2.204,2.271,2.293,2.308
20240226,1.779,1.883,2.053,2.116,2.208,2.275,2.296,2.314
20240223,1.747,1.816,2.119,2.122,2.214,2.283,2.304,2.322
20240222,1.635,1.815,2.078,2.132,2.219,2.292,2.311,2.332
20240221,1.698,1.819,2.052,2.145,2.243,2.309,2.325,2.348
20240220,1.63,1.787,2.009,2.166,2.27,2.326,2.344,2.366
20240219,1.607,1.785,1.843,2.186,2.303,2.342,2.363,2.383
20240218,1.699,1.817,1.82,2.2,2.318,2.349,2.367,2.386
20240209,1.853,1.857,1.883,2.21,2.33,2.358,2.377,2.396
20240208,1.697,1.791,1.911,2.213,2.334,2.364,2.383,2.397
20240207,1.716,1.947,2.131,2.219,2.342,2.374,2.389,2.403
20240206,1.727,1.966,2.202,2.224,2.345,2.382,2.395,2.409
20240205,1.68,1.946,2.194,2.227,2.35,2.39,2.403,2.416
20240204,1.711,1.958,2.109,2.239,2.363,2.396,2.406,2.425
20240202,1.719,1.846,2.15,2.252,2.369,2.402,2.412,2.431
20240201,1.676,1.809,2.084,2.262,2.375,2.407,2.422,2.443
20240131,1.708,1.829,2.078,2.282,2.388,2.412,2.429,2.449
20240130,1.618,1.959,2.15,2.3,2.398,2.425,2.44,2.459
20240129,1.731,1.863,2.301,2.302,2.4,2.43,2.447,2.466
20240126,1.82,1.899,2.402,2.301,2.4,2.43,2.446,2.466
20240125,1.844,1.872,2.322,2.3,2.4,2.43,2.449,2.468
20240124,1.808,1.84,2.176,2.3,2.4,2.43,2.449,2.468
20240123,1.76,1.807,2.084,2.3,2.4,2.429,2.448,2.468
20240122,1.76,1.844,2.086,2.3,2.4,2.43,2.448,2.468
20240119,1.724,1.831,2.099,2.3,2.4,2.43,2.448,2.469
20240118,1.734,1.819,2.03,2.3,2.4,2.43,2.448,2.469
20240117,1.832,1.943,2.261,2.3,2.402,2.43,2.45,2.47
20240116,1.745,1.934,2.124,2.3,2.401,2.43,2.448,2.469
20240115,1.677,1.862,2.089,2.297,2.4,2.43,2.449,2.472
20240112,1.678,1.846,1.988,2.297,2.4,2.429,2.448,2.475
20240111,1.627,1.799,1.932,2.296,2.4,2.43,2.45,2.476
20240110,1.588,1.797,1.911,2.298,2.4,2.434,2.454,2.477
20240109,1.582,1.79,1.997,2.304,2.397,2.438,2.457,2.48
20240108,1.585,1.772,1.999,2.312,2.396,2.444,2.46,2.485
20240105,1.588,1.77,1.978,2.32,2.396,2.448,2.472,2.491
20240104,1.589,1.783,1.882,2.329,2.399,2.456,2.48,2.496
20240103,1.604,1.805,1.877,2.354,2.423,2.479,2.497,2.509
20240102,1.586,1.786,2.078,2.398,2.45,2.498,2.515,2.532
20251231,1.327,1.956,1.951,1.588,1.6,1.629,1.64,1.65
20251230,1.247,1.589,1.869,1.585,1.6,1.63,1.64,1.65
20251229,1.248,1.558,1.65,1.584,1.6,1.63,1.64,1.65
20251226,1.258,1.448,1.596,1.584,1.6,1.628,1.64,1.65
20251225,1.262,1.4,1.595,1.584,1.6,1.627,1.64,1.65
20251224,1.267,1.385,1.599,1.579,1.6,1.629,1.64,1.65
20251223,1.272,1.399,1.577,1.567,1.6,1.63,1.64,1.65
20251222,1.272,1.417,1.616,1.559,1.601,1.629,1.64,1.65
20251219,1.2733,1.4311,1.6078,1.5544,1.6022,1.6311,1.6411,1.6511
20251218,1.273,1.426,1.582,1.55,1.603,1.633,1.643,1.653
20251217,1.275,1.428,1.471,1.541,1.601,1.632,1.643,1.653
20251216,1.276,1.429,1.51,1.537,1.595,1.629,1.643,1.653
20251215,1.274,1.432,1.511,1.533,1.591,1.625,1.642,1.652
20251212,1.279,1.451,1.509,1.525,1.585,1.624,1.641,1.651
20251211,1.283,1.432,1.5,1.524,1.584,1.623,1.641,1.651
20251210,1.298,1.439,1.5,1.523,1.582,1.624,1.64,1.65
20251209,1.303,1.431,1.51,1.523,1.581,1.623,1.641,1.65
20251208,1.302,1.426,1.517,1.521,1.58,1.62,1.641,1.65
20251205,1.301,1.416,1.508,1.52,1.58,1.62,1.64,1.65
20251204,1.302,1.424,1.479,1.52,1.58,1.62,1.64,1.65
20251203,1.301,1.426,1.465,1.52,1.58,1.62,1.64,1.65
20251202,1.302,1.434,1.465,1.519,1.58,1.62,1.64,1.65
20251201,1.307,1.454,1.477,1.519,1.58,1.62,1.64,1.65
20251128,1.301,1.437,1.529,1.52,1.58,1.62,1.64,1.65
20251127,1.314,1.425,1.508,1.52,1.58,1.62,1.64,1.65
20251126,1.316,1.453,1.507,1.519,1.579,1.62,1.639,1.65
20251125,1.316,1.433,1.54,1.52,1.58,1.62,1.639,1.65
20251124,1.316,1.447,1.542,1.52,1.58,1.62,1.64,1.65
20251121,1.32,1.417,1.522,1.519,1.578,1.62,1.64,1.65
20251120,1.364,1.46,1.546,1.518,1.579,1.62,1.639,1.65
20251119,1.42,1.487,1.568,1.52,1.58,1.62,1.64,1.65
20251118,1.525,1.518,1.55,1.52,1.58,1.62,1.64,1.65
20251117,1.508,1.514,1.55,1.52,1.58,1.62,1.64,1.65
20251114,1.363,1.468,1.509,1.518,1.58,1.62,1.64,1.65
20251113,1.315,1.474,1.5,1.518,1.58,1.62,1.64,1.65
20251112,1.415,1.474,1.5,1.523,1.58,1.619,1.639,1.649
20251111,1.508,1.501,1.518,1.525,1.58,1.618,1.639,1.65
20251110,1.479,1.478,1.492,1.525,1.58,1.6185,1.639,1.65
20251107,1.327,1.422,1.47,1.526,1.584,1.62,1.639,1.65
20251106,1.313,1.421,1.454,1.534,1.5875,1.624,1.6415,1.6525
20251105,1.315,1.423,1.461,1.5415,1.589,1.6255,1.645,1.655
20251104,1.315,1.415,1.478,1.546,1.594,1.6265,1.652,1.658
20251103,1.316,1.412,1.469,1.546,1.595,1.633,1.656,1.664
20251031,1.321,1.439,1.548,1.547,1.596,1.637,1.656,1.667
20251030,1.317,1.484,1.537,1.549,1.597,1.64,1.657,1.673
20251029,1.414,1.512,1.559,1.556,1.599,1.64,1.658,1.675
20251028,1.469,1.53,1.647,1.557,1.599,1.642,1.66,1.678
20251027,1.442,1.542,1.598,1.557,1.595,1.642,1.662,1.68
20251024,1.32,1.414,1.563,1.557,1.594,1.641,1.661,1.68
20251023,1.318,1.417,1.512,1.556,1.594,1.641,1.662,1.68
20251022,1.318,1.422,1.452,1.557,1.592,1.641,1.662,1.679
20251021,1.317,1.426,1.504,1.557,1.586,1.641,1.662,1.675
20251020,1.317,1.418,1.468,1.557,1.582,1.64,1.66,1.67
20251017,1.318,1.415,1.461,1.559,1.58,1.64,1.66,1.67
20251016,1.316,1.419,1.443,1.559,1.581,1.638,1.659,1.669
20251015,1.316,1.414,1.452,1.559,1.581,1.638,1.659,1.669
20251014,1.315,1.423,1.445,1.56,1.581,1.638,1.659,1.669
20251013,1.314,1.447,1.466,1.557,1.58,1.639,1.661,1.669
20251011,1.314,1.403,1.482,1.558,1.581,1.638,1.665,1.674
20251010,1.319,1.451,1.494,1.559,1.578,1.636,1.666,1.675
20251009,1.322,1.495,1.526,1.567,1.579,1.638,1.668,1.677
20250930,1.379,1.405,1.702,1.57,1.58,1.64,1.67,1.68
20250929,1.315,1.523,1.527,1.571,1.58,1.64,1.67,1.68
20250928,1.314,1.497,1.537,1.57,1.58,1.64,1.67,1.68
20250926,1.321,1.501,1.646,1.566,1.576,1.639,1.672,1.681
20250925,1.472,1.584,1.625,1.564,1.574,1.635,1.669,1.679
20250924,1.434,1.59,1.656,1.556,1.566,1.632,1.664,1.674
20250923,1.413,1.462,1.567,1.551,1.562,1.63,1.663,1.672
20250922,1.427,1.466,1.675,1.55,1.562,1.63,1.663,1.673
20250919,1.461,1.488,1.647,1.547,1.562,1.632,1.663,1.673
20250918,1.514,1.528,1.581,1.544,1.556,1.631,1.662,1.673
20250917,1.483,1.519,1.607,1.541,1.554,1.63,1.661,1.671
20250916,1.437,1.475,1.506,1.535,1.553,1.63,1.661,1.671
20250915,1.408,1.47,1.504,1.533,1.553,1.626,1.661,1.671
20250912,1.367,1.46,1.524,1.532,1.553,1.624,1.655,1.667
20250911,1.369,1.466,1.51,1.53,1.553,1.623,1.654,1.665
20250910,1.425,1.449,1.501,1.528,1.553,1.621,1.653,1.663
20250909,1.419,1.467,1.5,1.522,1.551,1.615,1.651,1.661
20250908,1.353,1.438,1.471,1.52,1.55,1.611,1.65,1.66
20250905,1.316,1.427,1.467,1.52,1.55,1.61,1.649,1.66
20250904,1.316,1.437,1.476,1.519,1.55,1.609,1.647,1.658
20250903,1.316,1.433,1.486,1.517,1.55,1.61,1.645,1.656
20250902,1.314,1.431,1.495,1.518,1.549,1.61,1.645,1.655
20250901,1.315,1.438,1.484,1.521,1.549,1.61,1.644,1.654
20250829,1.331,1.51,1.555,1.527,1.55,1.61,1.642,1.652
20250828,1.316,1.526,1.55,1.529,1.55,1.61,1.643,1.653
20250827,1.315,1.491,1.526,1.526,1.55,1.61,1.642,1.653
20250826,1.317,1.467,1.515,1.53,1.55,1.61,1.642,1.652
20250825,1.356,1.484,1.555,1.53,1.55,1.61,1.642,1.652
20250822,1.418,1.463,1.581,1.53,1.55,1.61,1.641,1.653
20250821,1.466,1.495,1.593,1.533,1.55,1.61,1.643,1.653
20250820,1.473,1.534,1.596,1.532,1.55,1.61,1.64,1.649
20250819,1.464,1.517,1.599,1.528,1.55,1.61,1.637,1.647
20250818,1.436,1.483,1.537,1.528,1.549,1.608,1.633,1.643
20250815,1.398,1.465,1.505,1.526,1.547,1.607,1.63,1.64
20250814,1.315,1.426,1.492,1.525,1.549,1.609,1.63,1.64
20250813,1.315,1.434,1.473,1.526,1.548,1.609,1.63,1.64
20250812,1.315,1.433,1.456,1.527,1.548,1.609,1.629,1.638
20250811,1.315,1.432,1.455,1.527,1.549,1.61,1.628,1.638
20250808,1.3144,1.4356,1.4689,1.5256,1.5544,1.61,1.6289,1.6378
20250807,1.315,1.434,1.479,1.529,1.56,1.61,1.63,1.639
20250806,1.316,1.442,1.494,1.533,1.559,1.609,1.63,1.638
20250805,1.315,1.432,1.482,1.543,1.558,1.606,1.629,1.638
20250804,1.314,1.436,1.516,1.547,1.559,1.608,1.629,1.641
20250801,1.315,1.446,1.553,1.549,1.563,1.61,1.63,1.645
20250731,1.392,1.497,1.546,1.55,1.566,1.612,1.633,1.648
20250730,1.317,1.501,1.62,1.55,1.564,1.612,1.634,1.647
20250729,1.366,1.545,1.631,1.55,1.56,1.613,1.632,1.644
20250728,1.467,1.596,1.635,1.549,1.56,1.613,1.632,1.642
20250725,1.52,1.62,1.728,1.545,1.559,1.611,1.628,1.639
20250724,1.635,1.545,1.615,1.536,1.553,1.605,1.621,1.631
20250723,1.367,1.463,1.527,1.529,1.551,1.596,1.616,1.625
20250722,1.317,1.462,1.551,1.529,1.549,1.591,1.612,1.621
20250721,1.366,1.477,1.571,1.534,1.553,1.592,1.612,1.622
20250718,1.462,1.494,1.56,1.536,1.555,1.593,1.612,1.621
20250717,1.463,1.504,1.553,1.539,1.557,1.592,1.613,1.621
20250716,1.466,1.504,1.559,1.54,1.559,1.592,1.612,1.621
20250715,1.535,1.546,1.579,1.541,1.559,1.591,1.613,1.623
20250714,1.415,1.515,1.535,1.538,1.561,1.594,1.614,1.623
20250711,1.333,1.475,1.514,1.535,1.557,1.591,1.611,1.616
20250710,1.316,1.474,1.498,1.538,1.559,1.589,1.608,1.613
20250709,1.313,1.464,1.495,1.539,1.562,1.593,1.607,1.613
20250708,1.312,1.455,1.5,1.546,1.57,1.597,1.609,1.612
20250707,1.312,1.458,1.494,1.557,1.579,1.6,1.612,1.616
20250704,1.313,1.423,1.523,1.581,1.597,1.611,1.621,1.629
20250703,1.315,1.456,1.54,1.594,1.606,1.619,1.63,1.638
20250702,1.365,1.497,1.554,1.6095,1.6195,1.6315,1.6415,1.6515
20250701,1.367,1.53,1.569,1.617,1.628,1.637,1.647,1.656
20250630,1.422,1.763,1.766,1.622,1.63,1.64,1.65,1.657
20250627,1.371,1.668,1.755,1.62,1.63,1.64,1.65,1.656
20250626,1.37,1.67,1.736,1.622,1.63,1.64,1.65,1.658
20250625,1.371,1.671,1.722,1.622,1.63,1.639,1.652,1.659
20250624,1.37,1.629,1.697,1.62,1.629,1.639,1.655,1.662
20250623,1.367,1.497,1.713,1.62,1.629,1.639,1.657,1.666
20250620,1.368,1.529,1.719,1.62,1.629,1.639,1.659,1.667
20250619,1.367,1.524,1.658,1.621,1.63,1.644,1.661,1.671
20250618,1.366,1.505,1.655,1.62,1.63,1.647,1.666,1.676
20250617,1.369,1.508,1.571,1.621,1.634,1.653,1.67,1.679
20250616,1.388,1.51,1.543,1.621,1.636,1.655,1.67,1.68
20250613,1.411,1.508,1.543,1.622,1.638,1.656,1.67,1.68
20250612,1.367,1.521,1.535,1.62,1.639,1.657,1.67,1.68
20250611,1.361,1.502,1.56,1.62,1.642,1.658,1.674,1.684
20250610,1.362,1.496,1.544,1.62,1.645,1.663,1.677,1.687
20250609,1.378,1.497,1.556,1.618,1.649,1.667,1.68,1.693
20250606,1.411,1.5,1.588,1.619,1.651,1.671,1.682,1.697
20250605,1.408,1.534,1.591,1.62,1.652,1.672,1.684,1.702
20250604,1.408,1.543,1.576,1.62,1.652,1.672,1.684,1.703
20250603,1.41,1.515,1.579,1.62,1.652,1.672,1.684,1.7
20250530,1.471,1.617,1.739,1.62,1.652,1.672,1.683,1.698
20250529,1.411,1.602,1.744,1.621,1.652,1.673,1.683,1.695
20250528,1.411,1.578,1.669,1.615,1.647,1.672,1.683,1.694
20250527,1.452,1.598,1.667,1.614,1.644,1.665,1.678,1.692
20250526,1.506,1.579,1.688,1.612,1.643,1.662,1.674,1.685
20250523,1.565,1.552,1.691,1.611,1.642,1.655,1.672,1.682
20250522,1.465,1.523,1.656,1.613,1.64,1.652,1.669,1.676
20250521,1.509,1.549,1.647,1.615,1.64,1.653,1.669,1.674
20250520,1.509,1.556,1.65,1.617,1.642,1.654,1.665,1.671
20250519,1.537,1.562,1.654,1.624,1.645,1.656,1.669,1.673
20250516,1.654,1.545,1.601,1.625,1.647,1.656,1.667,1.671
20250515,1.404,1.497,1.55,1.629,1.645,1.658,1.668,1.673
20250514,1.405,1.501,1.536,1.639,1.653,1.663,1.67,1.677
20250513,1.406,1.49,1.556,1.647,1.662,1.672,1.676,1.684
20250512,1.422,1.496,1.563,1.661,1.672,1.685,1.686,1.695
20250509,1.497,1.519,1.554,1.684,1.696,1.704,1.707,1.711
20250508,1.539,1.594,1.68,1.702,1.72,1.729,1.729,1.735
20250507,1.657,1.661,1.725,1.719,1.737,1.746,1.752,1.752
20250506,1.702,1.707,1.737,1.732,1.748,1.757,1.765,1.765
20250430,1.76,1.762,1.781,1.743,1.75,1.759,1.766,1.766
20250429,1.541,1.748,1.778,1.745,1.75,1.76,1.767,1.767
20250428,1.603,1.723,1.769,1.747,1.75,1.76,1.767,1.768
20250427,1.606,1.641,1.77,1.748,1.75,1.76,1.766,1.767
20250425,1.567,1.638,1.765,1.747,1.75,1.761,1.765,1.766
20250424,1.61,1.69,1.767,1.747,1.75,1.764,1.766,1.766
20250423,1.626,1.644,1.772,1.749,1.753,1.765,1.767,1.766
20250422,1.709,1.67,1.8,1.754,1.755,1.768,1.769,1.768
20250421,1.716,1.68,1.797,1.758,1.759,1.77,1.773,1.769
20250418,1.66,1.654,1.764,1.763,1.761,1.771,1.775,1.772
20250417,1.634,1.652,1.735,1.766,1.767,1.776,1.778,1.777
20250416,1.708,1.696,1.757,1.772,1.772,1.782,1.784,1.783
20250415,1.701,1.695,1.75,1.776,1.775,1.785,1.787,1.785
20250414,1.644,1.665,1.73,1.782,1.777,1.788,1.79,1.786
20250411,1.609,1.619,1.75,1.787,1.786,1.795,1.798,1.791
20250410,1.607,1.681,1.771,1.795,1.8,1.81,1.811,1.807
20250409,1.741,1.703,1.839,1.804,1.806,1.817,1.821,1.81
20250408,1.744,1.725,1.812,1.811,1.81,1.827,1.83,1.813
20250407,1.79,1.694,1.776,1.819,1.824,1.844,1.846,1.837
20250403,1.617,1.689,1.819,1.865,1.871,1.886,1.889,1.887
20250402,1.756,1.805,1.9,1.905,1.902,1.91,1.917,1.914
20250401,1.823,1.807,1.923,1.916,1.907,1.916,1.921,1.921
20250331,1.739,2.023,2.232,1.928,1.912,1.923,1.926,1.926
20250328,1.728,1.936,2.122,1.939,1.921,1.928,1.932,1.933
20250327,1.738,2.004,2.098,1.945,1.924,1.932,1.935,1.936
20250326,1.785,1.9,2.124,1.951,1.934,1.941,1.941,1.942
20250325,1.775,1.815,2.119,1.955,1.942,1.949,1.951,1.949
20250324,1.75,1.745,2.1,1.966,1.961,1.961,1.964,1.963
20250321,1.76,1.754,2.088,1.971,1.968,1.968,1.972,1.973
20250320,1.785,1.778,2.298,1.971,1.98,1.98,1.983,1.989
20250319,1.763,1.856,2.337,1.974,1.987,1.987,1.986,1.99
20250318,1.785,1.903,2.241,1.967,1.992,1.993,1.987,1.994
20250317,1.805,1.819,1.95,1.965,1.994,1.995,1.991,1.995
20250314,1.811,1.742,1.857,1.963,2.004,1.999,1.996,1.998
20250313,1.771,1.774,1.85,1.961,2.012,2.001,2.001,2.002
20250312,1.758,1.78,1.872,1.954,2.015,2.002,2.001,2.004
20250311,1.782,1.786,1.9,1.948,2.01,2.001,2.001,1.998
20250310,1.819,1.78,1.897,1.937,2.005,2.002,1.999,1.994
20250307,1.801,1.718,1.855,1.916,1.991,1.998,1.994,1.988
20250306,1.79,1.748,1.821,1.91,1.982,1.993,1.986,1.982
20250305,1.755,1.751,1.823,1.908,1.975,1.989,1.983,1.976
20250304,1.686,1.718,1.824,1.892,1.9625,1.979,1.9745,1.967
20250303,1.816,1.812,1.901,1.883,1.946,1.968,1.969,1.957
20250228,1.865,2.093,2.273,1.868,1.922,1.946,1.953,1.944
20250227,1.867,2.24,2.359,1.847,1.89,1.915,1.925,1.92
20250226,1.875,2.131,2.254,1.812,1.8555,1.879,1.894,1.887
20250225,1.862,2.128,2.173,1.792,1.818,1.837,1.861,1.855
20250224,1.866,1.941,2.269,1.79,1.797,1.806,1.84,1.839
20250221,1.931,2.139,2.396,1.787,1.7912,1.802,1.831,1.831
20250220,1.919,1.992,2.249,1.778,1.7802,1.794,1.811,1.823
20250219,1.915,1.934,2.269,1.77,1.7702,1.784,1.8,1.812
20250218,1.933,2.209,2.427,1.766,1.763,1.773,1.786,1.796
20250217,1.893,1.999,2.065,1.747,1.75,1.763,1.774,1.775
20250214,1.889,1.894,1.969,1.731,1.738,1.75,1.764,1.764
20250213,1.827,1.763,1.815,1.719,1.73,1.742,1.751,1.753
20250212,1.832,1.845,1.869,1.715,1.726,1.736,1.744,1.746
20250211,1.919,1.838,1.97,1.71,1.721,1.731,1.738,1.741
20250210,1.841,1.729,1.802,1.7,1.714,1.723,1.729,1.733
20250208,1.769,1.634,1.737,1.703,1.712,1.72,1.728,1.734
20250207,1.816,1.732,1.793,1.705,1.711,1.724,1.729,1.735
20250206,1.792,1.785,1.854,1.708,1.71,1.727,1.731,1.739
20250205,1.793,1.844,1.972,1.708,1.707,1.722,1.726,1.735
20250127,1.708,1.715,2.023,1.706,1.702,1.715,1.7205,1.7305
20250126,1.669,1.864,2.566,1.705,1.6995,1.7125,1.7195,1.728
20250124,1.77,2.078,2.75,1.705,1.697,1.707,1.716,1.725
20250123,1.764,1.995,2.627,1.704,1.694,1.703,1.714,1.721
20250122,1.78,1.813,2.632,1.702,1.693,1.701,1.709,1.714
20250121,1.779,1.906,2.631,1.702,1.6935,1.699,1.706,1.7122
20250120,1.835,2.013,2.684,1.6925,1.687,1.693,1.697,1.703
20250117,1.848,2.039,2.656,1.688,1.677,1.6852,1.693,1.6974
20250116,1.833,2.192,2.673,1.681,1.674,1.682,1.6892,1.694
20250115,1.832,2.117,2.311,1.668,1.6665,1.676,1.682,1.6905
20250114,1.965,2.162,2.212,1.662,1.658,1.669,1.679,1.686
20250113,1.823,1.96,1.916,1.649,1.648,1.662,1.668,1.675
20250110,1.643,1.692,1.791,1.63,1.643,1.655,1.665,1.672
20250109,1.547,1.632,1.68,1.631,1.645,1.656,1.666,1.674
20250108,1.523,1.58,1.65,1.636,1.652,1.661,1.6705,1.6795
20250107,1.483,1.541,1.616,1.641,1.655,1.667,1.676,1.685
20250106,1.454,1.596,1.639,1.646,1.663,1.6725,1.682,1.691
20250103,1.618,1.67,1.746,1.67,1.677,1.6855,1.6935,1.7002
20250102,1.532,1.643,1.764,1.676,1.6825,1.689,1.697,1.7045
20260623,1.455,1.497,1.515,1.425,1.431,1.451,1.471,1.482
20260622,1.423,1.475,1.499,1.421,1.43,1.45,1.47,1.48
20260618,1.421,1.462,1.489,1.42,1.43,1.45,1.47,1.48
20260617,1.415,1.464,1.485,1.4185,1.429,1.449,1.468,1.4785
20260616,1.423,1.488,1.49,1.415,1.428,1.449,1.467,1.478
20260615,1.419,1.461,1.461,1.409,1.4225,1.443,1.462,1.472
20260612,1.398,1.453,1.451,1.403,1.414,1.435,1.454,1.465
20260611,1.397,1.441,1.439,1.396,1.408,1.431,1.452,1.463
20260610,1.384,1.413,1.412,1.393,1.402,1.4275,1.45,1.46
20260609,1.384,1.42,1.402,1.391,1.402,1.4275,1.45,1.46
20260608,1.354,1.401,1.395,1.3885,1.402,1.4265,1.447,1.46
20260605,1.324,1.382,1.38,1.3865,1.402,1.4265,1.447,1.459
20260604,1.316,1.348,1.357,1.385,1.4015,1.427,1.447,1.459
20260603,1.316,1.347,1.36,1.386,1.4035,1.428,1.448,1.4605
20260602,1.315,1.353,1.367,1.389,1.4035,1.428,1.449,1.4625
20260601,1.317,1.376,1.379,1.39,1.4065,1.428,1.45,1.4645
20260529,1.324,1.387,1.387,1.39,1.4075,1.429,1.45,1.4655
20260528,1.317,1.362,1.381,1.389,1.4055,1.428,1.45,1.4655
20260527,1.317,1.371,1.388,1.39,1.4045,1.429,1.449,1.4655
20260526,1.319,1.377,1.402,1.391,1.4065,1.429,1.45,1.4665
20260525,1.327,1.401,1.407,1.392,1.4065,1.43,1.45,1.4675
20260522,1.324,1.365,1.372,1.388,1.405,1.429,1.45,1.4685
20260521,1.288,1.331,1.343,1.3855,1.4065,1.429,1.451,1.4655
20260520,1.286,1.339,1.344,1.3855,1.4045,1.43,1.452,1.4655
20260519,1.265,1.32,1.334,1.385,1.404,1.4305,1.4505,1.466
20260518,1.266,1.322,1.337,1.386,1.405,1.4325,1.4545,1.467
20260515,1.267,1.313,1.329,1.388,1.408,1.4335,1.4555,1.468
20260514,1.265,1.305,1.333,1.39,1.406,1.4355,1.4555,1.468
20260513,1.267,1.299,1.338,1.391,1.409,1.436,1.456,1.468
20260512,1.255,1.308,1.343,1.394,1.412,1.438,1.457,1.469
20260511,1.221,1.34,1.355,1.395,1.414,1.441,1.457,1.469
20260509,1.224,1.318,1.357,1.397,1.414,1.444,1.458,1.469
20260508,1.255,1.345,1.371,1.398,1.417,1.447,1.459,1.469
20260507,1.275,1.381,1.383,1.4,1.417,1.448,1.46,1.47
20260506,1.271,1.365,1.389,1.4,1.42,1.448,1.46,1.471
20260430,1.327,1.391,1.39,1.396,1.416,1.4465,1.459,1.472
20260429,1.243,1.373,1.376,1.395,1.4195,1.4465,1.46,1.4745
20260428,1.242,1.364,1.382,1.399,1.424,1.4465,1.459,1.4765
20260427,1.24,1.358,1.369,1.4015,1.429,1.446,1.459,1.4765
20260424,1.219,1.324,1.355,1.405,1.4275,1.4505,1.464,1.478
20260423,1.219,1.329,1.362,1.412,1.4345,1.4535,1.4695,1.4825
20260422,1.219,1.327,1.355,1.4195,1.4375,1.457,1.4745,1.4865
20260421,1.22,1.331,1.358,1.4265,1.442,1.4645,1.478,1.4935
20260420,1.221,1.328,1.357,1.435,1.449,1.4665,1.481,1.4955
20260417,1.221,1.326,1.358,1.441,1.4525,1.4655,1.481,1.4965
20260416,1.221,1.336,1.355,1.448,1.455,1.469,1.4815,1.4975
20260415,1.221,1.367,1.373,1.4515,1.4615,1.4725,1.4835,1.4975
20260414,1.223,1.36,1.378,1.4535,1.4635,1.473,1.485,1.497
20260413,1.224,1.359,1.397,1.455,1.466,1.4765,1.4875,1.4985
20260410,1.222,1.319,1.353,1.4615,1.4715,1.483,1.494,1.505
20260409,1.223,1.32,1.363,1.466,1.476,1.4895,1.4995,1.5105
20260408,1.222,1.323,1.366,1.4685,1.4795,1.4945,1.5045,1.5165
20260407,1.226,1.324,1.369,1.472,1.484,1.496,1.506,1.518
20260403,1.238,1.338,1.396,1.479,1.493,1.504,1.514,1.526
20260402,1.271,1.404,1.422,1.4885,1.4995,1.5145,1.5245,1.5345
20260401,1.27,1.421,1.462,1.493,1.504,1.518,1.528,1.536
20260331,1.277,1.438,1.469,1.495,1.507,1.52,1.529,1.538
20260330,1.318,1.418,1.494,1.497,1.509,1.52,1.53,1.54
20260327,1.317,1.428,1.502,1.4985,1.509,1.5205,1.5315,1.5405
20260326,1.32,1.438,1.506,1.503,1.5135,1.5242,1.5342,1.5441
20260325,1.319,1.435,1.5112,1.5045,1.5155,1.5265,1.5365,1.5455
20260324,1.318,1.417,1.512,1.504,1.516,1.527,1.538,1.547
20260323,1.317,1.422,1.524,1.5095,1.5182,1.529,1.5425,1.5485
20260320,1.319,1.417,1.523,1.514,1.522,1.534,1.547,1.555
20260319,1.321,1.423,1.489,1.518,1.528,1.538,1.5515,1.5595
20260318,1.32,1.425,1.556,1.52,1.532,1.543,1.556,1.565
20260317,1.319,1.4291,1.4795,1.5248,1.5358,1.547,1.558,1.567
20260316,1.32,1.441,1.495,1.5283,1.538,1.5516,1.5627,1.5716
20260313,1.321,1.457,1.495,1.533,1.542,1.556,1.567,1.576
20260312,1.337,1.465,1.501,1.535,1.546,1.56,1.57,1.579
20260311,1.367,1.46,1.5,1.535,1.547,1.561,1.572,1.58
20260310,1.318,1.432,1.492,1.5359,1.5492,1.5614,1.5715,1.5803
20260309,1.322,1.423,1.475,1.5392,1.5515,1.5636,1.5746,1.5825
20260306,1.319,1.412,1.462,1.5417,1.5548,1.566,1.5759,1.5848
20260305,1.267,1.412,1.461,1.5468,1.558,1.57,1.579,1.588
20260304,1.266,1.415,1.454,1.548,1.5605,1.5727,1.5826,1.5915
20260303,1.267,1.448,1.498,1.55,1.565,1.577,1.586,1.595
20260302,1.315,1.466,1.514,1.55,1.5678,1.582,1.591,1.5994
20260228,1.318,1.5,1.52,1.55,1.5679,1.5846,1.5945,1.604
20260227,1.358,1.474,1.527,1.55,1.569,1.586,1.595,1.605
20260226,1.368,1.457,1.529,1.55,1.5748,1.588,1.5968,1.6068
20260225,1.378,1.497,1.571,1.55,1.5778,1.59,1.5979,1.608
20260224,1.362,1.553,1.577,1.55,1.578,1.59,1.599,1.61
20260214,1.3156,1.3233,1.39,1.55,1.58,1.59,1.6,1.61
20260213,1.271,1.43,1.511,1.55,1.579,1.593,1.6,1.61
20260212,1.368,1.518,1.583,1.55,1.58,1.5951,1.599,1.6089
20260211,1.366,1.523,1.6,1.5511,1.58,1.5958,1.5997,1.6092
20260210,1.362,1.531,1.604,1.551,1.58,1.5977,1.602,1.6115
20260209,1.27,1.505,1.584,1.55,1.58,1.5967,1.6046,1.6147
20260206,1.277,1.435,1.504,1.55,1.58,1.597,1.6058,1.6169
20260205,1.319,1.464,1.614,1.5505,1.5805,1.6,1.6079,1.6189
20260204,1.318,1.473,1.583,1.55,1.5846,1.6,1.609,1.619
20260203,1.317,1.488,1.511,1.55,1.5859,1.6042,1.6104,1.6215
20260202,1.365,1.485,1.509,1.55,1.5889,1.6069,1.6137,1.6248
20260130,1.328,1.58,1.598,1.551,1.589,1.609,1.617,1.628
20260129,1.368,1.572,1.591,1.552,1.591,1.608,1.618,1.629
20260128,1.366,1.527,1.596,1.5546,1.5947,1.6099,1.6189,1.6337
20260127,1.371,1.564,1.599,1.5556,1.5968,1.6094,1.624,1.637
20260126,1.42,1.543,1.599,1.5558,1.5978,1.6135,1.6269,1.639
20260123,1.396,1.491,1.577,1.5577,1.598,1.615,1.629,1.6441
20260122,1.413,1.497,1.59,1.557,1.598,1.616,1.6327,1.6458
20260121,1.322,1.488,1.597,1.559,1.6,1.62,1.637,1.648
20260120,1.374,1.483,1.582,1.56,1.6,1.62,1.638,1.649
20260119,1.318,1.467,1.501,1.557,1.6,1.62,1.639,1.649
20260116,1.325,1.47,1.496,1.558,1.6,1.62,1.64,1.65
20260115,1.374,1.485,1.555,1.5596,1.6,1.62,1.639,1.649
20260114,1.39,1.55,1.567,1.56,1.6,1.62,1.64,1.65
20260113,1.391,1.523,1.534,1.559,1.6,1.62,1.639,1.649
20260112,1.316,1.473,1.489,1.556,1.598,1.62,1.637,1.648
20260109,1.272,1.461,1.487,1.557,1.595,1.618,1.635,1.646
20260108,1.27,1.462,1.482,1.559,1.595,1.619,1.636,1.648
20260107,1.266,1.45,1.453,1.564,1.597,1.619,1.637,1.649
20260106,1.263,1.422,1.465,1.569,1.596,1.618,1.637,1.648
20260105,1.264,1.423,1.457,1.574,1.596,1.617,1.637,1.648
20260104,1.258,1.428,1.518,1.579,1.598,1.624,1.639,1.649
