date,m1,m2,m3,m6,y1,y2,y3,y5,y7,y10,y20,y30
19901231,,,6.63,6.73,6.82,7.15,7.4,7.68,8.0,8.08,,8.26
19901228,,,6.64,6.85,6.91,7.25,7.48,7.78,8.08,8.14,,8.31
19901227,,,6.67,6.91,6.94,7.25,7.46,7.75,8.03,8.11,,8.25
19901226,,,6.68,6.91,6.94,7.27,7.5,7.78,8.07,8.15,,8.3
19901224,,,6.73,6.95,6.99,7.35,7.53,7.84,8.12,8.2,,8.36
19901221,,,6.79,6.94,6.95,7.3,7.46,7.75,8.03,8.11,,8.28
19901220,,,6.75,6.87,6.9,7.25,7.41,7.67,7.96,8.05,,8.22
19901219,,,6.83,6.91,6.89,7.21,7.37,7.64,7.92,8.0,,8.19
19901218,,,6.94,7.05,7.02,7.28,7.4,7.67,7.93,7.99,,8.15
19901217,,,7.02,7.07,7.06,7.31,7.45,7.71,7.96,8.02,,8.18
19901214,,,7.06,7.08,7.09,7.35,7.47,7.74,7.97,8.05,,8.2
19901213,,,7.05,7.04,7.11,7.31,7.42,7.68,7.91,7.98,,8.14
19901212,,,7.0,7.0,7.03,7.22,7.33,7.59,7.84,7.91,,8.07
19901211,,,7.06,7.06,7.07,7.26,7.38,7.6,7.87,7.94,,8.1
19901210,,,7.07,7.04,7.1,7.28,7.4,7.63,7.91,7.98,,8.14
19901207,,,7.1,7.08,7.12,7.33,7.45,7.67,7.96,8.03,,8.19
19901206,,,7.22,7.23,7.27,7.48,7.6,7.82,8.11,8.18,,8.35
19901205,,,7.23,7.21,7.24,7.46,7.58,7.82,8.09,8.16,,8.32
19901204,,,7.24,7.23,7.25,7.46,7.58,7.83,8.11,8.2,,8.37
19901203,,,7.28,7.37,7.31,7.51,7.65,7.88,8.14,8.22,,8.36
19901130,,,7.24,7.36,7.31,7.53,7.67,7.91,8.18,8.26,,8.4
19901129,,,7.26,7.38,7.34,7.58,7.72,7.96,8.23,8.32,,8.47
19901128,,,7.29,7.38,7.34,7.56,7.71,7.94,8.22,8.3,,8.46
19901127,,,7.27,7.34,7.28,7.5,7.66,7.94,8.18,8.28,,8.44
19901126,,,7.26,7.33,7.24,7.55,7.65,7.92,8.17,8.27,,8.42
19901123,,,7.25,7.32,7.23,7.53,7.63,7.92,8.16,8.28,,8.44
19901121,,,7.27,7.37,7.26,7.55,7.66,7.92,8.16,8.27,,8.44
19901120,,,7.32,7.42,7.34,7.62,7.72,7.98,8.21,8.31,,8.47
19901119,,,7.33,7.43,7.33,7.62,7.73,8.01,8.24,8.35,,8.51
19901116,,,7.31,7.37,7.27,7.58,7.69,7.96,8.2,8.3,,8.46
19901115,,,7.32,7.4,7.32,7.6,7.71,8.01,8.26,8.37,,8.53
19901114,,,7.3,7.38,7.31,7.58,7.7,8.01,8.25,8.36,,8.51
19901113,,,7.27,7.39,7.3,7.6,7.7,8.01,8.26,8.37,,8.52
19901109,,,7.27,7.39,7.33,7.61,7.75,8.1,8.36,8.49,,8.63
19901108,,,7.32,7.42,7.35,7.67,7.82,8.18,8.44,8.58,,8.73
19901107,,,7.32,7.43,7.36,7.67,7.82,8.16,8.44,8.57,,8.71
19901106,,,7.31,7.42,7.36,7.65,7.8,8.11,8.37,8.52,,8.64
19901105,,,7.31,7.39,7.33,7.63,7.84,8.1,8.36,8.5,,8.63
19901102,,,7.31,7.4,7.35,7.68,7.88,8.16,8.42,8.57,,8.7
19901101,,,7.28,7.38,7.32,7.68,7.88,8.15,8.42,8.57,,8.7
19901031,,,7.34,7.46,7.43,7.77,7.97,8.24,8.5,8.65,,8.78
19901030,,,7.37,7.51,7.48,7.79,8.02,8.28,8.56,8.7,,8.83
19901029,,,7.38,7.48,7.48,7.82,8.01,8.27,8.54,8.7,,8.84
19901026,,,7.36,7.45,7.46,7.8,7.97,8.23,8.48,8.63,,8.76
19901025,,,7.41,7.51,7.46,7.8,7.97,8.21,8.47,8.62,,8.74
19901024,,,7.46,7.53,7.52,7.84,8.0,8.26,8.52,8.66,,8.79
19901023,,,7.45,7.53,7.52,7.84,8.0,8.25,8.51,8.65,,8.79
19901022,,,7.47,7.55,7.53,7.85,8.03,8.25,8.5,8.63,,8.76
19901019,,,7.48,7.56,7.55,7.85,8.02,8.25,8.49,8.62,,8.75
19901018,,,7.49,7.57,7.59,7.91,8.08,8.32,8.59,8.71,,8.85
19901017,,,7.44,7.59,7.6,7.92,8.12,8.37,8.63,8.76,,8.89
19901016,,,7.39,7.58,7.58,7.92,8.13,8.39,8.66,8.79,,8.94
19901015,,,7.4,7.56,7.58,7.92,8.13,8.39,8.67,8.8,,8.95
19901012,,,7.37,7.52,7.59,7.94,8.16,8.44,8.7,8.84,,8.98
19901011,,,7.35,7.51,7.6,7.99,8.22,8.51,8.79,8.92,,9.08
19901010,,,7.44,7.6,7.64,7.99,8.19,8.49,8.78,8.89,,9.03
19901009,,,7.41,7.58,7.64,7.94,8.14,8.43,8.72,8.83,,8.98
19901005,,,7.27,7.44,7.51,7.81,8.0,8.27,8.54,8.65,,8.79
19901004,,,7.36,7.51,7.56,7.87,8.04,8.3,8.58,8.67,,8.81
19901003,,,7.38,7.53,7.57,7.88,8.09,8.33,8.6,8.71,,8.85
19901002,,,7.41,7.55,7.61,7.92,8.1,8.35,8.6,8.69,,8.84
19901001,,,7.37,7.53,7.63,7.94,8.12,8.38,8.63,8.71,,8.84
19900928,,,7.37,7.54,7.69,8.02,8.19,8.47,8.73,8.82,,8.96
19900927,,,7.47,7.61,7.72,8.05,8.28,8.52,8.81,8.91,,9.05
19900926,,,7.57,7.74,7.84,8.16,8.38,8.63,8.9,9.0,,9.14
19900925,,,7.59,7.78,7.85,8.18,8.4,8.64,8.91,9.02,,9.15
19900924,,,7.63,7.75,7.83,8.21,8.38,8.64,8.92,9.04,,9.18
19900921,,,7.6,7.71,7.77,8.12,8.31,8.58,8.87,8.99,,9.13
19900920,,,7.63,7.73,7.81,8.1,8.27,8.53,8.8,8.91,,9.05
19900919,,,7.64,7.69,7.79,8.08,8.24,8.51,8.78,8.88,,9.02
19900918,,,7.61,7.66,7.73,8.03,8.22,8.48,8.77,8.9,,9.05
19900917,,,7.61,7.66,7.73,8.05,8.23,8.49,8.78,8.9,,9.06
19900914,,,7.59,7.63,7.72,8.03,8.23,8.48,8.75,8.87,,9.01
19900913,,,7.59,7.65,7.7,8.01,8.19,8.44,8.71,8.82,,8.96
19900912,,,7.61,7.7,7.75,8.05,8.26,8.45,8.72,8.82,,8.96
19900911,,,7.67,7.76,7.81,8.1,8.27,8.48,8.73,8.83,,8.96
19900910,,,7.68,7.76,7.79,8.09,8.26,8.5,8.75,8.85,,8.98
19900907,,,7.63,7.73,7.73,8.04,8.22,8.45,8.72,8.81,,8.92
19900906,,,7.62,7.71,7.74,8.06,8.24,8.47,8.75,8.84,,8.96
19900905,,,7.61,7.71,7.74,8.04,8.23,8.47,8.75,8.86,,8.98
19900904,,,7.64,7.75,7.76,8.09,8.28,8.53,8.8,8.9,,9.03
19900831,,,7.63,7.74,7.76,8.07,8.26,8.5,8.77,8.86,,8.99
19900830,,,7.7,7.8,7.83,8.12,8.31,8.52,8.77,8.86,,8.98
19900829,,,7.72,7.84,7.85,8.16,8.33,8.52,8.75,8.84,,8.95
19900828,,,7.73,7.87,7.94,8.23,8.42,8.67,8.85,8.94,,9.07
19900827,,,7.78,7.89,7.89,8.21,8.34,8.61,8.8,8.9,,9.02
19900824,,,7.74,7.88,7.96,8.32,8.5,8.75,8.94,9.05,,9.17
19900823,,,7.79,7.91,7.99,8.26,8.44,8.69,8.88,9.0,,9.11
19900822,,,7.85,7.91,7.94,8.26,8.38,8.62,8.8,8.91,,9.03
19900821,,,7.83,7.88,7.9,8.19,8.32,8.56,8.74,8.84,,8.94
19900820,,,7.77,7.85,7.84,8.13,8.28,8.5,8.7,8.81,,8.92
19900817,,,7.72,7.82,7.8,8.11,8.27,8.49,8.68,8.8,,8.94
19900816,,,7.73,7.83,7.81,8.09,8.23,8.45,8.65,8.76,,8.91
19900815,,,7.7,7.73,7.68,7.94,8.08,8.33,8.54,8.64,,8.76
19900814,,,7.68,7.72,7.69,7.94,8.08,8.34,8.55,8.66,,8.78
19900813,,,7.66,7.7,7.65,7.94,8.08,8.36,8.59,8.71,,8.83
19900810,,,7.64,7.68,7.67,7.95,8.12,8.35,8.58,8.68,,8.79
19900809,,,7.66,7.69,7.72,7.99,8.13,8.33,8.55,8.66,,8.75
19900808,,,7.62,7.69,7.73,8.02,8.19,8.43,8.65,8.77,,8.87
19900807,,,7.61,7.73,7.75,8.04,8.19,8.41,8.65,8.78,,8.86
19900806,,,7.54,7.59,7.63,7.9,8.11,8.29,8.55,8.71,,8.82
19900803,,,7.52,7.55,7.56,7.79,7.98,8.11,8.32,8.43,,8.55
19900802,,,7.68,7.67,7.7,7.9,8.03,8.15,8.3,8.41,,8.46
19900801,,,7.67,7.65,7.63,7.85,7.96,8.06,8.2,8.29,,8.36
19900731,,,7.74,7.72,7.72,7.91,8.04,8.13,8.28,8.36,,8.42
19900730,,,7.74,7.74,7.75,7.93,8.05,8.14,8.28,8.34,,8.4
19900727,,,7.77,7.79,7.8,8.0,8.15,8.25,8.36,8.42,,8.48
19900726,,,7.83,7.86,7.9,8.08,8.24,8.31,8.45,8.49,,8.54
19900725,,,7.81,7.85,7.87,8.08,8.24,8.31,8.44,8.49,,8.55
19900724,,,7.78,7.82,7.88,8.12,8.25,8.35,8.48,8.53,,8.59
19900723,,,7.73,7.78,7.81,8.05,8.17,8.28,8.43,8.48,,8.54
19900720,,,7.79,7.84,7.84,8.08,8.18,8.28,8.43,8.48,,8.54
19900719,,,7.79,7.85,7.87,8.13,8.23,8.33,8.47,8.51,,8.56
19900718,,,7.8,7.88,7.87,8.13,8.24,8.34,8.47,8.5,,8.55
19900717,,,7.87,7.91,7.88,8.13,8.23,8.3,8.42,8.44,,8.46
19900716,,,7.86,7.91,7.89,8.15,8.26,8.31,8.43,8.44,,8.46
19900713,,,7.85,7.91,7.89,8.13,8.25,8.32,8.43,8.45,,8.46
19900712,,,7.94,7.98,7.98,8.2,8.31,8.37,8.49,8.5,,8.5
19900711,,,8.05,8.15,8.18,8.4,8.46,8.49,8.58,8.57,,8.56
19900710,,,8.07,8.17,8.21,8.4,8.48,8.5,8.61,8.57,,8.56
19900709,,,8.06,8.14,8.19,8.39,8.46,8.49,8.6,8.57,,8.55
19900706,,,8.01,8.08,8.14,8.32,8.41,8.44,8.56,8.51,,8.51
19900705,,,7.92,7.98,8.02,8.22,8.31,8.34,8.45,8.42,,8.42
19900703,,,7.96,8.0,8.01,8.2,8.28,8.32,8.44,8.4,,8.4
19900702,,,8.0,8.03,8.06,8.25,8.32,8.35,8.46,8.43,,8.41
19900629,,,8.0,8.02,8.05,8.24,8.32,8.35,8.46,8.43,,8.41
19900628,,,8.0,8.03,8.07,8.31,8.37,8.41,8.51,8.47,,8.45
19900627,,,8.05,8.1,8.14,8.37,8.43,8.47,8.56,8.52,,8.49
19900626,,,8.07,8.12,8.19,8.41,8.49,8.51,8.59,8.56,,8.53
19900625,,,8.05,8.09,8.19,8.45,8.48,8.53,8.62,8.58,,8.56
19900622,,,8.04,8.05,8.12,8.4,8.43,8.46,8.55,8.51,,8.49
19900621,,,8.03,8.08,8.14,8.41,8.44,8.48,8.57,8.52,,8.5
19900620,,,8.03,8.07,8.16,8.43,8.46,8.51,8.59,8.55,,8.52
19900619,,,8.0,8.07,8.15,8.41,8.45,8.47,8.55,8.51,,8.48
19900618,,,7.93,8.06,8.11,8.39,8.42,8.45,8.53,8.5,,8.47
19900615,,,7.95,8.04,8.05,8.33,8.37,8.41,8.49,8.46,,8.43
19900614,,,7.92,7.98,8.0,8.24,8.29,8.32,8.41,8.38,,8.36
19900613,,,7.93,7.99,8.02,8.27,8.32,8.35,8.44,8.4,,8.39
19900612,,,7.99,8.05,8.09,8.36,8.42,8.44,8.52,8.48,,8.45
19900611,,,7.99,8.07,8.09,8.36,8.41,8.43,8.52,8.48,,8.45
19900608,,,7.96,8.03,8.07,8.33,8.38,8.42,8.51,8.46,,8.44
19900607,,,7.96,8.01,8.07,8.34,8.38,8.41,8.49,8.46,,8.43
19900606,,,7.96,8.02,8.09,8.34,8.4,8.43,8.51,8.46,,8.44
19900605,,,7.96,8.03,8.09,8.34,8.38,8.42,8.51,8.47,,8.46
19900604,,,7.96,8.03,8.07,8.31,8.36,8.39,8.47,8.44,,8.43
19900601,,,7.94,8.01,8.06,8.33,8.36,8.38,8.47,8.44,,8.43
19900531,,,8.01,8.12,8.22,8.5,8.53,8.56,8.64,8.6,,8.58
19900530,,,8.03,8.09,8.2,8.48,8.54,8.56,8.65,8.62,,8.6
19900529,,,8.02,8.17,8.23,8.52,8.57,8.59,8.68,8.66,,8.64
19900525,,,8.01,8.18,8.23,8.53,8.59,8.61,8.71,8.69,,8.67
19900524,,,7.95,8.12,8.16,8.5,8.54,8.58,8.66,8.63,,8.6
19900523,,,7.91,8.11,8.17,8.51,8.55,8.61,8.65,8.61,,8.59
19900522,,,7.99,8.18,8.22,8.54,8.58,8.66,8.69,8.65,,8.61
19900521,,,8.02,8.18,8.3,8.61,8.66,8.74,8.77,8.74,,8.69
19900518,,,8.01,8.16,8.31,8.63,8.69,8.74,8.79,8.75,,8.7
19900517,,,7.93,8.1,8.24,8.56,8.6,8.69,8.73,8.69,,8.65
19900516,,,7.93,8.09,8.23,8.54,8.59,8.66,8.71,8.68,,8.64
19900515,,,7.91,8.09,8.23,8.54,8.58,8.64,8.68,8.65,,8.62
19900514,,,7.89,8.06,8.2,8.51,8.54,8.6,8.64,8.61,,8.58
19900511,,,7.88,8.04,8.21,8.55,8.58,8.64,8.68,8.64,,8.64
19900510,,,7.97,8.15,8.33,8.69,8.73,8.8,8.86,8.82,,8.81
19900509,,,8.01,8.2,8.4,8.75,8.79,8.87,8.92,8.88,,8.9
19900508,,,8.06,8.22,8.4,8.68,8.73,8.79,8.83,8.84,,8.81
19900507,,,8.09,8.26,8.44,8.74,8.82,8.83,8.86,8.87,,8.85
19900504,,,8.02,8.25,8.43,8.7,8.77,8.8,8.83,8.84,,8.83
19900503,,,8.15,8.45,8.62,8.98,9.05,9.04,9.05,9.04,,8.99
19900502,,,8.17,8.49,8.63,9.05,9.11,9.1,9.12,9.09,,9.05
19900501,,,8.19,8.49,8.56,9.02,9.09,9.08,9.09,9.08,,9.04
19900430,,,8.07,8.44,8.58,8.96,9.05,9.04,9.06,9.04,,9.0
19900427,,,8.05,8.38,8.57,8.98,9.07,9.06,9.09,9.06,,9.04
19900426,,,8.09,8.45,8.64,9.03,9.11,9.09,9.1,9.07,,9.04
19900425,,,8.06,8.4,8.57,8.95,9.01,9.0,9.03,9.01,,8.98
19900424,,,8.03,8.36,8.55,8.92,8.98,8.96,9.01,9.0,,8.98
19900423,,,8.0,8.31,8.5,8.87,8.91,8.92,8.97,8.98,,8.96
19900420,,,7.95,8.24,8.44,8.82,8.88,8.88,8.95,8.95,,8.93
19900419,,,8.06,8.28,8.46,8.81,8.86,8.84,8.88,8.87,,8.86
19900418,,,8.08,8.3,8.49,8.79,8.84,8.84,8.88,8.86,,8.85
19900417,,,8.03,8.23,8.38,8.7,8.75,8.73,8.78,8.77,,8.74
19900416,,,8.01,8.18,8.29,8.61,8.66,8.65,8.69,8.68,,8.64
19900412,,,8.02,8.2,8.29,8.57,8.63,8.62,8.65,8.64,,8.6
19900411,,,8.03,8.2,8.28,8.56,8.62,8.6,8.63,8.63,,8.58
19900410,,,8.05,8.21,8.29,8.54,8.59,8.58,8.65,8.6,,8.57
19900409,,,8.09,8.23,8.29,8.54,8.6,8.58,8.65,8.59,,8.55
19900406,,,8.02,8.16,8.26,8.52,8.58,8.55,8.61,8.56,,8.52
19900405,,,8.02,8.18,8.28,8.54,8.6,8.57,8.63,8.57,,8.52
19900404,,,8.01,8.17,8.27,8.54,8.59,8.56,8.62,8.55,,8.52
19900403,,,8.09,8.25,8.32,8.61,8.65,8.64,8.69,8.63,,8.61
19900402,,,8.05,8.23,8.34,8.62,8.67,8.65,8.69,8.65,,8.63
19900330,,,8.07,8.24,8.35,8.64,8.69,8.65,8.7,8.65,,8.63
19900329,,,8.1,8.28,8.36,8.62,8.65,8.6,8.66,8.6,,8.58
19900328,,,8.12,8.27,8.33,8.57,8.6,8.53,8.58,8.51,,8.47
19900327,,,8.17,8.3,8.35,8.59,8.6,8.55,8.59,8.52,,8.48
19900326,,,8.13,8.28,8.3,8.61,8.59,8.52,8.58,8.51,,8.47
19900323,,,8.15,8.26,8.29,8.61,8.59,8.54,8.59,8.52,,8.48
19900322,,,8.17,8.27,8.32,8.62,8.6,8.56,8.61,8.53,,8.49
19900321,,,8.23,8.34,8.39,8.69,8.66,8.62,8.63,8.55,,8.47
19900320,,,8.25,8.35,8.38,8.68,8.65,8.61,8.62,8.54,,8.47
19900319,,,8.22,8.32,8.38,8.68,8.66,8.65,8.66,8.59,,8.54
19900316,,,8.19,8.29,8.36,8.64,8.62,8.61,8.64,8.59,,8.55
19900315,,,8.21,8.32,8.41,8.71,8.7,8.69,8.73,8.66,,8.63
19900314,,,8.23,8.31,8.41,8.69,8.7,8.67,8.71,8.65,,8.61
19900313,,,8.26,8.34,8.48,8.77,8.77,8.75,8.78,8.73,,8.72
19900312,,,8.26,8.33,8.44,8.71,8.7,8.67,8.7,8.63,,8.62
19900309,,,8.26,8.33,8.46,8.73,8.71,8.68,8.71,8.65,,8.63
19900308,,,8.18,8.24,8.35,8.59,8.58,8.57,8.62,8.57,,8.56
19900307,,,8.18,8.22,8.29,8.54,8.55,8.56,8.63,8.58,,8.58
19900306,,,8.17,8.24,8.31,8.54,8.56,8.57,8.64,8.59,,8.59
19900305,,,8.09,8.27,8.31,8.55,8.59,8.58,8.69,8.65,,8.66
19900302,,,8.02,8.17,8.22,8.48,8.5,8.5,8.57,8.54,,8.55
19900301,,,8.08,8.19,8.21,8.53,8.53,8.53,8.62,8.59,,8.61
19900228,,,8.04,8.14,8.12,8.43,8.45,8.44,8.54,8.51,,8.54
19900227,,,7.99,8.1,8.06,8.34,8.34,8.34,8.43,8.41,,8.45
19900226,,,7.97,8.09,8.1,8.38,8.4,8.4,8.49,8.46,,8.49
19900223,,,7.93,8.09,8.11,8.43,8.45,8.47,8.56,8.53,,8.56
19900222,,,7.99,8.15,8.17,8.45,8.48,8.48,8.57,8.54,,8.56
19900221,,,8.01,8.19,8.22,8.5,8.52,8.6,8.63,8.62,,8.66
19900220,,,8.06,8.2,8.24,8.52,8.52,8.58,8.63,8.62,,8.66
19900216,,,7.94,8.07,8.09,8.36,8.34,8.41,8.43,8.42,,8.46
19900215,,,7.97,8.08,8.11,8.35,8.35,8.4,8.44,8.43,,8.47
19900214,,,7.87,8.0,8.03,8.27,8.27,8.34,8.36,8.36,,8.41
19900213,,,7.84,7.97,7.95,8.21,8.21,8.29,8.36,8.35,,8.39
19900212,,,7.99,8.11,8.06,8.32,8.32,8.37,8.41,8.4,,8.43
19900209,,,8.02,8.09,8.03,8.25,8.24,8.29,8.34,8.31,,8.36
19900208,,,8.08,8.18,8.13,8.37,8.39,8.45,8.48,8.49,,8.5
19900207,,,8.08,8.19,8.17,8.42,8.43,8.51,8.53,8.52,,8.57
19900206,,,8.09,8.17,8.15,8.42,8.43,8.49,8.52,8.57,,8.58
19900205,,,8.08,8.18,8.15,8.37,8.43,8.44,8.48,8.53,,8.53
19900202,,,8.07,8.17,8.13,8.37,8.43,8.42,8.46,8.5,,8.51
19900201,,,8.02,8.13,8.09,8.28,8.35,8.35,8.38,8.42,,8.44
19900131,,,8.0,8.13,8.08,8.28,8.36,8.35,8.39,8.43,,8.46
19900130,,,8.0,8.14,8.09,8.3,8.39,8.43,8.47,8.51,,8.55
19900129,,,8.0,8.09,8.08,8.3,8.39,8.39,8.45,8.5,,8.54
19900126,,,7.93,8.04,8.07,8.28,8.38,8.38,8.45,8.49,,8.55
19900125,,,7.95,8.01,8.03,8.24,8.32,8.31,8.39,8.42,,8.46
19900124,,,7.93,7.99,8.0,8.2,8.29,8.28,8.34,8.38,,8.41
19900123,,,7.93,7.97,7.97,8.18,8.2,8.18,8.23,8.26,,8.29
19900122,,,7.99,7.99,7.98,8.18,8.2,8.19,8.25,8.27,,8.31
19900119,,,8.0,8.01,8.0,8.2,8.23,8.2,8.24,8.26,,8.29
19900118,,,8.04,8.08,8.05,8.25,8.28,8.27,8.31,8.32,,8.35
19900117,,,7.97,7.97,7.91,8.09,8.11,8.11,8.17,8.19,,8.25
19900116,,,7.89,7.99,7.92,8.1,8.13,8.11,8.18,8.2,,8.25
19900112,,,7.74,7.81,7.76,7.93,7.98,7.99,8.07,8.1,,8.17
19900111,,,7.8,7.8,7.77,7.91,7.95,7.94,8.01,8.04,,8.11
19900110,,,7.75,7.78,7.77,7.91,7.95,7.92,8.0,8.03,,8.11
19900109,,,7.8,7.82,7.78,7.91,7.94,7.92,8.05,8.02,,8.1
19900108,,,7.79,7.88,7.81,7.9,7.95,7.92,8.05,8.02,,8.09
19900105,,,7.79,7.85,7.79,7.9,7.94,7.92,8.03,7.99,,8.06
19900104,,,7.84,7.9,7.82,7.92,7.93,7.91,8.02,7.98,,8.04
19900103,,,7.89,7.94,7.85,7.94,7.96,7.92,8.04,7.99,,8.04
19900102,,,7.83,7.89,7.81,7.87,7.9,7.87,7.98,7.94,,8.0
19911231,,,3.96,4.0,4.12,4.77,5.11,5.93,6.38,6.71,,7.41
19911230,,,3.97,4.02,4.14,4.8,5.14,5.97,6.44,6.76,,7.45
19911227,,,3.96,4.02,4.18,4.85,5.15,6.0,6.5,6.82,,7.52
19911226,,,3.92,4.06,4.19,4.85,5.17,6.0,6.51,6.85,,7.51
19911224,,,3.91,4.02,4.18,4.84,5.18,6.01,6.53,6.88,,7.53
19911223,,,3.87,4.01,4.13,4.79,5.17,6.0,6.51,6.88,,7.53
19911220,,,3.84,3.98,4.11,4.8,5.2,6.02,6.59,6.97,,7.59
19911219,,,4.15,4.29,4.39,5.05,5.4,6.19,6.73,7.11,,7.68
19911218,,,4.23,4.35,4.44,5.11,5.46,6.3,6.78,7.19,,7.76
19911217,,,4.22,4.32,4.38,5.02,5.39,6.24,6.75,7.18,,7.75
19911216,,,4.25,4.34,4.42,5.06,5.44,6.28,6.78,7.21,,7.77
19911213,,,4.26,4.33,4.43,5.09,5.46,6.3,6.79,7.22,,7.79
19911212,,,4.26,4.32,4.42,5.06,5.43,6.23,6.74,7.19,,7.77
19911211,,,4.26,4.32,4.46,5.04,5.44,6.26,6.76,7.22,,7.81
19911210,,,4.32,4.36,4.47,5.07,5.48,6.25,6.75,7.21,,7.79
19911209,,,4.28,4.33,4.44,5.09,5.48,6.23,6.75,7.22,,7.78
19911206,,,4.36,4.38,4.53,5.19,5.58,6.31,6.81,7.26,,7.78
19911205,,,4.43,4.48,4.6,5.22,5.6,6.3,6.78,7.21,,7.86
19911204,,,4.43,4.47,4.59,5.22,5.59,6.27,6.74,7.17,,7.84
19911203,,,4.48,4.53,4.64,5.29,5.67,6.39,6.86,7.28,,7.9
19911202,,,4.51,4.56,4.68,5.33,5.71,6.43,6.91,7.32,,7.92
19911129,,,4.47,4.57,4.69,5.38,5.76,6.48,6.99,7.38,,7.94
19911127,,,4.51,4.62,4.74,5.43,5.8,6.53,7.03,7.42,,7.97
19911126,,,4.52,4.63,4.75,5.45,5.81,6.53,7.04,7.42,,7.95
19911125,,,4.55,4.68,4.78,5.5,5.86,6.61,7.06,7.45,,7.99
19911122,,,4.55,4.67,4.75,5.49,5.82,6.56,7.02,7.44,,7.99
19911121,,,4.56,4.68,4.77,5.5,5.82,6.54,6.99,7.39,,7.96
19911120,,,4.62,4.73,4.83,5.52,5.84,6.56,7.01,7.38,,7.92
19911119,,,4.66,4.74,4.84,5.5,5.83,6.55,6.99,7.37,,7.9
19911118,,,4.71,4.82,4.89,5.55,5.88,6.57,6.98,7.33,,7.84
19911115,,,4.72,4.81,4.89,5.54,5.88,6.58,6.99,7.33,,7.84
19911114,,,4.76,4.86,4.95,5.6,5.93,6.62,7.02,7.35,,7.82
19911113,,,4.76,4.89,5.02,5.65,6.0,6.69,7.08,7.41,,7.88
19911112,,,4.77,4.89,4.98,5.65,5.97,6.65,7.05,7.37,,7.8
19911108,,,4.75,4.88,4.96,5.63,5.96,6.66,7.08,7.41,,7.88
19911107,,,4.76,4.88,4.96,5.62,5.95,6.65,7.08,7.43,,7.92
19911106,,,4.76,4.89,4.98,5.63,5.97,6.72,7.16,7.51,,8.01
19911105,,,4.9,5.01,5.07,5.7,6.04,6.79,7.21,7.56,,8.02
19911104,,,4.88,4.99,5.02,5.63,6.03,6.74,7.18,7.5,,7.95
19911101,,,4.89,4.98,5.03,5.65,6.02,6.71,7.16,7.48,,7.93
19911031,,,4.96,5.03,5.1,5.7,6.06,6.74,7.15,7.47,,7.91
19911030,,,4.98,5.07,5.13,5.73,6.12,6.77,7.18,7.48,,7.9
19911029,,,5.03,5.13,5.19,5.78,6.14,6.8,7.19,7.51,,7.91
19911028,,,5.09,5.2,5.29,5.88,6.24,6.91,7.32,7.65,,8.03
19911025,,,5.11,5.25,5.32,5.93,6.28,6.96,7.36,7.68,,8.05
19911024,,,5.12,5.25,5.32,5.93,6.25,6.91,7.33,7.65,,8.03
19911023,,,5.19,5.33,5.42,6.01,6.35,7.0,7.37,7.69,,8.09
19911022,,,5.21,5.35,5.44,6.02,6.33,6.99,7.35,7.67,,8.1
19911021,,,5.19,5.34,5.43,5.99,6.3,6.95,7.3,7.62,,8.06
19911018,,,5.18,5.28,5.39,5.95,6.24,6.88,7.22,7.53,,7.97
19911017,,,5.18,5.28,5.38,5.93,6.25,6.9,7.24,7.55,,8.0
19911016,,,5.12,5.22,5.27,5.86,6.17,6.79,7.15,7.45,,7.88
19911015,,,5.13,5.24,5.28,5.85,6.17,6.81,7.16,7.46,,7.87
19911011,,,5.14,5.23,5.33,5.91,6.22,6.84,7.19,7.49,,7.9
19911010,,,5.18,5.29,5.4,5.98,6.3,6.93,7.3,7.58,,7.98
19911009,,,5.16,5.28,5.36,5.93,6.23,6.87,7.24,7.51,,7.91
19911008,,,5.17,5.29,5.35,5.89,6.19,6.82,7.2,7.43,,7.82
19911007,,,5.18,5.3,5.35,5.93,6.2,6.81,7.18,7.4,,7.79
19911004,,,5.17,5.29,5.35,5.91,6.2,6.81,7.18,7.39,,7.79
19911003,,,5.19,5.33,5.39,5.98,6.25,6.88,7.26,7.47,,7.84
19911002,,,5.24,5.37,5.43,5.99,6.29,6.9,7.28,7.47,,7.83
19911001,,,5.25,5.35,5.42,5.99,6.26,6.9,7.27,7.45,,7.81
19910930,,,5.26,5.34,5.42,5.99,6.28,6.92,7.29,7.47,,7.82
19910927,,,5.28,5.36,5.43,6.02,6.31,6.95,7.31,7.49,,7.83
19910926,,,5.28,5.4,5.47,6.05,6.35,7.03,7.38,7.56,,7.89
19910925,,,5.33,5.45,5.53,6.12,6.42,7.06,7.4,7.58,,7.91
19910924,,,5.33,5.46,5.54,6.11,6.42,7.09,7.38,7.56,,7.89
19910923,,,5.37,5.47,5.54,6.17,6.42,7.09,7.38,7.55,,7.88
19910920,,,5.35,5.47,5.55,6.18,6.44,7.09,7.4,7.57,,7.89
19910919,,,5.36,5.48,5.59,6.2,6.47,7.1,7.43,7.61,,7.92
19910918,,,5.34,5.45,5.56,6.18,6.48,7.1,7.43,7.62,,7.92
19910917,,,5.35,5.46,5.56,6.18,6.5,7.1,7.43,7.62,,7.92
19910916,,,5.34,5.44,5.55,6.17,6.5,7.11,7.44,7.63,,7.93
19910913,,,5.31,5.42,5.53,6.18,6.51,7.13,7.48,7.66,,7.95
19910912,,,5.38,5.47,5.56,6.2,6.53,7.15,7.52,7.67,,7.96
19910911,,,5.42,5.5,5.61,6.23,6.58,7.21,7.56,7.74,,8.02
19910910,,,5.4,5.49,5.61,6.21,6.58,7.2,7.55,7.73,,8.01
19910909,,,5.44,5.53,5.61,6.23,6.58,7.2,7.56,7.73,,8.0
19910906,,,5.45,5.56,5.65,6.26,6.62,7.24,7.6,7.76,,8.02
19910905,,,5.48,5.61,5.71,6.31,6.67,7.32,7.67,7.83,,8.09
19910904,,,5.49,5.61,5.71,6.31,6.67,7.31,7.66,7.81,,8.06
19910903,,,5.51,5.61,5.72,6.33,6.67,7.32,7.66,7.81,,8.05
19910830,,,5.49,5.6,5.72,6.36,6.68,7.34,7.67,7.82,,8.06
19910829,,,5.43,5.53,5.65,6.25,6.59,7.24,7.58,7.74,,7.99
19910828,,,5.46,5.56,5.68,6.3,6.65,7.32,7.65,7.82,,8.06
19910827,,,5.55,5.68,5.8,6.41,6.76,7.42,7.74,7.89,,8.14
19910826,,,5.58,5.72,5.85,6.48,6.81,7.44,7.75,7.91,,8.15
19910823,,,5.56,5.71,5.82,6.46,6.78,7.39,7.71,7.88,,8.13
19910822,,,5.47,5.56,5.66,6.27,6.65,7.25,7.61,7.78,,8.05
19910821,,,5.44,5.52,5.63,6.27,6.65,7.27,7.63,7.8,,8.07
19910820,,,5.26,5.35,5.48,6.17,6.58,7.24,7.61,7.81,,8.09
19910819,,,5.27,5.43,5.52,6.24,6.63,7.31,7.65,7.83,,8.11
19910816,,,5.42,5.54,5.65,6.31,6.69,7.33,7.66,7.84,,8.09
19910815,,,5.46,5.59,5.67,6.33,6.73,7.37,7.68,7.84,,8.09
19910814,,,5.45,5.6,5.7,6.37,6.75,7.37,7.66,7.82,,8.08
19910813,,,5.45,5.64,5.8,6.48,6.84,7.46,7.76,7.91,,8.17
19910812,,,5.48,5.62,5.8,6.49,6.85,7.49,7.8,7.95,,8.21
19910809,,,5.48,5.62,5.8,6.49,6.86,7.51,7.82,7.98,,8.23
19910808,,,5.54,5.66,5.82,6.52,6.9,7.53,7.84,7.98,,8.22
19910807,,,5.55,5.69,5.85,6.54,6.9,7.51,7.8,7.93,,8.17
19910806,,,5.58,5.72,5.91,6.57,6.91,7.54,7.82,7.97,,8.18
19910805,,,5.68,5.84,6.04,6.69,7.05,7.62,7.89,8.04,,8.24
19910802,,,5.63,5.82,6.04,6.69,7.06,7.62,7.9,8.06,,8.25
19910801,,,5.72,5.94,6.23,6.84,7.22,7.78,8.05,8.2,,8.38
19910731,,,5.7,5.93,6.19,6.81,7.21,7.77,8.03,8.2,,8.36
19910730,,,5.73,5.95,6.23,6.84,7.27,7.81,8.06,8.21,,8.39
19910729,,,5.75,5.96,6.21,6.82,7.28,7.81,8.06,8.2,,8.39
19910726,,,5.76,5.96,6.24,6.85,7.3,7.82,8.06,8.2,,8.39
19910725,,,5.76,5.98,6.29,6.87,7.31,7.81,8.06,8.2,,8.38
19910724,,,5.75,5.97,6.28,6.88,7.33,7.86,8.1,8.24,,8.42
19910723,,,5.76,6.01,6.33,6.94,7.41,7.96,8.17,8.31,,8.5
19910722,,,5.76,6.02,6.31,6.91,7.39,7.92,8.15,8.28,,8.48
19910719,,,5.76,5.99,6.28,6.89,7.37,7.91,8.15,8.28,,8.48
19910718,,,5.77,6.01,6.34,6.91,7.42,7.95,8.17,8.31,,8.5
19910717,,,5.79,6.03,6.35,6.94,7.39,7.94,8.17,8.3,,8.49
19910716,,,5.76,5.99,6.32,6.9,7.35,7.91,8.14,8.27,,8.46
19910715,,,5.75,5.96,6.29,6.88,7.37,7.9,8.13,8.26,,8.44
19910712,,,5.72,5.94,6.26,6.88,7.36,7.9,8.13,8.26,,8.44
19910711,,,5.74,5.96,6.27,6.92,7.42,7.95,8.17,8.3,,8.47
19910710,,,5.75,5.96,6.28,6.97,7.47,8.0,8.23,8.35,,8.53
19910709,,,5.76,5.97,6.31,7.0,7.46,8.02,8.27,8.36,,8.53
19910708,,,5.75,5.94,6.36,7.0,7.48,8.0,8.25,8.34,,8.51
19910705,,,5.76,5.97,6.4,7.04,7.48,8.01,8.23,8.34,,8.49
19910703,,,5.73,5.96,6.39,6.97,7.4,7.92,8.15,8.26,,8.42
19910702,,,5.75,5.99,6.41,7.0,7.41,7.95,8.18,8.27,,8.44
19910701,,,5.76,5.99,6.38,6.97,7.39,7.93,8.17,8.26,,8.44
19910628,,,5.71,5.95,6.32,6.9,7.33,7.9,8.14,8.24,,8.42
19910627,,,5.73,6.0,6.35,7.0,7.43,7.97,8.21,8.32,,8.49
19910626,,,5.73,6.02,6.38,7.01,7.46,7.98,8.23,8.33,,8.51
19910625,,,5.75,6.03,6.39,7.04,7.45,7.99,8.22,8.33,,8.51
19910624,,,5.75,6.04,6.38,6.96,7.45,7.98,8.21,8.33,,8.51
19910621,,,5.75,6.02,6.37,6.94,7.41,7.95,8.2,8.32,,8.51
19910620,,,5.74,6.0,6.34,6.87,7.36,7.91,8.17,8.3,,8.48
19910619,,,5.74,6.02,6.37,6.95,7.41,7.97,8.21,8.33,,8.52
19910618,,,5.8,6.06,6.41,7.0,7.45,7.97,8.2,8.32,,8.52
19910617,,,5.78,6.08,6.38,7.02,7.43,7.96,8.19,8.3,,8.49
19910614,,,5.77,6.05,6.37,7.02,7.43,7.94,8.17,8.29,,8.47
19910613,,,5.76,6.08,6.4,7.08,7.47,8.0,8.24,8.34,,8.53
19910612,,,5.73,6.07,6.43,7.08,7.48,8.02,8.25,8.36,,8.55
19910611,,,5.74,6.05,6.39,6.99,7.42,7.96,8.19,8.29,,8.48
19910610,,,5.77,6.04,6.4,7.01,7.42,7.95,8.19,8.29,,8.48
19910607,,,5.74,6.01,6.39,6.98,7.43,7.96,8.18,8.29,,8.48
19910606,,,5.74,5.98,6.29,6.86,7.31,7.89,8.12,8.23,,8.42
19910605,,,5.76,6.0,6.28,6.83,7.26,7.84,8.07,8.19,,8.39
19910604,,,5.74,5.98,6.26,6.79,7.22,7.8,8.02,8.14,,8.34
19910603,,,5.79,6.0,6.27,6.79,7.21,7.8,8.01,8.14,,8.34
19910531,,,5.71,5.94,6.16,6.68,7.1,7.69,7.92,8.06,,8.26
19910530,,,5.62,5.87,6.13,6.6,7.03,7.63,7.89,8.02,,8.22
19910529,,,5.62,5.87,6.11,6.61,7.06,7.66,7.92,8.07,,8.29
19910528,,,5.59,5.87,6.12,6.66,7.07,7.66,7.93,8.07,,8.28
19910524,,,5.57,5.88,6.11,6.69,7.1,7.68,7.97,8.1,,8.31
19910523,,,5.57,5.88,6.13,6.74,7.1,7.71,7.96,8.1,,8.31
19910522,,,5.63,5.91,6.15,6.77,7.1,7.72,7.95,8.06,,8.28
19910521,,,5.67,5.92,6.18,6.84,7.13,7.74,7.95,8.06,,8.26
19910520,,,5.63,5.88,6.2,6.86,7.16,7.78,7.98,8.1,,8.3
19910517,,,5.57,5.83,6.16,6.86,7.14,7.77,7.98,8.08,,8.28
19910516,,,5.57,5.84,6.15,6.84,7.12,7.77,7.99,8.12,,8.33
19910515,,,5.62,5.86,6.13,6.84,7.12,7.77,8.02,8.13,,8.34
19910514,,,5.66,5.88,6.12,6.86,7.13,7.78,8.02,8.14,,8.36
19910513,,,5.65,5.86,6.11,6.84,7.13,7.72,7.96,8.07,,8.27
19910510,,,5.65,5.88,6.13,6.87,7.17,7.76,8.0,8.12,,8.33
19910509,,,5.65,5.89,6.13,6.84,7.12,7.68,7.92,8.02,,8.21
19910508,,,5.67,5.9,6.14,6.84,7.12,7.68,7.92,8.04,,8.24
19910507,,,5.67,5.91,6.15,6.82,7.1,7.67,7.92,8.06,,8.24
19910506,,,5.64,5.85,6.11,6.82,7.16,7.67,7.91,8.05,,8.23
19910503,,,5.64,5.83,6.1,6.8,7.16,7.67,7.91,8.04,,8.22
19910502,,,5.63,5.82,6.06,6.76,7.11,7.59,7.84,7.97,,8.14
19910501,,,5.71,5.84,6.09,6.8,7.14,7.63,7.87,8.01,,8.18
19910430,,,5.68,5.83,6.06,6.8,7.15,7.63,7.88,8.02,,8.2
19910429,,,5.77,5.98,6.22,6.9,7.22,7.7,7.93,8.07,,8.23
19910426,,,5.79,5.99,6.21,6.89,7.23,7.68,7.93,8.06,,8.22
19910425,,,5.78,5.96,6.19,6.93,7.22,7.7,7.95,8.07,,8.24
19910424,,,5.84,5.99,6.23,6.95,7.25,7.73,7.93,8.06,,8.22
19910423,,,5.89,6.03,6.28,7.05,7.28,7.78,7.99,8.12,,8.28
19910422,,,5.87,6.01,6.32,7.07,7.29,7.83,8.02,8.15,,8.3
19910419,,,5.93,6.04,6.31,7.03,7.27,7.8,7.99,8.1,,8.24
19910418,,,5.84,5.98,6.34,6.99,7.24,7.74,7.92,8.02,,8.18
19910417,,,5.73,5.89,6.2,6.9,7.17,7.64,7.83,7.95,,8.11
19910416,,,5.79,5.95,6.23,6.92,7.2,7.66,7.85,7.97,,8.13
19910415,,,5.77,5.96,6.22,6.9,7.17,7.64,7.84,7.95,,8.12
19910412,,,5.68,5.89,6.14,6.88,7.18,7.64,7.86,7.98,,8.16
19910411,,,5.74,5.91,6.23,6.95,7.25,7.74,7.97,8.09,,8.27
19910410,,,5.79,5.97,6.28,7.02,7.31,7.75,7.98,8.1,,8.27
19910409,,,5.79,5.95,6.23,6.94,7.23,7.68,7.93,8.03,,8.2
19910408,,,5.83,5.97,6.21,6.91,7.21,7.63,7.88,7.98,,8.16
19910405,,,5.89,6.01,6.24,6.92,7.2,7.65,7.89,7.99,,8.18
19910404,,,5.92,6.03,6.24,6.94,7.22,7.67,7.9,8.0,,8.19
19910403,,,5.95,6.06,6.28,6.99,7.27,7.71,7.94,8.05,,8.24
19910402,,,5.95,6.05,6.26,6.97,7.24,7.68,7.92,8.03,,8.22
19910401,,,5.94,6.04,6.27,7.01,7.3,7.74,7.97,8.07,,8.25
19910328,,,5.92,6.05,6.28,7.02,7.3,7.73,7.96,8.05,,8.24
19910327,,,5.99,6.08,6.33,7.07,7.36,7.76,7.99,8.08,,8.26
19910326,,,6.05,6.14,6.39,7.16,7.4,7.84,8.04,8.13,,8.31
19910325,,,6.07,6.17,6.35,7.14,7.39,7.83,8.03,8.13,,8.32
19910322,,,6.06,6.16,6.37,7.13,7.39,7.82,8.03,8.13,,8.33
19910321,,,6.06,6.15,6.39,7.13,7.4,7.82,8.04,8.16,,8.34
19910320,,,6.07,6.18,6.44,7.2,7.46,7.88,8.09,8.2,,8.37
19910319,,,6.08,6.23,6.48,7.22,7.48,7.93,8.14,8.25,,8.42
19910318,,,6.03,6.13,6.36,7.09,7.35,7.79,8.04,8.15,,8.34
19910315,,,5.98,6.1,6.3,7.01,7.26,7.73,7.98,8.1,,8.3
19910314,,,5.94,6.04,6.26,6.95,7.19,7.64,7.9,8.02,,8.2
19910313,,,6.02,6.12,6.3,7.0,7.23,7.67,7.91,8.02,,8.2
19910312,,,6.05,6.19,6.38,7.07,7.33,7.74,7.98,8.09,,8.26
19910311,,,6.08,6.21,6.37,7.05,7.3,7.71,7.94,8.06,,8.23
19910308,,,6.16,6.25,6.41,7.08,7.35,7.77,8.01,8.13,,8.3
19910307,,,6.27,6.36,6.5,7.12,7.34,7.73,7.97,8.07,,8.23
19910306,,,6.28,6.35,6.5,7.15,7.38,7.77,8.01,8.11,,8.29
19910305,,,6.25,6.32,6.48,7.13,7.35,7.73,7.98,8.08,,8.25
19910304,,,6.24,6.36,6.51,7.16,7.4,7.77,8.01,8.12,,8.29
19910301,,,6.27,6.38,6.52,7.18,7.41,7.78,8.0,8.12,,8.28
19910228,,,6.22,6.32,6.41,7.04,7.26,7.66,7.89,8.02,,8.19
19910227,,,6.21,6.28,6.36,7.02,7.25,7.64,7.87,7.98,,8.15
19910226,,,6.22,6.3,6.37,7.0,7.24,7.62,7.85,7.96,,8.14
19910225,,,6.16,6.25,6.33,6.99,7.2,7.57,7.79,7.91,,8.05
19910222,,,6.12,6.23,6.33,6.98,7.21,7.57,7.82,7.91,,8.07
19910221,,,6.09,6.17,6.29,6.9,7.13,7.51,7.77,7.88,,8.04
19910220,,,6.11,6.19,6.28,6.87,7.08,7.49,7.73,7.84,,8.02
19910219,,,6.13,6.2,6.3,6.87,7.07,7.46,7.7,7.8,,7.99
19910215,,,6.08,6.16,6.24,6.82,7.02,7.41,7.67,7.78,,7.97
19910214,,,6.02,6.1,6.19,6.77,6.98,7.38,7.67,7.8,,7.99
19910213,,,6.03,6.13,6.21,6.78,6.98,7.39,7.66,7.78,,7.97
19910212,,,6.02,6.13,6.18,6.78,6.97,7.39,7.66,7.78,,7.96
19910211,,,6.05,6.13,6.18,6.78,6.95,7.39,7.65,7.78,,7.97
19910208,,,6.09,6.15,6.21,6.8,6.99,7.4,7.66,7.77,,7.95
19910207,,,6.11,6.15,6.23,6.8,7.0,7.42,7.7,7.82,,8.01
19910206,,,6.08,6.14,6.22,6.82,6.99,7.4,7.68,7.79,,8.02
19910205,,,6.15,6.2,6.23,6.8,6.98,7.4,7.68,7.85,,8.02
19910204,,,6.15,6.23,6.24,6.82,7.07,7.43,7.72,7.88,,8.05
19910201,,,6.17,6.24,6.27,6.83,7.1,7.45,7.75,7.91,,8.09
19910131,,,6.37,6.49,6.51,7.05,7.3,7.62,7.89,8.03,,8.21
19910130,,,6.39,6.53,6.56,7.07,7.34,7.64,7.9,8.05,,8.23
19910129,,,6.41,6.55,6.59,7.1,7.35,7.64,7.9,8.03,,8.2
19910128,,,6.44,6.55,6.64,7.12,7.38,7.67,7.93,8.06,,8.23
19910125,,,6.35,6.52,6.61,7.1,7.36,7.67,7.93,8.06,,8.24
19910124,,,6.31,6.47,6.54,7.04,7.32,7.61,7.88,8.0,,8.18
19910123,,,6.32,6.49,6.59,7.08,7.36,7.67,7.91,8.04,,8.21
19910122,,,6.24,6.48,6.59,7.13,7.37,7.7,7.94,8.07,,8.23
19910118,,,6.24,6.51,6.61,7.14,7.38,7.68,7.92,8.03,,8.17
19910117,,,6.3,6.56,6.66,7.19,7.42,7.71,7.93,8.05,,8.18
19910116,,,6.22,6.46,6.61,7.21,7.47,7.83,8.09,8.24,,8.4
19910115,,,6.23,6.44,6.6,7.16,7.43,7.79,8.07,8.22,,8.41
19910114,,,6.24,6.47,6.6,7.18,7.44,7.82,8.09,8.23,,8.41
19910111,,,6.34,6.55,6.62,7.14,7.4,7.79,8.06,8.2,,8.39
19910110,,,6.4,6.57,6.64,7.14,7.39,7.76,8.02,8.16,,8.37
19910109,,,6.44,6.61,6.68,7.1,7.46,7.81,8.12,8.25,,8.46
19910108,,,6.64,6.74,6.75,7.15,7.39,7.74,8.06,8.16,,8.37
19910107,,,6.71,6.84,6.84,7.2,7.43,7.75,8.04,8.13,,8.32
19910104,,,6.73,6.82,6.83,7.17,7.37,7.65,7.94,8.02,,8.2
19910103,,,6.64,6.71,6.72,7.08,7.27,7.56,7.86,7.93,,8.11
19910102,,,6.66,6.73,6.74,7.08,7.3,7.59,7.9,7.97,,8.14
19921231,,,3.15,3.38,3.61,4.56,5.12,6.04,6.43,6.7,,7.4
19921230,,,3.19,3.39,3.57,4.54,5.07,5.98,6.39,6.68,,7.39
19921229,,,3.27,3.45,3.64,4.61,5.15,6.04,6.42,6.69,,7.37
19921228,,,3.3,3.48,3.64,4.64,5.17,6.06,6.43,6.72,,7.4
19921224,,,3.23,3.41,3.63,4.6,5.13,6.02,6.4,6.69,,7.36
19921223,,,3.25,3.41,3.63,4.63,5.14,6.01,6.39,6.68,,7.36
19921222,,,3.27,3.41,3.63,4.64,5.12,6.02,6.36,6.65,,7.34
19921221,,,3.25,3.43,3.68,4.64,5.18,6.05,6.41,6.71,,7.38
19921218,,,3.23,3.43,3.69,4.66,5.2,6.07,6.44,6.76,,7.43
19921217,,,3.27,3.48,3.73,4.69,5.21,6.08,6.45,6.77,,7.43
19921216,,,3.28,3.46,3.73,4.67,5.21,6.06,6.44,6.77,,7.44
19921215,,,3.29,3.5,3.78,4.77,5.29,6.12,6.5,6.83,,7.45
19921214,,,3.33,3.54,3.85,4.8,5.34,6.15,6.52,6.83,,7.45
19921211,,,3.32,3.51,3.82,4.78,5.29,6.1,6.48,6.8,,7.44
19921210,,,3.29,3.47,3.72,4.67,5.19,6.04,6.42,6.77,,7.42
19921209,,,3.3,3.44,3.69,4.61,5.16,6.01,6.41,6.76,,7.44
19921208,,,3.33,3.44,3.66,4.59,5.13,5.99,6.39,6.73,,7.44
19921207,,,3.35,3.47,3.69,4.62,5.19,6.05,6.45,6.78,,7.45
19921204,,,3.32,3.48,3.73,4.7,5.27,6.11,6.51,6.84,,7.5
19921203,,,3.37,3.56,3.83,4.78,5.36,6.2,6.59,6.91,,7.57
19921202,,,3.42,3.58,3.84,4.81,5.39,6.23,6.61,6.93,,7.57
19921201,,,3.4,3.59,3.86,4.81,5.39,6.24,6.61,6.94,,7.57
19921130,,,3.38,3.58,3.83,4.79,5.36,6.23,6.61,6.95,,7.59
19921127,,,3.33,3.56,3.81,4.77,5.36,6.22,6.6,6.93,,7.59
19921125,,,3.31,3.54,3.75,4.7,5.23,6.12,6.5,6.84,,7.54
19921124,,,3.29,3.51,3.69,4.61,5.16,6.04,6.45,6.82,,7.53
19921123,,,3.34,3.55,3.77,4.69,5.22,6.1,6.51,6.86,,7.56
19921120,,,3.28,3.51,3.77,4.66,5.2,6.08,6.48,6.84,,7.54
19921119,,,3.22,3.46,3.72,4.59,5.12,6.0,6.44,6.81,,7.54
19921118,,,3.22,3.45,3.68,4.58,5.11,5.97,6.41,6.78,,7.51
19921117,,,3.24,3.48,3.73,4.67,5.21,6.08,6.51,6.86,,7.55
19921116,,,3.22,3.47,3.77,4.68,5.21,6.11,6.54,6.9,,7.56
19921113,,,3.15,3.42,3.68,4.54,5.09,5.99,6.44,6.82,,7.57
19921112,,,3.13,3.38,3.59,4.44,5.0,5.89,6.38,6.79,,7.57
19921110,,,3.15,3.38,3.62,4.5,5.1,6.01,6.5,6.91,,7.68
19921109,,,3.17,3.4,3.66,4.57,5.16,6.09,6.59,7.0,,7.75
19921106,,,3.13,3.37,3.6,4.48,5.07,6.02,6.54,6.97,,7.76
19921105,,,3.08,3.3,3.54,4.39,4.96,5.93,6.44,6.87,,7.69
19921104,,,3.09,3.32,3.56,4.44,5.01,5.94,6.46,6.89,,7.69
19921103,,,3.1,3.32,3.57,4.44,5.03,5.94,6.45,6.87,,7.65
19921102,,,3.08,3.35,3.62,4.47,5.07,5.96,6.46,6.88,,7.66
19921030,,,3.03,3.29,3.54,4.4,4.98,5.9,6.36,6.8,,7.63
19921029,,,3.02,3.27,3.48,4.33,4.87,5.79,6.27,6.71,,7.6
19921028,,,3.0,3.27,3.45,4.33,4.89,5.83,6.33,6.76,,7.64
19921027,,,3.0,3.29,3.48,4.32,4.9,5.82,6.34,6.78,,7.62
19921026,,,3.02,3.3,3.55,4.39,5.0,5.92,6.42,6.83,,7.66
19921023,,,3.0,3.3,3.52,4.37,4.98,5.91,6.41,6.83,,7.65
19921022,,,2.98,3.25,3.45,4.24,4.86,5.79,6.32,6.74,,7.61
19921021,,,2.99,3.25,3.47,4.29,4.91,5.82,6.35,6.8,,7.63
19921020,,,3.09,3.34,3.56,4.34,4.97,5.9,6.44,6.86,,7.65
19921019,,,3.04,3.23,3.41,4.15,4.74,5.71,6.23,6.69,,7.57
19921016,,,2.97,3.13,3.3,4.04,4.6,5.57,6.12,6.6,,7.54
19921015,,,2.98,3.11,3.27,4.02,4.56,5.52,6.08,6.53,,7.51
19921014,,,2.99,3.1,3.26,4.02,4.54,5.51,6.07,6.51,,7.5
19921013,,,2.95,3.06,3.22,3.99,4.52,5.49,6.07,6.51,,7.53
19921009,,,2.89,3.03,3.19,4.0,4.5,5.5,6.08,6.52,,7.52
19921008,,,2.85,2.97,3.08,3.83,4.36,5.37,5.99,6.41,,7.45
19921007,,,2.89,3.0,3.15,3.88,4.42,5.43,6.03,6.46,,7.48
19921006,,,2.79,2.92,3.05,3.74,4.24,5.25,5.89,6.3,,7.41
19921005,,,2.75,2.87,2.98,3.68,4.18,5.18,5.81,6.24,,7.34
19921002,,,2.69,2.87,2.98,3.71,4.2,5.22,5.84,6.26,,7.33
19921001,,,2.67,2.83,2.96,3.67,4.18,5.18,5.8,6.23,,7.3
19920930,,,2.75,2.92,3.06,3.8,4.34,5.33,5.94,6.37,,7.38
19920929,,,2.79,2.93,3.06,3.8,4.31,5.31,5.92,6.37,,7.36
19920928,,,2.79,2.93,3.04,3.77,4.29,5.28,5.91,6.37,,7.34
19920925,,,2.86,2.92,3.04,3.78,4.31,5.33,5.96,6.41,,7.35
19920924,,,2.95,3.01,3.17,3.91,4.45,5.47,6.06,6.48,,7.42
19920923,,,2.98,3.06,3.21,3.97,4.52,5.54,6.13,6.54,,7.48
19920922,,,2.98,3.04,3.2,3.98,4.49,5.52,6.07,6.5,,7.45
19920921,,,2.97,3.0,3.16,3.91,4.45,5.46,5.99,6.42,,7.35
19920918,,,2.94,2.99,3.13,3.86,4.4,5.41,5.97,6.41,,7.32
19920917,,,2.94,3.0,3.14,3.86,4.4,5.41,5.95,6.4,,7.34
19920916,,,2.96,3.01,3.17,3.87,4.42,5.4,5.95,6.41,,7.35
19920915,,,2.98,3.02,3.2,3.89,4.43,5.37,5.94,6.4,,7.33
19920914,,,2.95,2.99,3.13,3.8,4.33,5.28,5.86,6.32,,7.26
19920911,,,2.98,3.04,3.19,3.87,4.39,5.33,5.91,6.37,,7.3
19920910,,,2.97,3.02,3.17,3.83,4.34,5.26,5.84,6.31,,7.24
19920909,,,2.97,3.02,3.17,3.85,4.34,5.25,5.83,6.31,,7.25
19920908,,,2.96,3.01,3.14,3.83,4.31,5.21,5.8,6.29,,7.23
19920904,,,2.98,3.05,3.18,3.89,4.38,5.3,5.9,6.4,,7.29
19920903,,,3.21,3.29,3.43,4.09,4.59,5.5,6.07,6.54,,7.37
19920902,,,3.21,3.31,3.43,4.1,4.59,5.5,6.07,6.54,,7.37
19920901,,,3.22,3.32,3.45,4.12,4.64,5.52,6.11,6.56,,7.38
19920831,,,3.23,3.35,3.47,4.15,4.69,5.6,6.17,6.62,,7.42
19920828,,,3.23,3.34,3.47,4.16,4.72,5.6,6.18,6.63,,7.42
19920827,,,3.23,3.34,3.48,4.23,4.76,5.65,6.2,6.64,,7.42
19920826,,,3.23,3.34,3.5,4.26,4.81,5.7,6.25,6.68,,7.43
19920825,,,3.24,3.36,3.57,4.32,4.86,5.76,6.29,6.73,,7.47
19920824,,,3.23,3.36,3.57,4.27,4.8,5.72,6.25,6.68,,7.44
19920821,,,3.14,3.28,3.46,4.13,4.63,5.54,6.08,6.53,,7.36
19920820,,,3.15,3.25,3.4,4.04,4.54,5.42,5.98,6.46,,7.32
19920819,,,3.15,3.24,3.38,4.06,4.55,5.43,5.99,6.47,,7.33
19920818,,,3.14,3.22,3.36,4.04,4.56,5.44,6.0,6.48,,7.33
19920817,,,3.16,3.27,3.41,4.13,4.66,5.55,6.09,6.56,,7.37
19920814,,,3.13,3.26,3.4,4.14,4.67,5.54,6.06,6.53,,7.33
19920813,,,3.16,3.28,3.43,4.19,4.72,5.57,6.09,6.55,,7.36
19920812,,,3.19,3.3,3.45,4.19,4.71,5.54,6.02,6.48,,7.33
19920811,,,3.2,3.3,3.43,4.15,4.66,5.5,5.99,6.5,,7.33
19920810,,,3.2,3.3,3.42,4.12,4.67,5.5,6.01,6.52,,7.37
19920807,,,3.21,3.29,3.44,4.18,4.71,5.56,6.08,6.57,,7.4
19920806,,,3.23,3.35,3.54,4.29,4.82,5.67,6.18,6.65,,7.45
19920805,,,3.24,3.36,3.55,4.29,4.83,5.69,6.17,6.64,,7.43
19920804,,,3.24,3.36,3.57,4.31,4.88,5.72,6.2,6.66,,7.43
19920803,,,3.25,3.38,3.61,4.4,4.97,5.82,6.28,6.72,,7.46
19920731,,,3.25,3.38,3.62,4.42,4.97,5.84,6.27,6.72,,7.46
19920730,,,3.25,3.36,3.58,4.33,4.88,5.76,6.24,6.69,,7.46
19920729,,,3.25,3.36,3.54,4.25,4.76,5.62,6.09,6.6,,7.43
19920728,,,3.26,3.36,3.55,4.27,4.75,5.63,6.11,6.63,,7.44
19920727,,,3.26,3.38,3.58,4.27,4.78,5.66,6.16,6.69,,7.53
19920724,,,3.23,3.34,3.55,4.25,4.77,5.66,6.2,6.73,,7.57
19920723,,,3.23,3.33,3.52,4.2,4.71,5.62,6.18,6.72,,7.54
19920722,,,3.24,3.34,3.53,4.29,4.81,5.77,6.32,6.85,,7.62
19920721,,,3.26,3.36,3.55,4.34,4.87,5.82,6.37,6.89,,7.67
19920720,,,3.26,3.35,3.51,4.3,4.84,5.82,6.38,6.9,,7.66
19920717,,,3.23,3.32,3.5,4.27,4.83,5.82,6.38,6.9,,7.68
19920716,,,3.24,3.32,3.49,4.25,4.8,5.8,6.35,6.87,,7.62
19920715,,,3.25,3.33,3.48,4.25,4.82,5.8,6.37,6.9,,7.64
19920714,,,3.28,3.38,3.57,4.32,4.91,5.9,6.45,6.97,,7.69
19920713,,,3.29,3.4,3.62,4.4,4.97,5.94,6.46,6.97,,7.67
19920710,,,3.29,3.37,3.62,4.38,4.95,5.92,6.43,6.93,,7.64
19920709,,,3.28,3.37,3.63,4.4,4.97,5.93,6.45,6.91,,7.61
19920708,,,3.29,3.39,3.63,4.4,4.98,5.93,6.45,6.91,,7.61
19920707,,,3.28,3.38,3.63,4.4,4.98,5.91,6.45,6.87,,7.61
19920706,,,3.29,3.41,3.67,4.46,5.06,5.97,6.49,6.9,,7.62
19920702,,,3.31,3.45,3.7,4.55,5.15,6.02,6.53,6.93,,7.63
19920701,,,3.63,3.75,4.04,4.82,5.38,6.27,6.73,7.1,,7.76
19920630,,,3.65,3.77,4.05,4.83,5.39,6.29,6.76,7.14,,7.79
19920629,,,3.66,3.77,4.04,4.83,5.38,6.29,6.74,7.12,,7.78
19920626,,,3.71,3.83,4.11,4.88,5.42,6.33,6.78,7.15,,7.79
19920625,,,3.71,3.82,4.09,4.89,5.41,6.32,6.75,7.14,,7.78
19920624,,,3.72,3.85,4.11,4.96,5.47,6.39,6.83,7.2,,7.83
19920623,,,3.77,3.93,4.22,5.1,5.58,6.5,6.88,7.25,,7.85
19920622,,,3.75,3.88,4.15,4.99,5.55,6.45,6.86,7.24,,7.84
19920619,,,3.74,3.89,4.17,5.0,5.54,6.45,6.87,7.24,,7.83
19920618,,,3.69,3.82,4.08,4.94,5.5,6.39,6.81,7.19,,7.8
19920617,,,3.7,3.83,4.1,5.0,5.55,6.44,6.86,7.23,,7.82
19920616,,,3.72,3.86,4.12,5.02,5.56,6.44,6.88,7.24,,7.84
19920615,,,3.75,3.88,4.13,5.05,5.6,6.49,6.93,7.28,,7.85
19920612,,,3.75,3.88,4.14,5.06,5.61,6.49,6.94,7.29,,7.85
19920611,,,3.75,3.92,4.18,5.09,5.67,6.56,6.98,7.33,,7.88
19920610,,,3.77,3.95,4.2,5.13,5.69,6.59,7.01,7.35,,7.9
19920609,,,3.77,3.94,4.2,5.11,5.69,6.59,6.99,7.33,,7.88
19920608,,,3.78,3.95,4.2,5.11,5.69,6.56,6.97,7.31,,7.84
19920605,,,3.77,3.94,4.21,5.13,5.7,6.55,6.96,7.31,,7.84
19920604,,,3.78,3.98,4.26,5.22,5.76,6.6,7.01,7.34,,7.88
19920603,,,3.8,3.99,4.27,5.2,5.76,6.6,7.01,7.34,,7.88
19920602,,,3.83,4.0,4.3,5.23,5.78,6.61,7.02,7.35,,7.87
19920601,,,3.82,4.01,4.32,5.29,5.84,6.69,7.06,7.39,,7.9
19920529,,,3.79,3.96,4.24,5.19,5.75,6.61,7.0,7.33,,7.84
19920528,,,3.77,3.95,4.24,5.22,5.79,6.67,7.04,7.36,,7.87
19920527,,,3.79,3.98,4.27,5.28,5.86,6.74,7.11,7.44,,7.91
19920526,,,3.84,4.02,4.32,5.35,5.91,6.79,7.14,7.46,,7.92
19920522,,,3.77,3.91,4.19,5.24,5.81,6.69,7.05,7.35,,7.83
19920521,,,3.76,3.93,4.25,5.34,5.89,6.77,7.1,7.39,,7.86
19920520,,,3.65,3.79,4.08,5.13,5.66,6.55,6.93,7.25,,7.79
19920519,,,3.62,3.74,4.0,5.0,5.59,6.47,6.86,7.2,,7.77
19920518,,,3.69,3.83,4.08,5.12,5.69,6.59,6.96,7.28,,7.82
19920515,,,3.66,3.8,4.08,5.11,5.7,6.6,6.96,7.28,,7.81
19920514,,,3.65,3.82,4.09,5.13,5.72,6.63,7.0,7.34,,7.87
19920513,,,3.67,3.81,4.09,5.14,5.72,6.64,7.0,7.34,,7.85
19920512,,,3.7,3.84,4.15,5.19,5.78,6.66,7.02,7.36,,7.86
19920511,,,3.74,3.87,4.18,5.24,5.82,6.71,7.07,7.4,,7.9
19920508,,,3.72,3.88,4.22,5.29,5.88,6.73,7.09,7.41,,7.9
19920507,,,3.71,3.9,4.26,5.34,5.96,6.8,7.16,7.49,,8.0
19920506,,,3.7,3.88,4.22,5.25,5.9,6.76,7.15,7.46,,7.97
19920505,,,3.72,3.92,4.27,5.3,5.92,6.8,7.18,7.56,,8.01
19920504,,,3.71,3.91,4.28,5.32,5.95,6.82,7.21,7.58,,8.03
19920501,,,3.72,3.89,4.28,5.33,5.97,6.82,7.2,7.56,,8.01
19920430,,,3.79,3.97,4.4,5.46,6.05,6.91,7.26,7.61,,8.06
19920429,,,3.8,3.96,4.34,5.39,6.01,6.88,7.26,7.6,,8.08
19920428,,,3.8,3.97,4.34,5.4,6.03,6.87,7.23,7.57,,8.06
19920427,,,3.82,4.0,4.36,5.42,6.04,6.9,7.25,7.6,,8.1
19920424,,,3.76,3.94,4.27,5.33,5.99,6.85,7.21,7.55,,8.06
19920423,,,3.76,3.97,4.35,5.41,6.05,6.91,7.25,7.59,,8.06
19920422,,,3.77,3.98,4.33,5.41,6.01,6.89,7.23,7.57,,8.04
19920421,,,3.77,3.98,4.33,5.41,6.01,6.89,7.24,7.58,,8.03
19920420,,,3.79,4.01,4.34,5.45,6.03,6.9,7.25,7.59,,8.02
19920416,,,3.73,3.9,4.23,5.34,5.9,6.76,7.11,7.45,,7.93
19920415,,,3.7,3.84,4.14,5.22,5.77,6.66,7.02,7.37,,7.87
19920414,,,3.7,3.85,4.1,5.15,5.71,6.6,6.99,7.35,,7.88
19920413,,,3.7,3.85,4.08,5.11,5.69,6.58,6.98,7.33,,7.86
19920410,,,3.74,3.88,4.12,5.16,5.72,6.62,7.03,7.37,,7.89
19920409,,,3.75,3.87,4.08,5.09,5.65,6.59,7.02,7.35,,7.85
19920408,,,3.96,4.1,4.32,5.33,5.87,6.76,7.14,7.44,,7.94
19920407,,,3.96,4.12,4.35,5.34,5.89,6.73,7.12,7.41,,7.9
19920406,,,4.03,4.17,4.39,5.36,5.91,6.74,7.12,7.41,,7.88
19920403,,,4.06,4.17,4.4,5.37,5.93,6.76,7.13,7.42,,7.88
19920402,,,4.12,4.27,4.53,5.55,6.1,6.85,7.2,7.47,,7.92
19920401,,,4.11,4.26,4.48,5.53,6.07,6.82,7.17,7.46,,7.9
19920331,,,4.15,4.32,4.54,5.6,6.17,6.94,7.25,7.54,,7.96
19920330,,,4.16,4.33,4.56,5.61,6.19,6.93,7.25,7.54,,7.95
19920327,,,4.11,4.29,4.6,5.68,6.22,6.97,7.27,7.54,,7.94
19920326,,,4.11,4.3,4.6,5.69,6.23,6.98,7.29,7.57,,7.99
19920325,,,4.11,4.31,4.62,5.72,6.22,6.96,7.25,7.53,,7.94
19920324,,,4.15,4.34,4.66,5.78,6.26,7.0,7.27,7.53,,7.94
19920323,,,4.17,4.41,4.74,5.87,6.37,7.1,7.37,7.62,,8.04
19920320,,,4.16,4.4,4.74,5.86,6.36,7.12,7.38,7.64,,8.05
19920319,,,4.15,4.38,4.69,5.79,6.29,7.03,7.31,7.57,,7.98
19920318,,,4.15,4.4,4.74,5.84,6.33,7.06,7.36,7.62,,8.01
19920317,,,4.16,4.39,4.72,5.83,6.32,7.06,7.37,7.62,,8.02
19920316,,,4.18,4.41,4.78,5.87,6.37,7.12,7.43,7.69,,8.07
19920313,,,4.16,4.38,4.79,5.86,6.37,7.14,7.44,7.71,,8.06
19920312,,,4.12,4.33,4.69,5.74,6.22,7.01,7.33,7.62,,8.04
19920311,,,4.11,4.31,4.6,5.58,6.07,6.86,7.21,7.51,,7.96
19920310,,,4.11,4.29,4.58,5.56,6.02,6.78,7.11,7.43,,7.89
19920309,,,4.1,4.27,4.55,5.54,6.01,6.77,7.1,7.42,,7.88
19920306,,,4.14,4.29,4.6,5.6,6.05,6.85,7.18,7.48,,7.93
19920305,,,4.14,4.3,4.63,5.62,6.1,6.87,7.21,7.51,,7.95
19920304,,,4.13,4.27,4.52,5.5,5.98,6.76,7.1,7.43,,7.9
19920303,,,4.14,4.28,4.51,5.48,5.94,6.76,7.11,7.43,,7.93
19920302,,,4.14,4.28,4.5,5.45,5.94,6.73,7.07,7.38,,7.9
19920228,,,4.03,4.14,4.35,5.27,5.75,6.58,6.95,7.27,,7.8
19920227,,,4.04,4.14,4.36,5.34,5.84,6.67,7.02,7.35,,7.86
19920226,,,4.05,4.18,4.4,5.37,5.84,6.66,7.01,7.33,,7.85
19920225,,,4.07,4.22,4.47,5.43,5.92,6.78,7.09,7.44,,7.94
19920224,,,4.07,4.23,4.48,5.46,5.96,6.81,7.12,7.47,,7.97
19920221,,,4.03,4.2,4.47,5.46,5.93,6.77,7.1,7.45,,7.95
19920220,,,3.98,4.14,4.38,5.3,5.78,6.67,7.03,7.41,,7.91
19920219,,,3.95,4.11,4.33,5.28,5.78,6.67,7.05,7.42,,7.93
19920218,,,3.93,4.08,4.31,5.24,5.77,6.69,7.07,7.47,,7.97
19920214,,,3.89,4.04,4.32,5.27,5.76,6.65,7.02,7.41,,7.91
19920213,,,3.89,4.03,4.26,5.22,5.72,6.61,7.0,7.4,,7.92
19920212,,,3.85,3.97,4.16,5.08,5.55,6.46,6.88,7.3,,7.81
19920211,,,3.85,3.97,4.14,5.01,5.51,6.4,6.82,7.23,,7.79
19920210,,,3.83,3.93,4.08,4.94,5.52,6.38,6.79,7.21,,7.79
19920207,,,3.84,3.92,4.1,4.97,5.51,6.4,6.8,7.2,,7.77
19920206,,,3.91,4.02,4.2,5.05,5.56,6.4,6.81,7.2,,7.75
19920205,,,3.94,4.03,4.21,5.07,5.59,6.4,6.83,7.21,,7.74
19920204,,,3.94,4.04,4.21,5.12,5.67,6.46,6.91,7.29,,7.76
19920203,,,3.96,4.06,4.23,5.15,5.72,6.52,6.98,7.36,,7.82
19920131,,,3.94,4.07,4.23,5.11,5.65,6.44,6.92,7.31,,7.77
19920130,,,3.93,4.07,4.24,5.17,5.71,6.48,6.93,7.31,,7.79
19920129,,,3.96,4.07,4.22,5.15,5.67,6.42,6.89,7.25,,7.75
19920128,,,3.93,4.05,4.2,5.1,5.58,6.32,6.8,7.16,,7.66
19920127,,,3.93,4.07,4.24,5.15,5.66,6.41,6.88,7.24,,7.71
19920124,,,3.91,4.06,4.22,5.13,5.62,6.4,6.89,7.25,,7.71
19920123,,,3.87,3.98,4.15,5.02,5.51,6.32,6.84,7.2,,7.71
19920122,,,3.85,3.97,4.1,4.95,5.4,6.28,6.74,7.09,,7.62
19920121,,,3.86,3.97,4.1,4.97,5.36,6.27,6.71,7.03,,7.57
19920117,,,3.89,4.02,4.14,5.02,5.46,6.36,6.81,7.09,,7.61
19920116,,,3.89,4.02,4.18,5.07,5.51,6.41,6.84,7.13,,7.65
19920115,,,3.94,4.05,4.22,5.07,5.48,6.37,6.78,7.05,,7.57
19920114,,,3.92,4.01,4.16,5.0,5.44,6.34,6.77,7.03,,7.54
19920113,,,3.92,4.02,4.17,4.93,5.34,6.21,6.62,6.92,,7.49
19920110,,,3.92,4.0,4.11,4.85,5.22,6.1,6.54,6.85,,7.47
19920109,,,3.87,3.96,4.05,4.77,5.13,6.02,6.47,6.79,,7.42
19920108,,,3.82,3.9,4.0,4.66,5.05,5.96,6.42,6.77,,7.41
19920107,,,3.85,3.93,4.03,4.67,5.06,5.94,6.44,6.76,,7.39
19920106,,,3.92,3.96,4.12,4.76,5.14,6.02,6.51,6.82,,7.44
19920103,,,3.95,4.02,4.16,4.8,5.19,6.05,6.54,6.85,,7.48
19920102,,,3.96,4.01,4.13,4.77,5.13,5.98,6.46,6.78,,7.46
19931231,,,3.07,3.3,3.63,4.25,4.58,5.21,5.53,5.83,6.48,6.35
19931230,,,3.04,3.31,3.62,4.25,4.58,5.2,5.53,5.82,6.47,6.34
19931229,,,3.08,3.3,3.6,4.2,4.51,5.12,5.44,5.74,6.38,6.25
19931228,,,3.13,3.32,3.6,4.2,4.49,5.1,5.42,5.72,6.36,6.24
19931227,,,3.13,3.31,3.61,4.2,4.5,5.09,5.42,5.72,6.36,6.23
19931223,,,3.13,3.29,3.59,4.18,4.49,5.1,5.42,5.72,6.36,6.22
19931222,,,3.13,3.3,3.59,4.19,4.5,5.13,5.46,5.74,6.37,6.22
19931221,,,3.14,3.34,3.62,4.26,4.58,5.22,5.56,5.85,6.47,6.32
19931220,,,3.15,3.36,3.61,4.22,4.58,5.2,5.54,5.83,6.45,6.3
19931217,,,3.09,3.32,3.58,4.2,4.54,5.17,5.52,5.81,6.44,6.29
19931216,,,3.1,3.33,3.6,4.23,4.58,5.2,5.56,5.84,6.47,6.31
19931215,,,3.1,3.34,3.61,4.22,4.58,5.19,5.55,5.83,6.46,6.29
19931214,,,3.11,3.35,3.63,4.25,4.59,5.2,5.54,5.82,6.46,6.29
19931213,,,3.12,3.36,3.62,4.23,4.56,5.16,5.5,5.78,6.4,6.24
19931210,,,3.12,3.34,3.62,4.21,4.53,5.13,5.45,5.73,6.34,6.19
19931209,,,3.13,3.34,3.6,4.18,4.49,5.07,5.38,5.68,6.29,6.15
19931208,,,3.15,3.35,3.6,4.18,4.5,5.09,5.41,5.71,6.31,6.17
19931207,,,3.16,3.36,3.6,4.17,4.52,5.1,5.43,5.71,6.31,6.17
19931206,,,3.18,3.36,3.57,4.19,4.5,5.09,5.43,5.72,6.31,6.17
19931203,,,3.18,3.37,3.62,4.24,4.59,5.16,5.52,5.8,6.39,6.25
19931202,,,3.18,3.36,3.62,4.22,4.55,5.16,5.52,5.81,6.42,6.27
19931201,,,3.19,3.37,3.62,4.2,4.54,5.14,5.52,5.82,6.44,6.28
19931130,,,3.21,3.4,3.65,4.22,4.55,5.15,5.53,5.83,6.46,6.29
19931129,,,3.2,3.37,3.6,4.17,4.49,5.08,5.46,5.76,6.4,6.23
19931126,,,3.18,3.36,3.58,4.16,4.52,5.08,5.49,5.78,6.43,6.26
19931124,,,3.19,3.36,3.6,4.18,4.54,5.11,5.54,5.84,6.47,6.31
19931123,,,3.19,3.37,3.6,4.19,4.55,5.14,5.52,5.82,6.46,6.3
19931122,,,3.21,3.4,3.65,4.26,4.61,5.2,5.6,5.89,6.53,6.36
19931119,,,3.2,3.38,3.64,4.22,4.58,5.16,5.54,5.84,6.5,6.34
19931118,,,3.18,3.35,3.59,4.15,4.49,5.06,5.43,5.72,6.4,6.23
19931117,,,3.16,3.33,3.55,4.09,4.42,4.99,5.35,5.65,6.35,6.19
19931116,,,3.16,3.34,3.56,4.1,4.45,4.98,5.35,5.66,6.35,6.17
19931115,,,3.18,3.36,3.56,4.11,4.49,5.02,5.4,5.69,6.36,6.17
19931112,,,3.18,3.35,3.54,4.11,4.45,5.02,5.39,5.66,6.33,6.15
19931110,,,3.19,3.36,3.56,4.17,4.51,5.08,5.45,5.72,6.38,6.21
19931109,,,3.18,3.36,3.54,4.12,4.47,5.02,5.41,5.64,6.31,6.16
19931108,,,3.17,3.35,3.55,4.13,4.47,5.04,5.44,5.7,6.38,6.22
19931105,,,3.13,3.36,3.58,4.2,4.53,5.11,5.5,5.75,6.4,6.22
19931104,,,3.15,3.34,3.55,4.13,4.47,5.03,5.42,5.67,6.34,6.19
19931103,,,3.16,3.35,3.56,4.13,4.46,5.01,5.39,5.67,6.32,6.11
19931102,,,3.19,3.38,3.59,4.16,4.49,5.02,5.41,5.63,6.28,6.07
19931101,,,3.18,3.36,3.53,4.11,4.42,4.96,5.32,5.56,6.19,6.02
19931029,,,3.1,3.28,3.47,3.99,4.3,4.83,5.19,5.43,6.12,5.96
19931028,,,3.11,3.28,3.47,3.97,4.29,4.83,5.17,5.41,6.11,5.97
19931027,,,3.15,3.29,3.47,3.99,4.28,4.82,5.19,5.44,6.15,6.0
19931026,,,3.16,3.29,3.45,3.93,4.25,4.79,5.17,5.43,6.14,6.0
19931025,,,3.14,3.28,3.45,3.95,4.26,4.82,5.21,5.47,6.17,6.02
19931022,,,3.11,3.25,3.42,3.91,4.23,4.76,5.15,5.42,6.13,5.98
19931021,,,3.12,3.25,3.4,3.89,4.19,4.72,5.07,5.35,6.06,5.92
19931020,,,3.11,3.22,3.38,3.86,4.13,4.64,4.98,5.26,5.97,5.83
19931019,,,3.13,3.24,3.39,3.86,4.14,4.66,5.0,5.27,5.98,5.85
19931018,,,3.13,3.23,3.39,3.84,4.14,4.66,4.99,5.27,5.99,5.85
19931015,,,3.08,3.18,3.35,3.81,4.06,4.57,4.9,5.19,5.91,5.78
19931014,,,3.08,3.18,3.36,3.82,4.09,4.61,4.93,5.23,5.98,5.86
19931013,,,3.1,3.2,3.36,3.84,4.11,4.64,4.98,5.27,6.03,5.92
19931012,,,3.12,3.21,3.36,3.82,4.11,4.64,4.97,5.27,6.02,5.92
19931008,,,3.05,3.16,3.33,3.78,4.09,4.61,4.96,5.26,6.02,5.92
19931007,,,3.05,3.17,3.35,3.83,4.15,4.69,5.05,5.33,6.11,6.01
19931006,,,3.04,3.19,3.36,3.85,4.16,4.7,5.05,5.35,6.12,6.01
19931005,,,3.06,3.2,3.38,3.86,4.18,4.72,5.05,5.35,6.12,6.01
19931004,,,3.02,3.17,3.35,3.85,4.16,4.71,5.04,5.34,6.1,5.99
19931001,,,2.98,3.11,3.35,3.84,4.18,4.72,5.03,5.34,6.12,5.98
19930930,,,2.98,3.13,3.39,3.89,4.24,4.79,5.11,5.4,,6.04
19930929,,,2.99,3.15,3.36,3.84,4.19,4.74,5.03,5.35,,6.0
19930928,,,2.96,3.12,3.32,3.79,4.11,4.67,4.98,5.28,,5.94
19930927,,,2.96,3.1,3.32,3.81,4.12,4.69,5.01,5.3,,5.97
19930924,,,2.99,3.15,3.39,3.9,4.22,4.81,5.14,5.42,,6.06
19930923,,,2.99,3.15,3.39,3.87,4.22,4.8,5.15,5.42,,6.06
19930922,,,2.98,3.15,3.39,3.9,4.22,4.81,5.17,5.45,,6.1
19930921,,,2.98,3.14,3.38,3.9,4.21,4.8,5.19,5.47,,6.14
19930920,,,3.0,3.16,3.41,3.92,4.23,4.79,5.13,5.42,,6.08
19930917,,,3.01,3.17,3.39,3.89,4.19,4.75,5.11,5.38,,6.04
19930916,,,3.01,3.16,3.39,3.88,4.19,4.74,5.12,5.37,,6.01
19930915,,,3.02,3.16,3.39,3.89,4.19,4.75,5.14,5.39,,6.0
19930914,,,3.05,3.18,3.41,3.91,4.23,4.77,5.12,5.37,,5.97
19930913,,,3.04,3.16,3.33,3.82,4.13,4.66,4.99,5.26,,5.86
19930910,,,3.02,3.15,3.32,3.8,4.11,4.67,5.01,5.29,,5.89
19930909,,,3.04,3.18,3.37,3.88,4.18,4.74,5.06,5.35,,5.96
19930908,,,3.02,3.15,3.32,3.78,4.07,4.63,4.96,5.23,,5.86
19930907,,,3.01,3.12,3.26,3.7,4.01,4.6,4.96,5.23,,5.88
19930903,,,3.0,3.12,3.25,3.71,4.04,4.65,5.01,5.31,,5.95
19930902,,,3.05,3.18,3.34,3.83,4.16,4.76,5.09,5.41,,6.04
19930901,,,3.08,3.19,3.36,3.88,4.21,4.81,5.12,5.46,,6.09
19930831,,,3.08,3.21,3.38,3.88,4.2,4.8,5.11,5.45,,6.09
19930830,,,3.08,3.19,3.35,3.86,4.18,4.78,5.1,5.44,,6.12
19930827,,,3.09,3.21,3.38,3.87,4.2,4.83,5.13,5.48,,6.13
19930826,,,3.06,3.19,3.34,3.82,4.16,4.78,5.1,5.42,,6.09
19930825,,,3.04,3.18,3.35,3.85,4.2,4.86,5.17,5.51,,6.18
19930824,,,3.05,3.18,3.36,3.89,4.24,4.9,5.21,5.54,,6.2
19930823,,,3.08,3.21,3.4,3.97,4.3,4.98,5.28,5.6,,6.22
19930820,,,3.06,3.2,3.39,3.93,4.29,4.96,5.28,5.61,,6.22
19930819,,,3.05,3.2,3.39,3.93,4.29,4.97,5.32,5.64,,6.21
19930818,,,3.05,3.19,3.41,3.98,4.36,5.04,5.37,5.69,,6.26
19930817,,,3.08,3.21,3.43,4.02,4.39,5.07,5.39,5.7,,6.31
19930816,,,3.1,3.21,3.42,3.98,4.35,5.05,5.36,5.68,,6.31
19930813,,,3.09,3.22,3.43,4.0,4.38,5.08,5.41,5.72,,6.35
19930812,,,3.08,3.23,3.47,4.06,4.43,5.13,5.47,5.77,,6.37
19930811,,,3.09,3.25,3.5,4.1,4.47,5.13,5.46,5.75,,6.44
19930810,,,3.1,3.27,3.51,4.1,4.48,5.14,5.49,5.82,,6.45
19930809,,,3.11,3.26,3.48,4.06,4.45,5.12,5.48,5.82,,6.47
19930806,,,3.11,3.28,3.52,4.09,4.48,5.16,5.52,5.86,,6.53
19930805,,,3.12,3.3,3.54,4.12,4.5,5.18,5.52,5.86,,6.53
19930804,,,3.15,3.32,3.57,4.16,4.55,5.2,5.54,5.87,,6.54
19930803,,,3.15,3.32,3.56,4.17,4.55,5.19,5.51,5.83,,6.53
19930802,,,3.17,3.35,3.58,4.19,4.55,5.2,5.55,5.85,,6.56
19930730,,,3.1,3.28,3.53,4.13,4.5,5.16,5.5,5.83,,6.57
19930729,,,3.09,3.28,3.51,4.12,4.46,5.13,5.47,5.81,,6.57
19930728,,,3.15,3.34,3.59,4.21,4.57,5.23,5.58,5.9,,6.66
19930727,,,3.17,3.36,3.61,4.25,4.59,5.26,5.62,5.92,,6.68
19930726,,,3.17,3.33,3.59,4.22,4.58,5.25,5.62,5.93,,6.68
19930723,,,3.16,3.34,3.62,4.25,4.62,5.28,5.66,5.95,,6.71
19930722,,,3.16,3.34,3.61,4.22,4.59,5.24,5.6,5.9,,6.65
19930721,,,3.14,3.29,3.52,4.15,4.49,5.17,5.53,5.83,,6.62
19930720,,,3.13,3.28,3.48,4.09,4.42,5.08,5.42,5.75,,6.55
19930719,,,3.12,3.24,3.42,3.99,4.35,5.0,5.37,5.71,,6.54
19930716,,,3.08,3.23,3.41,3.99,4.34,4.99,5.36,5.71,,6.54
19930715,,,3.08,3.23,3.41,3.99,4.34,4.99,5.37,5.72,,6.55
19930714,,,3.08,3.22,3.4,3.97,4.32,4.98,5.37,5.72,,6.56
19930713,,,3.11,3.25,3.44,4.04,4.39,5.03,5.43,5.78,,6.62
19930712,,,3.1,3.22,3.4,3.99,4.33,5.0,5.41,5.75,,6.62
19930709,,,3.09,3.21,3.41,3.98,4.34,5.0,5.42,5.76,,6.64
19930708,,,3.09,3.21,3.42,4.0,4.35,5.02,5.45,5.78,,6.66
19930707,,,3.11,3.2,3.43,4.0,4.38,5.04,5.47,5.8,,6.68
19930706,,,3.12,3.22,3.42,4.0,4.38,5.04,5.47,5.8,,6.68
19930702,,,3.02,3.15,3.34,3.93,4.31,4.98,5.42,5.76,,6.67
19930701,,,3.06,3.19,3.41,3.99,4.37,5.04,5.46,5.8,,6.69
19930630,,,3.1,3.22,3.45,4.03,4.39,5.05,5.46,5.8,,6.68
19930629,,,3.1,3.21,3.45,4.03,4.37,5.05,5.45,5.79,,6.67
19930628,,,3.11,3.23,3.47,4.06,4.41,5.08,5.47,5.8,,6.67
19930625,,,3.15,3.28,3.5,4.1,4.45,5.13,5.51,5.84,,6.71
19930624,,,3.17,3.3,3.54,4.15,4.49,5.16,5.55,5.88,,6.74
19930623,,,3.19,3.32,3.56,4.2,4.54,5.2,5.59,5.91,,6.77
19930622,,,3.16,3.27,3.51,4.15,4.51,5.21,5.58,5.91,,6.78
19930621,,,3.17,3.28,3.52,4.16,4.51,5.2,5.57,5.92,,6.78
19930618,,,3.13,3.28,3.52,4.16,4.53,5.23,5.62,5.97,,6.82
19930617,,,3.1,3.24,3.46,4.08,4.47,5.17,5.57,5.93,,6.81
19930616,,,3.11,3.25,3.47,4.09,4.47,5.18,5.59,5.96,,6.82
19930615,,,3.12,3.25,3.48,4.11,4.49,5.19,5.59,5.96,,6.83
19930614,,,3.13,3.28,3.5,4.13,4.52,5.2,5.6,5.97,,6.81
19930611,,,3.12,3.28,3.51,4.15,4.53,5.22,5.61,5.97,,6.8
19930610,,,3.18,3.36,3.62,4.29,4.67,5.34,5.72,6.07,,6.88
19930609,,,3.18,3.37,3.62,4.29,4.67,5.33,5.72,6.07,,6.87
19930608,,,3.2,3.4,3.66,4.33,4.7,5.35,5.74,6.09,,6.91
19930607,,,3.2,3.4,3.65,4.3,4.66,5.34,5.73,6.08,,6.88
19930604,,,3.18,3.39,3.67,4.31,4.67,5.36,5.75,6.11,,6.91
19930603,,,3.1,3.27,3.53,4.14,4.52,5.23,5.64,6.02,,6.86
19930602,,,3.14,3.3,3.56,4.18,4.57,5.27,5.69,6.06,,6.88
19930601,,,3.14,3.3,3.55,4.16,4.54,5.28,5.71,6.07,,6.88
19930528,,,3.13,3.32,3.62,4.24,4.63,5.37,5.8,6.16,,6.98
19930527,,,3.13,3.32,3.58,4.22,4.6,5.35,5.76,6.11,,6.93
19930526,,,3.12,3.28,3.51,4.2,4.57,5.35,5.76,6.12,,6.94
19930525,,,3.14,3.3,3.52,4.19,4.59,5.38,5.81,6.17,,7.01
19930524,,,3.15,3.31,3.52,4.19,4.59,5.37,5.79,6.16,,6.99
19930521,,,3.07,3.21,3.45,4.14,4.53,5.34,5.78,6.16,,7.03
19930520,,,3.03,3.16,3.39,4.03,4.45,5.25,5.71,6.09,,6.99
19930519,,,3.03,3.17,3.37,4.03,4.45,5.26,5.73,6.11,,6.98
19930518,,,3.08,3.2,3.4,4.08,4.49,5.3,5.78,6.15,,7.02
19930517,,,3.08,3.21,3.41,4.05,4.47,5.27,5.72,6.07,,6.97
19930514,,,3.03,3.15,3.33,3.97,4.38,5.21,5.67,6.03,,6.95
19930513,,,2.99,3.11,3.3,3.91,4.35,5.15,5.63,6.02,,6.96
19930512,,,2.96,3.09,3.26,3.82,4.28,5.07,5.57,5.96,,6.86
19930511,,,2.95,3.09,3.23,3.79,4.25,5.03,5.51,5.89,,6.82
19930510,,,2.95,3.08,3.22,3.79,4.24,5.02,5.53,5.89,,6.81
19930507,,,2.93,3.06,3.23,3.79,4.25,5.04,5.57,5.92,,6.85
19930506,,,2.92,3.05,3.22,3.8,4.24,5.03,5.52,5.89,,6.8
19930505,,,2.95,3.08,3.26,3.8,4.27,5.07,5.51,5.93,,6.82
19930504,,,2.93,3.06,3.23,3.75,4.23,5.04,5.49,5.92,,6.81
19930503,,,2.93,3.06,3.22,3.75,4.23,5.06,5.54,5.96,,6.86
19930430,,,2.97,3.07,3.26,3.83,4.3,5.14,5.63,6.05,,6.95
19930429,,,2.96,3.07,3.24,3.79,4.28,5.1,5.58,5.99,,6.88
19930428,,,2.98,3.08,3.27,3.86,4.35,5.18,5.64,6.03,,6.91
19930427,,,2.97,3.09,3.27,3.88,4.33,5.19,5.62,6.02,,6.9
19930426,,,2.95,3.05,3.23,3.79,4.25,5.09,5.53,5.94,,6.83
19930423,,,2.9,3.03,3.18,3.75,4.21,5.06,5.49,5.89,,6.79
19930422,,,2.88,3.01,3.17,3.75,4.21,5.04,5.46,5.85,,6.75
19930421,,,2.86,3.0,3.17,3.77,4.23,5.05,5.48,5.86,,6.75
19930420,,,2.85,3.0,3.19,3.78,4.24,5.07,5.49,5.87,,6.76
19930419,,,2.87,3.03,3.21,3.78,4.25,5.07,5.49,5.87,,6.73
19930416,,,2.9,3.05,3.21,3.8,4.26,5.08,5.51,5.89,,6.76
19930415,,,2.9,3.05,3.22,3.79,4.24,5.06,5.49,5.88,,6.73
19930414,,,2.88,3.04,3.19,3.78,4.24,5.07,5.51,5.9,,6.76
19930413,,,2.91,3.07,3.22,3.82,4.27,5.1,5.55,5.93,,6.8
19930412,,,2.94,3.09,3.23,3.82,4.27,5.09,5.57,5.92,,6.79
19930408,,,2.96,3.1,3.25,3.85,4.3,5.13,5.62,5.97,,6.85
19930407,,,2.98,3.13,3.33,3.93,4.39,5.23,5.72,6.07,,6.96
19930406,,,2.98,3.09,3.35,3.93,4.39,5.22,5.73,6.08,,6.97
19930405,,,2.97,3.09,3.3,3.96,4.45,5.27,5.79,6.13,,7.04
19930402,,,2.97,3.09,3.32,3.99,4.48,5.31,5.83,6.16,,7.06
19930401,,,2.96,3.09,3.32,3.94,4.41,5.24,5.74,6.06,,6.97
19930331,,,2.95,3.09,3.32,3.96,4.42,5.24,5.72,6.03,,6.93
19930330,,,2.97,3.09,3.29,3.91,4.38,5.2,5.71,6.02,,6.91
19930329,,,3.0,3.12,3.33,3.95,4.44,5.25,5.75,6.06,,6.9
19930326,,,3.0,3.13,3.33,4.02,4.5,5.32,5.78,6.09,,6.94
19930325,,,2.97,3.09,3.29,3.92,4.38,5.19,5.67,5.98,,6.83
19930324,,,2.98,3.11,3.31,3.93,4.38,5.19,5.64,5.95,,6.81
19930323,,,2.98,3.12,3.28,3.88,4.31,5.14,5.6,5.91,,6.77
19930322,,,2.99,3.13,3.29,3.92,4.37,5.18,5.65,5.96,,6.81
19930319,,,3.03,3.16,3.32,3.95,4.38,5.17,5.65,5.95,,6.81
19930318,,,3.01,3.13,3.3,3.91,4.35,5.11,5.63,5.93,,6.8
19930317,,,3.04,3.18,3.36,3.98,4.44,5.21,5.72,6.02,,6.86
19930316,,,3.04,3.19,3.38,4.02,4.5,5.27,5.76,6.06,,6.87
19930315,,,3.06,3.21,3.42,4.1,4.61,5.39,5.87,6.17,,6.91
19930312,,,3.04,3.19,3.39,4.11,4.56,5.35,5.8,6.11,,6.86
19930311,,,3.03,3.16,3.35,4.01,4.47,5.23,5.65,5.96,,6.75
19930310,,,3.04,3.19,3.4,4.05,4.49,5.24,5.65,5.97,,6.75
19930309,,,3.05,3.19,3.41,4.02,4.46,5.21,5.6,5.91,,6.73
19930308,,,3.05,3.19,3.39,3.97,4.37,5.15,5.54,5.85,,6.72
19930305,,,3.07,3.2,3.37,3.91,4.37,5.14,5.56,5.9,,6.76
19930304,,,2.97,3.09,3.24,3.75,4.19,5.0,5.46,5.83,,6.73
19930303,,,3.0,3.11,3.28,3.81,4.24,5.05,5.51,5.88,,6.78
19930302,,,3.03,3.14,3.31,3.88,4.31,5.13,5.58,5.95,,6.84
19930301,,,3.03,3.14,3.3,3.88,4.31,5.12,5.58,5.94,,6.83
19930226,,,3.01,3.14,3.32,3.92,4.37,5.21,5.67,6.03,,6.9
19930225,,,3.01,3.13,3.33,3.95,4.36,5.23,5.68,6.03,,6.89
19930224,,,3.02,3.14,3.32,3.97,4.4,5.2,5.64,6.01,,6.88
19930223,,,3.0,3.11,3.27,3.9,4.33,5.12,5.53,5.92,,6.83
19930222,,,3.01,3.14,3.32,3.99,4.44,5.28,5.7,6.09,,6.95
19930219,,,2.99,3.11,3.3,3.99,4.44,5.3,5.76,6.15,,7.01
19930218,,,2.95,3.09,3.3,3.95,4.43,5.29,5.75,6.17,,7.02
19930217,,,2.97,3.14,3.39,4.06,4.54,5.43,5.9,6.28,,7.11
19930216,,,3.0,3.18,3.44,4.14,4.64,5.52,5.98,6.34,,7.14
19930212,,,2.99,3.18,3.43,4.2,4.7,5.57,6.0,6.35,,7.13
19930211,,,2.98,3.18,3.44,4.2,4.72,5.58,6.02,6.37,,7.15
19930210,,,3.0,3.22,3.5,4.27,4.79,5.63,6.06,6.4,,7.26
19930209,,,2.99,3.19,3.47,4.2,4.72,5.55,5.98,6.41,,7.2
19930208,,,3.0,3.18,3.43,4.16,4.64,5.49,5.93,6.37,,7.18
19930205,,,2.96,3.15,3.36,4.07,4.58,5.42,5.88,6.32,,7.17
19930204,,,2.96,3.18,3.44,4.19,4.68,5.53,5.98,6.39,,7.19
19930203,,,2.99,3.21,3.44,4.27,4.77,5.62,6.04,6.45,,7.23
19930202,,,3.02,3.21,3.43,4.25,4.76,5.63,6.04,6.46,,7.25
19930201,,,3.01,3.17,3.4,4.19,4.69,5.55,5.97,6.38,,7.21
19930129,,,2.96,3.16,3.39,4.2,4.72,5.57,6.0,6.39,,7.21
19930128,,,2.96,3.14,3.38,4.2,4.73,5.61,6.05,6.44,,7.23
19930127,,,2.97,3.15,3.41,4.24,4.8,5.68,6.1,6.48,,7.25
19930126,,,3.01,3.18,3.45,4.3,4.83,5.75,6.13,6.5,,7.26
19930125,,,3.02,3.17,3.41,4.26,4.8,5.71,6.11,6.48,,7.22
19930122,,,3.03,3.15,3.41,4.3,4.85,5.77,6.18,6.57,,7.3
19930121,,,3.05,3.2,3.48,4.36,4.91,5.83,6.23,6.6,,7.31
19930120,,,3.08,3.22,3.51,4.41,4.95,5.85,6.26,6.61,,7.32
19930119,,,3.1,3.23,3.48,4.39,4.91,5.82,6.23,6.59,,7.31
19930115,,,3.0,3.17,3.42,4.31,4.88,5.8,6.24,6.6,,7.35
19930114,,,3.04,3.23,3.48,4.4,4.96,5.88,6.3,6.65,,7.41
19930113,,,3.06,3.24,3.51,4.46,5.02,5.93,6.36,6.71,,7.45
19930112,,,3.09,3.24,3.54,4.48,5.03,5.95,6.41,6.72,,7.48
19930111,,,3.12,3.28,3.54,4.48,5.01,5.93,6.4,6.71,,7.47
19930108,,,3.13,3.3,3.56,4.5,5.06,5.97,6.44,6.75,,7.47
19930107,,,3.19,3.38,3.7,4.64,5.17,6.05,6.49,6.76,,7.45
19930106,,,3.17,3.35,3.62,4.52,5.06,5.94,6.36,6.63,,7.34
19930105,,,3.18,3.36,3.58,4.48,5.0,5.9,6.32,6.61,,7.33
19930104,,,3.19,3.37,3.56,4.48,5.03,5.9,6.33,6.6,,7.33
19941230,,,5.68,6.51,7.2,7.69,7.8,7.83,7.84,7.84,8.02,7.89
19941229,,,5.66,6.51,7.2,7.69,7.8,7.83,7.82,7.82,7.99,7.85
19941228,,,5.68,6.56,7.25,7.71,7.78,7.81,7.79,7.8,7.96,7.83
19941227,,,5.74,6.54,7.18,7.67,7.76,7.78,7.77,7.76,7.87,7.76
19941223,,,5.68,6.5,7.2,7.74,7.82,7.86,7.86,7.85,7.96,7.85
19941222,,,5.61,6.5,7.17,7.7,7.81,7.83,7.83,7.84,7.99,7.87
19941221,,,5.56,6.43,7.04,7.58,7.68,7.75,7.8,7.8,7.96,7.84
19941220,,,5.63,6.47,7.06,7.56,7.68,7.76,7.8,7.81,7.98,7.85
19941219,,,5.75,6.57,7.13,7.59,7.72,7.77,7.8,7.81,7.96,7.84
19941216,,,5.71,6.52,7.14,7.59,7.71,7.76,7.8,7.81,7.98,7.86
19941215,,,5.7,6.48,7.09,7.54,7.66,7.73,7.79,7.79,7.99,7.86
19941214,,,5.84,6.57,7.2,7.59,7.69,7.74,7.79,7.8,8.0,7.86
19941213,,,5.95,6.67,7.32,7.71,7.8,7.84,7.84,7.83,7.97,7.86
19941212,,,5.93,6.62,7.24,7.62,7.77,7.82,7.84,7.85,8.04,7.92
19941209,,,5.82,6.46,7.15,7.53,7.67,7.74,7.77,7.79,7.97,7.86
19941208,,,5.83,6.47,7.17,7.51,7.67,7.77,7.77,7.79,7.99,7.88
19941207,,,5.82,6.44,7.01,7.48,7.62,7.74,7.78,7.81,8.01,7.9
19941206,,,5.94,6.5,7.01,7.44,7.57,7.65,7.7,7.73,7.93,7.84
19941205,,,6.03,6.63,7.15,7.58,7.67,7.78,7.8,7.83,8.04,7.94
19941202,,,5.79,6.39,7.01,7.44,7.59,7.71,7.77,7.81,8.01,7.92
19941201,,,5.71,6.26,6.94,7.42,7.63,7.8,7.87,7.92,8.12,8.02
19941130,,,5.72,6.22,6.91,7.4,7.62,7.79,7.84,7.91,8.1,7.99
19941129,,,5.69,6.18,6.85,7.44,7.68,7.86,7.88,7.95,8.15,8.05
19941128,,,5.6,6.12,6.74,7.35,7.59,7.77,7.8,7.88,8.1,7.99
19941125,,,5.45,5.99,6.58,7.19,7.44,7.65,7.71,7.8,8.04,7.94
19941123,,,5.44,5.98,6.57,7.18,7.43,7.64,7.71,7.81,8.06,7.96
19941122,,,5.49,6.08,6.67,7.29,7.56,7.82,7.9,8.0,8.23,8.11
19941121,,,5.53,6.09,6.68,7.3,7.57,7.83,7.92,8.03,8.26,8.14
19941118,,,5.5,6.04,6.64,7.23,7.52,7.79,7.91,8.01,8.26,8.14
19941117,,,5.51,6.05,6.62,7.21,7.52,7.79,7.9,8.03,8.27,8.14
19941116,,,5.52,6.04,6.59,7.15,7.45,7.73,7.86,7.97,8.22,8.09
19941115,,,5.53,6.03,6.55,7.1,7.41,7.69,7.78,7.92,8.15,8.05
19941114,,,5.46,5.97,6.49,7.06,7.37,7.66,7.8,7.94,8.2,8.09
19941110,,,5.38,5.88,6.5,7.06,7.4,7.69,7.84,7.98,8.27,8.15
19941109,,,5.34,5.86,6.37,7.01,7.35,7.64,7.79,7.94,8.21,8.09
19941108,,,5.37,5.89,6.39,7.02,7.39,7.69,7.85,8.01,8.24,8.12
19941107,,,5.42,5.93,6.42,7.06,7.39,7.73,7.89,8.05,8.3,8.16
19941104,,,5.33,5.87,6.39,7.05,7.37,7.72,7.88,8.04,8.3,8.16
19941103,,,5.25,5.77,6.31,6.98,7.28,7.65,7.8,7.96,8.24,8.11
19941102,,,5.23,5.76,6.28,6.96,7.25,7.63,7.79,7.96,8.22,8.09
19941101,,,5.22,5.75,6.25,6.93,7.21,7.58,7.75,7.91,8.2,8.06
19941031,,,5.2,5.72,6.18,6.84,7.1,7.48,7.65,7.81,8.09,7.97
19941028,,,5.16,5.67,6.17,6.82,7.1,7.48,7.65,7.82,8.09,7.96
19941027,,,5.12,5.7,6.23,6.89,7.16,7.55,7.72,7.88,8.17,8.05
19941026,,,5.13,5.71,6.23,6.9,7.17,7.55,7.72,7.88,8.19,8.06
19941025,,,5.2,5.75,6.25,6.87,7.18,7.54,7.72,7.88,8.18,8.06
19941024,,,5.22,5.74,6.24,6.84,7.17,7.52,7.68,7.86,8.17,8.04
19941021,,,5.15,5.68,6.19,6.8,7.11,7.46,7.63,7.81,8.12,7.99
19941020,,,5.14,5.67,6.18,6.77,7.1,7.46,7.63,7.8,8.14,8.0
19941019,,,5.05,5.58,6.07,6.66,6.99,7.34,7.52,7.68,8.04,7.9
19941018,,,5.04,5.55,6.04,6.61,6.92,7.29,7.47,7.64,8.01,7.86
19941017,,,5.04,5.55,6.04,6.61,6.92,7.28,7.47,7.62,7.97,7.83
19941014,,,5.0,5.48,6.01,6.57,6.91,7.26,7.45,7.61,7.98,7.83
19941013,,,5.05,5.5,6.07,6.63,6.96,7.3,7.48,7.64,7.99,7.84
19941012,,,5.12,5.57,6.05,6.67,6.99,7.34,7.52,7.69,8.04,7.89
19941011,,,5.06,5.56,6.01,6.63,6.95,7.3,7.48,7.65,8.02,7.86
19941007,,,5.02,5.55,6.01,6.65,6.97,7.34,7.54,7.7,8.07,7.91
19941006,,,5.11,5.62,6.1,6.71,7.06,7.43,7.62,7.78,8.12,7.95
19941005,,,5.09,5.61,6.1,6.73,7.05,7.42,7.61,7.77,8.12,7.95
19941004,,,5.09,5.6,6.06,6.68,7.01,7.37,7.55,7.7,8.06,7.89
19941003,,,5.05,5.61,6.06,6.69,7.01,7.35,7.52,7.66,8.02,7.86
19940930,,,4.8,5.43,5.96,6.62,6.92,7.28,7.46,7.62,7.98,7.82
19940929,,,4.7,5.44,5.95,6.6,6.92,7.29,7.48,7.64,8.02,7.86
19940928,,,4.66,5.37,5.88,6.51,6.83,7.21,7.42,7.57,7.97,7.81
19940927,,,4.83,5.4,5.89,6.52,6.83,7.24,7.44,7.61,8.01,7.85
19940926,,,4.92,5.44,5.91,6.54,6.83,7.21,7.41,7.57,7.95,7.8
19940923,,,4.91,5.42,5.89,6.52,6.83,7.2,7.4,7.57,7.95,7.8
19940922,,,4.92,5.4,5.88,6.5,6.8,7.2,7.39,7.56,7.94,7.79
19940921,,,4.92,5.4,5.9,6.52,6.81,7.2,7.4,7.56,7.95,7.8
19940920,,,4.74,5.29,5.82,6.44,6.75,7.15,7.37,7.53,7.93,7.78
19940919,,,4.72,5.23,5.78,6.39,6.71,7.11,7.32,7.49,7.9,7.75
19940916,,,4.73,5.23,5.79,6.42,6.72,7.13,7.34,7.52,7.95,7.78
19940915,,,4.7,5.14,5.69,6.28,6.58,6.97,7.19,7.35,7.8,7.64
19940914,,,4.7,5.15,5.68,6.33,6.63,7.02,7.23,7.41,7.83,7.68
19940913,,,4.72,5.17,5.7,6.35,6.65,7.05,7.26,7.44,7.87,7.7
19940912,,,4.75,5.19,5.72,6.37,6.67,7.08,7.27,7.46,7.89,7.72
19940909,,,4.7,5.14,5.7,6.35,6.66,7.06,7.26,7.44,7.88,7.71
19940908,,,4.67,5.06,5.59,6.22,6.51,6.92,7.1,7.3,7.73,7.58
19940907,,,4.66,5.05,5.6,6.22,6.51,6.92,7.11,7.29,7.73,7.58
19940906,,,4.69,5.06,5.58,6.22,6.5,6.88,7.08,7.27,7.71,7.55
19940902,,,4.67,5.04,5.55,6.17,6.45,6.82,7.01,7.21,7.64,7.5
19940901,,,4.67,4.99,5.56,6.15,6.44,6.81,7.01,7.19,7.6,7.46
19940831,,,4.68,5.03,5.56,6.17,6.44,6.81,7.0,7.19,7.6,7.46
19940830,,,4.71,5.09,5.56,6.18,6.46,6.83,7.03,7.2,7.62,7.47
19940829,,,4.73,5.12,5.58,6.2,6.48,6.87,7.05,7.24,7.66,7.5
19940826,,,4.68,5.07,5.58,6.21,6.48,6.87,7.07,7.24,7.65,7.49
19940825,,,4.68,5.09,5.59,6.24,6.53,6.93,7.12,7.29,7.71,7.55
19940824,,,4.66,5.09,5.57,6.18,6.47,6.87,7.04,7.22,7.63,7.47
19940823,,,4.69,5.13,5.63,6.26,6.55,6.94,7.12,7.28,7.71,7.54
19940822,,,4.73,5.17,5.66,6.27,6.59,6.97,7.14,7.31,7.73,7.56
19940819,,,4.69,5.13,5.64,6.23,6.55,6.92,7.1,7.27,7.67,7.5
19940818,,,4.71,5.15,5.68,6.23,6.56,6.93,7.12,7.28,7.67,7.5
19940817,,,4.69,5.11,5.56,6.14,6.45,6.81,6.99,7.15,7.55,7.39
19940816,,,4.74,5.17,5.62,6.21,6.52,6.86,7.02,7.19,7.56,7.39
19940815,,,4.72,5.19,5.64,6.26,6.58,6.96,7.14,7.3,7.68,7.51
19940812,,,4.51,5.1,5.6,6.22,6.57,6.94,7.12,7.27,7.66,7.48
19940811,,,4.46,5.12,5.62,6.26,6.61,7.0,7.18,7.36,7.72,7.56
19940810,,,4.49,5.1,5.58,6.21,6.57,6.95,7.14,7.3,7.66,7.58
19940809,,,4.56,5.14,5.62,6.26,6.61,6.97,7.14,7.33,7.65,7.57
19940808,,,4.59,5.13,5.6,6.22,6.56,6.93,7.11,7.28,7.61,7.53
19940805,,,4.59,5.1,5.59,6.18,6.55,6.93,7.11,7.28,7.62,7.54
19940804,,,4.43,4.9,5.36,5.98,6.31,6.72,6.93,7.12,7.47,7.4
19940803,,,4.44,4.9,5.34,5.96,6.29,6.7,6.91,7.09,7.44,7.38
19940802,,,4.44,4.92,5.35,5.98,6.32,6.73,6.91,7.11,7.46,7.4
19940801,,,4.45,4.93,5.4,6.03,6.35,6.75,6.94,7.13,7.47,7.41
19940729,,,4.39,4.87,5.37,5.99,6.33,6.73,6.92,7.12,7.46,7.39
19940728,,,4.54,5.04,5.56,6.21,6.53,6.94,7.13,7.29,7.62,7.55
19940727,,,4.57,5.07,5.57,6.22,6.55,6.99,7.18,7.34,7.69,7.6
19940726,,,4.52,5.01,5.53,6.16,6.49,6.9,7.09,7.28,7.63,7.55
19940725,,,4.53,5.01,5.53,6.13,6.49,6.9,7.1,7.27,7.61,7.53
19940722,,,4.5,4.96,5.53,6.15,6.49,6.92,7.1,7.29,7.65,7.56
19940721,,,4.44,4.92,5.5,6.11,6.45,6.89,7.09,7.27,7.64,7.55
19940720,,,4.41,4.9,5.4,6.06,6.39,6.84,7.06,7.25,7.64,7.55
19940719,,,4.37,4.82,5.3,5.94,6.28,6.73,6.95,7.15,7.56,7.47
19940718,,,4.4,4.87,5.34,5.99,6.35,6.79,7.01,7.2,7.6,7.51
19940715,,,4.38,4.87,5.37,6.04,6.41,6.84,7.06,7.25,7.64,7.55
19940714,,,4.41,4.88,5.38,6.05,6.42,6.85,7.06,7.25,7.63,7.54
19940713,,,4.52,5.02,5.52,6.22,6.58,7.02,7.23,7.41,7.79,7.68
19940712,,,4.56,5.08,5.55,6.24,6.6,7.03,7.26,7.43,7.8,7.69
19940711,,,4.61,5.13,5.61,6.29,6.65,7.09,7.33,7.47,7.84,7.73
19940708,,,4.49,5.04,5.58,6.25,6.59,7.04,7.27,7.42,7.81,7.7
19940707,,,4.36,4.9,5.45,6.11,6.44,6.89,7.13,7.3,7.71,7.6
19940706,,,4.39,4.92,5.46,6.11,6.47,6.92,7.16,7.32,7.72,7.61
19940705,,,4.42,4.92,5.48,6.14,6.48,6.93,7.17,7.31,7.71,7.6
19940701,,,4.32,4.84,5.5,6.19,6.53,6.95,7.19,7.34,7.74,7.62
19940630,,,4.26,4.83,5.51,6.19,6.52,6.97,7.18,7.34,7.75,7.63
19940629,,,4.25,4.74,5.47,6.12,6.45,6.87,7.08,7.24,7.63,7.51
19940628,,,4.28,4.75,5.48,6.13,6.46,6.88,7.09,7.26,7.65,7.53
19940627,,,4.28,4.73,5.37,6.05,6.36,6.79,7.0,7.18,7.57,7.46
19940624,,,4.28,4.78,5.37,6.06,6.38,6.81,7.05,7.22,7.63,7.52
19940623,,,4.26,4.74,5.29,5.94,6.26,6.7,6.9,7.1,7.51,7.4
19940622,,,4.28,4.75,5.28,5.97,6.31,6.75,6.94,7.13,7.52,7.41
19940621,,,4.3,4.77,5.31,6.04,6.37,6.82,7.02,7.22,7.63,7.51
19940620,,,4.28,4.73,5.24,5.92,6.28,6.74,6.96,7.16,7.58,7.46
19940617,,,4.23,4.66,5.2,5.88,6.24,6.71,6.93,7.14,7.58,7.45
19940616,,,4.22,4.64,5.15,5.83,6.19,6.65,6.86,7.07,7.49,7.38
19940615,,,4.23,4.66,5.19,5.88,6.23,6.67,6.88,7.1,7.53,7.41
19940614,,,4.21,4.64,5.14,5.81,6.15,6.58,6.79,7.0,7.41,7.31
19940613,,,4.24,4.7,5.22,5.91,6.25,6.66,6.87,7.07,7.47,7.36
19940610,,,4.22,4.7,5.2,5.85,6.17,6.6,6.82,7.03,7.44,7.32
19940609,,,4.23,4.67,5.15,5.8,6.13,6.54,6.76,6.98,7.39,7.28
19940608,,,4.21,4.66,5.13,5.78,6.11,6.53,6.75,6.96,7.39,7.28
19940607,,,4.22,4.68,5.16,5.8,6.14,6.53,6.75,6.95,7.37,7.26
19940606,,,4.25,4.69,5.15,5.78,6.1,6.49,6.7,6.91,7.34,7.21
19940603,,,4.23,4.72,5.22,5.84,6.19,6.59,6.78,6.98,7.39,7.26
19940602,,,4.24,4.76,5.29,5.93,6.28,6.68,6.89,7.07,7.49,7.35
19940601,,,4.28,4.83,5.36,5.98,6.33,6.74,6.95,7.12,7.52,7.39
19940531,,,4.31,4.87,5.38,6.01,6.36,6.77,6.99,7.17,7.58,7.44
19940527,,,4.3,4.82,5.35,5.97,6.32,6.73,6.92,7.12,7.55,7.4
19940526,,,4.27,4.76,5.28,5.92,6.27,6.69,6.9,7.09,7.51,7.37
19940525,,,4.28,4.76,5.28,5.95,6.31,6.74,6.93,7.14,7.51,7.37
19940524,,,4.32,4.79,5.28,5.94,6.28,6.75,6.96,7.17,7.54,7.41
19940523,,,4.35,4.82,5.28,5.94,6.3,6.76,6.99,7.19,7.58,7.44
19940520,,,4.26,4.71,5.14,5.8,6.14,6.59,6.82,7.02,7.44,7.3
19940519,,,4.24,4.65,5.12,5.73,6.07,6.52,6.76,6.96,7.37,7.24
19940518,,,4.29,4.73,5.21,5.83,6.18,6.61,6.85,7.03,7.41,7.27
19940517,,,4.3,4.77,5.29,5.88,6.23,6.66,6.85,7.03,7.39,7.27
19940516,,,4.31,4.87,5.41,6.03,6.4,6.85,7.08,7.24,7.58,7.46
19940513,,,4.24,4.86,5.41,6.05,6.43,6.89,7.14,7.29,7.63,7.5
19940512,,,4.24,4.9,5.48,6.13,6.53,6.97,7.22,7.36,7.69,7.57
19940511,,,4.32,4.96,5.52,6.2,6.59,7.02,7.26,7.4,7.73,7.6
19940510,,,4.35,4.95,5.48,6.13,6.52,6.93,7.14,7.33,7.62,7.5
19940509,,,4.44,5.02,5.55,6.26,6.64,7.09,7.33,7.49,7.76,7.63
19940506,,,4.3,4.82,5.4,6.12,6.5,6.95,7.19,7.35,7.67,7.53
19940505,,,4.13,4.62,5.21,5.88,6.25,6.7,6.94,7.11,7.46,7.33
19940504,,,4.15,4.63,5.22,5.89,6.28,6.74,6.97,7.14,7.49,7.35
19940503,,,4.12,4.62,5.19,5.86,6.26,6.73,6.96,7.13,7.48,7.35
19940502,,,4.1,4.57,5.12,5.81,6.2,6.69,6.93,7.09,7.45,7.33
19940429,,,3.97,4.45,5.07,5.73,6.16,6.64,6.88,7.06,7.44,7.31
19940428,,,3.98,4.45,5.05,5.75,6.14,6.65,6.86,7.04,7.41,7.29
19940426,,,3.97,4.41,4.93,5.59,5.99,6.46,6.66,6.86,7.24,7.12
19940425,,,3.94,4.4,4.91,5.61,6.01,6.48,6.68,6.86,7.26,7.14
19940422,,,3.84,4.36,4.9,5.62,6.04,6.53,6.73,6.93,7.34,7.21
19940421,,,3.83,4.33,4.87,5.59,6.0,6.49,6.71,6.91,7.33,7.22
19940420,,,3.83,4.34,4.91,5.67,6.1,6.62,6.88,7.05,7.46,7.33
19940419,,,3.83,4.36,4.92,5.7,6.14,6.68,6.92,7.1,7.5,7.37
19940418,,,3.84,4.34,4.91,5.7,6.15,6.7,6.99,7.14,7.55,7.41
19940415,,,3.68,4.15,4.73,5.51,5.95,6.5,6.79,6.97,7.42,7.29
19940414,,,3.66,4.14,4.72,5.49,5.94,6.51,6.82,6.97,7.43,7.29
19940413,,,3.64,4.13,4.69,5.43,5.91,6.47,6.79,6.93,7.39,7.26
19940412,,,3.64,4.11,4.66,5.4,5.84,6.4,6.72,6.87,7.32,7.2
19940411,,,3.68,4.14,4.69,5.43,5.9,6.46,6.78,6.92,7.37,7.24
19940408,,,3.65,4.1,4.68,5.43,5.91,6.46,6.79,6.94,7.4,7.26
19940407,,,3.61,4.07,4.64,5.37,5.84,6.38,6.72,6.86,7.33,7.21
19940406,,,3.67,4.09,4.67,5.4,5.88,6.42,6.76,6.93,7.38,7.25
19940405,,,3.75,4.14,4.72,5.45,5.93,6.47,6.79,6.97,7.41,7.28
19940404,,,3.82,4.19,4.83,5.57,6.06,6.64,7.01,7.16,7.55,7.43
19940331,,,3.56,3.92,4.5,5.21,5.66,6.23,6.59,6.77,7.23,7.11
19940330,,,3.57,3.93,4.45,5.19,5.65,6.24,6.59,6.78,7.23,7.1
19940329,,,3.59,3.98,4.46,5.19,5.62,6.19,6.52,6.71,7.17,7.06
19940328,,,3.57,3.97,4.41,5.12,5.55,6.1,6.43,6.63,7.09,6.98
19940325,,,3.57,3.92,4.38,5.1,5.52,6.08,6.42,6.61,7.1,6.99
19940324,,,3.53,3.92,4.37,5.08,5.5,6.05,6.39,6.58,7.09,6.98
19940323,,,3.54,3.9,4.32,5.0,5.38,5.92,6.22,6.44,6.95,6.85
19940322,,,3.6,3.94,4.33,5.03,5.38,5.92,6.24,6.44,6.94,6.85
19940321,,,3.7,4.02,4.41,5.09,5.49,6.03,6.36,6.55,7.03,6.94
19940318,,,3.57,3.97,4.35,5.03,5.42,5.97,6.3,6.49,6.99,6.9
19940317,,,3.55,3.92,4.28,4.94,5.34,5.88,6.19,6.4,6.91,6.82
19940316,,,3.61,3.92,4.28,4.96,5.34,5.86,6.18,6.4,6.9,6.82
19940315,,,3.66,3.95,4.32,4.99,5.38,5.91,6.25,6.47,6.99,6.9
19940314,,,3.66,3.97,4.32,4.99,5.39,5.94,6.3,6.5,7.01,6.93
19940311,,,3.58,3.91,4.28,4.95,5.34,5.89,6.25,6.46,6.99,6.91
19940310,,,3.57,3.9,4.3,4.96,5.36,5.9,6.28,6.48,7.02,6.94
19940309,,,3.61,3.9,4.29,4.96,5.33,5.84,6.17,6.38,6.93,6.85
19940308,,,3.63,3.9,4.28,4.92,5.31,5.84,6.17,6.38,6.92,6.85
19940307,,,3.61,3.88,4.23,4.87,5.25,5.77,6.12,6.32,6.87,6.8
19940304,,,3.62,3.87,4.26,4.88,5.29,5.82,6.16,6.38,6.92,6.85
19940303,,,3.56,3.83,4.21,4.83,5.21,5.79,6.14,6.35,6.92,6.84
19940302,,,3.55,3.8,4.15,4.79,5.2,5.74,6.09,6.3,6.87,6.79
19940301,,,3.58,3.82,4.16,4.81,5.19,5.74,6.08,6.28,6.86,6.79
19940228,,,3.47,3.72,4.03,4.67,5.04,5.6,5.94,6.15,6.75,6.67
19940225,,,3.44,3.72,4.05,4.72,5.08,5.65,6.0,6.21,6.8,6.73
19940224,,,3.44,3.72,4.03,4.72,5.07,5.66,6.01,6.22,6.82,6.75
19940223,,,3.46,3.7,4.01,4.67,5.02,5.59,5.92,6.13,6.73,6.65
19940222,,,3.4,3.64,3.93,4.57,4.93,5.5,5.84,6.05,6.67,6.6
19940218,,,3.36,3.59,3.93,4.57,4.94,5.52,5.87,6.09,6.7,6.63
19940217,,,3.35,3.55,3.89,4.5,4.88,5.45,5.77,6.0,6.62,6.54
19940216,,,3.34,3.52,3.86,4.44,4.8,5.35,5.67,5.89,6.53,6.46
19940215,,,3.34,3.51,3.85,4.44,4.8,5.34,5.66,5.88,6.53,6.45
19940214,,,3.34,3.52,3.85,4.44,4.81,5.36,5.67,5.9,6.53,6.45
19940211,,,3.33,3.51,3.84,4.44,4.8,5.34,5.66,5.88,6.5,6.41
19940210,,,3.33,3.52,3.86,4.45,4.83,5.36,5.68,5.91,6.53,6.45
19940209,,,3.32,3.49,3.85,4.43,4.8,5.35,5.67,5.92,6.52,6.43
19940208,,,3.32,3.51,3.86,4.44,4.82,5.38,5.7,6.01,6.55,6.44
19940207,,,3.31,3.49,3.83,4.41,4.78,5.36,5.65,5.96,6.5,6.38
19940204,,,3.3,3.49,3.84,4.42,4.75,5.32,5.62,5.94,6.49,6.37
19940203,,,3.2,3.37,3.73,4.28,4.6,5.17,5.48,5.81,6.38,6.31
19940202,,,3.13,3.3,3.61,4.2,4.53,5.11,5.43,5.77,6.36,6.29
19940201,,,3.1,3.29,3.6,4.2,4.53,5.1,5.43,5.77,6.37,6.31
19940131,,,3.05,3.25,3.53,4.12,4.44,5.02,5.34,5.7,6.29,6.23
19940128,,,2.99,3.2,3.49,4.08,4.4,4.99,5.3,5.68,6.27,6.21
19940127,,,2.98,3.22,3.52,4.11,4.45,5.04,5.37,5.73,6.33,6.27
19940126,,,2.98,3.22,3.53,4.13,4.46,5.09,5.41,5.77,6.39,6.33
19940125,,,2.99,3.23,3.51,4.11,4.46,5.08,5.43,5.78,6.4,6.34
19940124,,,3.01,3.23,3.5,4.09,4.44,5.06,5.4,5.74,6.38,6.3
19940121,,,3.01,3.21,3.5,4.09,4.44,5.05,5.39,5.73,6.36,6.29
19940120,,,3.01,3.19,3.47,4.07,4.41,5.02,5.38,5.71,6.36,6.27
19940119,,,3.03,3.22,3.52,4.12,4.47,5.08,5.43,5.76,6.4,6.3
19940118,,,3.04,3.23,3.53,4.14,4.48,5.09,5.43,5.74,6.38,6.28
19940114,,,3.03,3.23,3.55,4.17,4.51,5.12,5.46,5.78,6.41,6.3
19940113,,,3.01,3.22,3.52,4.13,4.47,5.08,5.41,5.71,6.36,6.26
19940112,,,3.02,3.21,3.47,4.05,4.36,4.95,5.29,5.6,6.26,6.17
19940111,,,3.04,3.25,3.51,4.08,4.41,5.0,5.34,5.67,6.34,6.25
19940110,,,3.06,3.25,3.53,4.08,4.41,5.01,5.36,5.67,6.35,6.24
19940107,,,3.07,3.25,3.54,4.09,4.43,5.03,5.39,5.7,6.35,6.24
19940106,,,3.12,3.33,3.65,4.24,4.59,5.21,5.57,5.84,6.48,6.36
19940105,,,3.14,3.36,3.66,4.31,4.66,5.27,5.64,5.9,6.54,6.4
19940104,,,3.15,3.37,3.65,4.29,4.63,5.26,5.62,5.88,6.51,6.37
19940103,,,3.16,3.39,3.67,4.3,4.66,5.29,5.66,5.92,6.54,6.41
19951229,,,5.1,5.17,5.18,5.18,5.25,5.38,5.49,5.58,6.01,5.96
19951228,,,4.98,5.11,5.18,5.2,5.27,5.43,5.56,5.63,6.04,5.98
19951227,,,5.04,5.23,5.23,5.23,5.31,5.46,5.58,5.66,6.07,6.01
19951226,,,5.05,5.26,5.26,5.27,5.34,5.48,5.62,5.69,6.1,6.04
19951222,,,5.04,5.27,5.26,5.28,5.37,5.5,5.62,5.71,6.12,6.06
19951221,,,5.05,5.3,5.29,5.33,5.41,5.53,5.68,5.77,6.19,6.11
19951220,,,5.15,5.29,5.27,5.33,5.42,5.55,5.67,5.76,6.18,6.11
19951219,,,5.24,5.31,5.28,5.36,5.45,5.58,5.71,5.81,6.21,6.14
19951218,,,5.32,5.4,5.38,5.43,5.51,5.66,5.77,5.85,6.26,6.2
19951215,,,5.35,5.36,5.32,5.36,5.41,5.55,5.66,5.75,6.15,6.09
19951214,,,5.42,5.42,5.35,5.38,5.42,5.55,5.66,5.74,6.14,6.08
19951213,,,5.42,5.43,5.37,5.39,5.45,5.56,5.66,5.74,6.12,6.07
19951212,,,5.41,5.42,5.36,5.39,5.42,5.55,5.65,5.72,6.11,6.05
19951211,,,5.45,5.43,5.35,5.38,5.41,5.53,5.65,5.71,6.11,6.04
19951208,,,5.5,5.45,5.39,5.39,5.45,5.56,5.67,5.73,6.12,6.06
19951207,,,5.5,5.43,5.35,5.39,5.42,5.54,5.65,5.72,6.13,6.07
19951206,,,5.48,5.41,5.34,5.32,5.38,5.49,5.59,5.67,6.09,6.03
19951205,,,5.47,5.42,5.33,5.29,5.34,5.45,5.57,5.65,6.09,6.04
19951204,,,5.46,5.43,5.32,5.27,5.33,5.43,5.54,5.63,6.07,6.01
19951201,,,5.45,5.44,5.33,5.32,5.37,5.49,5.63,5.71,6.16,6.1
19951130,,,5.48,5.46,5.36,5.36,5.41,5.53,5.68,5.76,6.2,6.14
19951129,,,5.5,5.49,5.42,5.42,5.49,5.6,5.8,5.85,6.29,6.22
19951128,,,5.53,5.52,5.44,5.45,5.54,5.67,5.8,5.88,6.31,6.24
19951127,,,5.5,5.49,5.41,5.46,5.53,5.67,5.81,5.88,6.31,6.23
19951124,,,5.48,5.48,5.43,5.49,5.56,5.7,5.84,5.91,6.36,6.25
19951122,,,5.52,5.51,5.46,5.51,5.58,5.72,5.85,5.93,6.37,6.28
19951121,,,5.52,5.5,5.45,5.49,5.56,5.7,5.85,5.92,6.36,6.27
19951120,,,5.5,5.48,5.41,5.46,5.53,5.66,5.82,5.93,6.33,6.25
19951117,,,5.51,5.49,5.4,5.46,5.54,5.66,5.81,5.92,6.33,6.23
19951116,,,5.52,5.5,5.42,5.46,5.56,5.68,5.83,5.93,6.32,6.24
19951115,,,5.56,5.55,5.47,5.53,5.63,5.77,5.9,6.0,6.37,6.3
19951114,,,5.55,5.52,5.43,5.47,5.58,5.71,5.85,5.97,6.36,6.3
19951113,,,5.59,5.56,5.44,5.49,5.61,5.72,5.85,5.98,6.34,6.28
19951110,,,5.58,5.54,5.47,5.52,5.64,5.76,5.89,6.0,6.39,6.33
19951109,,,5.55,5.53,5.43,5.49,5.59,5.72,5.85,5.97,6.35,6.29
19951108,,,5.52,5.49,5.41,5.47,5.58,5.69,5.8,5.92,6.3,6.25
19951107,,,5.53,5.54,5.48,5.54,5.65,5.77,5.88,5.99,6.37,6.31
19951106,,,5.52,5.53,5.46,5.51,5.62,5.73,5.84,5.96,6.34,6.29
19951103,,,5.47,5.49,5.43,5.49,5.58,5.7,5.82,5.94,6.33,6.28
19951102,,,5.47,5.46,5.41,5.46,5.56,5.68,5.8,5.92,6.31,6.25
19951101,,,5.48,5.49,5.46,5.52,5.62,5.74,5.86,5.98,6.36,6.29
19951031,,,5.48,5.55,5.55,5.61,5.7,5.81,5.92,6.03,6.4,6.34
19951030,,,5.47,5.55,5.55,5.62,5.72,5.82,5.94,6.04,6.41,6.35
19951027,,,5.41,5.53,5.56,5.64,5.73,5.83,5.95,6.05,6.4,6.35
19951026,,,5.38,5.5,5.52,5.61,5.72,5.81,5.93,6.06,6.44,6.38
19951025,,,5.39,5.55,5.56,5.64,5.72,5.8,5.9,6.0,6.37,6.32
19951024,,,5.38,5.56,5.6,5.68,5.76,5.85,5.95,6.02,6.37,6.33
19951023,,,5.38,5.57,5.65,5.76,5.82,5.92,6.01,6.07,6.44,6.38
19951020,,,5.43,5.57,5.62,5.72,5.79,5.9,5.99,6.04,6.42,6.35
19951019,,,5.41,5.55,5.58,5.67,5.73,5.83,5.92,5.98,6.37,6.31
19951018,,,5.41,5.55,5.58,5.67,5.74,5.83,5.92,5.99,6.38,6.32
19951017,,,5.43,5.55,5.57,5.65,5.71,5.8,5.89,5.97,6.36,6.3
19951016,,,5.49,5.58,5.59,5.67,5.73,5.8,5.89,5.97,6.38,6.32
19951013,,,5.45,5.56,5.58,5.67,5.72,5.8,5.88,5.97,6.37,6.3
19951012,,,5.46,5.57,5.61,5.72,5.8,5.88,5.99,6.07,6.48,6.41
19951011,,,5.47,5.57,5.61,5.75,5.82,5.91,6.02,6.09,6.5,6.44
19951010,,,5.47,5.57,5.61,5.74,5.81,5.91,6.0,6.07,6.51,6.43
19951006,,,5.47,5.59,5.59,5.73,5.81,5.89,6.0,6.06,6.51,6.43
19951005,,,5.44,5.57,5.59,5.72,5.8,5.88,6.0,6.06,6.53,6.43
19951004,,,5.47,5.57,5.6,5.75,5.82,5.91,6.04,6.12,6.54,6.44
19951003,,,5.51,5.61,5.63,5.8,5.87,5.96,6.07,6.13,6.57,6.46
19951002,,,5.53,5.64,5.65,5.82,5.89,5.98,6.1,6.15,6.61,6.48
19950929,,,5.4,5.57,5.65,5.83,5.91,6.01,6.11,6.17,6.6,6.49
19950928,,,5.44,5.61,5.73,5.92,6.0,6.1,6.22,6.28,6.71,6.59
19950927,,,5.42,5.6,5.7,5.92,6.01,6.08,6.25,6.3,6.76,6.61
19950926,,,5.45,5.63,5.71,5.88,5.98,6.11,6.21,6.28,6.71,6.58
19950925,,,5.33,5.51,5.65,5.89,5.95,6.08,6.2,6.26,6.7,6.58
19950922,,,5.35,5.52,5.63,5.85,5.93,6.06,6.19,6.25,6.7,6.59
19950921,,,5.4,5.53,5.62,5.83,5.91,6.03,6.15,6.21,6.66,6.56
19950920,,,5.34,5.43,5.52,5.73,5.81,5.92,6.05,6.1,6.57,6.46
19950919,,,5.36,5.45,5.54,5.75,5.83,5.94,6.08,6.14,6.61,6.49
19950918,,,5.41,5.47,5.56,5.77,5.86,5.97,6.11,6.17,6.64,6.53
19950915,,,5.46,5.51,5.55,5.71,5.8,5.91,6.05,6.11,6.58,6.47
19950914,,,5.44,5.48,5.51,5.68,5.76,5.87,6.01,6.08,6.56,6.45
19950913,,,5.47,5.54,5.63,5.8,5.88,5.99,6.12,6.18,6.63,6.52
19950912,,,5.47,5.54,5.61,5.77,5.84,5.96,6.09,6.16,6.6,6.51
19950911,,,5.5,5.58,5.67,5.83,5.93,6.05,6.15,6.24,6.67,6.6
19950908,,,5.52,5.58,5.67,5.85,5.95,6.04,6.17,6.24,6.66,6.6
19950907,,,5.5,5.57,5.65,5.8,5.89,6.0,6.14,6.21,6.66,6.6
19950906,,,5.48,5.55,5.6,5.76,5.84,5.95,6.1,6.17,6.63,6.57
19950905,,,5.49,5.55,5.6,5.77,5.85,5.96,6.09,6.18,6.63,6.57
19950901,,,5.45,5.52,5.6,5.78,5.89,6.0,6.14,6.22,6.67,6.61
19950831,,,5.45,5.53,5.65,5.85,5.95,6.07,6.21,6.28,6.72,6.65
19950830,,,5.46,5.55,5.66,5.88,5.98,6.1,6.25,6.33,6.77,6.7
19950829,,,5.5,5.61,5.71,5.93,6.03,6.15,6.29,6.36,6.79,6.72
19950828,,,5.48,5.56,5.66,5.85,5.97,6.1,6.26,6.34,6.77,6.7
19950825,,,5.5,5.6,5.7,5.9,6.01,6.13,6.3,6.38,6.8,6.72
19950824,,,5.52,5.6,5.77,6.0,6.12,6.26,6.42,6.5,6.92,6.84
19950823,,,5.6,5.69,5.87,6.11,6.24,6.37,6.53,6.6,7.01,6.92
19950822,,,5.63,5.7,5.88,6.1,6.21,6.35,6.51,6.57,6.98,6.89
19950821,,,5.62,5.7,5.84,6.08,6.18,6.31,6.47,6.54,6.95,6.87
19950818,,,5.61,5.72,5.88,6.13,6.24,6.36,6.51,6.57,7.0,6.91
19950817,,,5.61,5.73,5.89,6.12,6.24,6.37,6.52,6.57,6.99,6.9
19950816,,,5.6,5.7,5.84,6.07,6.18,6.32,6.49,6.54,6.97,6.89
19950815,,,5.62,5.72,5.86,6.11,6.21,6.37,6.52,6.57,7.0,6.92
19950814,,,5.6,5.69,5.81,6.05,6.19,6.36,6.54,6.59,7.06,6.96
19950811,,,5.59,5.71,5.8,6.05,6.19,6.37,6.54,6.59,7.06,6.98
19950810,,,5.57,5.65,5.7,5.95,6.07,6.25,6.43,6.51,6.97,6.9
19950809,,,5.56,5.63,5.69,5.93,6.05,6.21,6.4,6.47,6.93,6.93
19950808,,,5.55,5.63,5.68,5.9,6.01,6.17,6.36,6.47,6.9,6.89
19950807,,,5.57,5.63,5.67,5.9,6.03,6.18,6.37,6.48,6.91,6.89
19950804,,,5.58,5.64,5.68,5.91,6.06,6.2,6.39,6.5,6.92,6.9
19950803,,,5.59,5.67,5.7,5.94,6.09,6.24,6.42,6.53,6.95,6.93
19950802,,,5.59,5.63,5.66,5.86,6.03,6.15,6.34,6.44,6.88,6.86
19950801,,,5.61,5.67,5.71,5.94,6.08,6.22,6.4,6.5,6.95,6.92
19950731,,,5.6,5.63,5.67,5.88,6.02,6.16,6.35,6.45,6.88,6.86
19950728,,,5.58,5.61,5.69,5.92,6.09,6.22,6.4,6.49,6.93,6.91
19950727,,,5.58,5.6,5.66,5.91,6.03,6.18,6.36,6.43,6.86,6.84
19950726,,,5.63,5.68,5.75,5.97,6.1,6.24,6.42,6.48,6.92,6.9
19950725,,,5.62,5.68,5.75,5.94,6.07,6.19,6.37,6.43,6.86,6.84
19950724,,,5.61,5.68,5.75,5.97,6.08,6.2,6.4,6.46,6.91,6.9
19950721,,,5.61,5.7,5.75,5.95,6.11,6.26,6.4,6.53,6.98,6.96
19950720,,,5.6,5.68,5.71,5.91,6.02,6.15,6.37,6.43,6.89,6.87
19950719,,,5.58,5.65,5.6,5.89,5.99,6.15,6.37,6.43,6.9,6.89
19950718,,,5.61,5.63,5.57,5.77,5.88,6.01,6.21,6.25,6.74,6.73
19950717,,,5.63,5.63,5.55,5.77,5.86,5.97,6.15,6.22,6.69,6.67
19950714,,,5.59,5.61,5.53,5.7,5.78,5.89,6.07,6.15,6.61,6.6
19950713,,,5.55,5.55,5.46,5.61,5.7,5.8,6.0,6.09,6.56,6.55
19950712,,,5.55,5.55,5.44,5.59,5.7,5.8,6.0,6.1,6.55,6.55
19950711,,,5.56,5.57,5.47,5.59,5.69,5.8,5.99,6.09,6.57,6.57
19950710,,,5.53,5.53,5.43,5.56,5.63,5.74,5.93,6.04,6.51,6.51
19950707,,,5.54,5.5,5.42,5.54,5.61,5.74,5.94,6.04,6.52,6.52
19950706,,,5.53,5.5,5.43,5.56,5.64,5.75,5.97,6.05,6.53,6.51
19950705,,,5.68,5.69,5.62,5.78,5.84,5.95,6.12,6.19,6.64,6.61
19950703,,,5.68,5.7,5.63,5.79,5.87,5.97,6.16,6.21,6.68,6.63
19950630,,,5.6,5.59,5.65,5.79,5.88,5.98,6.12,6.21,6.64,6.63
19950629,,,5.67,5.65,5.76,5.89,5.95,6.07,6.18,6.28,6.69,6.65
19950628,,,5.57,5.57,5.58,5.67,5.76,5.88,5.99,6.1,6.53,6.52
19950627,,,5.59,5.61,5.64,5.7,5.8,5.94,6.04,6.15,6.57,6.56
19950626,,,5.52,5.57,5.6,5.71,5.76,5.9,6.01,6.11,6.55,6.54
19950623,,,5.54,5.61,5.56,5.64,5.69,5.83,5.94,6.06,6.51,6.51
19950622,,,5.54,5.6,5.53,5.61,5.67,5.8,5.92,6.04,6.47,6.48
19950621,,,5.6,5.65,5.62,5.68,5.76,5.89,6.02,6.13,6.56,6.55
19950620,,,5.65,5.68,5.64,5.72,5.8,5.92,6.05,6.16,6.58,6.57
19950619,,,5.63,5.64,5.59,5.65,5.74,5.87,6.01,6.13,6.59,6.56
19950616,,,5.66,5.7,5.66,5.77,5.83,5.96,6.09,6.21,6.64,6.62
19950615,,,5.65,5.71,5.65,5.73,5.81,5.93,6.07,6.18,6.64,6.61
19950614,,,5.61,5.64,5.6,5.67,5.74,5.88,6.01,6.15,6.59,6.57
19950613,,,5.61,5.63,5.57,5.63,5.73,5.88,6.01,6.14,6.58,6.56
19950612,,,5.73,5.81,5.83,5.96,6.04,6.16,6.27,6.37,6.76,6.71
19950609,,,5.77,5.86,5.89,6.01,6.08,6.21,6.31,6.4,6.76,6.72
19950608,,,5.76,5.79,5.78,5.82,5.91,6.02,6.12,6.22,6.59,6.57
19950607,,,5.74,5.75,5.71,5.74,5.84,5.95,6.06,6.2,6.56,6.53
19950606,,,5.69,5.63,5.56,5.57,5.67,5.83,5.94,6.08,6.54,6.51
19950605,,,5.68,5.61,5.52,5.54,5.63,5.79,5.92,6.08,6.54,6.51
19950602,,,5.58,5.55,5.51,5.54,5.64,5.8,5.92,6.1,6.55,6.52
19950601,,,5.67,5.71,5.68,5.71,5.78,5.94,6.04,6.2,6.64,6.61
19950531,,,5.81,5.83,5.8,5.89,5.95,6.08,6.18,6.3,6.72,6.67
19950530,,,5.81,5.85,5.83,5.89,5.96,6.08,6.18,6.3,6.72,6.67
19950526,,,5.84,5.89,5.87,5.97,6.05,6.18,6.28,6.4,6.8,6.75
19950525,,,5.84,5.89,5.89,5.99,6.06,6.18,6.27,6.39,6.78,6.73
19950524,,,5.87,5.89,5.86,6.01,6.08,6.2,6.32,6.44,6.81,6.77
19950523,,,5.91,5.96,5.97,6.15,6.22,6.37,6.46,6.57,6.93,6.87
19950522,,,5.91,5.99,6.03,6.19,6.3,6.46,6.51,6.63,6.98,6.92
19950519,,,5.87,5.95,6.01,6.19,6.28,6.43,6.5,6.61,6.96,6.91
19950518,,,5.87,5.95,6.01,6.18,6.28,6.44,6.5,6.61,6.96,6.91
19950517,,,5.86,5.91,5.95,6.11,6.21,6.35,6.4,6.53,6.91,6.86
19950516,,,5.87,5.91,5.96,6.11,6.22,6.36,6.43,6.57,6.92,6.87
19950515,,,5.88,5.95,5.99,6.16,6.26,6.41,6.49,6.62,7.0,6.95
19950512,,,5.87,5.96,6.03,6.2,6.31,6.46,6.55,6.67,7.05,7.0
19950511,,,5.84,5.95,6.02,6.2,6.3,6.45,6.54,6.68,7.05,6.99
19950510,,,5.82,5.9,5.96,6.11,6.23,6.39,6.5,6.66,7.04,6.97
19950509,,,5.81,5.9,5.96,6.08,6.19,6.33,6.44,6.61,6.99,6.94
19950508,,,5.81,5.91,6.01,6.18,6.3,6.44,6.55,6.7,7.08,7.02
19950505,,,5.74,5.85,5.96,6.16,6.27,6.42,6.55,6.69,7.07,7.02
19950504,,,5.78,5.9,6.1,6.35,6.46,6.63,6.72,6.85,7.22,7.15
19950503,,,5.84,5.97,6.16,6.47,6.56,6.73,6.82,6.96,7.32,7.25
19950502,,,5.89,6.05,6.26,6.55,6.67,6.83,6.92,7.04,7.41,7.33
19950501,,,5.91,6.11,6.32,6.62,6.75,6.9,6.96,7.09,7.43,7.35
19950428,,,5.87,6.08,6.32,6.6,6.72,6.88,6.95,7.07,7.42,7.34
19950427,,,5.87,6.06,6.3,6.55,6.67,6.84,6.92,7.04,7.42,7.33
19950426,,,5.85,6.02,6.21,6.5,6.62,6.79,6.88,7.01,7.4,7.32
19950425,,,5.85,6.01,6.19,6.48,6.61,6.79,6.87,7.01,7.41,7.33
19950424,,,5.83,6.0,6.17,6.46,6.58,6.77,6.86,7.01,7.39,7.32
19950421,,,5.79,5.98,6.15,6.44,6.55,6.77,6.87,7.01,7.42,7.34
19950420,,,5.77,5.97,6.15,6.43,6.56,6.76,6.87,7.02,7.43,7.35
19950419,,,5.8,5.98,6.2,6.51,6.62,6.82,6.93,7.06,7.46,7.37
19950418,,,5.79,5.95,6.17,6.44,6.56,6.77,6.9,7.04,7.49,7.4
19950417,,,5.8,6.0,6.19,6.48,6.6,6.8,6.91,7.04,7.48,7.39
19950413,,,5.75,5.99,6.19,6.51,6.64,6.82,6.91,7.03,7.42,7.34
19950412,,,5.82,6.04,6.28,6.61,6.72,6.89,6.98,7.06,7.46,7.36
19950411,,,5.84,6.07,6.31,6.65,6.76,6.92,7.0,7.09,7.47,7.37
19950410,,,5.85,6.08,6.33,6.66,6.77,6.94,7.03,7.12,7.49,7.39
19950407,,,5.86,6.1,6.33,6.65,6.76,6.93,7.03,7.11,7.5,7.39
19950406,,,5.85,6.09,6.33,6.66,6.77,6.92,7.01,7.09,7.47,7.36
19950405,,,5.88,6.13,6.38,6.7,6.81,6.97,7.05,7.12,7.48,7.38
19950404,,,5.91,6.15,6.4,6.71,6.82,6.96,7.02,7.12,7.48,7.38
19950403,,,5.94,6.18,6.45,6.75,6.86,7.0,7.08,7.14,7.49,7.39
19950331,,,5.88,6.13,6.49,6.8,6.92,7.08,7.17,7.2,7.54,7.44
19950330,,,5.88,6.1,6.43,6.76,6.88,7.05,7.14,7.18,7.54,7.43
19950329,,,5.84,6.04,6.35,6.73,6.83,6.98,7.12,7.16,7.5,7.4
19950328,,,5.89,6.11,6.38,6.73,6.85,7.02,7.1,7.16,7.52,7.41
19950327,,,5.82,6.04,6.27,6.62,6.72,6.9,7.0,7.05,7.44,7.33
19950324,,,5.85,6.11,6.31,6.64,6.75,6.93,7.04,7.09,7.5,7.38
19950323,,,5.89,6.14,6.38,6.75,6.87,7.06,7.15,7.21,7.6,7.47
19950322,,,5.91,6.15,6.4,6.75,6.87,7.05,7.16,7.21,7.58,7.46
19950321,,,5.92,6.17,6.38,6.71,6.84,7.01,7.1,7.16,7.57,7.43
19950320,,,5.93,6.18,6.37,6.69,6.81,6.98,7.07,7.12,7.52,7.4
19950317,,,5.92,6.16,6.37,6.69,6.81,6.97,7.06,7.12,7.48,7.37
19950316,,,5.92,6.16,6.35,6.68,6.76,6.89,6.98,7.05,7.45,7.33
19950315,,,5.92,6.18,6.41,6.71,6.8,6.93,7.01,7.09,7.47,7.36
19950314,,,5.93,6.18,6.39,6.69,6.8,6.93,7.0,7.09,7.45,7.35
19950313,,,5.94,6.2,6.44,6.76,6.88,7.01,7.1,7.19,7.56,7.45
19950310,,,5.96,6.22,6.49,6.83,6.94,7.07,7.15,7.23,7.57,7.46
19950309,,,5.91,6.21,6.47,6.83,6.97,7.11,7.22,7.3,7.65,7.53
19950308,,,5.95,6.26,6.56,6.93,7.05,7.2,7.29,7.36,7.69,7.56
19950307,,,5.96,6.3,6.6,7.0,7.12,7.28,7.37,7.44,7.78,7.64
19950306,,,5.94,6.28,6.59,6.96,7.1,7.24,7.36,7.41,7.73,7.59
19950303,,,5.91,6.23,6.53,6.89,7.03,7.19,7.29,7.36,7.68,7.56
19950302,,,5.93,6.21,6.53,6.88,7.0,7.15,7.23,7.3,7.62,7.5
19950301,,,5.94,6.21,6.44,6.81,6.92,7.06,7.17,7.23,7.57,7.45
19950228,,,5.94,6.19,6.44,6.79,6.9,7.06,7.15,7.22,7.58,7.46
19950227,,,5.92,6.16,6.43,6.79,6.9,7.06,7.19,7.24,7.61,7.49
19950224,,,5.88,6.18,6.5,6.89,7.0,7.16,7.3,7.33,7.66,7.54
19950223,,,5.88,6.18,6.52,6.92,7.03,7.2,7.3,7.34,7.68,7.56
19950222,,,5.85,6.17,6.49,6.92,7.04,7.2,7.29,7.34,7.67,7.54
19950221,,,5.92,6.29,6.66,7.09,7.22,7.35,7.42,7.44,7.74,7.61
19950217,,,5.86,6.26,6.62,7.07,7.2,7.33,7.41,7.43,7.71,7.59
19950216,,,5.85,6.25,6.58,7.02,7.16,7.29,7.39,7.4,7.7,7.57
19950215,,,5.94,6.31,6.68,7.12,7.24,7.37,7.43,7.45,7.7,7.58
19950214,,,5.96,6.36,6.77,7.21,7.34,7.45,7.5,7.51,7.75,7.61
19950213,,,5.98,6.4,6.85,7.32,7.45,7.54,7.6,7.61,7.8,7.67
19950210,,,5.97,6.4,6.85,7.33,7.47,7.55,7.61,7.62,7.81,7.68
19950209,,,5.95,6.36,6.79,7.23,7.43,7.5,7.54,7.58,7.78,7.65
19950208,,,5.94,6.33,6.74,7.18,7.34,7.43,7.5,7.53,7.74,7.66
19950207,,,5.98,6.36,6.78,7.19,7.36,7.44,7.49,7.52,7.73,7.65
19950206,,,5.98,6.36,6.79,7.18,7.35,7.43,7.49,7.53,7.72,7.64
19950203,,,5.96,6.34,6.77,7.14,7.3,7.4,7.44,7.49,7.7,7.61
19950202,,,6.02,6.47,7.01,7.4,7.53,7.63,7.67,7.68,7.85,7.76
19950201,,,6.07,6.49,6.97,7.33,7.44,7.56,7.65,7.66,7.85,7.75
19950131,,,6.0,6.4,6.84,7.26,7.39,7.54,7.58,7.6,7.81,7.71
19950130,,,5.96,6.39,6.8,7.23,7.4,7.55,7.62,7.65,7.86,7.76
19950127,,,5.92,6.41,6.82,7.29,7.46,7.6,7.63,7.66,7.83,7.75
19950126,,,5.94,6.44,6.9,7.39,7.54,7.7,7.75,7.76,7.95,7.85
19950125,,,5.94,6.46,6.96,7.5,7.61,7.76,7.81,7.8,7.99,7.88
19950124,,,5.98,6.53,7.04,7.57,7.71,7.82,7.87,7.86,8.05,7.93
19950123,,,5.97,6.51,7.02,7.5,7.69,7.8,7.86,7.83,8.02,7.91
19950120,,,5.91,6.5,7.04,7.5,7.7,7.8,7.84,7.82,8.02,7.9
19950119,,,5.87,6.47,7.03,7.49,7.65,7.74,7.76,7.74,7.95,7.82
19950118,,,5.87,6.46,7.03,7.48,7.64,7.71,7.72,7.71,7.91,7.78
19950117,,,5.89,6.44,6.99,7.44,7.6,7.68,7.72,7.7,7.92,7.78
19950113,,,5.72,6.38,6.89,7.39,7.55,7.64,7.71,7.69,7.93,7.8
19950112,,,5.78,6.48,7.08,7.56,7.73,7.8,7.84,7.8,8.02,7.88
19950111,,,5.79,6.51,7.13,7.58,7.73,7.8,7.82,7.79,7.98,7.85
19950110,,,5.91,6.62,7.21,7.63,7.78,7.85,7.87,7.84,8.0,7.87
19950109,,,6.0,6.67,7.27,7.68,7.84,7.9,7.92,7.89,8.03,7.9
19950106,,,5.9,6.61,7.26,7.64,7.81,7.87,7.89,7.87,8.0,7.87
19950105,,,5.88,6.61,7.32,7.66,7.83,7.87,7.89,7.88,8.03,7.91
19950104,,,5.85,6.57,7.15,7.62,7.75,7.81,7.82,7.82,7.98,7.85
19950103,,,5.95,6.66,7.23,7.73,7.84,7.88,7.91,7.88,8.07,7.93
19961231,,,5.21,5.33,5.51,5.88,6.04,6.21,6.34,6.43,6.73,6.65
19961230,,,5.21,5.29,5.47,5.8,5.95,6.1,6.21,6.31,6.63,6.54
19961227,,,5.11,5.28,5.47,5.81,5.93,6.09,6.21,6.3,6.63,6.54
19961226,,,5.1,5.27,5.5,5.85,5.98,6.13,6.25,6.35,6.68,6.59
19961224,,,5.09,5.27,5.51,5.85,5.98,6.13,6.25,6.36,6.68,6.59
19961223,,,5.1,5.29,5.52,5.85,5.97,6.12,6.24,6.34,6.67,6.58
19961220,,,5.02,5.26,5.49,5.83,5.95,6.12,6.25,6.35,6.69,6.59
19961219,,,5.01,5.25,5.5,5.83,5.97,6.13,6.25,6.36,6.69,6.6
19961218,,,5.03,5.28,5.55,5.89,6.04,6.21,6.36,6.46,6.8,6.69
19961217,,,5.0,5.27,5.51,5.87,5.99,6.17,6.31,6.42,6.76,6.66
19961216,,,4.97,5.22,5.49,5.82,5.95,6.13,6.27,6.39,6.72,6.63
19961213,,,4.92,5.2,5.46,5.77,5.89,6.06,6.22,6.33,6.68,6.58
19961212,,,4.97,5.2,5.49,5.84,5.98,6.14,6.3,6.4,6.74,6.64
19961211,,,4.96,5.22,5.49,5.82,5.95,6.14,6.28,6.38,6.71,6.61
19961210,,,4.96,5.19,5.43,5.71,5.83,5.99,6.12,6.23,6.59,6.49
19961209,,,4.96,5.18,5.43,5.7,5.81,5.97,6.11,6.21,6.58,6.48
19961206,,,5.03,5.23,5.45,5.73,5.84,6.02,6.16,6.26,6.62,6.53
19961205,,,5.04,5.22,5.44,5.71,5.82,5.99,6.12,6.22,6.6,6.5
19961204,,,5.03,5.2,5.41,5.64,5.75,5.89,6.01,6.11,6.49,6.4
19961203,,,5.05,5.22,5.39,5.61,5.7,5.84,5.95,6.06,6.44,6.35
19961202,,,5.08,5.24,5.4,5.61,5.72,5.85,5.97,6.08,6.46,6.36
19961129,,,5.13,5.25,5.38,5.59,5.7,5.84,5.97,6.06,6.45,6.36
19961127,,,5.15,5.26,5.41,5.66,5.77,5.91,6.05,6.14,6.53,6.44
19961126,,,5.16,5.27,5.41,5.66,5.77,5.91,6.04,6.13,6.52,6.43
19961125,,,5.18,5.28,5.43,5.67,5.77,5.92,6.04,6.13,6.53,6.42
19961122,,,5.18,5.27,5.44,5.69,5.8,5.94,6.05,6.15,6.54,6.44
19961121,,,5.18,5.26,5.43,5.67,5.78,5.94,6.05,6.15,6.52,6.42
19961120,,,5.17,5.26,5.4,5.65,5.77,5.92,6.04,6.14,6.5,6.41
19961119,,,5.17,5.26,5.4,5.68,5.78,5.94,6.07,6.17,6.53,6.44
19961118,,,5.18,5.27,5.41,5.7,5.81,5.97,6.1,6.2,6.56,6.46
19961115,,,5.16,5.26,5.4,5.68,5.79,5.96,6.09,6.19,6.55,6.46
19961114,,,5.17,5.27,5.4,5.66,5.77,5.93,6.05,6.15,6.53,6.42
19961113,,,5.17,5.28,5.42,5.71,5.84,5.99,6.1,6.2,6.58,6.46
19961112,,,5.18,5.29,5.43,5.73,5.84,5.98,6.09,6.19,6.56,6.44
19961108,,,5.18,5.29,5.45,5.76,5.88,6.04,6.16,6.29,6.63,6.51
19961107,,,5.16,5.28,5.44,5.75,5.87,6.01,6.12,6.26,6.61,6.48
19961106,,,5.17,5.28,5.44,5.76,5.9,6.05,6.18,6.3,6.67,6.61
19961105,,,5.17,5.27,5.43,5.74,5.86,6.03,6.16,6.28,6.66,6.6
19961104,,,5.19,5.3,5.46,5.78,5.92,6.1,6.23,6.36,6.74,6.67
19961101,,,5.17,5.3,5.46,5.79,5.93,6.11,6.26,6.38,6.75,6.68
19961031,,,5.17,5.3,5.44,5.77,5.92,6.1,6.24,6.37,6.74,6.66
19961030,,,5.14,5.3,5.46,5.79,5.95,6.12,6.27,6.4,6.77,6.69
19961029,,,5.14,5.3,5.46,5.77,5.94,6.12,6.27,6.4,6.77,6.7
19961028,,,5.19,5.34,5.56,5.92,6.1,6.29,6.43,6.56,6.91,6.83
19961025,,,5.14,5.33,5.55,5.9,6.07,6.26,6.42,6.54,6.9,6.82
19961024,,,5.14,5.34,5.56,5.94,6.1,6.29,6.45,6.57,6.94,6.85
19961023,,,5.13,5.34,5.56,5.94,6.11,6.31,6.45,6.56,6.92,6.84
19961022,,,5.16,5.35,5.57,5.95,6.12,6.31,6.45,6.56,6.93,6.85
19961021,,,5.14,5.34,5.55,5.91,6.07,6.27,6.41,6.52,6.89,6.81
19961018,,,5.12,5.31,5.52,5.89,6.05,6.25,6.39,6.5,6.88,6.79
19961017,,,5.12,5.3,5.52,5.89,6.06,6.25,6.4,6.51,6.89,6.81
19961016,,,5.14,5.33,5.58,5.94,6.12,6.31,6.46,6.57,6.96,6.86
19961015,,,5.17,5.34,5.58,5.93,6.1,6.3,6.46,6.56,6.94,6.85
19961011,,,5.13,5.31,5.57,5.92,6.09,6.29,6.46,6.55,6.93,6.84
19961010,,,5.15,5.35,5.66,6.01,6.17,6.37,6.51,6.61,6.98,6.89
19961009,,,5.12,5.31,5.56,5.96,6.11,6.31,6.46,6.55,6.93,6.83
19961008,,,5.12,5.29,5.53,5.9,6.06,6.26,6.42,6.53,6.89,6.79
19961007,,,5.11,5.29,5.53,5.89,6.06,6.25,6.41,6.53,6.88,6.78
19961004,,,5.01,5.24,5.47,5.85,6.0,6.2,6.36,6.48,6.83,6.74
19961003,,,5.04,5.31,5.61,6.0,6.16,6.35,6.49,6.61,6.95,6.84
19961002,,,5.03,5.29,5.61,5.98,6.15,6.35,6.49,6.61,6.95,6.84
19961001,,,5.1,5.35,5.65,6.03,6.22,6.39,6.54,6.65,6.99,6.88
19960930,,,5.14,5.37,5.71,6.1,6.28,6.46,6.6,6.72,7.05,6.93
19960927,,,5.04,5.24,5.68,6.07,6.25,6.43,6.57,6.68,7.03,6.91
19960926,,,5.0,5.25,5.65,6.05,6.22,6.41,6.54,6.66,7.0,6.88
19960925,,,5.07,5.28,5.7,6.08,6.25,6.46,6.59,6.71,7.05,6.93
19960924,,,5.17,5.37,5.73,6.16,6.32,6.52,6.67,6.77,7.12,6.99
19960923,,,5.31,5.5,5.85,6.24,6.4,6.6,6.73,6.83,7.16,7.02
19960920,,,5.29,5.5,5.85,6.26,6.43,6.62,6.75,6.85,7.18,7.04
19960919,,,5.25,5.48,5.85,6.29,6.46,6.65,6.77,6.87,7.19,7.05
19960918,,,5.28,5.47,5.84,6.26,6.43,6.61,6.73,6.83,7.16,7.02
19960917,,,5.31,5.46,5.83,6.22,6.39,6.57,6.71,6.81,7.15,7.0
19960916,,,5.2,5.38,5.74,6.14,6.31,6.49,6.63,6.73,7.09,6.95
19960913,,,5.21,5.38,5.74,6.1,6.29,6.48,6.64,6.74,7.1,6.95
19960912,,,5.28,5.5,5.9,6.27,6.44,6.64,6.79,6.88,7.23,7.08
19960911,,,5.31,5.52,5.94,6.34,6.51,6.7,6.84,6.94,7.27,7.12
19960910,,,5.29,5.55,5.93,6.34,6.52,6.7,6.84,6.94,7.28,7.13
19960909,,,5.29,5.5,5.91,6.32,6.47,6.67,6.8,6.9,7.23,7.08
19960906,,,5.33,5.57,5.92,6.33,6.52,6.72,6.84,6.94,7.27,7.12
19960905,,,5.34,5.59,5.98,6.38,6.56,6.76,6.88,6.98,7.3,7.15
19960904,,,5.32,5.58,5.97,6.38,6.56,6.74,6.85,6.94,7.25,7.1
19960903,,,5.32,5.58,5.94,6.35,6.54,6.71,6.83,6.92,7.22,7.07
19960830,,,5.29,5.49,5.91,6.34,6.54,6.73,6.86,6.96,7.28,7.13
19960829,,,5.24,5.41,5.82,6.23,6.42,6.61,6.74,6.86,7.19,7.05
19960828,,,5.2,5.36,5.77,6.17,6.36,6.56,6.68,6.79,7.13,6.99
19960827,,,5.2,5.36,5.76,6.17,6.36,6.55,6.67,6.78,7.12,6.97
19960826,,,5.21,5.37,5.77,6.18,6.37,6.57,6.69,6.8,7.14,7.0
19960823,,,5.15,5.32,5.69,6.09,6.27,6.48,6.61,6.72,7.06,6.93
19960822,,,5.14,5.29,5.62,6.0,6.18,6.38,6.51,6.62,6.97,6.84
19960821,,,5.14,5.3,5.62,5.99,6.15,6.35,6.49,6.61,6.97,6.83
19960820,,,5.18,5.32,5.62,5.97,6.14,6.34,6.47,6.59,6.94,6.8
19960819,,,5.2,5.35,5.64,5.97,6.15,6.34,6.47,6.59,6.94,6.8
19960816,,,5.18,5.32,5.61,5.95,6.13,6.31,6.43,6.56,6.9,6.77
19960815,,,5.19,5.34,5.66,6.0,6.17,6.37,6.49,6.62,6.95,6.82
19960814,,,5.16,5.31,5.61,5.97,6.14,6.33,6.46,6.58,6.92,6.78
19960813,,,5.17,5.32,5.63,5.97,6.14,6.32,6.44,6.57,6.92,6.78
19960812,,,5.18,5.3,5.58,5.92,6.08,6.24,6.37,6.49,6.82,6.7
19960809,,,5.15,5.32,5.57,5.93,6.09,6.25,6.37,6.5,6.83,6.7
19960808,,,5.15,5.33,5.62,5.97,6.14,6.29,6.43,6.56,6.89,6.76
19960807,,,5.18,5.33,5.62,5.97,6.14,6.3,6.43,6.55,6.87,6.78
19960806,,,5.19,5.32,5.61,5.93,6.13,6.29,6.42,6.54,6.86,6.76
19960805,,,5.2,5.32,5.6,5.93,6.1,6.28,6.4,6.53,6.84,6.75
19960802,,,5.21,5.32,5.6,5.91,6.09,6.26,6.38,6.51,6.83,6.74
19960801,,,5.25,5.41,5.74,6.08,6.25,6.41,6.52,6.65,6.94,6.84
19960731,,,5.32,5.47,5.85,6.22,6.39,6.57,6.68,6.8,7.07,6.98
19960730,,,5.34,5.51,5.88,6.3,6.47,6.65,6.77,6.89,7.14,7.05
19960729,,,5.37,5.56,5.93,6.32,6.5,6.69,6.81,6.93,7.19,7.09
19960726,,,5.29,5.52,5.85,6.25,6.45,6.62,6.74,6.85,7.12,7.02
19960725,,,5.29,5.53,5.85,6.28,6.46,6.65,6.74,6.87,7.14,7.04
19960724,,,5.31,5.53,5.86,6.26,6.46,6.63,6.76,6.87,7.15,7.04
19960723,,,5.3,5.52,5.85,6.23,6.42,6.6,6.7,6.8,7.08,6.97
19960722,,,5.3,5.53,5.86,6.23,6.43,6.62,6.73,6.84,7.12,7.01
19960719,,,5.28,5.5,5.81,6.18,6.35,6.55,6.67,6.78,7.08,6.97
19960718,,,5.25,5.46,5.79,6.16,6.32,6.5,6.61,6.72,7.02,6.92
19960717,,,5.26,5.49,5.79,6.23,6.43,6.61,6.75,6.83,7.14,7.02
19960716,,,5.27,5.49,5.77,6.23,6.42,6.61,6.74,6.84,7.14,7.03
19960715,,,5.32,5.57,5.86,6.32,6.5,6.67,6.79,6.89,7.18,7.07
19960712,,,5.28,5.52,5.84,6.26,6.45,6.65,6.76,6.85,7.15,7.03
19960711,,,5.26,5.53,5.85,6.28,6.47,6.67,6.81,6.9,7.19,7.07
19960710,,,5.29,5.57,5.89,6.34,6.52,6.71,6.85,6.95,7.22,7.1
19960709,,,5.34,5.63,5.95,6.41,6.61,6.78,6.92,7.0,7.27,7.15
19960708,,,5.35,5.65,5.98,6.43,6.62,6.81,6.95,7.05,7.32,7.19
19960705,,,5.31,5.6,5.97,6.44,6.62,6.82,6.95,7.06,7.31,7.19
19960703,,,5.24,5.43,5.75,6.2,6.36,6.53,6.67,6.78,7.06,6.94
19960702,,,5.32,5.49,5.8,6.22,6.4,6.56,6.67,6.8,7.06,6.94
19960701,,,5.27,5.43,5.74,6.15,6.33,6.49,6.61,6.74,7.03,6.91
19960628,,,5.18,5.37,5.7,6.11,6.3,6.47,6.61,6.73,7.03,6.9
19960627,,,5.2,5.42,5.77,6.21,6.41,6.59,6.72,6.83,7.13,6.99
19960626,,,5.24,5.45,5.83,6.3,6.49,6.67,6.8,6.91,7.19,7.05
19960625,,,5.24,5.44,5.82,6.3,6.5,6.7,6.82,6.91,7.2,7.06
19960624,,,5.23,5.44,5.83,6.32,6.52,6.72,6.86,6.94,7.24,7.09
19960621,,,5.26,5.48,5.84,6.35,6.52,6.74,6.87,6.96,7.25,7.11
19960620,,,5.26,5.48,5.87,6.38,6.55,6.77,6.89,6.98,7.27,7.12
19960619,,,5.23,5.46,5.81,6.31,6.5,6.74,6.89,6.96,7.27,7.12
19960618,,,5.21,5.46,5.78,6.28,6.48,6.71,6.87,6.93,7.25,7.09
19960617,,,5.19,5.46,5.78,6.27,6.47,6.68,6.82,6.9,7.22,7.06
19960614,,,5.21,5.48,5.8,6.29,6.49,6.72,6.87,6.95,7.26,7.1
19960613,,,5.24,5.51,5.85,6.36,6.56,6.8,6.95,7.01,7.32,7.15
19960612,,,5.26,5.53,5.88,6.39,6.59,6.81,6.99,7.03,7.35,7.18
19960611,,,5.27,5.53,5.87,6.37,6.56,6.77,6.94,6.99,7.31,7.13
19960610,,,5.29,5.56,5.88,6.4,6.58,6.77,6.91,6.97,7.28,7.1
19960607,,,5.26,5.53,5.86,6.4,6.56,6.75,6.87,6.93,7.22,7.05
19960606,,,5.21,5.4,5.71,6.16,6.32,6.52,6.67,6.76,7.08,6.91
19960605,,,5.22,5.41,5.76,6.24,6.43,6.6,6.75,6.82,7.14,6.96
19960604,,,5.2,5.42,5.78,6.24,6.44,6.62,6.78,6.86,7.18,7.0
19960603,,,5.23,5.41,5.78,6.26,6.43,6.64,6.8,6.87,7.19,7.01
19960531,,,5.18,5.36,5.77,6.27,6.44,6.64,6.78,6.85,7.17,7.0
19960530,,,5.18,5.35,5.71,6.18,6.36,6.55,6.7,6.78,7.08,6.92
19960529,,,5.18,5.36,5.7,6.16,6.33,6.56,6.69,6.77,7.1,6.94
19960528,,,5.17,5.34,5.63,6.05,6.23,6.44,6.58,6.67,7.02,6.85
19960524,,,5.18,5.33,5.61,6.03,6.2,6.42,6.58,6.65,7.01,6.84
19960523,,,5.18,5.34,5.63,6.05,6.23,6.44,6.6,6.68,7.05,6.87
19960522,,,5.18,5.32,5.56,6.03,6.19,6.38,6.55,6.63,6.99,6.81
19960521,,,5.18,5.32,5.57,6.03,6.19,6.41,6.58,6.65,7.04,6.85
19960520,,,5.17,5.32,5.56,6.02,6.18,6.38,6.54,6.62,7.01,6.82
19960517,,,5.15,5.33,5.58,6.04,6.2,6.41,6.58,6.65,7.03,6.84
19960516,,,5.15,5.33,5.6,6.08,6.25,6.45,6.63,6.7,7.08,6.9
19960515,,,5.13,5.31,5.58,6.01,6.18,6.39,6.56,6.65,7.03,6.84
19960514,,,5.14,5.31,5.58,6.01,6.19,6.4,6.58,6.66,7.04,6.85
19960513,,,5.16,5.34,5.62,6.06,6.25,6.45,6.64,6.72,7.09,6.9
19960510,,,5.13,5.31,5.62,6.04,6.23,6.45,6.65,6.75,7.12,6.93
19960509,,,5.13,5.32,5.68,6.14,6.35,6.57,6.76,6.84,7.21,7.02
19960508,,,5.13,5.31,5.66,6.15,6.35,6.56,6.74,6.78,7.19,7.0
19960507,,,5.14,5.36,5.71,6.2,6.38,6.6,6.8,6.87,7.27,7.08
19960506,,,5.14,5.35,5.66,6.15,6.34,6.57,6.77,6.86,7.25,7.07
19960503,,,5.14,5.34,5.69,6.2,6.37,6.61,6.81,6.9,7.29,7.12
19960502,,,5.13,5.34,5.69,6.16,6.34,6.56,6.75,6.85,7.21,7.05
19960501,,,5.11,5.29,5.6,6.03,6.19,6.39,6.58,6.68,7.08,6.91
19960430,,,5.14,5.3,5.62,6.03,6.19,6.4,6.58,6.66,7.06,6.89
19960429,,,5.14,5.28,5.57,5.98,6.13,6.33,6.51,6.59,7.0,6.83
19960426,,,5.11,5.23,5.55,5.92,6.08,6.29,6.47,6.54,6.96,6.79
19960425,,,5.09,5.24,5.57,5.99,6.15,6.31,6.49,6.56,7.01,6.81
19960424,,,5.13,5.24,5.51,5.95,6.13,6.34,6.51,6.57,7.01,6.81
19960423,,,5.1,5.23,5.48,5.93,6.1,6.31,6.47,6.52,6.97,6.78
19960422,,,5.09,5.22,5.48,5.92,6.06,6.28,6.44,6.48,6.95,6.75
19960419,,,5.01,5.24,5.5,5.95,6.1,6.32,6.48,6.53,7.0,6.8
19960418,,,4.98,5.26,5.56,6.02,6.18,6.39,6.56,6.58,7.02,6.84
19960417,,,4.96,5.24,5.53,5.96,6.12,6.33,6.49,6.52,6.99,6.81
19960416,,,4.95,5.21,5.48,5.91,6.06,6.28,6.46,6.48,6.95,6.78
19960415,,,4.97,5.21,5.47,5.93,6.07,6.27,6.46,6.47,6.98,6.79
19960412,,,5.07,5.28,5.53,5.96,6.12,6.31,6.49,6.52,7.0,6.81
19960411,,,5.08,5.32,5.65,6.12,6.33,6.5,6.68,6.68,7.15,6.95
19960410,,,5.08,5.31,5.64,6.1,6.24,6.44,6.63,6.63,7.1,6.91
19960409,,,5.1,5.32,5.6,6.06,6.21,6.37,6.56,6.56,7.04,6.84
19960408,,,5.16,5.39,5.67,6.11,6.27,6.46,6.62,6.63,7.07,6.88
19960405,,,5.15,5.36,5.63,6.09,6.22,6.4,6.57,6.57,7.01,6.83
19960404,,,5.11,5.25,5.48,5.83,5.95,6.12,6.32,6.33,6.83,6.66
19960403,,,5.15,5.25,5.46,5.77,5.89,6.06,6.26,6.27,6.8,6.63
19960402,,,5.16,5.25,5.44,5.74,5.86,6.02,6.23,6.25,6.77,6.62
19960401,,,5.2,5.26,5.41,5.79,5.91,6.09,6.28,6.31,6.82,6.66
19960329,,,5.13,5.2,5.41,5.79,5.91,6.1,6.3,6.34,6.83,6.67
19960328,,,5.19,5.23,5.48,5.88,5.99,6.2,6.38,6.41,6.9,6.73
19960327,,,5.17,5.19,5.45,5.81,5.93,6.12,6.3,6.34,6.84,6.68
19960326,,,5.13,5.18,5.38,5.72,5.82,6.0,6.19,6.25,6.73,6.59
19960325,,,5.13,5.16,5.38,5.69,5.81,6.0,6.2,6.26,6.74,6.58
19960322,,,5.1,5.22,5.41,5.74,5.85,6.05,6.26,6.32,6.8,6.65
19960321,,,5.07,5.21,5.4,5.72,5.82,6.01,6.23,6.28,6.78,6.62
19960320,,,5.16,5.22,5.41,5.76,5.86,6.05,6.26,6.34,6.81,6.65
19960319,,,5.19,5.26,5.47,5.85,5.99,6.15,6.35,6.41,6.86,6.7
19960318,,,5.17,5.27,5.51,5.89,6.02,6.16,6.38,6.43,6.86,6.71
19960315,,,5.14,5.24,5.51,5.87,6.01,6.19,6.4,6.46,6.9,6.75
19960314,,,5.11,5.16,5.38,5.7,5.84,6.03,6.28,6.36,6.83,6.68
19960313,,,5.09,5.18,5.39,5.73,5.86,6.03,6.28,6.35,6.83,6.68
19960312,,,5.09,5.19,5.41,5.78,5.92,6.04,6.28,6.36,6.79,6.66
19960311,,,5.09,5.18,5.38,5.71,5.86,6.0,6.24,6.33,6.76,6.63
19960308,,,5.01,5.2,5.39,5.73,5.88,6.05,6.28,6.41,6.84,6.7
19960307,,,5.03,5.06,5.14,5.4,5.53,5.71,5.96,6.07,6.56,6.46
19960306,,,5.03,5.05,5.13,5.36,5.48,5.68,5.93,6.05,6.54,6.44
19960305,,,5.02,5.01,5.07,5.28,5.4,5.6,5.84,5.96,6.48,6.39
19960304,,,5.02,4.98,5.02,5.21,5.32,5.52,5.78,5.92,6.43,6.34
19960301,,,4.98,4.94,5.07,5.26,5.4,5.6,5.86,5.99,6.48,6.38
19960229,,,5.02,5.05,5.23,5.44,5.56,5.73,5.99,6.13,6.57,6.48
19960228,,,5.01,5.05,5.22,5.43,5.51,5.73,5.97,6.11,6.58,6.48
19960227,,,5.01,5.02,5.12,5.28,5.41,5.63,5.9,6.06,6.56,6.47
19960226,,,4.98,4.98,5.05,5.18,5.33,5.56,5.85,6.01,6.54,6.45
19960223,,,4.97,4.99,5.02,5.13,5.29,5.53,5.82,5.97,6.5,6.42
19960222,,,4.95,4.98,4.99,5.11,5.23,5.47,5.76,5.92,6.43,6.36
19960221,,,4.96,5.03,5.05,5.16,5.3,5.56,5.81,5.98,6.47,6.39
19960220,,,4.99,5.09,5.09,5.18,5.3,5.53,5.83,6.01,6.45,6.39
19960216,,,4.89,4.9,4.84,4.9,5.01,5.29,5.58,5.76,6.27,6.23
19960215,,,4.92,4.92,4.84,4.87,4.95,5.23,5.5,5.7,6.22,6.16
19960214,,,4.94,4.9,4.8,4.82,4.91,5.17,5.43,5.62,6.13,6.07
19960213,,,4.93,4.86,4.79,4.8,4.89,5.14,5.39,5.58,6.08,6.02
19960212,,,4.93,4.9,4.8,4.83,4.94,5.17,5.42,5.61,6.1,6.05
19960209,,,4.93,4.91,4.82,4.85,4.98,5.25,5.49,5.66,6.17,6.11
19960208,,,4.92,4.93,4.84,4.9,5.01,5.27,5.51,5.66,6.17,6.09
19960207,,,4.94,4.95,4.86,4.92,5.03,5.27,5.51,5.66,6.17,6.15
19960206,,,4.98,4.97,4.87,4.93,5.03,5.28,5.5,5.68,6.15,6.14
19960205,,,5.0,4.98,4.88,4.95,5.09,5.3,5.54,5.7,6.17,6.15
19960202,,,4.99,4.94,4.85,4.9,5.04,5.24,5.49,5.66,6.16,6.15
19960201,,,5.03,4.98,4.88,4.93,5.05,5.24,5.47,5.63,6.11,6.08
19960131,,,5.05,4.97,4.9,4.93,5.06,5.25,5.46,5.6,6.07,6.03
19960130,,,5.14,5.05,4.98,5.02,5.13,5.3,5.51,5.63,6.08,6.04
19960129,,,5.17,5.12,5.05,5.1,5.21,5.37,5.56,5.69,6.14,6.09
19960126,,,5.11,5.11,5.02,5.08,5.18,5.34,5.54,5.65,6.1,6.04
19960125,,,5.12,5.12,5.06,5.11,5.23,5.41,5.58,5.7,6.16,6.11
19960124,,,5.12,5.1,5.03,5.07,5.16,5.3,5.5,5.62,6.08,6.02
19960123,,,5.12,5.11,5.06,5.09,5.18,5.37,5.55,5.66,6.14,6.09
19960122,,,5.14,5.1,5.06,5.08,5.17,5.34,5.5,5.61,6.09,6.04
19960119,,,5.1,5.06,5.02,5.03,5.1,5.27,5.43,5.54,6.02,5.97
19960118,,,5.11,5.02,5.01,5.01,5.09,5.25,5.42,5.53,6.03,5.98
19960117,,,5.14,5.05,5.04,5.05,5.14,5.29,5.46,5.58,6.05,6.0
19960116,,,5.14,5.08,5.06,5.08,5.19,5.37,5.55,5.66,6.14,6.09
19960112,,,5.18,5.18,5.14,5.17,5.26,5.4,5.64,5.75,6.22,6.16
19960111,,,5.19,5.19,5.16,5.22,5.31,5.47,5.67,5.78,6.22,6.16
19960110,,,5.19,5.19,5.19,5.22,5.33,5.5,5.67,5.8,6.23,6.16
19960109,,,5.18,5.2,5.16,5.18,5.27,5.41,5.58,5.7,6.12,6.06
19960108,,,5.18,5.22,5.19,5.2,5.27,5.41,5.56,5.68,6.1,6.04
19960105,,,5.19,5.22,5.19,5.2,5.29,5.42,5.59,5.69,6.11,6.05
19960104,,,5.19,5.23,5.19,5.17,5.26,5.39,5.55,5.65,6.08,6.03
19960103,,,5.2,5.22,5.16,5.17,5.21,5.36,5.49,5.58,6.01,5.96
19960102,,,5.2,5.25,5.17,5.18,5.26,5.39,5.51,5.6,6.03,5.97
19971231,,,5.36,5.45,5.51,5.66,5.68,5.71,5.77,5.75,6.02,5.93
19971230,,,5.45,5.49,5.55,5.71,5.75,5.76,5.82,5.8,6.06,5.98
19971229,,,5.45,5.51,5.55,5.69,5.73,5.73,5.76,5.76,6.01,5.93
19971226,,,5.35,5.47,5.54,5.69,5.72,5.72,5.75,5.75,5.99,5.9
19971224,,,5.38,5.49,5.54,5.67,5.71,5.72,5.76,5.76,6.0,5.91
19971223,,,5.46,5.53,5.55,5.69,5.7,5.71,5.74,5.73,5.98,5.9
19971222,,,5.46,5.53,5.55,5.69,5.7,5.71,5.73,5.72,5.97,5.89
19971219,,,5.33,5.46,5.5,5.66,5.67,5.7,5.74,5.72,6.0,5.92
19971218,,,5.24,5.42,5.49,5.68,5.69,5.74,5.78,5.76,6.03,5.94
19971217,,,5.25,5.42,5.5,5.7,5.72,5.77,5.82,5.81,6.08,5.99
19971216,,,5.23,5.4,5.47,5.68,5.69,5.74,5.8,5.77,6.05,5.96
19971215,,,5.23,5.41,5.47,5.68,5.7,5.74,5.8,5.78,6.06,5.97
19971212,,,5.18,5.35,5.42,5.63,5.67,5.71,5.76,5.74,6.03,5.94
19971211,,,5.2,5.39,5.48,5.68,5.72,5.77,5.84,5.82,6.11,6.02
19971210,,,5.21,5.44,5.51,5.75,5.79,5.85,5.92,5.9,6.17,6.1
19971209,,,5.27,5.5,5.59,5.81,5.86,5.9,5.97,5.95,6.21,6.14
19971208,,,5.29,5.55,5.63,5.85,5.87,5.92,5.98,5.96,6.21,6.14
19971205,,,5.3,5.49,5.56,5.8,5.83,5.87,5.94,5.92,6.16,6.09
19971204,,,5.27,5.4,5.49,5.71,5.75,5.78,5.86,5.84,6.11,6.04
19971203,,,5.26,5.4,5.53,5.74,5.77,5.8,5.85,5.83,6.1,6.02
19971202,,,5.26,5.41,5.56,5.78,5.8,5.83,5.88,5.86,6.11,6.03
19971201,,,5.27,5.42,5.56,5.78,5.8,5.83,5.88,5.86,6.13,6.04
19971128,,,5.22,5.43,5.52,5.76,5.8,5.83,5.89,5.86,6.12,6.04
19971126,,,5.26,5.42,5.5,5.74,5.77,5.82,5.89,5.86,6.14,6.06
19971125,,,5.3,5.46,5.49,5.71,5.75,5.8,5.87,5.85,6.15,6.06
19971124,,,5.29,5.43,5.47,5.71,5.75,5.81,5.88,5.86,6.17,6.08
19971121,,,5.25,5.35,5.43,5.68,5.7,5.77,5.84,5.82,6.13,6.04
19971120,,,5.28,5.39,5.49,5.73,5.74,5.8,5.87,5.84,6.14,6.05
19971119,,,5.28,5.38,5.47,5.7,5.72,5.77,5.84,5.82,6.12,6.03
19971118,,,5.31,5.39,5.48,5.71,5.74,5.8,5.88,5.85,6.18,6.07
19971117,,,5.31,5.38,5.45,5.7,5.74,5.79,5.88,5.85,6.18,6.07
19971114,,,5.27,5.36,5.43,5.7,5.74,5.8,5.9,5.86,6.19,6.09
19971113,,,5.27,5.37,5.42,5.7,5.75,5.79,5.9,5.87,6.21,6.11
19971112,,,5.3,5.37,5.43,5.7,5.76,5.81,5.92,5.89,6.23,6.13
19971110,,,5.32,5.39,5.46,5.73,5.78,5.82,5.94,5.91,6.25,6.15
19971107,,,5.31,5.33,5.42,5.71,5.77,5.81,5.92,5.9,6.25,6.14
19971106,,,5.31,5.31,5.42,5.7,5.76,5.79,5.92,5.9,6.25,6.15
19971105,,,5.27,5.32,5.45,5.73,5.78,5.84,5.97,5.95,6.3,6.24
19971104,,,5.25,5.35,5.46,5.73,5.77,5.83,5.98,5.95,6.3,6.25
19971103,,,5.26,5.35,5.44,5.69,5.77,5.79,5.94,5.91,6.27,6.21
19971031,,,5.21,5.32,5.36,5.63,5.7,5.72,5.87,5.84,6.21,6.15
19971030,,,5.17,5.25,5.33,5.61,5.7,5.73,5.88,5.84,6.23,6.17
19971029,,,5.19,5.26,5.35,5.67,5.74,5.78,5.95,5.91,6.28,6.23
19971028,,,5.25,5.33,5.41,5.74,5.8,5.89,6.0,5.98,6.33,6.29
19971027,,,5.08,5.22,5.29,5.62,5.7,5.79,5.94,5.91,6.29,6.24
19971024,,,5.15,5.35,5.46,5.79,5.86,5.94,6.05,6.01,6.35,6.3
19971023,,,5.13,5.35,5.48,5.79,5.86,5.95,6.07,6.04,6.39,6.33
19971022,,,5.16,5.41,5.58,5.91,5.97,6.06,6.17,6.12,6.48,6.41
19971021,,,5.07,5.38,5.57,5.92,5.98,6.07,6.18,6.14,6.49,6.42
19971020,,,5.09,5.36,5.56,5.9,5.97,6.07,6.18,6.15,6.49,6.42
19971017,,,5.06,5.33,5.56,5.91,5.98,6.08,6.19,6.17,6.51,6.44
19971016,,,5.07,5.32,5.51,5.84,5.9,6.0,6.12,6.09,6.45,6.39
19971015,,,5.06,5.34,5.52,5.84,5.9,6.0,6.13,6.1,6.45,6.39
19971014,,,5.08,5.34,5.5,5.81,5.87,5.97,6.09,6.07,6.42,6.36
19971010,,,5.14,5.32,5.54,5.86,5.92,6.03,6.17,6.15,6.49,6.44
19971009,,,5.14,5.3,5.48,5.8,5.86,5.98,6.1,6.09,6.43,6.38
19971008,,,5.09,5.25,5.46,5.79,5.85,5.96,6.09,6.08,6.41,6.37
19971007,,,5.06,5.19,5.38,5.67,5.73,5.82,5.95,5.94,6.29,6.24
19971006,,,5.08,5.22,5.4,5.68,5.75,5.85,5.97,5.96,6.31,6.27
19971003,,,5.03,5.22,5.42,5.72,5.79,5.89,6.02,6.01,6.35,6.3
19971002,,,5.07,5.25,5.44,5.73,5.8,5.91,6.02,6.01,6.36,6.31
19971001,,,5.1,5.27,5.44,5.75,5.83,5.93,6.05,6.04,6.38,6.33
19970930,,,5.06,5.28,5.47,5.8,5.88,6.0,6.11,6.12,6.47,6.41
19970929,,,5.07,5.3,5.47,5.8,5.88,5.99,6.09,6.1,6.44,6.39
19970926,,,4.99,5.18,5.47,5.8,5.89,5.99,6.08,6.08,6.43,6.37
19970925,,,4.93,5.17,5.5,5.85,5.93,6.04,6.13,6.13,6.47,6.4
19970924,,,4.94,5.15,5.46,5.78,5.86,5.97,6.04,6.04,6.38,6.32
19970923,,,5.02,5.21,5.48,5.8,5.89,6.02,6.09,6.1,6.44,6.38
19970922,,,5.02,5.22,5.46,5.79,5.86,5.99,6.05,6.06,6.41,6.35
19970919,,,5.06,5.27,5.48,5.81,5.89,6.01,6.08,6.09,6.44,6.38
19970918,,,5.1,5.27,5.47,5.81,5.9,6.02,6.1,6.11,6.46,6.4
19970917,,,5.1,5.29,5.46,5.79,5.88,5.99,6.08,6.1,6.45,6.39
19970916,,,5.09,5.28,5.47,5.81,5.88,6.0,6.09,6.11,6.47,6.41
19970915,,,5.08,5.31,5.54,5.93,6.02,6.17,6.28,6.28,6.65,6.58
19970912,,,5.1,5.32,5.54,5.93,6.03,6.17,6.28,6.29,6.66,6.59
19970911,,,5.13,5.36,5.59,6.0,6.11,6.27,6.38,6.39,6.75,6.68
19970910,,,5.11,5.35,5.61,6.0,6.1,6.26,6.36,6.37,6.71,6.66
19970909,,,5.16,5.35,5.6,5.98,6.09,6.24,6.33,6.34,6.7,6.63
19970908,,,5.16,5.37,5.61,5.98,6.09,6.23,6.33,6.33,6.68,6.62
19970905,,,5.17,5.38,5.58,5.98,6.09,6.24,6.36,6.37,6.72,6.65
19970904,,,5.14,5.38,5.6,5.98,6.09,6.22,6.33,6.33,6.67,6.61
19970903,,,5.14,5.38,5.57,5.96,6.07,6.21,6.33,6.33,6.67,6.6
19970902,,,5.21,5.39,5.57,5.94,6.06,6.2,6.3,6.31,6.65,6.58
19970829,,,5.24,5.39,5.59,5.97,6.1,6.22,6.33,6.34,6.69,6.61
19970828,,,5.24,5.38,5.56,5.94,6.06,6.18,6.29,6.3,6.64,6.57
19970827,,,5.28,5.4,5.6,6.01,6.13,6.23,6.37,6.38,6.74,6.66
19970826,,,5.28,5.39,5.6,5.99,6.12,6.24,6.37,6.38,6.74,6.66
19970825,,,5.28,5.39,5.6,6.01,6.12,6.25,6.38,6.39,6.75,6.67
19970822,,,5.25,5.34,5.57,5.98,6.09,6.21,6.36,6.38,6.75,6.67
19970821,,,5.27,5.37,5.57,5.95,6.05,6.15,6.3,6.3,6.68,6.6
19970820,,,5.24,5.36,5.53,5.88,6.0,6.1,6.24,6.24,6.61,6.54
19970819,,,5.25,5.35,5.51,5.85,5.97,6.07,6.21,6.21,6.59,6.51
19970818,,,5.23,5.35,5.5,5.82,5.94,6.06,6.21,6.21,6.6,6.53
19970815,,,5.29,5.38,5.53,5.87,6.0,6.1,6.27,6.27,6.65,6.57
19970814,,,5.34,5.42,5.57,5.92,6.03,6.13,6.27,6.27,6.65,6.56
19970813,,,5.32,5.43,5.6,5.95,6.09,6.19,6.36,6.36,6.72,6.64
19970812,,,5.31,5.46,5.63,6.0,6.14,6.22,6.39,6.39,6.75,6.66
19970811,,,5.31,5.45,5.63,5.99,6.13,6.2,6.35,6.36,6.72,6.64
19970808,,,5.29,5.45,5.6,6.02,6.15,6.23,6.37,6.38,6.74,6.64
19970807,,,5.3,5.45,5.54,5.93,6.05,6.14,6.24,6.24,6.58,6.51
19970806,,,5.29,5.43,5.53,5.91,6.03,6.11,6.2,6.21,6.53,6.48
19970805,,,5.29,5.43,5.55,5.93,6.04,6.13,6.22,6.23,6.55,6.49
19970804,,,5.29,5.41,5.53,5.91,6.02,6.12,6.2,6.23,6.54,6.48
19970801,,,5.28,5.4,5.52,5.89,5.99,6.08,6.17,6.2,6.52,6.46
19970731,,,5.25,5.33,5.45,5.74,5.81,5.9,5.99,6.02,6.35,6.3
19970730,,,5.24,5.34,5.46,5.76,5.85,5.95,6.03,6.05,6.39,6.33
19970729,,,5.24,5.34,5.47,5.79,5.88,6.0,6.08,6.11,6.43,6.38
19970728,,,5.24,5.37,5.52,5.86,5.96,6.06,6.14,6.16,6.49,6.43
19970725,,,5.24,5.36,5.53,5.87,5.97,6.08,6.16,6.18,6.51,6.45
19970724,,,5.23,5.35,5.52,5.87,5.95,6.06,6.13,6.16,6.49,6.43
19970723,,,5.2,5.34,5.52,5.85,5.95,6.06,6.13,6.14,6.48,6.42
19970722,,,5.18,5.36,5.52,5.9,5.94,6.07,6.13,6.15,6.5,6.43
19970721,,,5.27,5.39,5.61,5.94,6.05,6.18,6.25,6.27,6.61,6.55
19970718,,,5.24,5.36,5.59,5.91,6.02,6.16,6.23,6.24,6.58,6.52
19970717,,,5.18,5.33,5.57,5.87,5.99,6.11,6.18,6.19,6.54,6.49
19970716,,,5.17,5.32,5.51,5.87,5.99,6.11,6.18,6.2,6.54,6.48
19970715,,,5.22,5.32,5.56,5.92,6.05,6.16,6.25,6.26,6.6,6.55
19970714,,,5.22,5.33,5.56,5.94,6.05,6.16,6.24,6.26,6.61,6.55
19970711,,,5.14,5.31,5.52,5.89,6.01,6.13,6.22,6.23,6.58,6.53
19970710,,,5.15,5.32,5.53,5.91,6.02,6.15,6.24,6.26,6.61,6.56
19970709,,,5.11,5.3,5.53,5.9,6.02,6.15,6.23,6.25,6.6,6.56
19970708,,,5.12,5.3,5.55,5.92,6.05,6.17,6.26,6.27,6.63,6.59
19970707,,,5.12,5.28,5.55,5.92,6.04,6.17,6.26,6.27,6.63,6.58
19970703,,,5.14,5.26,5.57,5.93,6.07,6.2,6.29,6.31,6.67,6.63
19970702,,,5.2,5.33,5.64,6.02,6.17,6.3,6.4,6.42,6.78,6.72
19970701,,,5.18,5.31,5.64,6.02,6.19,6.33,6.42,6.45,6.8,6.74
19970630,,,5.25,5.34,5.67,6.08,6.25,6.4,6.49,6.51,6.86,6.8
19970627,,,5.15,5.26,5.62,6.03,6.2,6.35,6.43,6.46,6.82,6.75
19970626,,,5.17,5.26,5.63,6.05,6.24,6.36,6.47,6.5,6.86,6.78
19970625,,,5.07,5.26,5.67,6.05,6.19,6.34,6.44,6.45,6.8,6.74
19970624,,,5.07,5.28,5.66,6.03,6.18,6.31,6.38,6.42,6.76,6.7
19970623,,,5.06,5.27,5.66,6.04,6.17,6.3,6.37,6.4,6.76,6.69
19970620,,,5.08,5.31,5.63,6.02,6.14,6.27,6.37,6.37,6.72,6.65
19970619,,,5.08,5.31,5.65,6.04,6.17,6.29,6.38,6.4,6.76,6.68
19970618,,,5.03,5.3,5.66,6.02,6.17,6.29,6.38,6.4,6.77,6.69
19970617,,,5.05,5.31,5.66,6.05,6.18,6.31,6.39,6.43,6.78,6.72
19970616,,,5.03,5.3,5.65,6.02,6.15,6.28,6.38,6.4,6.76,6.7
19970613,,,5.0,5.34,5.65,6.03,6.18,6.3,6.39,6.43,6.79,6.73
19970612,,,4.97,5.35,5.68,6.07,6.21,6.35,6.44,6.48,6.84,6.77
19970611,,,4.98,5.4,5.75,6.19,6.32,6.45,6.52,6.56,6.9,6.83
19970610,,,5.05,5.41,5.75,6.17,6.32,6.46,6.54,6.57,6.91,6.84
19970609,,,5.06,5.4,5.75,6.15,6.31,6.44,6.51,6.55,6.9,6.83
19970606,,,5.07,5.38,5.71,6.12,6.25,6.39,6.46,6.51,6.85,6.78
19970605,,,5.11,5.41,5.76,6.2,6.33,6.49,6.57,6.62,6.95,6.88
19970604,,,5.09,5.4,5.77,6.2,6.33,6.49,6.56,6.62,6.95,6.88
19970603,,,5.05,5.4,5.77,6.2,6.33,6.49,6.56,6.63,6.94,6.88
19970602,,,5.07,5.42,5.78,6.23,6.36,6.52,6.59,6.66,6.98,6.9
19970530,,,4.96,5.46,5.78,6.22,6.37,6.51,6.61,6.67,6.99,6.92
19970529,,,5.03,5.46,5.84,6.3,6.45,6.61,6.69,6.75,7.06,6.99
19970528,,,5.18,5.48,5.91,6.34,6.48,6.65,6.74,6.8,7.11,7.03
19970527,,,5.18,5.5,5.89,6.3,6.47,6.64,6.73,6.79,7.12,7.03
19970523,,,5.18,5.46,5.85,6.25,6.41,6.59,6.68,6.74,7.07,6.99
19970522,,,5.18,5.47,5.87,6.27,6.44,6.61,6.69,6.76,7.08,7.0
19970521,,,5.12,5.5,5.81,6.25,6.4,6.57,6.67,6.74,7.06,6.97
19970520,,,5.39,5.53,5.83,6.25,6.4,6.54,6.64,6.7,7.01,6.92
19970519,,,5.38,5.62,5.89,6.28,6.42,6.57,6.66,6.71,7.0,6.92
19970516,,,5.2,5.57,5.87,6.28,6.41,6.55,6.64,6.7,7.0,6.91
19970515,,,5.13,5.54,5.84,6.25,6.39,6.52,6.61,6.67,6.96,6.88
19970514,,,5.19,5.52,5.86,6.26,6.41,6.54,6.64,6.68,6.98,6.9
19970513,,,5.24,5.55,5.88,6.3,6.44,6.6,6.67,6.71,7.01,6.92
19970512,,,5.24,5.55,5.85,6.23,6.37,6.5,6.6,6.65,6.96,6.88
19970509,,,5.19,5.48,5.86,6.24,6.4,6.51,6.62,6.67,6.97,6.89
19970508,,,5.21,5.55,5.93,6.33,6.47,6.59,6.68,6.72,7.01,6.92
19970507,,,5.22,5.57,5.95,6.36,6.51,6.63,6.72,6.76,7.05,6.96
19970506,,,5.21,5.59,5.9,6.29,6.39,6.56,6.63,6.67,6.98,6.89
19970505,,,5.22,5.57,5.88,6.28,6.41,6.54,6.63,6.67,6.99,6.9
19970502,,,5.24,5.56,5.88,6.26,6.4,6.54,6.63,6.68,6.99,6.9
19970501,,,5.24,5.55,5.89,6.27,6.41,6.55,6.65,6.69,7.02,6.93
19970430,,,5.28,5.53,5.9,6.29,6.42,6.57,6.68,6.72,7.05,6.95
19970429,,,5.34,5.53,5.92,6.34,6.49,6.64,6.75,6.77,7.09,6.99
19970428,,,5.35,5.68,6.06,6.51,6.66,6.81,6.9,6.92,7.23,7.12
19970425,,,5.31,5.65,6.08,6.54,6.7,6.83,6.92,6.94,7.25,7.14
19970424,,,5.32,5.63,6.05,6.52,6.68,6.83,6.92,6.93,7.23,7.13
19970423,,,5.37,5.62,6.0,6.47,6.63,6.78,6.86,6.89,7.2,7.09
19970422,,,5.36,5.59,5.97,6.43,6.59,6.73,6.81,6.84,7.16,7.05
19970421,,,5.36,5.61,5.97,6.46,6.61,6.76,6.85,6.87,7.2,7.09
19970418,,,5.29,5.63,5.94,6.42,6.57,6.73,6.81,6.84,7.17,7.06
19970417,,,5.29,5.64,5.96,6.44,6.6,6.75,6.84,6.86,7.18,7.07
19970416,,,5.29,5.63,5.99,6.49,6.64,6.79,6.88,6.9,7.22,7.11
19970415,,,5.31,5.62,5.99,6.45,6.62,6.76,6.87,6.88,7.21,7.1
19970414,,,5.3,5.61,6.04,6.54,6.7,6.86,6.95,6.98,7.29,7.17
19970411,,,5.31,5.66,6.04,6.53,6.69,6.85,6.95,6.98,7.29,7.17
19970410,,,5.29,5.62,5.99,6.46,6.61,6.78,6.88,6.91,7.22,7.11
19970409,,,5.24,5.59,5.98,6.44,6.6,6.77,6.88,6.91,7.22,7.11
19970408,,,5.25,5.56,5.98,6.44,6.61,6.76,6.87,6.91,7.23,7.11
19970407,,,5.26,5.55,5.97,6.41,6.57,6.73,6.84,6.87,7.2,7.08
19970404,,,5.29,5.56,5.98,6.44,6.61,6.78,6.9,6.92,7.25,7.14
19970403,,,5.27,5.52,5.95,6.4,6.55,6.72,6.84,6.86,7.19,7.08
19970402,,,5.3,5.53,5.98,6.42,6.58,6.73,6.85,6.88,7.2,7.08
19970401,,,5.32,5.53,6.0,6.42,6.58,6.74,6.87,6.9,7.21,7.09
19970331,,,5.35,5.55,6.02,6.45,6.6,6.77,6.89,6.92,7.22,7.1
19970327,,,5.37,5.6,6.02,6.45,6.61,6.76,6.88,6.9,7.2,7.09
19970326,,,5.35,5.59,5.97,6.38,6.52,6.66,6.76,6.8,7.11,7.0
19970325,,,5.44,5.6,5.91,6.33,6.48,6.63,6.72,6.75,7.07,6.95
19970324,,,5.4,5.55,5.87,6.29,6.45,6.58,6.69,6.72,7.06,6.94
19970321,,,5.41,5.59,5.88,6.29,6.46,6.61,6.7,6.74,7.08,6.96
19970320,,,5.34,5.55,5.83,6.27,6.45,6.61,6.7,6.75,7.09,6.97
19970319,,,5.29,5.5,5.79,6.24,6.41,6.58,6.7,6.74,7.1,6.99
19970318,,,5.25,5.48,5.77,6.22,6.38,6.56,6.68,6.72,7.08,6.96
19970317,,,5.25,5.48,5.77,6.22,6.38,6.55,6.67,6.72,7.08,6.96
19970314,,,5.24,5.43,5.74,6.18,6.35,6.53,6.66,6.71,7.07,6.95
19970313,,,5.26,5.45,5.76,6.21,6.38,6.55,6.68,6.72,7.09,6.98
19970312,,,5.21,5.4,5.71,6.12,6.27,6.43,6.56,6.6,6.98,6.87
19970311,,,5.18,5.38,5.68,6.09,6.25,6.4,6.53,6.57,6.96,6.84
19970310,,,5.2,5.4,5.7,6.1,6.25,6.4,6.52,6.56,6.94,6.83
19970307,,,5.22,5.4,5.68,6.1,6.25,6.39,6.52,6.57,6.93,6.83
19970306,,,5.23,5.43,5.72,6.15,6.29,6.45,6.58,6.62,6.99,6.89
19970305,,,5.21,5.41,5.71,6.13,6.27,6.43,6.55,6.6,6.96,6.85
19970304,,,5.25,5.4,5.7,6.11,6.27,6.44,6.55,6.6,6.97,6.86
19970303,,,5.24,5.39,5.68,6.11,6.25,6.41,6.53,6.58,6.94,6.83
19970228,,,5.22,5.39,5.67,6.09,6.23,6.39,6.5,6.56,6.91,6.8
19970227,,,5.22,5.35,5.66,6.09,6.23,6.4,6.5,6.58,6.92,6.82
19970226,,,5.22,5.3,5.64,6.06,6.21,6.37,6.48,6.56,6.9,6.8
19970225,,,5.13,5.24,5.52,5.9,6.04,6.2,6.31,6.4,6.76,6.66
19970224,,,5.16,5.23,5.5,5.89,6.02,6.19,6.3,6.39,6.76,6.66
19970221,,,5.09,5.23,5.48,5.85,5.98,6.16,6.27,6.36,6.74,6.63
19970220,,,5.1,5.23,5.49,5.85,5.99,6.17,6.3,6.38,6.74,6.64
19970219,,,5.11,5.24,5.46,5.82,5.93,6.1,6.21,6.3,6.67,6.57
19970218,,,5.12,5.24,5.46,5.8,5.92,6.08,6.19,6.28,6.65,6.55
19970214,,,5.1,5.17,5.45,5.79,5.91,6.07,6.18,6.28,6.64,6.53
19970213,,,5.13,5.21,5.48,5.83,5.97,6.12,6.23,6.32,6.69,6.58
19970212,,,5.16,5.26,5.52,5.9,6.04,6.19,6.31,6.39,6.78,6.72
19970211,,,5.14,5.28,5.52,5.88,6.01,6.18,6.3,6.43,6.77,6.71
19970210,,,5.17,5.29,5.5,5.87,6.0,6.16,6.29,6.43,6.77,6.71
19970207,,,5.14,5.26,5.49,5.86,6.0,6.17,6.32,6.43,6.78,6.72
19970206,,,5.14,5.28,5.53,5.91,6.05,6.22,6.36,6.49,6.83,6.76
19970205,,,5.13,5.28,5.53,5.91,6.04,6.21,6.35,6.47,6.81,6.75
19970204,,,5.1,5.28,5.54,5.88,6.02,6.19,6.32,6.45,6.78,6.72
19970203,,,5.12,5.28,5.54,5.89,6.03,6.21,6.34,6.47,6.81,6.74
19970131,,,5.15,5.28,5.58,5.94,6.08,6.26,6.4,6.53,6.86,6.8
19970130,,,5.18,5.31,5.63,6.01,6.16,6.35,6.49,6.61,6.95,6.88
19970129,,,5.18,5.29,5.61,6.04,6.19,6.38,6.52,6.63,6.97,6.9
19970128,,,5.18,5.3,5.61,6.04,6.19,6.38,6.53,6.64,6.98,6.91
19970127,,,5.21,5.34,5.66,6.11,6.25,6.42,6.57,6.69,7.01,6.94
19970124,,,5.16,5.34,5.62,6.07,6.21,6.39,6.53,6.64,6.97,6.89
19970123,,,5.18,5.34,5.62,6.06,6.19,6.35,6.49,6.6,6.93,6.85
19970122,,,5.18,5.33,5.6,6.0,6.15,6.32,6.45,6.56,6.9,6.83
19970121,,,5.18,5.31,5.6,5.99,6.12,6.29,6.41,6.52,6.86,6.78
19970117,,,5.14,5.28,5.6,6.0,6.14,6.32,6.46,6.56,6.9,6.83
19970116,,,5.16,5.28,5.61,6.0,6.15,6.33,6.47,6.57,6.91,6.83
19970115,,,5.16,5.28,5.57,5.98,6.12,6.3,6.43,6.53,6.87,6.79
19970114,,,5.19,5.27,5.6,5.98,6.12,6.3,6.43,6.53,6.86,6.77
19970113,,,5.08,5.31,5.66,6.07,6.22,6.4,6.52,6.63,6.95,6.85
19970110,,,5.17,5.33,5.66,6.06,6.21,6.4,6.52,6.63,6.94,6.86
19970109,,,5.13,5.27,5.57,5.94,6.1,6.27,6.41,6.52,6.85,6.76
19970108,,,5.16,5.3,5.61,6.01,6.17,6.34,6.49,6.6,6.92,6.83
19970107,,,5.16,5.3,5.61,5.98,6.14,6.32,6.47,6.57,6.89,6.8
19970106,,,5.17,5.31,5.61,5.97,6.12,6.3,6.44,6.54,6.86,6.77
19970103,,,5.17,5.34,5.6,5.95,6.11,6.28,6.42,6.52,6.84,6.74
19970102,,,5.19,5.35,5.63,5.97,6.13,6.3,6.45,6.54,6.85,6.75
19981231,,,4.48,4.55,4.53,4.54,4.55,4.56,4.73,4.65,5.39,5.09
19981230,,,4.55,4.59,4.54,4.56,4.55,4.55,4.71,4.65,5.4,5.09
19981229,,,4.59,4.64,4.62,4.6,4.6,4.6,4.75,4.71,5.41,5.12
19981228,,,4.56,4.68,4.65,4.73,4.71,4.66,4.82,4.78,5.47,5.17
19981224,,,4.57,4.7,4.72,4.78,4.76,4.74,4.89,4.86,5.55,5.23
19981223,,,4.58,4.68,4.69,4.73,4.71,4.65,4.84,4.81,5.51,5.2
19981222,,,4.5,4.62,4.56,4.59,4.56,4.5,4.72,4.7,5.45,5.13
19981221,,,4.51,4.62,4.53,4.56,4.52,4.45,4.66,4.64,5.38,5.07
19981218,,,4.49,4.55,4.48,4.45,4.43,4.38,4.58,4.58,5.32,5.01
19981217,,,4.46,4.53,4.45,4.42,4.39,4.34,4.57,4.58,5.32,5.01
19981216,,,4.46,4.51,4.44,4.4,4.38,4.34,4.54,4.58,5.33,5.01
19981215,,,4.49,4.56,4.49,4.47,4.44,4.39,4.62,4.62,5.34,5.03
19981214,,,4.49,4.56,4.47,4.42,4.39,4.35,4.56,4.58,5.3,4.99
19981211,,,4.5,4.56,4.49,4.46,4.42,4.39,4.59,4.61,5.31,5.02
19981210,,,4.48,4.53,4.45,4.39,4.37,4.33,4.51,4.53,5.24,4.95
19981209,,,4.43,4.52,4.46,4.42,4.4,4.37,4.56,4.56,5.25,4.97
19981208,,,4.43,4.54,4.49,4.46,4.43,4.4,4.61,4.6,5.29,5.0
19981207,,,4.46,4.57,4.58,4.54,4.51,4.47,4.7,4.69,5.36,5.05
19981204,,,4.48,4.51,4.49,4.46,4.43,4.38,4.61,4.62,5.34,5.05
19981203,,,4.45,4.48,4.41,4.36,4.33,4.31,4.54,4.58,5.29,5.02
19981202,,,4.48,4.49,4.41,4.36,4.34,4.31,4.54,4.59,5.28,5.03
19981201,,,4.49,4.51,4.46,4.44,4.44,4.43,4.63,4.67,5.32,5.06
19981130,,,4.57,4.58,4.53,4.54,4.54,4.51,4.7,4.74,5.33,5.08
19981127,,,4.55,4.61,4.59,4.62,4.63,4.6,4.8,4.81,5.42,5.16
19981125,,,4.57,4.63,4.6,4.66,4.64,4.63,4.81,4.83,5.45,5.19
19981124,,,4.62,4.64,4.6,4.64,4.66,4.63,4.81,4.85,5.47,5.23
19981123,,,4.59,4.62,4.57,4.63,4.61,4.6,4.79,4.84,5.49,5.25
19981120,,,4.46,4.57,4.56,4.66,4.62,4.6,4.77,4.82,5.44,5.22
19981119,,,4.46,4.55,4.55,4.66,4.64,4.63,4.81,4.85,5.45,5.25
19981118,,,4.44,4.51,4.53,4.63,4.61,4.58,4.78,4.85,5.44,5.25
19981117,,,4.42,4.51,4.52,4.58,4.58,4.57,4.8,4.87,5.51,5.3
19981116,,,4.52,4.59,4.55,4.56,4.57,4.55,4.79,4.85,5.47,5.28
19981113,,,4.47,4.54,4.52,4.54,4.56,4.53,4.78,4.82,5.46,5.26
19981112,,,4.48,4.56,4.5,4.47,4.52,4.47,4.74,4.77,5.46,5.25
19981110,,,4.54,4.61,4.53,4.5,4.57,4.5,4.78,4.81,5.48,5.27
19981109,,,4.58,4.66,4.54,4.57,4.63,4.55,4.84,4.88,5.51,5.28
19981106,,,4.64,4.7,4.64,4.59,4.65,4.58,4.92,4.93,5.63,5.37
19981105,,,4.58,4.64,4.53,4.47,4.55,4.48,4.78,4.82,5.55,5.29
19981104,,,4.56,4.59,4.46,4.43,4.53,4.48,4.78,4.83,5.56,5.34
19981103,,,4.5,4.51,4.33,4.25,4.37,4.33,4.63,4.78,5.46,5.22
19981102,,,4.54,4.53,4.33,4.26,4.39,4.39,4.63,4.77,5.49,5.23
19981030,,,4.33,4.36,4.18,4.12,4.24,4.24,4.47,4.64,5.38,5.15
19981029,,,4.32,4.3,4.08,4.0,4.12,4.13,4.39,4.54,5.31,5.09
19981028,,,4.28,4.26,4.07,4.01,4.15,4.18,4.43,4.6,5.34,5.13
19981027,,,4.06,4.14,4.04,4.12,4.2,4.23,4.48,4.63,5.33,5.08
19981026,,,4.06,4.21,4.13,4.23,4.3,4.32,4.58,4.73,5.38,5.13
19981023,,,3.97,4.15,4.07,4.2,4.24,4.28,4.6,4.7,5.47,5.16
19981022,,,3.98,4.12,4.04,4.16,4.18,4.19,4.51,4.62,5.46,5.13
19981021,,,4.0,4.08,4.02,4.12,4.17,4.17,4.49,4.59,5.41,5.08
19981020,,,3.95,4.04,3.98,3.98,4.12,4.14,4.46,4.57,5.42,5.06
19981019,,,3.94,3.99,3.92,3.9,4.04,4.06,4.38,4.47,5.32,4.98
19981016,,,3.65,3.85,3.86,3.86,4.04,4.04,4.41,4.44,5.3,4.96
19981015,,,4.15,4.27,4.25,4.13,4.27,4.23,4.56,4.58,5.4,5.02
19981014,,,4.02,4.2,4.19,4.08,4.25,4.23,4.58,4.58,5.38,5.0
19981013,,,3.99,4.22,4.25,4.13,4.33,4.37,4.74,4.73,5.49,5.1
19981009,,,3.88,4.05,4.16,4.19,4.39,4.46,4.78,4.77,5.5,5.13
19981008,,,3.89,4.12,4.11,4.1,4.24,4.29,4.57,4.56,5.29,4.99
19981007,,,4.15,4.32,4.23,4.12,4.13,4.13,4.34,4.34,5.09,4.83
19981006,,,4.18,4.37,4.22,4.1,4.1,4.05,4.22,4.24,5.0,4.75
19981005,,,4.23,4.34,4.18,4.04,4.02,3.95,4.13,4.16,4.93,4.7
19981002,,,4.22,4.37,4.29,4.17,4.13,4.08,4.23,4.31,5.05,4.85
19981001,,,4.23,4.36,4.28,4.17,4.1,4.1,4.26,4.33,5.09,4.9
19980930,,,4.37,4.49,4.41,4.3,4.26,4.23,4.38,4.44,5.17,4.98
19980929,,,4.54,4.64,4.53,4.47,4.41,4.4,4.52,4.59,5.29,5.1
19980928,,,4.56,4.61,4.53,4.45,4.42,4.4,4.53,4.61,5.33,5.15
19980925,,,4.52,4.5,4.49,4.43,4.41,4.4,4.53,4.6,5.3,5.13
19980924,,,4.55,4.55,4.52,4.43,4.43,4.43,4.56,4.64,5.34,5.15
19980923,,,4.67,4.68,4.6,4.52,4.52,4.48,4.64,4.69,5.34,5.16
19980922,,,4.81,4.87,4.72,4.66,4.62,4.57,4.69,4.73,5.36,5.16
19980921,,,4.82,4.86,4.71,4.63,4.58,4.51,4.64,4.69,5.35,5.12
19980918,,,4.63,4.79,4.7,4.61,4.56,4.5,4.64,4.7,5.35,5.15
19980917,,,4.7,4.83,4.76,4.7,4.63,4.6,4.74,4.8,5.37,5.18
19980916,,,4.74,4.89,4.78,4.75,4.71,4.69,4.82,4.88,5.38,5.23
19980915,,,4.79,4.9,4.77,4.73,4.69,4.68,4.84,4.9,5.41,5.25
19980914,,,4.83,4.94,4.77,4.72,4.65,4.65,4.82,4.87,5.39,5.23
19980911,,,4.87,4.88,4.73,4.68,4.65,4.65,4.81,4.85,5.37,5.23
19980910,,,4.78,4.76,4.6,4.57,4.51,4.55,4.72,4.76,5.33,5.18
19980909,,,4.88,4.92,4.81,4.79,4.7,4.79,4.92,4.95,5.43,5.28
19980908,,,4.94,4.99,4.91,4.91,4.81,4.89,5.03,5.04,5.5,5.34
19980904,,,4.86,4.99,4.91,4.91,4.84,4.9,5.01,5.02,5.44,5.29
19980903,,,4.83,4.97,4.9,4.91,4.82,4.91,5.02,5.03,5.46,5.31
19980902,,,4.91,4.99,4.91,4.96,4.88,4.96,5.08,5.1,5.5,5.34
19980901,,,4.92,4.97,4.87,4.86,4.83,4.91,5.06,5.05,5.49,5.34
19980831,,,4.96,5.03,4.95,4.91,4.85,4.91,5.03,5.05,5.45,5.3
19980828,,,4.91,5.01,4.96,4.93,4.89,4.94,5.09,5.09,5.51,5.37
19980827,,,4.99,5.07,5.02,4.98,4.93,4.97,5.11,5.12,5.53,5.38
19980826,,,5.06,5.13,5.16,5.12,5.09,5.11,5.23,5.26,5.58,5.44
19980825,,,5.09,5.15,5.17,5.18,5.14,5.13,5.24,5.25,5.59,5.44
19980824,,,5.08,5.15,5.18,5.22,5.18,5.19,5.3,5.3,5.62,5.48
19980821,,,5.01,5.12,5.19,5.25,5.23,5.24,5.33,5.32,5.62,5.46
19980820,,,5.04,5.17,5.24,5.32,5.3,5.32,5.39,5.38,5.66,5.52
19980819,,,5.07,5.19,5.25,5.34,5.33,5.35,5.42,5.42,5.71,5.56
19980818,,,5.06,5.2,5.26,5.36,5.3,5.35,5.42,5.41,5.7,5.56
19980817,,,5.07,5.19,5.24,5.34,5.27,5.33,5.41,5.4,5.69,5.56
19980814,,,5.03,5.13,5.25,5.34,5.3,5.34,5.42,5.4,5.67,5.55
19980813,,,5.04,5.17,5.26,5.37,5.32,5.38,5.46,5.44,5.73,5.6
19980812,,,5.02,5.14,5.21,5.32,5.29,5.34,5.43,5.4,5.7,5.62
19980811,,,5.03,5.13,5.2,5.31,5.3,5.33,5.4,5.37,5.68,5.6
19980810,,,5.07,5.15,5.23,5.34,5.35,5.39,5.44,5.41,5.71,5.63
19980807,,,4.99,5.16,5.24,5.34,5.33,5.39,5.44,5.4,5.72,5.63
19980806,,,5.03,5.2,5.3,5.39,5.38,5.43,5.49,5.44,5.76,5.67
19980805,,,5.08,5.21,5.3,5.39,5.38,5.43,5.48,5.43,5.74,5.66
19980804,,,5.1,5.24,5.33,5.43,5.42,5.44,5.49,5.43,5.74,5.65
19980803,,,5.13,5.25,5.37,5.46,5.44,5.46,5.51,5.46,5.75,5.67
19980731,,,5.1,5.21,5.38,5.49,5.48,5.52,5.56,5.5,5.81,5.72
19980730,,,5.07,5.21,5.38,5.49,5.49,5.52,5.56,5.5,5.82,5.73
19980729,,,5.07,5.21,5.37,5.49,5.49,5.52,5.59,5.52,5.87,5.77
19980728,,,5.07,5.2,5.35,5.46,5.47,5.49,5.56,5.5,5.84,5.74
19980727,,,5.06,5.22,5.36,5.48,5.47,5.49,5.54,5.47,5.81,5.7
19980724,,,5.08,5.24,5.36,5.48,5.47,5.48,5.52,5.45,5.79,5.68
19980723,,,5.09,5.24,5.35,5.46,5.47,5.46,5.52,5.45,5.77,5.66
19980722,,,5.07,5.24,5.37,5.48,5.48,5.47,5.52,5.46,5.79,5.68
19980721,,,5.09,5.25,5.37,5.46,5.47,5.46,5.52,5.45,5.78,5.67
19980720,,,5.09,5.26,5.37,5.46,5.47,5.47,5.53,5.48,5.83,5.71
19980717,,,5.14,5.24,5.37,5.46,5.48,5.49,5.57,5.51,5.85,5.75
19980716,,,5.17,5.24,5.38,5.46,5.49,5.48,5.56,5.5,5.83,5.72
19980715,,,5.14,5.22,5.35,5.46,5.47,5.46,5.53,5.48,5.82,5.7
19980714,,,5.16,5.24,5.36,5.46,5.48,5.47,5.54,5.49,5.82,5.72
19980713,,,5.13,5.23,5.35,5.44,5.46,5.45,5.52,5.46,5.8,5.68
19980710,,,5.06,5.22,5.33,5.41,5.42,5.4,5.47,5.42,5.73,5.63
19980709,,,5.07,5.23,5.33,5.43,5.42,5.4,5.46,5.41,5.71,5.6
19980708,,,5.09,5.25,5.34,5.44,5.46,5.43,5.49,5.43,5.73,5.63
19980707,,,5.08,5.24,5.35,5.44,5.46,5.43,5.48,5.42,5.7,5.6
19980706,,,5.09,5.23,5.34,5.43,5.43,5.4,5.45,5.39,5.68,5.57
19980702,,,5.07,5.17,5.35,5.44,5.46,5.43,5.47,5.42,5.7,5.6
19980701,,,5.09,5.22,5.37,5.46,5.47,5.43,5.5,5.44,5.73,5.63
19980630,,,5.1,5.24,5.38,5.49,5.49,5.47,5.52,5.44,5.73,5.62
19980629,,,5.16,5.27,5.4,5.51,5.52,5.5,5.55,5.47,5.75,5.65
19980626,,,5.01,5.29,5.4,5.51,5.53,5.49,5.53,5.46,5.74,5.64
19980625,,,5.02,5.3,5.41,5.53,5.53,5.5,5.54,5.46,5.76,5.66
19980624,,,5.04,5.31,5.41,5.49,5.51,5.48,5.54,5.46,5.76,5.66
19980623,,,5.1,5.34,5.41,5.49,5.51,5.51,5.53,5.45,5.74,5.64
19980622,,,5.11,5.34,5.41,5.52,5.5,5.52,5.54,5.46,5.77,5.66
19980619,,,5.17,5.32,5.4,5.52,5.5,5.52,5.54,5.47,5.78,5.67
19980618,,,5.19,5.34,5.42,5.53,5.53,5.55,5.58,5.5,5.8,5.7
19980617,,,5.23,5.36,5.44,5.55,5.54,5.57,5.61,5.54,5.84,5.74
19980616,,,5.2,5.32,5.39,5.5,5.47,5.49,5.52,5.45,5.75,5.65
19980615,,,5.16,5.29,5.33,5.43,5.41,5.42,5.45,5.38,5.7,5.61
19980612,,,5.13,5.31,5.35,5.43,5.43,5.43,5.48,5.43,5.75,5.66
19980611,,,5.11,5.32,5.37,5.45,5.44,5.46,5.49,5.44,5.74,5.65
19980610,,,5.14,5.38,5.44,5.55,5.54,5.55,5.58,5.51,5.8,5.7
19980609,,,5.17,5.4,5.46,5.6,5.6,5.61,5.64,5.59,5.89,5.79
19980608,,,5.16,5.38,5.46,5.58,5.59,5.6,5.63,5.58,5.89,5.79
19980605,,,5.12,5.34,5.45,5.58,5.59,5.6,5.63,5.58,5.89,5.79
19980604,,,5.12,5.33,5.43,5.58,5.58,5.6,5.65,5.59,5.91,5.82
19980603,,,5.13,5.32,5.42,5.55,5.56,5.57,5.63,5.57,5.89,5.8
19980602,,,5.08,5.32,5.41,5.53,5.53,5.56,5.62,5.56,5.89,5.8
19980601,,,5.08,5.3,5.4,5.52,5.51,5.53,5.59,5.53,5.87,5.78
19980529,,,5.03,5.33,5.42,5.53,5.54,5.56,5.63,5.56,5.9,5.81
19980528,,,5.07,5.35,5.43,5.57,5.57,5.56,5.65,5.58,5.93,5.83
19980527,,,5.09,5.35,5.41,5.53,5.54,5.57,5.64,5.56,5.93,5.83
19980526,,,5.17,5.38,5.45,5.61,5.59,5.6,5.67,5.59,5.94,5.85
19980522,,,5.22,5.4,5.45,5.63,5.63,5.65,5.72,5.64,5.99,5.9
19980521,,,5.24,5.43,5.47,5.63,5.63,5.66,5.73,5.65,6.01,5.93
19980520,,,5.21,5.36,5.42,5.57,5.57,5.6,5.68,5.61,5.98,5.89
19980519,,,5.23,5.37,5.45,5.59,5.6,5.63,5.73,5.65,6.02,5.94
19980518,,,5.2,5.37,5.45,5.59,5.59,5.63,5.72,5.64,5.99,5.92
19980515,,,5.18,5.38,5.46,5.63,5.64,5.67,5.76,5.68,6.05,5.97
19980514,,,5.18,5.38,5.48,5.63,5.64,5.66,5.76,5.67,6.05,5.98
19980513,,,5.12,5.38,5.44,5.59,5.6,5.63,5.72,5.64,6.02,5.95
19980512,,,5.12,5.36,5.44,5.59,5.6,5.65,5.74,5.7,6.04,5.96
19980511,,,5.14,5.39,5.48,5.66,5.7,5.72,5.82,5.79,6.12,6.04
19980508,,,5.14,5.35,5.44,5.61,5.64,5.65,5.75,5.71,6.05,5.98
19980507,,,5.12,5.32,5.42,5.56,5.6,5.6,5.72,5.67,6.02,5.95
19980506,,,5.11,5.32,5.41,5.56,5.59,5.6,5.72,5.67,6.02,5.94
19980505,,,5.11,5.32,5.45,5.61,5.64,5.66,5.76,5.7,6.05,5.98
19980504,,,5.1,5.32,5.42,5.59,5.62,5.63,5.73,5.67,6.02,5.94
19980501,,,5.02,5.27,5.41,5.59,5.62,5.63,5.72,5.67,6.02,5.94
19980430,,,5.0,5.24,5.4,5.59,5.62,5.65,5.74,5.68,6.04,5.95
19980429,,,5.07,5.32,5.49,5.71,5.75,5.78,5.87,5.81,6.15,6.08
19980428,,,5.06,5.34,5.48,5.69,5.73,5.78,5.86,5.8,6.15,6.07
19980427,,,5.08,5.35,5.48,5.71,5.73,5.77,5.86,5.8,6.15,6.07
19980424,,,5.08,5.26,5.39,5.61,5.62,5.65,5.72,5.67,6.02,5.95
19980423,,,5.09,5.27,5.4,5.61,5.62,5.66,5.74,5.69,6.05,5.98
19980422,,,5.09,5.25,5.41,5.6,5.62,5.66,5.73,5.68,6.04,5.96
19980421,,,5.07,5.25,5.41,5.6,5.62,5.66,5.73,5.68,6.03,5.96
19980420,,,5.08,5.25,5.39,5.57,5.57,5.61,5.7,5.65,6.0,5.92
19980417,,,5.05,5.26,5.36,5.54,5.53,5.57,5.64,5.59,5.95,5.88
19980416,,,5.04,5.28,5.37,5.53,5.53,5.57,5.64,5.59,5.94,5.87
19980415,,,5.08,5.3,5.38,5.55,5.56,5.59,5.66,5.6,5.96,5.89
19980414,,,5.16,5.32,5.4,5.57,5.58,5.6,5.69,5.63,5.98,5.91
19980413,,,5.19,5.35,5.42,5.59,5.61,5.64,5.72,5.66,6.01,5.94
19980409,,,5.07,5.22,5.33,5.5,5.52,5.56,5.64,5.59,5.95,5.88
19980408,,,5.06,5.21,5.3,5.49,5.51,5.54,5.64,5.58,5.96,5.9
19980407,,,5.07,5.2,5.28,5.45,5.48,5.5,5.59,5.53,5.91,5.84
19980406,,,5.1,5.22,5.3,5.45,5.47,5.49,5.58,5.51,5.89,5.82
19980403,,,5.08,5.17,5.25,5.42,5.42,5.44,5.54,5.47,5.85,5.78
19980402,,,5.1,5.22,5.35,5.52,5.53,5.54,5.64,5.56,5.92,5.85
19980401,,,5.12,5.24,5.37,5.55,5.58,5.59,5.68,5.62,5.98,5.9
19980331,,,5.16,5.27,5.41,5.6,5.61,5.64,5.74,5.67,6.02,5.94
19980330,,,5.18,5.3,5.44,5.65,5.69,5.7,5.79,5.72,6.06,5.98
19980327,,,5.21,5.2,5.43,5.63,5.66,5.67,5.75,5.68,6.03,5.96
19980326,,,5.22,5.2,5.41,5.62,5.65,5.66,5.74,5.68,6.02,5.96
19980325,,,5.18,5.19,5.4,5.58,5.59,5.62,5.7,5.64,6.0,5.94
19980324,,,5.17,5.21,5.37,5.5,5.52,5.57,5.63,5.58,5.95,5.88
19980323,,,5.17,5.21,5.36,5.52,5.52,5.56,5.63,5.57,5.95,5.88
19980320,,,5.19,5.27,5.36,5.52,5.5,5.56,5.64,5.57,5.95,5.89
19980319,,,5.18,5.28,5.37,5.52,5.52,5.56,5.65,5.58,5.97,5.9
19980318,,,5.17,5.27,5.36,5.52,5.51,5.55,5.65,5.58,5.97,5.91
19980317,,,5.14,5.25,5.36,5.5,5.48,5.53,5.63,5.56,5.95,5.89
19980316,,,5.12,5.24,5.33,5.47,5.47,5.52,5.6,5.54,5.92,5.86
19980313,,,5.09,5.21,5.35,5.5,5.49,5.54,5.65,5.58,5.95,5.89
19980312,,,5.08,5.19,5.34,5.5,5.49,5.52,5.62,5.56,5.94,5.87
19980311,,,5.09,5.22,5.37,5.53,5.54,5.57,5.69,5.63,6.0,5.93
19980310,,,5.09,5.23,5.38,5.55,5.56,5.62,5.73,5.67,6.03,5.97
19980309,,,5.11,5.24,5.39,5.57,5.56,5.61,5.74,5.67,6.04,5.97
19980306,,,5.15,5.24,5.4,5.58,5.59,5.65,5.78,5.73,6.09,6.02
19980305,,,5.18,5.26,5.42,5.62,5.63,5.71,5.84,5.78,6.14,6.07
19980304,,,5.19,5.29,5.43,5.63,5.64,5.71,5.81,5.76,6.11,6.05
19980303,,,5.23,5.34,5.46,5.64,5.64,5.72,5.82,5.77,6.14,6.07
19980302,,,5.26,5.35,5.43,5.6,5.61,5.67,5.77,5.72,6.09,6.03
19980227,,,5.32,5.33,5.41,5.55,5.55,5.59,5.67,5.62,5.99,5.92
19980226,,,5.34,5.32,5.42,5.58,5.58,5.62,5.71,5.65,6.01,5.95
19980225,,,5.31,5.31,5.43,5.55,5.56,5.6,5.7,5.63,5.99,5.93
19980224,,,5.27,5.32,5.47,5.57,5.6,5.66,5.75,5.69,6.04,5.97
19980223,,,5.28,5.26,5.35,5.46,5.47,5.53,5.62,5.58,5.97,5.91
19980220,,,5.21,5.3,5.3,5.41,5.41,5.49,5.58,5.54,5.93,5.87
19980219,,,5.21,5.31,5.28,5.39,5.4,5.47,5.57,5.51,5.91,5.85
19980218,,,5.2,5.3,5.27,5.37,5.38,5.44,5.54,5.49,5.9,5.84
19980217,,,5.2,5.29,5.25,5.34,5.34,5.41,5.5,5.44,5.86,5.8
19980213,,,5.22,5.24,5.26,5.36,5.36,5.44,5.53,5.49,5.92,5.85
19980212,,,5.22,5.23,5.28,5.39,5.4,5.46,5.56,5.52,5.94,5.87
19980211,,,5.22,5.23,5.29,5.39,5.4,5.46,5.57,5.53,5.92,5.86
19980210,,,5.21,5.24,5.29,5.41,5.43,5.49,5.63,5.64,6.0,5.93
19980209,,,5.22,5.25,5.28,5.41,5.46,5.51,5.65,5.65,6.02,5.94
19980206,,,5.17,5.25,5.27,5.38,5.43,5.48,5.61,5.62,5.99,5.92
19980205,,,5.14,5.22,5.26,5.36,5.39,5.46,5.61,5.62,6.0,5.92
19980204,,,5.11,5.22,5.24,5.32,5.35,5.41,5.55,5.57,5.94,5.87
19980203,,,5.26,5.29,5.25,5.34,5.36,5.41,5.56,5.56,5.93,5.86
19980202,,,5.26,5.3,5.26,5.36,5.38,5.43,5.55,5.57,5.93,5.87
19980130,,,5.19,5.24,5.24,5.32,5.35,5.39,5.51,5.53,5.88,5.82
19980129,,,5.2,5.23,5.24,5.36,5.39,5.43,5.55,5.58,5.92,5.85
19980128,,,5.23,5.3,5.33,5.46,5.5,5.54,5.67,5.69,6.02,5.94
19980127,,,5.24,5.3,5.32,5.46,5.5,5.57,5.68,5.7,6.02,5.95
19980126,,,5.22,5.23,5.25,5.39,5.42,5.49,5.61,5.63,5.96,5.9
19980123,,,5.17,5.26,5.25,5.42,5.44,5.53,5.67,5.7,6.04,5.98
19980122,,,5.13,5.2,5.18,5.3,5.31,5.39,5.53,5.56,5.91,5.85
19980121,,,5.13,5.21,5.22,5.33,5.34,5.41,5.52,5.54,5.87,5.81
19980120,,,5.14,5.2,5.24,5.37,5.36,5.45,5.56,5.57,5.89,5.83
19980116,,,5.15,5.2,5.24,5.35,5.35,5.42,5.53,5.54,5.87,5.81
19980115,,,5.13,5.15,5.19,5.29,5.29,5.34,5.46,5.48,5.81,5.74
19980114,,,5.18,5.17,5.19,5.29,5.3,5.33,5.45,5.45,5.79,5.74
19980113,,,5.17,5.16,5.17,5.25,5.25,5.28,5.42,5.41,5.76,5.71
19980112,,,5.12,5.13,5.13,5.2,5.21,5.24,5.38,5.39,5.76,5.7
19980109,,,5.05,5.11,5.08,5.17,5.2,5.22,5.37,5.4,5.77,5.71
19980108,,,5.13,5.2,5.2,5.31,5.33,5.34,5.46,5.49,5.82,5.75
19980107,,,5.23,5.3,5.31,5.42,5.45,5.45,5.55,5.55,5.88,5.8
19980106,,,5.22,5.3,5.3,5.39,5.42,5.41,5.49,5.49,5.8,5.73
19980105,,,5.23,5.32,5.35,5.47,5.47,5.46,5.52,5.52,5.82,5.74
19980102,,,5.32,5.4,5.46,5.59,5.62,5.63,5.68,5.67,5.94,5.86
19991231,,,5.33,5.74,5.98,6.24,6.29,6.36,6.55,6.45,6.83,6.48
19991230,,,5.22,5.68,5.93,6.19,6.23,6.3,6.48,6.39,6.78,6.43
19991229,,,5.23,5.68,5.93,6.21,6.25,6.32,6.5,6.4,6.79,6.45
19991228,,,5.41,5.73,5.96,6.23,6.28,6.35,6.55,6.43,6.82,6.48
19991227,,,5.47,5.77,5.97,6.21,6.26,6.32,6.52,6.4,6.8,6.46
19991223,,,5.47,5.75,5.96,6.24,6.27,6.33,6.54,6.41,6.83,6.48
19991222,,,5.56,5.81,5.97,6.24,6.27,6.31,6.52,6.39,6.82,6.47
19991221,,,5.59,5.86,5.97,6.21,6.25,6.29,6.5,6.38,6.83,6.46
19991220,,,5.63,5.9,5.99,6.21,6.23,6.28,6.49,6.36,6.81,6.44
19991217,,,5.44,5.78,5.93,6.15,6.17,6.22,6.42,6.3,6.74,6.38
19991216,,,5.39,5.75,5.9,6.15,6.18,6.2,6.41,6.31,6.75,6.39
19991215,,,5.35,5.71,5.85,6.1,6.12,6.14,6.34,6.25,6.68,6.34
19991214,,,5.39,5.71,5.81,6.07,6.1,6.12,6.3,6.22,6.64,6.31
19991213,,,5.39,5.67,5.74,5.96,5.99,6.01,6.18,6.11,6.52,6.2
19991210,,,5.3,5.59,5.67,5.93,5.95,5.98,6.15,6.08,6.48,6.17
19991209,,,5.25,5.58,5.67,5.96,5.99,6.03,6.22,6.14,6.55,6.22
19991208,,,5.22,5.56,5.69,5.98,6.02,6.06,6.24,6.15,6.57,6.23
19991207,,,5.22,5.55,5.68,5.95,6.01,6.03,6.2,6.11,6.54,6.21
19991206,,,5.22,5.54,5.72,5.98,6.04,6.07,6.24,6.16,6.58,6.25
19991203,,,5.25,5.54,5.71,5.99,6.03,6.08,6.27,6.17,6.6,6.27
19991202,,,5.25,5.57,5.77,6.06,6.1,6.16,6.35,6.24,6.67,6.31
19991201,,,5.27,5.58,5.73,6.04,6.11,6.14,6.32,6.21,6.65,6.3
19991130,,,5.3,5.57,5.7,6.01,6.05,6.11,6.28,6.18,6.62,6.29
19991129,,,5.36,5.58,5.72,6.04,6.1,6.14,6.32,6.21,6.66,6.31
19991126,,,5.3,5.54,5.68,5.99,6.03,6.06,6.25,6.12,6.57,6.24
19991124,,,5.29,5.52,5.65,5.97,6.0,6.02,6.22,6.09,6.53,6.22
19991123,,,5.27,5.47,5.63,5.93,5.99,6.02,6.23,6.08,6.51,6.2
19991122,,,5.27,5.47,5.63,5.95,5.98,6.02,6.23,6.09,6.51,6.2
19991119,,,5.23,5.44,5.59,5.92,5.97,6.0,6.21,6.07,6.48,6.17
19991118,,,5.23,5.46,5.58,5.9,5.94,5.99,6.2,6.06,6.49,6.17
19991117,,,5.24,5.44,5.57,5.9,5.94,5.98,6.18,6.04,6.46,6.13
19991116,,,5.29,5.45,5.55,5.85,5.88,5.91,6.1,5.97,6.4,6.06
19991115,,,5.29,5.45,5.52,5.79,5.83,5.87,6.07,5.94,6.37,6.04
19991112,,,5.23,5.41,5.49,5.78,5.82,5.85,6.06,5.93,6.37,6.03
19991110,,,5.2,5.41,5.52,5.81,5.84,5.9,6.14,6.0,6.45,6.09
19991109,,,5.19,5.37,5.49,5.77,5.81,5.87,6.1,5.97,6.43,6.07
19991108,,,5.2,5.36,5.48,5.74,5.83,5.9,6.08,5.95,6.42,6.06
19991105,,,5.14,5.33,5.43,5.72,5.8,5.88,6.07,5.92,6.41,6.05
19991104,,,5.1,5.33,5.44,5.74,5.82,5.91,6.11,5.95,6.45,6.09
19991103,,,5.12,5.33,5.46,5.79,5.88,5.97,6.18,6.01,6.49,6.14
19991102,,,5.14,5.31,5.47,5.81,5.93,5.98,6.2,6.04,6.51,6.15
19991101,,,5.16,5.32,5.47,5.83,5.93,6.0,6.23,6.06,6.55,6.19
19991029,,,5.12,5.28,5.43,5.79,5.9,5.97,6.19,6.02,6.52,6.16
19991028,,,5.11,5.31,5.49,5.87,5.95,6.05,6.3,6.12,6.63,6.25
19991027,,,5.14,5.33,5.53,5.94,6.04,6.13,6.39,6.19,6.71,6.33
19991026,,,5.15,5.34,5.57,6.02,6.09,6.17,6.46,6.24,6.77,6.38
19991025,,,5.14,5.33,5.54,5.98,6.06,6.14,6.44,6.22,6.75,6.36
19991022,,,5.07,5.28,5.5,5.96,6.02,6.13,6.43,6.21,6.76,6.36
19991021,,,5.14,5.27,5.48,5.93,6.02,6.11,6.43,6.2,6.76,6.36
19991020,,,5.15,5.25,5.49,5.94,6.02,6.11,6.41,6.19,6.74,6.34
19991019,,,5.15,5.24,5.47,5.92,5.99,6.09,6.39,6.18,6.74,6.35
19991018,,,5.15,5.21,5.42,5.85,5.92,6.03,6.34,6.12,6.69,6.3
19991015,,,5.04,5.15,5.42,5.82,5.89,5.99,6.33,6.09,6.66,6.26
19991014,,,5.02,5.17,5.45,5.9,5.97,6.09,6.41,6.17,6.73,6.32
19991013,,,4.98,5.16,5.43,5.87,5.93,6.04,6.35,6.12,6.69,6.29
19991012,,,4.93,5.14,5.38,5.82,5.89,5.99,6.29,6.07,6.63,6.23
19991008,,,4.82,5.11,5.36,5.8,5.87,5.97,6.27,6.04,6.61,6.2
19991007,,,4.84,5.12,5.36,5.82,5.91,5.99,6.28,6.05,6.6,6.19
19991006,,,4.81,5.09,5.36,5.81,5.89,5.98,6.27,6.04,6.6,6.17
19991005,,,4.86,5.12,5.33,5.78,5.87,5.94,6.24,6.02,6.59,6.17
19991004,,,4.87,5.1,5.27,5.7,5.79,5.85,6.15,5.95,6.51,6.1
19991001,,,4.88,5.01,5.3,5.73,5.83,5.9,6.22,6.0,6.57,6.15
19990930,,,4.88,4.99,5.22,5.63,5.7,5.78,6.1,5.9,6.47,6.06
19990929,,,4.83,4.98,5.27,5.68,5.75,5.86,6.18,5.97,6.55,6.13
19990928,,,4.85,4.97,5.2,5.65,5.7,5.78,6.09,5.89,6.47,6.07
19990927,,,4.87,5.01,5.19,5.62,5.67,5.73,6.01,5.83,6.42,6.02
19990924,,,4.78,5.0,5.15,5.55,5.6,5.65,5.94,5.75,6.36,5.95
19990923,,,4.82,5.05,5.22,5.63,5.7,5.76,6.06,5.87,6.44,6.05
19990922,,,4.83,5.07,5.26,5.67,5.74,5.81,6.12,5.92,6.5,6.1
19990921,,,4.79,5.06,5.26,5.67,5.76,5.83,6.14,5.94,6.52,6.1
19990920,,,4.81,5.09,5.28,5.67,5.75,5.81,6.11,5.91,6.5,6.08
19990917,,,4.67,5.07,5.24,5.63,5.74,5.76,6.06,5.87,6.47,6.05
19990916,,,4.7,5.04,5.23,5.63,5.7,5.77,6.09,5.9,6.51,6.08
19990915,,,4.75,5.07,5.25,5.67,5.79,5.81,6.14,5.94,6.56,6.11
19990914,,,4.83,5.14,5.3,5.71,5.82,5.85,6.18,5.96,6.57,6.11
19990913,,,4.8,5.13,5.28,5.66,5.76,5.8,6.12,5.92,6.51,6.06
19990910,,,4.76,5.11,5.26,5.64,5.75,5.78,6.1,5.89,6.48,6.03
19990909,,,4.81,5.15,5.3,5.71,5.81,5.85,6.19,5.97,6.54,6.1
19990908,,,4.83,5.15,5.28,5.67,5.77,5.82,6.15,5.93,6.5,6.07
19990907,,,4.85,5.15,5.27,5.69,5.78,5.83,6.17,5.95,6.52,6.07
19990903,,,4.92,5.14,5.22,5.64,5.72,5.78,6.12,5.89,6.45,6.03
19990902,,,4.92,5.19,5.3,5.74,5.83,5.9,6.23,6.03,6.58,6.15
19990901,,,4.97,5.21,5.3,5.74,5.82,5.88,6.2,5.99,6.5,6.08
19990831,,,4.98,5.21,5.3,5.73,5.82,5.88,6.2,5.98,6.49,6.07
19990830,,,5.01,5.21,5.31,5.73,5.81,5.86,6.16,5.95,6.48,6.07
19990827,,,4.98,5.11,5.24,5.65,5.74,5.75,6.05,5.85,6.38,5.96
19990826,,,4.93,5.06,5.18,5.56,5.65,5.67,5.96,5.75,6.29,5.88
19990825,,,4.93,5.04,5.14,5.53,5.61,5.63,5.94,5.73,6.28,5.87
19990824,,,4.99,5.11,5.18,5.65,5.71,5.73,6.06,5.85,6.38,5.95
19990823,,,5.01,5.16,5.21,5.66,5.73,5.79,6.11,5.89,6.41,5.98
19990820,,,4.84,5.1,5.16,5.65,5.72,5.79,6.1,5.88,6.41,5.99
19990819,,,4.76,5.08,5.18,5.66,5.74,5.81,6.12,5.9,6.43,6.03
19990818,,,4.76,5.07,5.19,5.66,5.74,5.79,6.09,5.88,6.41,6.01
19990817,,,4.83,5.13,5.23,5.68,5.75,5.8,6.1,5.89,6.41,6.02
19990816,,,4.84,5.14,5.24,5.75,5.82,5.88,6.19,5.98,6.48,6.1
19990813,,,4.74,5.07,5.19,5.71,5.81,5.88,6.21,5.98,6.45,6.09
19990812,,,4.79,5.09,5.25,5.78,5.89,5.97,6.33,6.08,6.56,6.18
19990811,,,4.91,5.11,5.22,5.76,5.86,5.96,6.32,6.05,6.52,6.22
19990810,,,4.95,5.14,5.24,5.79,5.9,6.0,6.37,6.16,6.55,6.25
19990809,,,4.96,5.15,5.24,5.79,5.89,6.04,6.33,6.13,6.54,6.23
19990806,,,4.8,5.03,5.16,5.69,5.79,5.94,6.24,6.02,6.48,6.16
19990805,,,4.74,4.95,5.05,5.55,5.64,5.77,6.07,5.88,6.38,6.05
19990804,,,4.78,4.99,5.12,5.64,5.73,5.86,6.13,5.96,6.41,6.12
19990803,,,4.84,5.02,5.17,5.65,5.75,5.86,6.13,5.95,6.42,6.15
19990802,,,4.85,4.97,5.15,5.65,5.76,5.85,6.11,5.92,6.4,6.13
19990730,,,4.75,4.85,5.13,5.63,5.7,5.82,6.1,5.92,6.4,6.11
19990729,,,4.72,4.83,5.11,5.62,5.68,5.79,6.06,5.88,6.37,6.07
19990728,,,4.71,4.79,5.04,5.54,5.59,5.7,5.97,5.81,6.3,6.01
19990727,,,4.7,4.77,5.03,5.56,5.61,5.7,5.98,5.82,6.31,6.01
19990726,,,4.68,4.73,5.04,5.61,5.68,5.73,6.02,5.86,6.34,6.04
19990723,,,4.65,4.71,5.02,5.58,5.65,5.72,6.0,5.84,6.32,6.02
19990722,,,4.61,4.68,4.99,5.52,5.62,5.66,5.94,5.78,6.27,5.97
19990721,,,4.59,4.65,4.92,5.45,5.51,5.55,5.81,5.66,6.2,5.91
19990720,,,4.64,4.64,4.96,5.43,5.48,5.54,5.8,5.65,6.18,5.89
19990719,,,4.67,4.69,5.0,5.46,5.51,5.56,5.82,5.66,6.19,5.9
19990716,,,4.68,4.67,5.0,5.5,5.53,5.57,5.83,5.68,6.18,5.9
19990715,,,4.7,4.68,5.01,5.53,5.59,5.63,5.88,5.72,6.2,5.91
19990714,,,4.72,4.69,5.01,5.55,5.59,5.63,5.89,5.74,6.21,5.92
19990713,,,4.71,4.71,5.0,5.5,5.57,5.6,5.86,5.71,6.19,5.9
19990712,,,4.74,4.73,5.02,5.53,5.56,5.62,5.89,5.74,6.2,5.92
19990709,,,4.69,4.75,5.04,5.61,5.68,5.72,5.99,5.84,6.3,6.01
19990708,,,4.68,4.74,5.04,5.59,5.66,5.72,5.98,5.85,6.3,6.01
19990707,,,4.67,4.75,5.06,5.64,5.74,5.79,6.05,5.92,6.36,6.08
19990706,,,4.72,4.78,5.08,5.64,5.73,5.77,6.02,5.88,6.34,6.05
19990702,,,4.69,4.98,5.08,5.58,5.65,5.7,5.96,5.82,6.3,6.0
19990701,,,4.68,5.01,5.09,5.58,5.65,5.73,5.98,5.85,6.32,6.02
19990630,,,4.78,5.04,5.07,5.53,5.59,5.67,5.93,5.81,6.29,5.98
19990629,,,4.84,5.13,5.17,5.68,5.75,5.84,6.08,5.93,6.38,6.07
19990628,,,4.88,5.15,5.15,5.68,5.75,5.86,6.11,5.96,6.42,6.1
19990625,,,4.8,5.1,5.18,5.73,5.81,5.91,6.18,6.02,6.49,6.16
19990624,,,4.74,5.06,5.18,5.75,5.84,5.93,6.2,6.05,6.51,6.17
19990623,,,4.73,5.05,5.18,5.7,5.79,5.9,6.15,6.0,6.47,6.13
19990622,,,4.73,5.05,5.15,5.65,5.73,5.84,6.08,5.94,6.41,6.07
19990621,,,4.74,5.05,5.01,5.62,5.68,5.81,6.04,5.9,6.36,6.03
19990618,,,4.69,4.99,4.98,5.56,5.63,5.75,5.95,5.84,6.3,5.98
19990617,,,4.64,4.95,4.95,5.49,5.56,5.67,5.92,5.79,6.27,5.95
19990616,,,4.67,5.02,5.0,5.61,5.69,5.84,6.09,5.94,6.4,6.08
19990615,,,4.74,5.08,5.09,5.66,5.74,5.87,6.12,5.98,6.43,6.11
19990614,,,4.76,5.06,5.13,5.66,5.75,5.89,6.12,5.98,6.43,6.11
19990611,,,4.74,5.1,5.16,5.7,5.78,5.92,6.17,6.02,6.47,6.13
19990610,,,4.67,5.03,5.13,5.66,5.74,5.85,6.07,5.92,6.37,6.05
19990609,,,4.6,4.99,5.12,5.61,5.69,5.79,6.02,5.87,6.32,6.02
19990608,,,4.62,4.98,5.1,5.57,5.65,5.74,5.97,5.83,6.3,6.0
19990607,,,4.64,4.98,5.08,5.56,5.64,5.73,5.96,5.81,6.27,5.97
19990604,,,4.57,4.95,5.07,5.56,5.64,5.75,5.97,5.82,6.28,5.97
19990603,,,4.65,4.96,5.07,5.54,5.62,5.75,5.95,5.8,6.25,5.96
19990602,,,4.74,4.96,5.07,5.55,5.64,5.75,5.98,5.8,6.26,5.94
19990601,,,4.77,4.97,5.09,5.54,5.63,5.74,5.99,5.78,6.27,5.94
19990528,,,4.66,4.83,4.97,5.42,5.51,5.6,5.83,5.64,6.15,5.84
19990527,,,4.65,4.83,4.98,5.43,5.52,5.59,5.81,5.62,6.15,5.85
19990526,,,4.66,4.81,4.92,5.33,5.41,5.49,5.72,5.55,6.12,5.8
19990525,,,4.64,4.8,4.9,5.3,5.37,5.44,5.66,5.49,6.07,5.76
19990524,,,4.64,4.78,4.86,5.28,5.35,5.43,5.65,5.5,6.08,5.77
19990521,,,4.61,4.77,4.87,5.3,5.37,5.46,5.67,5.52,6.08,5.78
19990520,,,4.61,4.76,4.88,5.35,5.43,5.53,5.74,5.6,6.13,5.83
19990519,,,4.63,4.78,4.9,5.37,5.44,5.54,5.72,5.6,6.09,5.81
19990518,,,4.66,4.82,4.92,5.38,5.46,5.58,5.79,5.68,6.15,5.9
19990517,,,4.71,4.82,4.9,5.31,5.4,5.53,5.75,5.66,6.16,5.91
19990514,,,4.64,4.73,4.86,5.3,5.38,5.48,5.71,5.62,6.16,5.92
19990513,,,4.59,4.68,4.75,5.12,5.19,5.29,5.48,5.41,6.0,5.75
19990512,,,4.6,4.69,4.79,5.19,5.27,5.39,5.6,5.51,6.09,5.83
19990511,,,4.62,4.71,4.8,5.19,5.27,5.4,5.63,5.59,6.11,5.85
19990510,,,4.6,4.69,4.77,5.15,5.24,5.38,5.58,5.54,6.07,5.79
19990507,,,4.62,4.69,4.78,5.19,5.27,5.4,5.6,5.54,6.1,5.82
19990506,,,4.62,4.68,4.79,5.19,5.26,5.39,5.57,5.52,6.07,5.8
19990505,,,4.61,4.67,4.75,5.09,5.16,5.27,5.46,5.4,5.97,5.71
19990504,,,4.63,4.69,4.8,5.12,5.2,5.3,5.48,5.42,6.0,5.72
19990503,,,4.62,4.69,4.79,5.08,5.16,5.25,5.44,5.38,5.93,5.67
19990430,,,4.55,4.66,4.78,5.08,5.17,5.24,5.42,5.36,5.94,5.68
19990429,,,4.51,4.6,4.68,4.95,5.02,5.09,5.26,5.22,5.79,5.53
19990428,,,4.51,4.6,4.75,5.02,5.1,5.16,5.32,5.27,5.84,5.58
19990427,,,4.5,4.6,4.74,5.04,5.07,5.12,5.29,5.22,5.82,5.55
19990426,,,4.47,4.57,4.72,5.04,5.12,5.14,5.31,5.23,5.84,5.57
19990423,,,4.43,4.6,4.71,5.04,5.09,5.15,5.34,5.26,5.87,5.6
19990422,,,4.4,4.56,4.73,5.05,5.09,5.15,5.34,5.25,5.89,5.61
19990421,,,4.36,4.53,4.68,4.99,5.03,5.07,5.24,5.17,5.8,5.52
19990420,,,4.38,4.54,4.67,4.95,5.03,5.06,5.25,5.16,5.79,5.52
19990419,,,4.36,4.54,4.69,4.99,5.04,5.08,5.27,5.18,5.81,5.55
19990416,,,4.34,4.55,4.71,5.02,5.08,5.13,5.32,5.23,5.85,5.57
19990415,,,4.32,4.51,4.66,4.97,5.05,5.08,5.27,5.18,5.8,5.53
19990414,,,4.3,4.5,4.65,4.95,4.98,5.04,5.24,5.13,5.77,5.51
19990413,,,4.32,4.5,4.66,4.94,4.97,5.02,5.23,5.12,5.77,5.5
19990412,,,4.32,4.5,4.66,4.93,4.95,4.98,5.17,5.06,5.72,5.45
19990409,,,4.42,4.51,4.63,4.88,4.91,4.96,5.17,5.05,5.73,5.46
19990408,,,4.4,4.52,4.64,4.86,4.89,4.94,5.16,5.03,5.71,5.44
19990407,,,4.42,4.54,4.69,4.93,5.01,5.04,5.26,5.14,5.8,5.51
19990406,,,4.42,4.53,4.66,4.93,4.98,5.01,5.26,5.13,5.8,5.52
19990405,,,4.4,4.53,4.67,4.96,5.02,5.07,5.33,5.2,5.88,5.59
19990402,,,4.43,4.48,4.67,4.96,5.03,5.07,5.31,5.2,5.88,5.59
19990401,,,4.44,4.51,4.73,5.01,5.08,5.15,5.4,5.27,5.96,5.67
19990331,,,4.49,4.53,4.72,4.99,5.07,5.12,5.38,5.25,5.92,5.63
19990330,,,4.48,4.5,4.72,4.97,5.03,5.09,5.34,5.21,5.89,5.59
19990329,,,4.51,4.52,4.75,5.02,5.08,5.15,5.4,5.28,5.94,5.65
19990326,,,4.51,4.53,4.74,4.99,5.05,5.1,5.35,5.21,5.9,5.61
19990325,,,4.51,4.56,4.77,5.02,5.07,5.12,5.35,5.21,5.88,5.59
19990324,,,4.5,4.54,4.73,4.98,5.04,5.07,5.3,5.17,5.84,5.54
19990323,,,4.5,4.53,4.74,5.03,5.09,5.11,5.34,5.2,5.87,5.57
19990322,,,4.52,4.58,4.77,5.08,5.1,5.13,5.34,5.21,5.87,5.57
19990319,,,4.51,4.64,4.73,5.04,5.05,5.07,5.31,5.17,5.82,5.53
19990318,,,4.51,4.63,4.72,4.99,5.0,5.02,5.24,5.11,5.77,5.49
19990317,,,4.53,4.67,4.74,5.01,5.05,5.05,5.27,5.14,5.78,5.51
19990316,,,4.55,4.69,4.74,4.97,5.01,5.03,5.24,5.11,5.75,5.48
19990315,,,4.61,4.72,4.76,4.99,5.03,5.07,5.29,5.15,5.79,5.51
19990312,,,4.6,4.68,4.76,5.0,5.06,5.08,5.31,5.16,5.82,5.54
19990311,,,4.62,4.69,4.77,5.05,5.11,5.13,5.35,5.21,5.87,5.57
19990310,,,4.6,4.68,4.75,5.04,5.09,5.13,5.35,5.2,5.86,5.56
19990309,,,4.6,4.68,4.76,5.02,5.08,5.11,5.33,5.18,5.84,5.54
19990308,,,4.64,4.73,4.83,5.12,5.18,5.21,5.42,5.29,5.9,5.6
19990305,,,4.63,4.73,4.84,5.14,5.21,5.24,5.44,5.34,5.91,5.6
19990304,,,4.62,4.75,4.9,5.2,5.27,5.32,5.52,5.41,5.97,5.69
19990303,,,4.62,4.75,4.89,5.19,5.24,5.29,5.48,5.39,5.95,5.68
19990302,,,4.66,4.75,4.93,5.18,5.24,5.27,5.44,5.35,5.88,5.63
19990301,,,4.71,4.79,4.91,5.2,5.28,5.32,5.49,5.4,5.94,5.67
19990226,,,4.66,4.7,4.88,5.13,5.16,5.21,5.39,5.29,5.85,5.57
19990225,,,4.62,4.7,4.86,5.15,5.21,5.23,5.43,5.32,5.9,5.61
19990224,,,4.67,4.7,4.85,5.05,5.09,5.12,5.29,5.18,5.82,5.51
19990223,,,4.66,4.65,4.78,5.0,5.04,5.04,5.2,5.1,5.74,5.42
19990222,,,4.65,4.62,4.73,4.91,4.94,4.95,5.14,5.03,5.67,5.36
19990219,,,4.56,4.65,4.71,4.95,4.97,4.99,5.19,5.07,5.71,5.38
19990218,,,4.53,4.61,4.72,4.93,4.95,4.96,5.16,5.04,5.7,5.37
19990217,,,4.52,4.6,4.69,4.89,4.91,4.91,5.09,4.98,5.65,5.32
19990216,,,4.56,4.64,4.73,4.93,4.95,4.96,5.14,5.03,5.69,5.35
19990212,,,4.54,4.59,4.74,4.91,4.94,4.96,5.18,5.06,5.76,5.42
19990211,,,4.5,4.55,4.66,4.8,4.82,4.83,5.01,4.93,5.58,5.29
19990210,,,4.48,4.54,4.64,4.77,4.78,4.79,4.99,4.9,5.58,5.34
19990209,,,4.53,4.57,4.65,4.79,4.78,4.78,4.99,4.91,5.58,5.33
19990208,,,4.54,4.59,4.66,4.8,4.84,4.86,5.03,4.94,5.61,5.35
19990205,,,4.5,4.6,4.66,4.8,4.85,4.88,5.04,4.94,5.61,5.34
19990204,,,4.49,4.55,4.63,4.77,4.8,4.82,5.0,4.89,5.57,5.3
19990203,,,4.48,4.55,4.59,4.72,4.73,4.74,4.91,4.83,5.52,5.25
19990202,,,4.53,4.57,4.59,4.7,4.7,4.7,4.87,4.79,5.51,5.24
19990201,,,4.53,4.56,4.58,4.65,4.65,4.65,4.82,4.75,5.45,5.19
19990129,,,4.48,4.47,4.51,4.58,4.57,4.55,4.72,4.66,5.35,5.09
19990128,,,4.49,4.45,4.52,4.58,4.57,4.57,4.73,4.67,5.37,5.11
19990127,,,4.47,4.47,4.51,4.57,4.57,4.57,4.74,4.68,5.4,5.14
19990126,,,4.46,4.46,4.51,4.63,4.61,4.58,4.76,4.69,5.41,5.12
19990125,,,4.44,4.45,4.48,4.59,4.58,4.55,4.74,4.67,5.4,5.12
19990122,,,4.36,4.44,4.46,4.59,4.58,4.54,4.73,4.64,5.38,5.09
19990121,,,4.32,4.45,4.48,4.63,4.62,4.6,4.79,4.7,5.43,5.14
19990120,,,4.37,4.49,4.53,4.66,4.66,4.65,4.86,4.76,5.48,5.18
19990119,,,4.41,4.48,4.49,4.62,4.62,4.6,4.82,4.71,5.46,5.14
19990115,,,4.44,4.44,4.46,4.56,4.55,4.54,4.76,4.66,5.43,5.1
19990114,,,4.44,4.41,4.41,4.47,4.48,4.48,4.73,4.63,5.39,5.07
19990113,,,4.45,4.48,4.49,4.61,4.61,4.6,4.84,4.74,5.49,5.16
19990112,,,4.48,4.51,4.55,4.68,4.68,4.68,4.89,4.82,5.55,5.23
19990111,,,4.51,4.57,4.62,4.74,4.75,4.76,4.95,4.9,5.61,5.29
19990108,,,4.48,4.53,4.57,4.71,4.71,4.72,4.92,4.86,5.57,5.26
19990107,,,4.44,4.49,4.51,4.63,4.63,4.62,4.82,4.77,5.48,5.23
19990106,,,4.47,4.55,4.53,4.62,4.62,4.61,4.76,4.73,5.42,5.17
19990105,,,4.48,4.57,4.56,4.64,4.64,4.62,4.8,4.74,5.48,5.21
19990104,,,4.49,4.57,4.58,4.58,4.57,4.57,4.75,4.69,5.42,5.15
20001229,,,5.89,5.7,5.32,5.11,5.06,4.99,5.16,5.12,5.59,5.46
20001228,,,5.87,5.79,5.4,5.18,5.12,5.02,5.21,5.13,5.59,5.44
20001227,,,5.75,5.68,5.32,5.1,5.04,4.99,5.17,5.11,5.58,5.45
20001226,,,5.85,5.76,5.31,5.1,5.0,4.92,5.09,5.04,5.54,5.41
20001222,,,5.27,5.52,5.25,5.1,5.02,4.93,5.07,5.02,5.52,5.4
20001221,,,5.38,5.64,5.33,5.14,5.04,4.94,5.1,5.03,5.53,5.41
20001220,,,5.82,5.82,5.46,5.24,5.12,5.0,5.13,5.08,5.55,5.42
20001219,,,5.93,5.93,5.58,5.35,5.23,5.12,5.22,5.19,5.61,5.47
20001218,,,5.95,5.94,5.58,5.33,5.21,5.1,5.19,5.17,5.59,5.44
20001215,,,6.02,5.99,5.65,5.38,5.26,5.15,5.24,5.2,5.59,5.44
20001214,,,6.06,6.01,5.7,5.43,5.31,5.19,5.28,5.23,5.6,5.45
20001213,,,6.06,6.03,5.74,5.45,5.34,5.24,5.33,5.29,5.64,5.48
20001212,,,6.06,6.06,5.79,5.54,5.42,5.33,5.42,5.36,5.7,5.53
20001211,,,6.08,6.06,5.79,5.52,5.43,5.33,5.42,5.37,5.71,5.54
20001208,,,6.09,6.04,5.77,5.5,5.41,5.32,5.39,5.35,5.71,5.55
20001207,,,6.11,6.06,5.74,5.45,5.35,5.26,5.34,5.32,5.67,5.51
20001206,,,6.09,6.04,5.72,5.42,5.34,5.26,5.33,5.32,5.68,5.52
20001205,,,6.08,6.07,5.79,5.49,5.43,5.36,5.45,5.43,5.76,5.59
20001204,,,6.15,6.13,5.88,5.59,5.51,5.45,5.56,5.53,5.84,5.66
20001201,,,6.23,6.19,5.93,5.62,5.55,5.46,5.56,5.52,5.82,5.64
20001130,,,6.21,6.18,5.92,5.61,5.52,5.42,5.5,5.48,5.78,5.6
20001129,,,6.24,6.23,5.98,5.69,5.59,5.51,5.6,5.55,5.84,5.66
20001128,,,6.28,6.29,6.05,5.79,5.67,5.57,5.64,5.59,5.86,5.67
20001127,,,6.33,6.34,6.11,5.86,5.74,5.63,5.71,5.64,5.89,5.71
20001124,,,6.36,6.34,6.12,5.86,5.74,5.63,5.7,5.63,5.86,5.67
20001122,,,6.36,6.33,6.1,5.85,5.72,5.6,5.68,5.62,5.87,5.68
20001121,,,6.36,6.33,6.07,5.86,5.76,5.65,5.73,5.67,5.93,5.74
20001120,,,6.36,6.34,6.07,5.87,5.76,5.65,5.73,5.68,5.96,5.76
20001117,,,6.35,6.33,6.09,5.88,5.78,5.67,5.76,5.71,5.97,5.78
20001116,,,6.35,6.34,6.07,5.87,5.76,5.66,5.74,5.68,5.94,5.75
20001115,,,6.38,6.36,6.1,5.9,5.8,5.69,5.78,5.72,5.97,5.77
20001114,,,6.37,6.36,6.11,5.92,5.82,5.72,5.81,5.76,6.01,5.81
20001113,,,6.39,6.37,6.1,5.9,5.83,5.72,5.84,5.77,6.04,5.85
20001110,,,6.37,6.36,6.11,5.92,5.86,5.76,5.87,5.82,6.07,5.88
20001109,,,6.4,6.37,6.13,5.94,5.87,5.76,5.89,5.82,6.06,5.85
20001108,,,6.41,6.38,6.16,5.99,5.92,5.83,5.95,5.87,6.09,5.89
20001107,,,6.42,6.38,6.16,5.99,5.92,5.84,5.96,5.87,6.12,5.9
20001106,,,6.42,6.4,6.16,5.99,5.93,5.91,5.96,5.87,6.12,5.89
20001103,,,6.38,6.38,6.13,5.94,5.9,5.86,5.91,5.83,6.09,5.86
20001102,,,6.37,6.36,6.09,5.87,5.81,5.78,5.82,5.74,6.01,5.79
20001101,,,6.37,6.35,6.1,5.88,5.82,5.79,5.83,5.74,6.0,5.78
20001031,,,6.38,6.36,6.12,5.94,5.87,5.83,5.87,5.77,6.02,5.79
20001030,,,6.39,6.38,6.13,5.97,5.89,5.83,5.84,5.74,5.98,5.76
20001027,,,6.35,6.38,6.11,5.94,5.86,5.79,5.82,5.72,5.96,5.74
20001026,,,6.36,6.36,6.05,5.9,5.83,5.75,5.77,5.69,5.96,5.74
20001025,,,6.39,6.36,6.01,5.87,5.8,5.74,5.76,5.67,5.97,5.75
20001024,,,6.35,6.34,5.97,5.86,5.77,5.7,5.71,5.63,5.93,5.71
20001023,,,6.34,6.33,5.93,5.82,5.74,5.66,5.67,5.59,5.89,5.68
20001020,,,6.31,6.29,5.94,5.84,5.76,5.69,5.73,5.64,5.95,5.73
20001019,,,6.32,6.3,5.96,5.86,5.77,5.69,5.76,5.66,5.98,5.76
20001018,,,6.3,6.26,5.91,5.82,5.74,5.68,5.76,5.66,6.0,5.77
20001017,,,6.3,6.27,5.92,5.83,5.76,5.68,5.77,5.68,6.0,5.77
20001016,,,6.28,6.28,5.97,5.89,5.83,5.77,5.84,5.74,6.06,5.81
20001013,,,6.19,6.2,5.93,5.84,5.79,5.73,5.82,5.73,6.05,5.8
20001012,,,6.19,6.22,5.93,5.86,5.81,5.74,5.82,5.73,6.05,5.82
20001011,,,6.23,6.32,6.01,5.93,5.88,5.82,5.88,5.77,6.06,5.83
20001010,,,6.27,6.35,6.06,5.98,5.91,5.86,5.91,5.8,6.08,5.83
20001006,,,6.24,6.33,6.06,5.98,5.92,5.88,5.92,5.82,6.11,5.85
20001005,,,6.25,6.33,6.06,6.02,5.97,5.92,5.98,5.87,6.17,5.91
20001004,,,6.24,6.32,6.06,6.03,5.99,5.94,6.01,5.9,6.21,5.95
20001003,,,6.24,6.32,6.07,6.0,5.95,5.88,5.99,5.87,6.2,5.94
20001002,,,6.27,6.33,6.06,5.98,5.92,5.86,5.95,5.83,6.18,5.93
20000929,,,6.23,6.28,6.07,5.98,5.91,5.85,5.93,5.8,6.13,5.88
20000928,,,6.25,6.3,6.09,6.02,5.96,5.9,5.96,5.82,6.14,5.89
20000927,,,6.2,6.28,6.07,6.0,5.94,5.89,5.96,5.83,6.15,5.9
20000926,,,6.18,6.24,6.08,6.07,6.01,5.9,5.95,5.81,6.12,5.86
20000925,,,6.18,6.25,6.09,6.11,6.05,5.94,5.99,5.84,6.16,5.9
20000922,,,6.16,6.24,6.08,6.09,6.04,5.93,5.99,5.85,6.18,5.92
20000921,,,6.16,6.23,6.09,6.11,6.07,5.96,6.03,5.88,6.18,5.93
20000920,,,6.16,6.23,6.1,6.11,6.06,5.98,6.06,5.91,6.23,5.97
20000919,,,6.17,6.22,6.09,6.05,5.99,5.93,6.01,5.86,6.18,5.92
20000918,,,6.15,6.21,6.07,6.04,5.99,5.93,6.03,5.88,6.2,5.96
20000915,,,6.14,6.2,6.1,6.07,6.01,5.93,6.02,5.84,6.16,5.9
20000914,,,6.14,6.2,6.13,6.11,6.03,5.96,5.99,5.79,6.09,5.81
20000913,,,6.09,6.19,6.12,6.09,6.02,5.94,5.95,5.74,6.01,5.73
20000912,,,6.09,6.21,6.17,6.12,6.06,5.97,6.0,5.78,6.04,5.76
20000911,,,6.11,6.23,6.2,6.12,6.05,5.97,6.0,5.77,6.02,5.73
20000908,,,6.14,6.26,6.19,6.11,6.03,5.95,5.97,5.73,5.99,5.7
20000907,,,6.2,6.28,6.22,6.14,6.06,5.97,5.99,5.76,6.02,5.72
20000906,,,6.21,6.3,6.19,6.11,6.03,5.95,5.96,5.72,5.99,5.71
20000905,,,6.27,6.32,6.18,6.09,6.01,5.92,5.91,5.69,5.94,5.67
20000901,,,6.27,6.32,6.18,6.09,6.01,5.92,5.91,5.68,5.95,5.67
20000831,,,6.31,6.38,6.22,6.18,6.09,5.98,5.98,5.73,5.96,5.67
20000830,,,6.32,6.39,6.25,6.24,6.17,6.07,6.07,5.81,6.03,5.74
20000829,,,6.31,6.39,6.25,6.26,6.21,6.08,6.07,5.81,6.04,5.75
20000828,,,6.32,6.39,6.24,6.23,6.15,6.05,6.04,5.78,6.01,5.72
20000825,,,6.31,6.36,6.2,6.19,6.12,6.0,5.98,5.73,5.96,5.67
20000824,,,6.29,6.36,6.2,6.19,6.12,6.0,5.98,5.73,5.96,5.67
20000823,,,6.29,6.37,6.18,6.2,6.16,6.02,5.99,5.73,5.97,5.68
20000822,,,6.28,6.36,6.2,6.27,6.21,6.07,6.05,5.78,6.01,5.71
20000821,,,6.3,6.38,6.2,6.28,6.23,6.1,6.06,5.79,6.02,5.71
20000818,,,6.27,6.32,6.19,6.27,6.22,6.09,6.05,5.78,6.0,5.69
20000817,,,6.27,6.35,6.21,6.3,6.26,6.13,6.09,5.81,6.02,5.72
20000816,,,6.27,6.35,6.21,6.3,6.26,6.13,6.1,5.83,6.05,5.73
20000815,,,6.28,6.37,6.22,6.28,6.24,6.11,6.08,5.81,6.02,5.72
20000814,,,6.27,6.36,6.21,6.25,6.2,6.07,6.05,5.78,6.0,5.7
20000811,,,6.29,6.35,6.24,6.25,6.19,6.07,6.06,5.79,6.04,5.72
20000810,,,6.25,6.31,6.17,6.16,6.11,6.0,6.0,5.76,6.0,5.68
20000809,,,6.25,6.32,6.17,6.18,6.14,6.03,6.03,5.81,6.02,5.73
20000808,,,6.26,6.32,6.13,6.16,6.13,6.03,6.04,5.93,6.03,5.73
20000807,,,6.28,6.34,6.13,6.2,6.16,6.07,6.09,5.97,6.06,5.76
20000804,,,6.23,6.31,6.08,6.15,6.1,6.02,6.03,5.91,6.03,5.72
20000803,,,6.23,6.34,6.1,6.22,6.16,6.07,6.08,5.95,6.05,5.74
20000802,,,6.25,6.35,6.12,6.23,6.18,6.09,6.1,5.98,6.09,5.77
20000801,,,6.25,6.39,6.09,6.27,6.2,6.12,6.14,6.0,6.09,5.74
20000731,,,6.27,6.42,6.07,6.3,6.24,6.16,6.19,6.04,6.13,5.79
20000728,,,6.2,6.3,6.05,6.3,6.24,6.16,6.19,6.04,6.12,5.78
20000727,,,6.22,6.29,6.05,6.27,6.21,6.14,6.17,6.02,6.1,5.78
20000726,,,6.18,6.28,6.05,6.29,6.24,6.16,6.19,6.04,6.14,5.82
20000725,,,6.2,6.28,6.06,6.35,6.28,6.17,6.2,6.04,6.14,5.81
20000724,,,6.21,6.29,6.07,6.35,6.28,6.18,6.21,6.04,6.15,5.81
20000721,,,6.13,6.27,6.07,6.32,6.25,6.14,6.17,6.01,6.12,5.79
20000720,,,6.18,6.29,6.04,6.32,6.25,6.15,6.18,6.01,6.15,5.81
20000719,,,6.18,6.33,6.15,6.46,6.4,6.31,6.35,6.16,6.29,5.92
20000718,,,6.16,6.31,6.13,6.44,6.39,6.3,6.34,6.16,6.29,5.92
20000717,,,6.15,6.3,6.14,6.46,6.4,6.31,6.35,6.17,6.3,5.93
20000714,,,6.17,6.28,6.12,6.41,6.35,6.25,6.29,6.1,6.24,5.88
20000713,,,6.18,6.27,6.07,6.31,6.24,6.15,6.17,6.01,6.15,5.81
20000712,,,6.17,6.26,6.1,6.34,6.29,6.2,6.26,6.09,6.23,5.89
20000711,,,6.1,6.24,6.09,6.32,6.26,6.16,6.22,6.06,6.23,5.89
20000710,,,6.1,6.23,6.09,6.31,6.24,6.13,6.21,6.04,6.23,5.88
20000707,,,6.04,6.19,6.07,6.29,6.23,6.11,6.17,6.01,6.23,5.87
20000706,,,6.02,6.21,6.1,6.34,6.28,6.16,6.24,6.05,6.27,5.91
20000705,,,5.99,6.19,6.06,6.29,6.23,6.12,6.18,5.99,6.21,5.86
20000703,,,6.0,6.24,6.07,6.31,6.24,6.12,6.19,6.0,6.22,5.87
20000630,,,5.88,6.23,6.08,6.38,6.31,6.18,6.25,6.03,6.26,5.9
20000629,,,5.85,6.22,6.11,6.37,6.32,6.21,6.27,6.04,6.24,5.88
20000628,,,5.81,6.22,6.14,6.43,6.38,6.28,6.33,6.11,6.33,5.97
20000627,,,5.83,6.23,6.16,6.5,6.43,6.29,6.33,6.1,6.31,5.95
20000626,,,5.82,6.23,6.16,6.5,6.43,6.29,6.34,6.11,6.34,5.99
20000623,,,5.86,6.2,6.19,6.55,6.49,6.37,6.42,6.19,6.38,6.04
20000622,,,5.84,6.16,6.16,6.5,6.45,6.32,6.35,6.12,6.33,5.98
20000621,,,5.81,6.19,6.16,6.5,6.45,6.32,6.35,6.11,6.32,5.96
20000620,,,5.79,6.19,6.12,6.43,6.37,6.23,6.26,6.03,6.25,5.9
20000619,,,5.84,6.2,6.11,6.4,6.34,6.2,6.23,6.0,6.24,5.89
20000616,,,5.83,6.2,6.09,6.38,6.32,6.19,6.21,5.99,6.21,5.88
20000615,,,5.84,6.23,6.13,6.44,6.39,6.26,6.27,6.05,6.26,5.93
20000614,,,5.82,6.22,6.13,6.44,6.38,6.26,6.28,6.06,6.25,5.91
20000613,,,5.88,6.24,6.17,6.49,6.44,6.32,6.35,6.11,6.3,5.94
20000612,,,5.93,6.27,6.2,6.52,6.47,6.33,6.32,6.09,6.23,5.88
20000609,,,5.92,6.28,6.23,6.56,6.5,6.36,6.36,6.13,6.26,5.89
20000608,,,5.91,6.27,6.22,6.56,6.5,6.37,6.36,6.13,6.25,5.89
20000607,,,5.92,6.3,6.23,6.52,6.47,6.35,6.35,6.13,6.26,5.89
20000606,,,5.99,6.33,6.24,6.51,6.46,6.35,6.37,6.14,6.28,5.91
20000605,,,5.98,6.32,6.22,6.49,6.44,6.33,6.36,6.12,6.28,5.91
20000602,,,5.87,6.25,6.23,6.52,6.48,6.37,6.39,6.15,6.31,5.94
20000601,,,5.74,6.27,6.32,6.61,6.56,6.44,6.44,6.2,6.33,5.95
20000531,,,5.63,6.35,6.37,6.69,6.66,6.54,6.52,6.29,6.42,6.02
20000530,,,5.87,6.44,6.28,6.74,6.7,6.62,6.61,6.38,6.5,6.09
20000526,,,5.83,6.36,6.27,6.69,6.65,6.57,6.57,6.33,6.45,6.06
20000525,,,5.85,6.37,6.27,6.71,6.69,6.64,6.63,6.39,6.5,6.11
20000524,,,5.92,6.41,6.29,6.79,6.76,6.71,6.72,6.47,6.61,6.19
20000523,,,6.01,6.43,6.3,6.83,6.77,6.68,6.7,6.45,6.58,6.17
20000522,,,6.01,6.42,6.29,6.81,6.75,6.66,6.69,6.44,6.58,6.18
20000519,,,5.89,6.4,6.32,6.86,6.8,6.71,6.76,6.51,6.64,6.22
20000518,,,5.92,6.4,6.39,6.93,6.88,6.79,6.83,6.56,6.66,6.24
20000517,,,6.05,6.44,6.42,6.9,6.84,6.74,6.74,6.48,6.58,6.18
20000516,,,6.2,6.53,6.43,6.89,6.84,6.72,6.69,6.43,6.52,6.12
20000515,,,6.25,6.55,6.44,6.88,6.82,6.73,6.72,6.47,6.56,6.17
20000512,,,6.14,6.52,6.44,6.91,6.86,6.76,6.77,6.51,6.62,6.2
20000511,,,6.14,6.43,6.37,6.82,6.78,6.67,6.68,6.43,6.54,6.16
20000510,,,6.14,6.41,6.36,6.84,6.79,6.69,6.7,6.47,6.56,6.18
20000509,,,6.14,6.41,6.37,6.86,6.82,6.75,6.77,6.53,6.64,6.22
20000508,,,6.19,6.47,6.38,6.87,6.86,6.83,6.82,6.57,6.69,6.25
20000505,,,5.97,6.3,6.29,6.84,6.81,6.77,6.75,6.51,6.61,6.2
20000504,,,5.9,6.22,6.2,6.77,6.74,6.7,6.71,6.46,6.59,6.19
20000503,,,5.91,6.23,6.23,6.73,6.71,6.66,6.66,6.4,6.49,6.11
20000502,,,5.92,6.22,6.23,6.72,6.68,6.6,6.58,6.32,6.39,6.03
20000501,,,6.0,6.25,6.24,6.73,6.68,6.59,6.55,6.29,6.33,5.98
20000428,,,5.82,6.12,6.24,6.68,6.64,6.56,6.49,6.23,6.31,5.97
20000427,,,5.75,6.06,6.21,6.63,6.59,6.51,6.5,6.23,6.34,6.0
20000426,,,5.75,6.03,6.19,6.5,6.46,6.4,6.4,6.14,6.28,5.95
20000425,,,5.79,6.02,6.18,6.48,6.45,6.39,6.4,6.14,6.27,5.95
20000424,,,5.8,6.01,6.11,6.36,6.31,6.23,6.25,6.0,6.2,5.86
20000420,,,5.79,6.0,6.12,6.38,6.33,6.24,6.25,5.99,6.16,5.83
20000419,,,5.81,6.02,6.08,6.33,6.29,6.23,6.26,5.99,6.18,5.85
20000418,,,5.81,6.01,6.07,6.33,6.3,6.27,6.33,6.05,6.26,5.92
20000417,,,5.82,6.05,6.09,6.33,6.29,6.23,6.31,6.01,6.26,5.92
20000414,,,5.81,6.03,6.08,6.27,6.21,6.11,6.16,5.85,6.12,5.79
20000413,,,5.81,6.07,6.16,6.4,6.34,6.24,6.25,5.94,6.16,5.81
20000412,,,5.83,6.08,6.17,6.4,6.35,6.27,6.29,5.97,6.19,5.84
20000411,,,5.83,6.12,6.16,6.36,6.31,6.19,6.2,5.89,6.13,5.77
20000410,,,5.85,6.1,6.14,6.31,6.26,6.11,6.08,5.8,6.04,5.69
20000407,,,5.9,6.1,6.17,6.38,6.33,6.18,6.13,5.86,6.04,5.71
20000406,,,5.88,6.1,6.17,6.38,6.32,6.2,6.19,5.93,6.12,5.8
20000405,,,5.86,6.12,6.15,6.35,6.29,6.17,6.16,5.9,6.14,5.81
20000404,,,5.83,6.1,6.14,6.35,6.29,6.16,6.15,5.9,6.12,5.77
20000403,,,5.87,6.18,6.23,6.45,6.41,6.3,6.25,6.0,6.19,5.84
20000331,,,5.88,6.15,6.28,6.5,6.44,6.32,6.28,6.03,6.2,5.84
20000330,,,5.88,6.14,6.26,6.52,6.47,6.35,6.31,6.06,6.26,5.89
20000329,,,5.89,6.17,6.31,6.59,6.54,6.46,6.45,6.18,6.35,5.99
20000328,,,5.88,6.16,6.31,6.6,6.57,6.46,6.45,6.17,6.34,5.98
20000327,,,5.88,6.18,6.32,6.66,6.61,6.51,6.49,6.21,6.35,5.99
20000324,,,5.91,6.19,6.31,6.64,6.59,6.51,6.49,6.2,6.36,6.0
20000323,,,5.9,6.12,6.23,6.52,6.47,6.39,6.37,6.08,6.25,5.92
20000322,,,5.91,6.11,6.21,6.5,6.47,6.41,6.41,6.13,6.3,5.97
20000321,,,5.91,6.13,6.22,6.5,6.48,6.44,6.39,6.13,6.28,5.97
20000320,,,5.95,6.17,6.23,6.52,6.5,6.45,6.44,6.18,6.31,5.99
20000317,,,5.89,6.13,6.2,6.5,6.49,6.45,6.43,6.2,6.33,6.01
20000316,,,5.87,6.11,6.2,6.5,6.49,6.47,6.48,6.26,6.37,6.05
20000315,,,5.85,6.12,6.21,6.5,6.5,6.5,6.52,6.29,6.39,6.07
20000314,,,5.87,6.12,6.2,6.48,6.5,6.52,6.55,6.31,6.43,6.11
20000313,,,5.89,6.13,6.21,6.52,6.54,6.57,6.6,6.36,6.5,6.17
20000310,,,5.87,6.11,6.21,6.55,6.58,6.61,6.63,6.39,6.52,6.19
20000309,,,5.82,6.06,6.15,6.48,6.52,6.56,6.59,6.35,6.47,6.16
20000308,,,5.83,6.09,6.17,6.5,6.54,6.59,6.61,6.38,6.48,6.17
20000307,,,5.83,6.07,6.17,6.48,6.55,6.6,6.62,6.39,6.46,6.16
20000306,,,5.85,6.08,6.2,6.55,6.62,6.64,6.65,6.42,6.46,6.16
20000303,,,5.79,6.02,6.15,6.5,6.56,6.6,6.62,6.39,6.41,6.13
20000302,,,5.76,6.03,6.19,6.52,6.58,6.59,6.64,6.4,6.45,6.15
20000301,,,5.76,6.02,6.17,6.52,6.54,6.59,6.63,6.39,6.48,6.16
20000229,,,5.78,6.02,6.2,6.53,6.58,6.61,6.67,6.42,6.46,6.15
20000228,,,5.8,6.02,6.21,6.47,6.5,6.53,6.62,6.37,6.47,6.16
20000225,,,5.79,5.99,6.18,6.45,6.48,6.5,6.61,6.36,6.47,6.17
20000224,,,5.81,6.02,6.22,6.52,6.54,6.56,6.61,6.36,6.43,6.13
20000223,,,5.82,6.03,6.27,6.61,6.63,6.66,6.7,6.44,6.45,6.14
20000222,,,5.82,6.03,6.22,6.57,6.62,6.62,6.6,6.36,6.39,6.08
20000218,,,5.75,6.02,6.26,6.66,6.71,6.72,6.72,6.49,6.47,6.16
20000217,,,5.74,6.03,6.28,6.69,6.72,6.76,6.81,6.58,6.55,6.23
20000216,,,5.73,6.0,6.22,6.63,6.7,6.75,6.77,6.56,6.6,6.27
20000215,,,5.75,6.01,6.2,6.66,6.72,6.74,6.76,6.56,6.59,6.26
20000214,,,5.68,6.04,6.19,6.62,6.68,6.72,6.74,6.56,6.55,6.22
20000211,,,5.66,5.98,6.17,6.65,6.73,6.77,6.81,6.63,6.62,6.29
20000210,,,5.67,5.98,6.2,6.67,6.74,6.78,6.87,6.67,6.67,6.35
20000209,,,5.66,5.99,6.2,6.69,6.75,6.77,6.78,6.56,6.6,6.32
20000208,,,5.69,6.02,6.22,6.69,6.74,6.74,6.73,6.59,6.51,6.22
20000207,,,5.72,6.04,6.23,6.68,6.72,6.76,6.8,6.64,6.62,6.34
20000204,,,5.67,5.94,6.19,6.63,6.64,6.64,6.68,6.53,6.54,6.23
20000203,,,5.63,5.86,6.16,6.56,6.56,6.56,6.63,6.49,6.52,6.17
20000202,,,5.66,5.94,6.24,6.63,6.66,6.69,6.71,6.6,6.61,6.32
20000201,,,5.71,5.95,6.3,6.6,6.63,6.68,6.71,6.62,6.66,6.43
20000131,,,5.76,5.97,6.3,6.61,6.65,6.71,6.75,6.68,6.72,6.49
20000128,,,5.65,5.86,6.25,6.58,6.62,6.68,6.72,6.66,6.65,6.45
20000127,,,5.59,5.79,6.19,6.51,6.58,6.67,6.72,6.68,6.73,6.53
20000126,,,5.58,5.78,6.15,6.45,6.51,6.62,6.72,6.69,6.79,6.6
20000125,,,5.57,5.78,6.13,6.44,6.5,6.6,6.72,6.7,6.84,6.64
20000124,,,5.55,5.77,6.13,6.43,6.48,6.59,6.71,6.69,6.86,6.65
20000121,,,5.47,5.83,6.12,6.48,6.54,6.67,6.8,6.79,6.91,6.71
20000120,,,5.48,5.84,6.13,6.49,6.55,6.67,6.8,6.79,6.93,6.74
20000119,,,5.51,5.78,6.12,6.46,6.51,6.62,6.75,6.73,6.91,6.72
20000118,,,5.56,5.79,6.15,6.47,6.53,6.65,6.78,6.75,6.94,6.75
20000114,,,5.41,5.69,6.13,6.44,6.49,6.59,6.71,6.69,6.91,6.69
20000113,,,5.41,5.66,6.1,6.4,6.45,6.54,6.67,6.63,6.88,6.65
20000112,,,5.45,5.7,6.16,6.49,6.53,6.63,6.76,6.72,6.97,6.71
20000111,,,5.43,5.66,6.13,6.45,6.49,6.57,6.72,6.67,6.94,6.68
20000110,,,5.42,5.64,6.07,6.38,6.42,6.49,6.62,6.57,6.86,6.59
20000107,,,5.38,5.66,6.0,6.31,6.35,6.42,6.58,6.52,6.82,6.55
20000106,,,5.41,5.69,6.03,6.35,6.39,6.46,6.63,6.57,6.86,6.58
20000105,,,5.44,5.74,6.05,6.38,6.43,6.51,6.68,6.62,6.95,6.64
20000104,,,5.43,5.75,6.0,6.3,6.34,6.4,6.56,6.49,6.84,6.53
20000103,,,5.48,5.81,6.09,6.38,6.42,6.5,6.65,6.58,6.94,6.61
20011231,1.68,,1.74,1.83,2.17,3.07,3.59,4.38,4.84,5.07,5.74,5.48
20011228,1.73,,1.72,1.83,2.26,3.16,3.69,4.46,4.93,5.15,5.82,5.54
20011227,1.75,,1.74,1.84,2.27,3.19,3.71,4.46,4.9,5.13,5.78,5.49
20011226,1.77,,1.75,1.87,2.34,3.26,3.8,4.55,5.0,5.22,5.84,5.52
20011224,1.66,,1.72,1.83,2.24,3.22,3.74,4.49,4.95,5.18,5.81,5.49
20011221,1.67,,1.71,1.81,2.23,3.17,3.69,4.45,4.89,5.12,5.76,5.45
20011220,1.67,,1.69,1.79,2.22,3.15,3.67,4.42,4.86,5.08,5.73,5.43
20011219,1.69,,1.69,1.8,2.23,3.11,3.63,4.38,4.84,5.08,5.73,5.45
20011218,1.72,,1.71,1.81,2.24,3.13,3.66,4.46,4.93,5.16,5.81,5.52
20011217,1.72,,1.74,1.84,2.24,3.21,3.74,4.54,5.03,5.26,5.91,5.61
20011214,1.7,,1.73,1.81,2.22,3.2,3.73,4.52,5.01,5.24,5.89,5.59
20011213,1.69,,1.69,1.78,2.2,3.09,3.62,4.4,4.9,5.13,5.81,5.53
20011212,1.69,,1.67,1.74,2.13,2.97,3.48,4.29,4.78,5.02,5.74,5.47
20011211,1.66,,1.66,1.73,2.12,3.03,3.56,4.38,4.89,5.13,5.83,5.55
20011210,1.68,,1.71,1.79,2.17,3.1,3.63,4.46,4.95,5.17,5.86,5.58
20011207,1.69,,1.69,1.81,2.26,3.19,3.72,4.5,4.98,5.2,5.9,5.6
20011206,1.73,,1.75,1.91,2.35,3.19,3.7,4.38,4.83,5.04,5.72,5.47
20011205,1.77,,1.77,1.88,2.27,3.07,3.55,4.24,4.7,4.92,5.61,5.35
20011204,1.81,,1.74,1.8,2.07,2.81,3.3,3.99,4.46,4.7,5.43,5.22
20011203,1.85,,1.78,1.81,2.08,2.82,3.28,4.04,4.51,4.75,5.49,5.26
20011130,1.87,,1.78,1.79,2.06,2.84,3.3,4.08,4.55,4.78,5.54,5.27
20011129,1.9,,1.8,1.8,2.03,2.87,3.33,4.1,4.56,4.79,5.52,5.24
20011128,1.96,,1.87,1.92,2.26,3.12,3.6,4.33,4.76,4.98,5.63,5.36
20011127,2.01,,1.92,1.98,2.36,3.11,3.58,4.32,4.77,4.98,5.64,5.37
20011126,2.0,,1.98,2.04,2.43,3.22,3.7,4.41,4.85,5.05,5.66,5.39
20011123,2.0,,1.95,2.02,2.41,3.2,3.68,4.4,4.83,5.04,5.65,5.39
20011121,2.0,,1.96,2.02,2.38,3.11,3.58,4.31,4.78,4.98,5.59,5.35
20011120,2.02,,1.95,1.99,2.31,2.96,3.41,4.17,4.66,4.88,5.5,5.3
20011119,2.02,,1.94,2.0,2.31,2.92,3.38,4.12,4.58,4.8,5.42,5.22
20011116,2.02,,1.95,2.06,2.41,3.09,3.55,4.24,4.72,4.91,5.52,5.3
20011115,1.99,,1.92,2.01,2.34,2.98,3.41,4.1,4.58,4.79,5.41,5.22
20011114,1.99,,1.87,1.9,2.13,2.7,3.11,3.83,4.31,4.54,5.2,5.02
20011113,1.94,,1.84,1.86,2.07,2.54,2.96,3.69,4.17,4.41,5.1,4.92
20011109,1.92,,1.83,1.82,2.02,2.45,2.86,3.62,4.09,4.34,5.05,4.88
20011108,1.93,,1.84,1.8,2.0,2.42,2.81,3.58,4.05,4.32,5.03,4.87
20011107,1.93,,1.8,1.75,1.93,2.32,2.7,3.47,3.95,4.22,4.95,4.79
20011106,1.98,,1.85,1.83,1.97,2.37,2.76,3.54,4.03,4.3,5.05,4.86
20011105,2.06,,2.01,1.96,2.05,2.46,2.91,3.71,4.07,4.31,5.06,4.86
20011102,2.09,,2.01,1.94,2.07,2.48,2.93,3.77,4.12,4.37,5.14,4.96
20011101,2.18,,2.06,1.99,2.1,2.49,2.91,3.66,4.01,4.24,5.0,4.79
20011031,2.15,,2.05,1.95,2.07,2.44,2.87,3.66,4.03,4.3,5.05,4.89
20011030,2.17,,2.05,1.97,2.11,2.48,2.92,3.76,4.14,4.44,5.21,5.22
20011029,2.24,,2.09,2.04,2.18,2.55,2.99,3.82,4.22,4.5,5.24,5.25
20011026,2.26,,2.14,2.09,2.26,2.63,3.06,3.88,4.26,4.53,5.27,5.27
20011025,2.27,,2.14,2.09,2.26,2.63,3.06,3.89,4.29,4.56,5.28,5.28
20011024,2.3,,2.17,2.13,2.32,2.72,3.15,3.96,4.34,4.61,5.32,5.32
20011023,2.32,,2.2,2.16,2.37,2.81,3.24,4.01,4.4,4.66,5.4,5.38
20011022,2.29,,2.22,2.18,2.35,2.79,3.22,3.98,4.37,4.63,5.38,5.36
20011019,2.29,,2.19,2.17,2.34,2.77,3.19,3.96,4.37,4.63,5.39,5.36
20011018,2.28,,2.19,2.19,2.36,2.77,3.18,3.93,4.32,4.58,5.34,5.32
20011017,2.34,,2.22,2.2,2.37,2.8,3.21,3.93,4.32,4.59,5.35,5.32
20011016,2.32,,2.22,2.2,2.37,2.77,3.16,3.93,4.32,4.59,5.38,5.35
20011015,2.33,,2.25,2.22,2.39,2.78,3.18,3.97,4.36,4.62,5.4,5.38
20011012,2.31,,2.25,2.24,2.4,2.81,3.23,4.01,4.41,4.68,5.45,5.42
20011011,2.3,,2.27,2.26,2.44,2.88,3.3,4.03,4.43,4.69,5.45,5.41
20011010,2.3,,2.22,2.2,2.35,2.78,3.19,3.96,4.35,4.61,5.38,5.36
20011009,2.24,,2.22,2.2,2.35,2.74,3.16,3.96,4.35,4.62,5.42,5.39
20011005,2.21,,2.19,2.18,2.33,2.71,3.1,3.87,4.26,4.52,5.34,5.31
20011004,2.22,,2.21,2.21,2.37,2.75,3.14,3.88,4.29,4.53,5.33,5.31
20011003,2.21,,2.23,2.24,2.38,2.77,3.14,3.86,4.29,4.5,5.34,5.32
20011002,2.27,,2.26,2.27,2.43,2.77,3.14,3.87,4.31,4.53,5.36,5.34
20011001,2.26,,2.37,2.37,2.47,2.82,3.18,3.9,4.33,4.55,5.39,5.38
20010928,2.28,,2.4,2.36,2.49,2.86,3.22,3.93,4.37,4.6,5.45,5.42
20010927,2.34,,2.38,2.31,2.43,2.78,3.15,3.87,4.33,4.58,5.46,5.45
20010926,2.51,,2.38,2.34,2.48,2.82,3.18,3.91,4.39,4.65,5.52,5.5
20010925,2.58,,2.4,2.37,2.51,2.88,3.25,3.97,4.45,4.72,5.6,5.58
20010924,2.38,,2.38,2.39,2.56,2.94,3.3,4.0,4.47,4.73,5.61,5.58
20010921,2.12,,2.25,2.34,2.53,2.91,3.27,3.94,4.43,4.7,5.62,5.59
20010920,2.04,,2.22,2.38,2.56,2.91,3.27,3.97,4.47,4.75,5.67,5.62
20010919,2.0,,2.19,2.33,2.49,2.81,3.18,3.9,4.41,4.69,5.59,5.56
20010918,2.34,,2.48,2.56,2.69,2.96,3.31,4.01,4.46,4.72,5.59,5.55
20010917,2.47,,2.59,2.62,2.72,2.96,3.3,3.99,4.38,4.63,5.44,5.41
20010914,2.54,,2.64,2.67,2.73,2.87,3.17,3.92,4.31,4.57,5.38,5.35
20010913,2.73,,2.74,2.75,2.81,2.99,3.32,4.03,4.41,4.64,5.41,5.39
20010910,3.4,,3.26,3.23,3.31,3.53,3.82,4.41,4.69,4.84,5.5,5.43
20010907,3.4,,3.27,3.2,3.29,3.53,3.82,4.39,4.67,4.8,5.45,5.39
20010906,3.44,,3.34,3.33,3.4,3.65,3.93,4.48,4.73,4.86,5.5,5.41
20010905,3.49,,3.41,3.39,3.47,3.79,4.07,4.61,4.86,4.97,5.57,5.48
20010904,3.43,,3.44,3.43,3.55,3.83,4.1,4.63,4.88,4.99,5.59,5.5
20010831,3.4,,3.37,3.31,3.41,3.64,3.91,4.46,4.72,4.85,5.47,5.39
20010830,3.41,,3.36,3.28,3.38,3.61,3.88,4.42,4.68,4.79,5.45,5.37
20010829,3.48,,3.42,3.33,3.44,3.67,3.92,4.43,4.67,4.78,5.44,5.36
20010828,3.53,,3.41,3.35,3.46,3.71,3.97,4.48,4.73,4.85,5.49,5.41
20010827,3.52,,3.45,3.4,3.51,3.78,4.04,4.57,4.83,4.94,5.56,5.47
20010824,3.49,,3.42,3.37,3.48,3.76,4.03,4.55,4.82,4.93,5.54,5.45
20010823,3.49,,3.4,3.36,3.46,3.72,3.99,4.52,4.79,4.89,5.5,5.41
20010822,3.46,,3.38,3.37,3.44,3.76,4.03,4.53,4.81,4.91,5.53,5.44
20010821,3.46,,3.39,3.35,3.41,3.69,3.96,4.5,4.79,4.87,5.54,5.44
20010820,3.48,,3.42,3.4,3.44,3.74,4.02,4.55,4.81,4.91,5.55,5.46
20010817,3.46,,3.36,3.33,3.39,3.67,3.95,4.49,4.75,4.84,5.51,5.43
20010816,3.48,,3.39,3.36,3.43,3.75,4.04,4.58,4.84,4.95,5.58,5.48
20010815,3.52,,3.43,3.41,3.47,3.8,4.11,4.62,4.9,5.0,5.62,5.52
20010814,3.54,,3.43,3.38,3.46,3.74,4.03,4.59,4.87,4.97,5.61,5.51
20010813,3.57,,3.45,3.37,3.43,3.7,4.0,4.57,4.86,4.97,5.6,5.52
20010810,3.58,,3.43,3.37,3.45,3.73,4.03,4.61,4.88,4.99,5.61,5.52
20010809,3.61,,3.45,3.4,3.48,3.77,4.07,4.66,4.93,5.04,5.64,5.54
20010808,3.61,,3.49,3.41,3.46,3.77,4.05,4.61,4.87,4.99,5.61,5.52
20010807,3.63,,3.52,3.47,3.56,3.9,4.19,4.72,5.0,5.2,5.71,5.6
20010806,3.62,,3.52,3.47,3.56,3.88,4.17,4.71,4.99,5.19,5.7,5.59
20010803,3.63,,3.52,3.47,3.57,3.91,4.22,4.72,4.99,5.2,5.7,5.59
20010802,3.65,,3.53,3.46,3.57,3.89,4.17,4.69,4.97,5.17,5.68,5.57
20010801,3.65,,3.53,3.47,3.56,3.83,4.09,4.62,4.9,5.11,5.63,5.53
20010731,3.67,,3.54,3.47,3.53,3.79,4.06,4.57,4.86,5.07,5.61,5.51
20010730,,,3.57,3.49,3.56,3.86,4.14,4.63,4.91,5.11,5.63,5.53
20010727,,,3.55,3.48,3.57,3.87,4.15,4.64,4.93,5.13,5.65,5.55
20010726,,,3.56,3.52,3.59,3.94,4.24,4.71,4.99,5.19,5.71,5.59
20010725,,,3.56,3.54,3.62,3.98,4.3,4.74,5.01,5.2,5.7,5.58
20010724,,,3.56,3.52,3.59,3.97,4.26,4.67,4.94,5.13,5.64,5.52
20010723,,,3.56,3.55,3.59,3.98,4.28,4.68,4.95,5.13,5.66,5.53
20010720,,,3.53,3.53,3.59,3.98,4.29,4.7,4.98,5.15,5.67,5.54
20010719,,,3.55,3.54,3.6,3.98,4.28,4.69,4.96,5.13,5.66,5.53
20010718,,,3.54,3.51,3.57,3.96,4.26,4.66,4.94,5.12,5.65,5.52
20010717,,,3.61,3.59,3.63,4.09,4.34,4.78,5.06,5.22,5.74,5.59
20010716,,,3.64,3.61,3.63,4.07,4.32,4.76,5.05,5.21,5.74,5.59
20010713,,,3.62,3.59,3.64,4.12,4.37,4.82,5.11,5.27,5.79,5.64
20010712,,,3.6,3.56,3.6,4.07,4.33,4.8,5.1,5.27,5.8,5.65
20010711,,,3.58,3.55,3.6,4.07,4.33,4.81,5.14,5.31,5.84,5.69
20010710,,,3.63,3.58,3.61,4.08,4.34,4.82,5.15,5.32,5.83,5.68
20010709,,,3.65,3.62,3.66,4.15,4.41,4.88,5.21,5.37,5.87,5.7
20010706,,,3.63,3.57,3.63,4.16,4.43,4.9,5.24,5.41,5.92,5.75
20010705,,,3.65,3.63,3.7,4.24,4.5,4.95,5.29,5.44,5.94,5.76
20010703,,,3.66,3.63,3.71,4.24,4.48,4.91,5.25,5.41,5.9,5.73
20010702,,,3.67,3.61,3.74,4.21,4.47,4.88,5.21,5.37,5.86,5.7
20010629,,,3.65,3.63,3.72,4.25,4.52,4.97,5.28,5.42,5.91,5.75
20010628,,,3.64,3.64,3.69,4.22,4.48,4.92,5.23,5.35,5.85,5.68
20010627,,,3.52,3.55,3.59,4.06,4.36,4.82,5.11,5.26,5.77,5.62
20010626,,,3.46,3.49,3.53,4.03,4.3,4.74,5.08,5.24,5.78,5.65
20010625,,,3.46,3.46,3.48,3.96,4.22,4.65,5.0,5.16,5.72,5.59
20010622,,,3.45,3.42,3.41,3.93,4.18,4.63,4.98,5.14,5.7,5.58
20010621,,,3.51,3.48,3.47,3.99,4.25,4.7,5.05,5.22,5.77,5.64
20010620,,,3.49,3.47,3.45,3.98,4.24,4.72,5.06,5.24,5.8,5.67
20010619,,,3.51,3.49,3.48,3.99,4.25,4.72,5.08,5.26,5.82,5.69
20010618,,,3.52,3.49,3.48,3.98,4.24,4.73,5.1,5.27,5.84,5.7
20010615,,,3.52,3.55,3.53,4.01,4.26,4.74,5.12,5.27,5.83,5.68
20010614,,,3.56,3.59,3.56,4.04,4.3,4.76,5.11,5.26,5.8,5.65
20010613,,,3.55,3.58,3.6,4.08,4.35,4.81,5.15,5.28,5.81,5.66
20010612,,,3.56,3.6,3.62,4.09,4.37,4.82,5.14,5.27,5.81,5.65
20010611,,,3.6,3.62,3.64,4.11,4.4,4.87,5.19,5.32,5.85,5.69
20010608,,,3.64,3.63,3.64,4.17,4.45,4.93,5.25,5.38,5.9,5.73
20010607,,,3.63,3.6,3.63,4.14,4.41,4.88,5.21,5.33,5.89,5.72
20010606,,,3.62,3.6,3.62,4.12,4.38,4.83,5.15,5.27,5.83,5.65
20010605,,,3.63,3.6,3.61,4.12,4.39,4.84,5.15,5.29,5.85,5.66
20010604,,,3.68,3.64,3.68,4.19,4.47,4.93,5.22,5.35,5.87,5.69
20010601,,,3.67,3.61,3.67,4.22,4.49,4.94,5.24,5.39,5.89,5.71
20010531,,,3.63,3.59,3.63,4.22,4.49,4.94,5.27,5.43,5.95,5.78
20010530,,,3.68,3.65,3.75,4.34,4.61,5.07,5.39,5.54,6.04,5.86
20010529,,,3.71,3.68,3.76,4.33,4.6,5.06,5.4,5.54,6.05,5.86
20010525,,,3.66,3.69,3.76,4.31,4.58,5.04,5.38,5.52,6.04,5.86
20010524,,,3.7,3.72,3.79,4.32,4.59,5.05,5.38,5.52,6.04,5.87
20010523,,,3.64,3.72,3.75,4.29,4.53,4.96,5.29,5.41,5.95,5.79
20010522,,,3.64,3.76,3.79,4.34,4.58,4.99,5.29,5.42,5.95,5.78
20010521,,,3.65,3.77,3.83,4.37,4.6,4.99,5.29,5.41,5.92,5.75
20010518,,,3.61,3.73,3.79,4.37,4.6,4.99,5.28,5.41,5.93,5.76
20010517,,,3.57,3.7,3.75,4.33,4.58,4.99,5.29,5.46,5.96,5.8
20010516,,,3.57,3.67,3.72,4.25,4.51,4.95,5.3,5.48,6.01,5.86
20010515,,,3.63,3.7,3.75,4.28,4.52,4.95,5.33,5.5,6.03,5.89
20010514,,,3.71,3.76,3.79,4.29,4.53,4.94,5.28,5.46,5.99,5.85
20010511,,,3.78,3.79,3.89,4.36,4.58,4.99,5.34,5.51,6.02,5.88
20010510,,,3.74,3.7,3.78,4.17,4.38,4.76,5.13,5.31,5.86,5.75
20010509,,,3.72,3.66,3.69,4.07,4.27,4.65,5.01,5.2,5.76,5.67
20010508,,,3.7,3.7,3.7,4.1,4.3,4.68,5.07,5.24,5.81,5.72
20010507,,,3.74,3.73,3.73,4.12,4.39,4.82,5.06,5.21,5.78,5.68
20010504,,,3.74,3.78,3.79,4.14,4.41,4.83,5.06,5.21,5.77,5.65
20010503,,,3.84,3.89,3.89,4.22,4.48,4.87,5.09,5.22,5.75,5.64
20010502,,,3.89,3.93,3.95,4.27,4.53,4.95,5.18,5.31,5.83,5.71
20010501,,,3.92,3.92,3.91,4.23,4.5,4.94,5.17,5.3,5.87,5.75
20010430,,,3.95,3.97,3.94,4.3,4.55,4.97,5.22,5.35,5.92,5.78
20010427,,,3.85,3.89,3.91,4.28,4.53,4.94,5.2,5.34,5.94,5.81
20010426,,,3.83,3.83,3.83,4.14,4.4,4.79,5.06,5.2,5.82,5.71
20010425,,,3.84,3.87,3.85,4.2,4.45,4.88,5.14,5.28,5.91,5.78
20010424,,,3.8,3.78,3.76,4.16,4.39,4.78,5.07,5.22,5.87,5.75
20010423,,,3.75,3.78,3.77,4.15,4.38,4.78,5.06,5.2,5.84,5.73
20010420,,,3.77,3.83,3.88,4.26,4.5,4.88,5.16,5.29,5.92,5.79
20010419,,,3.87,3.94,3.94,4.29,4.5,4.86,5.15,5.27,5.91,5.77
20010418,,,3.91,3.95,3.97,4.26,4.43,4.75,5.02,5.14,5.79,5.65
20010417,,,4.12,4.16,4.17,4.41,4.57,4.87,5.12,5.21,5.8,5.65
20010416,,,4.15,4.21,4.26,4.49,4.65,4.94,5.2,5.28,5.86,5.7
20010412,,,4.01,4.11,4.17,4.36,4.52,4.83,5.09,5.17,5.77,5.61
20010411,,,4.08,4.11,4.11,4.29,4.44,4.75,5.02,5.12,5.75,5.6
20010410,,,3.94,4.0,4.04,4.24,4.4,4.7,4.99,5.09,5.76,5.63
20010409,,,3.93,3.95,3.94,4.1,4.26,4.56,4.83,4.93,5.61,5.5
20010406,,,3.94,3.95,3.9,4.07,4.22,4.52,4.8,4.89,5.57,5.46
20010405,,,4.11,4.08,4.01,4.19,4.33,4.63,4.91,4.98,5.66,5.53
20010404,,,4.1,4.05,3.97,4.12,4.27,4.58,4.86,4.94,5.62,5.5
20010403,,,4.15,4.09,4.01,4.15,4.3,4.6,4.87,4.94,5.62,5.48
20010402,,,4.22,4.16,4.1,4.22,4.37,4.66,4.92,4.98,5.64,5.49
20010330,,,4.3,4.09,4.09,4.18,4.33,4.62,4.86,4.93,5.6,5.46
20010329,,,4.32,4.14,4.16,4.27,4.4,4.67,4.93,4.98,5.63,5.48
20010328,,,4.34,4.17,4.22,4.3,4.42,4.68,4.94,4.97,5.61,5.47
20010327,,,4.35,4.27,4.29,4.41,4.51,4.73,4.97,5.0,5.61,5.45
20010326,,,4.29,4.26,4.18,4.27,4.37,4.56,4.82,4.85,5.5,5.36
20010323,,,4.29,4.32,4.17,4.24,4.33,4.52,4.78,4.8,5.43,5.3
20010322,,,4.26,4.27,4.1,4.17,4.26,4.44,4.71,4.73,5.38,5.25
20010321,,,4.31,4.29,4.14,4.21,4.29,4.49,4.76,4.77,5.42,5.28
20010320,,,4.49,4.34,4.18,4.24,4.33,4.52,4.78,4.78,5.41,5.27
20010319,,,4.53,4.4,4.25,4.32,4.4,4.58,4.83,4.82,5.44,5.3
20010316,,,4.54,4.38,4.19,4.26,4.35,4.54,4.79,4.78,5.41,5.28
20010315,,,4.52,4.42,4.19,4.22,4.31,4.55,4.82,4.81,5.43,5.29
20010314,,,4.54,4.46,4.29,4.32,4.4,4.62,4.86,4.84,5.43,5.28
20010313,,,4.66,4.57,4.43,4.46,4.53,4.75,4.97,4.95,5.5,5.34
20010312,,,4.66,4.6,4.43,4.46,4.54,4.72,4.94,4.92,5.48,5.31
20010309,,,4.72,4.63,4.46,4.47,4.53,4.75,4.96,4.95,5.5,5.32
20010308,,,4.68,4.59,4.42,4.43,4.49,4.7,4.9,4.89,5.48,5.3
20010307,,,4.69,4.63,4.44,4.43,4.5,4.72,4.94,4.92,5.49,5.32
20010306,,,4.79,4.68,4.5,4.49,4.55,4.78,5.0,4.99,5.56,5.38
20010305,,,4.82,4.7,4.51,4.49,4.57,4.78,5.0,4.98,5.55,5.36
20010302,,,4.84,4.69,4.48,4.48,4.53,4.75,4.98,4.95,5.55,5.38
20010301,,,4.84,4.68,4.45,4.41,4.48,4.67,4.88,4.87,5.45,5.29
20010228,,,4.85,4.7,4.47,4.41,4.48,4.7,4.93,4.92,5.51,5.34
20010227,,,4.82,4.64,4.47,4.44,4.51,4.75,4.97,4.96,5.51,5.34
20010226,,,4.81,4.69,4.48,4.46,4.54,4.81,5.05,5.05,5.62,5.45
20010223,,,4.89,4.72,4.58,4.53,4.63,4.86,5.11,5.1,5.66,5.49
20010222,,,5.01,4.87,4.68,4.63,4.72,4.94,5.16,5.15,5.72,5.52
20010221,,,5.02,4.93,4.74,4.68,4.75,4.96,5.16,5.14,5.7,5.49
20010220,,,5.04,4.95,4.77,4.73,4.77,4.94,5.13,5.11,5.66,5.46
20010216,,,5.02,4.95,4.78,4.75,4.79,4.94,5.14,5.11,5.67,5.46
20010215,,,5.08,5.04,4.9,4.89,4.92,5.06,5.23,5.19,5.71,5.5
20010214,,,5.07,5.02,4.84,4.84,4.87,4.99,5.16,5.13,5.64,5.44
20010213,,,5.05,4.98,4.77,4.75,4.78,4.9,5.11,5.07,5.62,5.43
20010212,,,5.04,4.94,4.7,4.67,4.71,4.86,5.08,5.05,5.6,5.42
20010209,,,5.06,4.92,4.68,4.67,4.7,4.85,5.05,5.03,5.55,5.38
20010208,,,5.08,4.96,4.74,4.73,4.77,4.93,5.13,5.1,5.62,5.44
20010207,,,5.07,4.95,4.73,4.7,4.74,4.91,5.12,5.1,5.61,5.52
20010206,,,5.07,4.96,4.74,4.72,4.76,4.92,5.13,5.22,5.61,5.51
20010205,,,5.06,4.95,4.7,4.68,4.71,4.88,5.09,5.18,5.58,5.48
20010202,,,5.06,4.91,4.67,4.65,4.71,4.86,5.09,5.17,5.6,5.51
20010201,,,5.0,4.81,4.56,4.55,4.59,4.78,5.01,5.1,5.55,5.46
20010131,,,4.99,4.83,4.6,4.62,4.67,4.85,5.08,5.19,5.65,5.54
20010130,,,5.02,4.95,4.68,4.7,4.75,4.91,5.17,5.24,5.68,5.59
20010129,,,5.11,5.04,4.78,4.77,4.8,4.97,5.25,5.32,5.78,5.69
20010126,,,5.17,5.05,4.8,4.78,4.81,4.93,5.23,5.29,5.75,5.64
20010125,,,5.28,5.13,4.83,4.78,4.8,4.94,5.23,5.29,5.73,5.61
20010124,,,5.28,5.15,4.86,4.81,4.84,4.98,5.27,5.33,5.78,5.67
20010123,,,5.24,5.14,4.85,4.82,4.83,4.96,5.24,5.3,5.76,5.65
20010122,,,5.23,5.11,4.79,4.75,4.78,4.87,5.19,5.25,5.71,5.61
20010119,,,5.24,5.11,4.79,4.75,4.76,4.84,5.14,5.19,5.67,5.56
20010118,,,5.28,5.12,4.76,4.72,4.73,4.74,5.06,5.12,5.57,5.47
20010117,,,5.36,5.26,4.91,4.84,4.84,4.87,5.14,5.19,5.64,5.52
20010116,,,5.38,5.27,4.95,4.89,4.89,4.96,5.22,5.24,5.71,5.6
20010112,,,5.33,5.24,4.96,4.9,4.91,4.97,5.24,5.25,5.74,5.63
20010111,,,5.31,5.17,4.84,4.77,4.78,4.85,5.12,5.14,5.67,5.55
20010110,,,5.29,5.16,4.82,4.76,4.78,4.83,5.09,5.1,5.6,5.49
20010109,,,5.24,5.11,4.71,4.64,4.65,4.73,4.98,4.98,5.53,5.43
20010108,,,5.19,5.03,4.61,4.54,4.55,4.65,4.94,4.94,5.52,5.42
20010105,,,5.12,4.98,4.6,4.56,4.57,4.66,4.93,4.93,5.5,5.41
20010104,,,5.37,5.2,4.82,4.77,4.78,4.82,5.07,5.03,5.56,5.44
20010103,,,5.69,5.44,5.04,4.92,4.92,4.94,5.18,5.14,5.62,5.49
20010102,,,5.87,5.58,5.11,4.87,4.82,4.76,4.97,4.92,5.46,5.35
20021231,1.2,,1.22,1.23,1.32,1.61,1.99,2.78,3.36,3.83,4.83,
20021230,1.15,,1.22,1.24,1.36,1.61,1.95,2.76,3.34,3.82,4.82,
20021227,1.07,,1.16,1.23,1.36,1.6,1.97,2.79,3.36,3.83,4.83,
20021226,1.14,,1.18,1.27,1.41,1.7,2.08,2.89,3.47,3.93,4.91,
20021224,1.17,,1.19,1.26,1.42,1.73,2.1,2.92,3.51,3.95,4.93,
20021223,1.15,,1.19,1.26,1.43,1.79,2.17,2.95,3.54,3.98,4.98,
20021220,1.18,,1.21,1.25,1.39,1.76,2.15,2.93,3.53,3.97,4.97,
20021219,1.19,,1.21,1.24,1.37,1.74,2.13,2.91,3.52,3.96,4.97,
20021218,1.2,,1.21,1.26,1.43,1.81,2.21,3.03,3.63,4.06,5.05,
20021217,1.22,,1.22,1.27,1.48,1.89,2.3,3.11,3.71,4.13,5.11,
20021216,1.2,,1.23,1.29,1.5,1.94,2.35,3.14,3.75,4.15,5.11,
20021213,1.2,,1.21,1.28,1.47,1.87,2.27,3.08,3.68,4.07,5.03,
20021212,1.2,,1.21,1.27,1.46,1.85,2.25,3.03,3.62,4.01,4.97,
20021211,1.23,,1.21,1.26,1.46,1.85,2.24,3.02,3.61,4.01,4.97,
20021210,1.23,,1.21,1.27,1.48,1.9,2.3,3.07,3.67,4.06,5.02,
20021209,1.24,,1.23,1.28,1.48,1.88,2.28,3.08,3.68,4.06,5.05,
20021206,1.23,,1.21,1.27,1.47,1.89,2.31,3.13,3.73,4.09,5.08,
20021205,1.23,,1.22,1.28,1.5,1.97,2.39,3.19,3.79,4.13,5.09,
20021204,1.23,,1.22,1.29,1.53,2.02,2.45,3.25,3.85,4.18,5.14,
20021203,1.23,,1.23,1.31,1.57,2.08,2.53,3.33,3.92,4.24,5.18,
20021202,1.26,,1.24,1.31,1.56,2.07,2.51,3.31,3.89,4.22,5.17,
20021129,1.25,,1.22,1.3,1.56,2.08,2.51,3.28,3.88,4.22,5.18,
20021127,1.28,,1.23,1.3,1.58,2.13,2.58,3.34,3.93,4.26,5.23,
20021126,1.27,,1.22,1.28,1.51,1.97,2.38,3.14,3.71,4.08,5.03,
20021125,1.24,,1.24,1.3,1.56,2.09,2.51,3.26,3.85,4.19,5.13,
20021122,1.23,,1.23,1.29,1.54,2.1,2.52,3.26,3.84,4.18,5.12,
20021121,1.23,,1.22,1.27,1.52,2.05,2.46,3.2,3.8,4.14,5.1,
20021120,1.22,,1.22,1.27,1.5,1.98,2.39,3.13,3.72,4.08,5.04,
20021119,1.23,,1.21,1.27,1.49,1.91,2.3,3.02,3.58,3.99,4.94,
20021118,1.24,,1.23,1.27,1.48,1.91,2.3,3.04,3.61,4.02,4.98,
20021115,1.23,,1.22,1.28,1.49,1.91,2.3,3.05,3.63,4.05,5.02,
20021114,1.22,,1.22,1.27,1.48,1.89,2.28,3.01,3.6,4.03,5.01,
20021113,1.22,,1.21,1.25,1.42,1.76,2.11,2.82,3.4,3.84,4.86,
20021112,1.2,,1.22,1.26,1.44,1.79,2.14,2.83,3.42,3.84,4.87,
20021108,1.19,,1.22,1.26,1.43,1.87,2.21,2.87,3.44,3.85,4.87,
20021107,1.2,,1.22,1.27,1.46,1.86,2.2,2.86,3.46,3.88,4.94,
20021106,1.24,,1.23,1.26,1.46,1.87,2.26,3.01,3.62,4.09,5.12,
20021105,1.44,,1.42,1.41,1.48,1.82,2.21,3.0,3.62,4.1,5.13,
20021104,1.44,,1.43,1.43,1.48,1.79,2.19,3.0,3.59,4.07,5.11,
20021101,1.44,,1.43,1.42,1.46,1.76,2.14,2.92,3.54,4.01,5.07,
20021031,1.48,,1.44,1.43,1.46,1.68,2.05,2.81,3.45,3.93,5.03,
20021030,1.56,,1.51,1.46,1.49,1.74,2.12,2.87,3.53,3.99,5.07,
20021029,1.58,,1.51,1.46,1.53,1.79,2.15,2.89,3.51,3.97,5.05,
20021028,1.59,,1.59,1.55,1.6,1.88,2.26,3.03,3.65,4.1,5.15,
20021025,1.63,,1.64,1.62,1.69,1.98,2.35,3.1,3.69,4.12,5.16,
20021024,1.64,,1.65,1.66,1.73,2.09,2.45,3.18,3.74,4.16,5.2,
20021023,1.68,,1.68,1.69,1.84,2.2,2.55,3.26,3.82,4.26,5.26,
20021022,1.71,,1.69,1.71,1.85,2.21,2.57,3.29,3.85,4.27,5.26,
20021021,1.69,,1.71,1.72,1.86,2.23,2.58,3.28,3.83,4.24,5.23,
20021018,1.66,,1.67,1.68,1.77,2.09,2.45,3.17,3.73,4.14,5.17,
20021017,1.66,,1.67,1.69,1.78,2.1,2.47,3.2,3.77,4.16,5.18,
20021016,1.66,,1.66,1.67,1.74,2.02,2.38,3.11,3.68,4.06,5.1,
20021015,1.66,,1.68,1.69,1.79,2.08,2.42,3.11,3.7,4.07,5.09,
20021011,1.59,,1.58,1.58,1.63,1.85,2.17,2.83,3.45,3.83,4.91,
20021010,1.59,,1.58,1.56,1.6,1.75,2.06,2.68,3.3,3.68,4.78,
20021009,1.6,,1.57,1.53,1.55,1.72,2.03,2.65,3.24,3.61,4.72,
20021008,1.62,,1.61,1.57,1.6,1.8,2.1,2.7,3.29,3.65,4.75,
20021007,1.61,,1.63,1.57,1.59,1.77,2.07,2.67,3.27,3.64,4.75,
20021004,1.6,,1.61,1.56,1.58,1.78,2.09,2.73,3.31,3.69,4.77,
20021003,1.58,,1.57,1.51,1.53,1.75,2.08,2.74,3.33,3.7,4.79,
20021002,1.61,,1.58,1.52,1.53,1.75,2.07,2.74,3.33,3.71,4.78,
20021001,1.63,,1.59,1.54,1.56,1.8,2.11,2.75,3.34,3.72,4.81,
20020930,1.6,,1.57,1.51,1.53,1.72,2.02,2.63,3.25,3.63,4.75,
20020927,1.63,,1.63,1.57,1.62,1.82,2.13,2.74,3.31,3.69,4.78,
20020926,1.66,,1.65,1.61,1.68,1.97,2.27,2.86,3.42,3.79,4.85,
20020925,1.67,,1.66,1.63,1.73,2.0,2.28,2.83,3.4,3.77,4.83,
20020924,1.68,,1.65,1.61,1.68,1.93,2.2,2.76,3.31,3.69,4.74,
20020923,1.65,,1.65,1.62,1.68,1.93,2.21,2.76,3.32,3.7,4.75,
20020920,1.64,,1.65,1.64,1.68,1.94,2.25,2.86,3.42,3.79,4.82,
20020919,1.64,,1.65,1.64,1.68,1.93,2.24,2.87,3.42,3.79,4.8,
20020918,1.7,,1.68,1.68,1.75,2.04,2.35,2.96,3.5,3.86,4.85,
20020917,1.7,,1.7,1.69,1.77,2.06,2.36,2.97,3.49,3.87,4.83,
20020916,1.69,,1.71,1.69,1.78,2.07,2.38,3.0,3.53,3.9,4.85,
20020913,1.68,,1.69,1.68,1.74,2.07,2.38,3.0,3.55,3.92,4.87,
20020912,1.7,,1.69,1.68,1.79,2.12,2.44,3.07,3.61,3.98,4.93,
20020911,1.71,,1.69,1.69,1.84,2.18,2.51,3.15,3.71,4.07,5.01,
20020910,1.72,,1.68,1.68,1.77,2.12,2.44,3.08,3.63,4.0,4.96,
20020909,1.7,,1.69,1.69,1.77,2.13,2.46,3.11,3.66,4.05,4.99,
20020906,1.68,,1.66,1.66,1.75,2.08,2.42,3.1,3.66,4.05,5.0,
20020905,1.66,,1.61,1.58,1.66,1.95,2.29,2.95,3.52,3.91,4.88,
20020904,1.69,,1.63,1.6,1.69,2.02,2.35,3.02,3.58,3.96,4.91,
20020903,1.69,,1.64,1.62,1.71,2.01,2.36,3.04,3.63,3.98,4.92,
20020830,1.7,,1.69,1.67,1.74,2.14,2.5,3.22,3.78,4.14,5.06,
20020829,1.71,,1.68,1.66,1.75,2.14,2.51,3.24,3.8,4.16,5.08,
20020828,1.71,,1.67,1.69,1.85,2.23,2.59,3.31,3.86,4.22,5.14,
20020827,1.69,,1.68,1.71,1.89,2.26,2.63,3.37,3.93,4.29,5.2,
20020826,1.68,,1.68,1.69,1.79,2.19,2.56,3.29,3.85,4.22,5.12,
20020823,1.66,,1.65,1.67,1.8,2.19,2.56,3.31,3.88,4.25,5.15,
20020822,1.66,,1.65,1.68,1.85,2.22,2.61,3.37,3.95,4.3,5.22,
20020821,1.68,,1.63,1.65,1.77,2.12,2.51,3.28,3.85,4.2,5.14,
20020820,1.69,,1.62,1.64,1.77,2.12,2.5,3.25,3.84,4.17,5.12,
20020819,1.67,,1.67,1.68,1.86,2.25,2.64,3.4,3.97,4.29,5.21,
20020816,1.66,,1.62,1.65,1.82,2.28,2.67,3.41,3.99,4.32,5.24,
20020815,1.66,,1.62,1.63,1.78,2.22,2.58,3.28,3.85,4.17,5.12,
20020814,1.68,,1.64,1.61,1.77,2.12,2.47,3.19,3.74,4.06,5.03,
20020813,1.68,,1.63,1.58,1.7,2.0,2.37,3.15,3.72,4.12,5.09,
20020812,1.68,,1.68,1.64,1.75,2.1,2.48,3.24,3.81,4.22,5.16,
20020809,1.66,,1.62,1.59,1.68,2.1,2.49,3.28,3.85,4.27,5.22,
20020808,1.67,,1.62,1.59,1.68,2.1,2.52,3.35,3.96,4.4,5.34,
20020807,1.66,,1.59,1.55,1.64,1.98,2.4,3.24,3.89,4.35,5.31,
20020806,1.71,,1.65,1.6,1.69,2.11,2.53,3.36,3.98,4.42,5.35,
20020805,1.68,,1.64,1.59,1.68,1.93,2.34,3.21,3.83,4.29,5.26,
20020802,1.66,,1.63,1.59,1.65,1.99,2.43,3.27,3.88,4.33,5.29,
20020801,1.7,,1.68,1.66,1.75,2.15,2.6,3.46,4.04,4.47,5.41,
20020731,1.73,,1.71,1.7,1.8,2.23,2.67,3.53,4.09,4.51,5.41,
20020730,1.73,,1.72,1.75,1.96,2.44,2.88,3.71,4.24,4.65,5.54,
20020729,1.73,,1.72,1.74,1.93,2.41,2.84,3.68,4.22,4.62,5.54,
20020726,1.71,,1.69,1.68,1.8,2.2,2.62,3.46,4.03,4.43,5.42,
20020725,1.71,,1.7,1.69,1.86,2.28,2.69,3.51,4.05,4.43,5.39,
20020724,1.7,,1.69,1.7,1.89,2.38,2.81,3.6,4.13,4.49,5.42,
20020723,1.73,,1.7,1.71,1.91,2.34,2.76,3.59,4.11,4.47,5.39,
20020722,1.71,,1.7,1.73,1.94,2.4,2.83,3.65,4.15,4.51,5.4,
20020719,1.71,,1.71,1.73,1.94,2.48,2.94,3.76,4.25,4.61,5.47,
20020718,1.72,,1.72,1.74,1.95,2.55,3.01,3.82,4.29,4.66,5.52,
20020717,1.72,,1.72,1.75,1.99,2.63,3.1,3.89,4.36,4.71,5.54,
20020716,1.74,,1.72,1.75,1.99,2.66,3.14,3.93,4.42,4.75,5.58,
20020715,1.71,,1.72,1.73,1.97,2.55,3.04,3.85,4.33,4.66,5.49,
20020712,1.71,,1.71,1.74,1.97,2.56,3.02,3.82,4.3,4.63,5.45,
20020711,1.72,,1.72,1.74,1.95,2.61,3.07,3.86,4.33,4.66,5.47,
20020710,1.73,,1.72,1.74,1.97,2.61,3.07,3.85,4.33,4.66,5.48,
20020709,1.72,,1.72,1.75,2.01,2.74,3.21,3.98,4.47,4.78,5.57,
20020708,1.73,,1.73,1.78,2.08,2.84,3.32,4.07,4.53,4.84,5.63,
20020705,1.71,,1.72,1.77,2.08,2.9,3.38,4.13,4.6,4.9,5.67,
20020703,1.71,,1.72,1.74,2.02,2.78,3.25,4.0,4.47,4.78,5.57,
20020702,1.72,,1.72,1.76,2.04,2.78,3.24,3.99,4.45,4.77,5.56,
20020701,1.71,,1.72,1.78,2.09,2.88,3.35,4.08,4.54,4.85,5.64,
20020628,1.69,,1.7,1.75,2.06,2.9,3.37,4.09,4.52,4.86,5.65,
20020627,1.7,,1.7,1.76,2.09,2.85,3.34,4.08,4.51,4.84,5.63,
20020626,1.72,,1.7,1.74,2.05,2.77,3.25,3.99,4.4,4.75,5.53,
20020625,1.74,,1.73,1.81,2.16,2.92,3.41,4.13,4.55,4.88,5.62,
20020624,1.66,,1.74,1.82,2.15,2.93,3.41,4.13,4.55,4.87,5.6,
20020621,1.68,,1.72,1.79,2.09,2.88,3.35,4.06,4.47,4.79,5.54,
20020620,1.68,,1.73,1.81,2.12,2.93,3.4,4.11,4.53,4.85,5.59,
20020619,1.69,,1.71,1.77,2.07,2.81,3.28,4.01,4.43,4.76,5.51,
20020618,1.7,,1.73,1.82,2.16,2.93,3.41,4.13,4.55,4.88,5.6,
20020617,1.7,,1.74,1.85,2.2,2.96,3.44,4.14,4.57,4.89,5.61,
20020614,1.71,,1.71,1.8,2.16,2.92,3.4,4.1,4.51,4.83,5.54,
20020613,1.71,,1.72,1.82,2.2,3.0,3.5,4.2,4.61,4.94,5.65,
20020612,1.74,,1.74,1.85,2.25,3.05,3.55,4.24,4.65,4.98,5.68,
20020611,1.75,,1.75,1.87,2.27,3.09,3.59,4.29,4.69,5.02,5.71,
20020610,1.75,,1.76,1.89,2.3,3.15,3.66,4.34,4.75,5.07,5.76,
20020607,1.74,,1.74,1.89,2.31,3.16,3.67,4.36,4.78,5.1,5.81,
20020606,1.74,,1.74,1.88,2.3,3.13,3.63,4.3,4.72,5.04,5.75,
20020605,1.75,,1.75,1.9,2.33,3.16,3.68,4.35,4.76,5.08,5.79,
20020604,1.73,,1.76,1.9,2.31,3.13,3.64,4.31,4.72,5.04,5.75,
20020603,1.72,,1.77,1.93,2.35,3.19,3.72,4.36,4.75,5.06,5.76,
20020531,1.72,,1.74,1.91,2.34,3.22,3.73,4.37,4.77,5.08,5.77,
20020530,1.73,,1.75,1.9,2.31,3.17,3.69,4.36,4.74,5.06,5.74,
20020529,1.73,,1.75,1.91,2.35,3.24,3.76,4.41,4.81,5.11,5.79,
20020528,1.73,,1.77,1.94,2.41,3.3,3.82,4.46,4.87,5.16,5.83,
20020524,1.71,,1.74,1.91,2.37,3.28,3.81,4.47,4.87,5.16,5.83,
20020523,1.73,,1.74,1.91,2.38,3.28,3.8,4.46,4.87,5.16,5.83,
20020522,1.72,,1.74,1.9,2.34,3.23,3.75,4.43,4.85,5.13,5.8,
20020521,1.73,,1.75,1.92,2.38,3.28,3.82,4.49,4.9,5.18,5.84,
20020520,1.73,,1.77,1.94,2.41,3.33,3.87,4.53,4.94,5.21,5.88,
20020517,1.73,,1.76,1.95,2.45,3.41,3.95,4.6,5.01,5.27,5.94,
20020516,1.74,,1.75,1.9,2.35,3.28,3.81,4.52,4.94,5.2,5.87,
20020515,1.76,,1.76,1.93,2.41,3.37,3.9,4.59,5.02,5.28,5.92,
20020514,1.78,,1.78,1.95,2.43,3.4,3.94,4.64,5.06,5.32,5.94,
20020513,1.77,,1.79,1.92,2.36,3.28,3.81,4.54,4.98,5.23,5.86,
20020510,1.73,,1.77,1.88,2.27,3.19,3.71,4.46,4.89,5.15,5.77,
20020509,1.74,,1.77,1.9,2.33,3.27,3.8,4.53,4.96,5.2,5.8,
20020508,1.76,,1.76,1.91,2.37,3.32,3.87,4.58,4.99,5.24,5.84,
20020507,1.77,,1.76,1.86,2.27,3.14,3.67,4.43,4.85,5.09,5.71,
20020506,1.74,,1.78,1.9,2.3,3.19,3.77,4.5,4.87,5.1,5.71,
20020503,1.73,,1.76,1.88,2.28,3.17,3.75,4.48,4.85,5.08,5.7,
20020502,1.74,,1.77,1.92,2.35,3.25,3.83,4.54,4.91,5.13,5.74,
20020501,1.76,,1.77,1.91,2.33,3.21,3.78,4.49,4.86,5.08,5.71,
20020430,1.77,,1.77,1.91,2.35,3.24,3.83,4.53,4.88,5.11,5.74,
20020429,1.73,,1.78,1.93,2.36,3.26,3.85,4.55,4.91,5.13,5.77,
20020426,1.68,,1.75,1.9,2.31,3.22,3.8,4.49,4.86,5.08,5.73,
20020425,1.68,,1.74,1.9,2.33,3.25,3.83,4.52,4.89,5.1,5.77,
20020424,1.67,,1.72,1.89,2.35,3.28,3.87,4.53,4.9,5.11,5.77,
20020423,1.68,,1.73,1.92,2.41,3.39,3.96,4.62,4.98,5.18,5.83,
20020422,1.67,,1.72,1.92,2.41,3.37,3.94,4.62,4.98,5.19,5.85,
20020419,1.69,,1.73,1.91,2.39,3.36,3.95,4.62,5.0,5.21,5.85,
20020418,1.7,,1.72,1.91,2.4,3.38,3.97,4.64,5.02,5.23,5.88,
20020417,1.71,,1.73,1.92,2.43,3.41,3.99,4.64,5.03,5.24,5.9,
20020416,1.71,,1.74,1.97,2.46,3.43,4.03,4.62,5.0,5.2,5.83,
20020415,1.71,,1.72,1.96,2.44,3.38,3.99,4.57,4.95,5.15,5.78,
20020412,1.71,,1.71,1.96,2.44,3.41,4.01,4.6,4.99,5.18,5.81,
20020411,1.72,,1.72,1.97,2.51,3.47,4.07,4.66,5.03,5.22,5.85,
20020410,1.72,,1.71,1.98,2.52,3.48,4.08,4.68,5.05,5.24,5.88,
20020409,1.73,,1.73,2.02,2.55,3.48,4.06,4.67,5.03,5.22,5.84,
20020408,1.76,,1.75,2.02,2.61,3.51,4.03,4.7,5.07,5.25,5.89,
20020405,1.76,,1.76,2.03,2.54,3.49,4.1,4.68,5.04,5.22,5.84,
20020404,1.77,,1.78,2.07,2.61,3.57,4.16,4.76,5.12,5.28,5.89,
20020403,1.77,,1.79,2.08,2.61,3.55,4.14,4.76,5.13,5.3,5.92,
20020402,1.79,,1.8,2.12,2.68,3.63,4.21,4.84,5.21,5.36,5.96,
20020401,1.79,,1.79,2.16,2.76,3.74,4.29,4.93,5.29,5.44,6.04,
20020328,1.76,,1.79,2.12,2.7,3.72,4.31,4.91,5.29,5.42,6.03,
20020327,1.77,,1.81,2.1,2.65,3.66,4.28,4.85,5.22,5.35,5.96,
20020326,1.82,,1.81,2.12,2.69,3.68,4.27,4.85,5.23,5.35,5.96,
20020325,1.78,,1.85,2.16,2.75,3.78,4.38,4.92,5.28,5.41,6.03,
20020322,1.78,,1.84,2.13,2.7,3.77,4.4,4.9,5.28,5.4,6.04,
20020321,1.78,,1.84,2.12,2.66,3.73,4.39,4.88,5.26,5.39,6.02,
20020320,1.79,,1.84,2.12,2.66,3.71,4.3,4.87,5.25,5.4,6.04,
20020319,1.81,,1.85,2.1,2.61,3.64,4.26,4.78,5.18,5.33,5.96,
20020318,1.77,,1.88,2.14,2.65,3.67,4.27,4.79,5.17,5.32,5.95,
20020315,1.79,,1.86,2.09,2.61,3.63,4.23,4.8,5.2,5.35,5.98,
20020314,1.79,,1.86,2.06,2.59,3.63,4.2,4.83,5.24,5.4,6.05,
20020313,1.8,,1.82,2.02,2.52,3.49,4.06,4.69,5.11,5.28,5.95,
20020312,1.82,,1.84,2.06,2.57,3.56,4.14,4.75,5.17,5.32,5.96,
20020311,1.8,,1.86,2.08,2.59,3.59,4.17,4.77,5.18,5.33,5.96,
20020308,1.77,,1.81,2.05,2.57,3.6,4.21,4.77,5.17,5.33,5.95,
20020307,1.77,,1.78,1.96,2.43,3.36,3.95,4.65,5.07,5.22,5.88,
20020306,1.77,,1.78,1.92,2.34,3.26,3.77,4.45,4.89,5.06,5.74,
20020305,1.78,,1.8,1.93,2.36,3.25,3.77,4.44,4.86,5.02,5.7,
20020304,1.77,,1.81,1.94,2.36,3.24,3.75,4.43,4.86,5.02,5.71,
20020301,1.78,,1.77,1.91,2.33,3.18,3.73,4.43,4.82,4.98,5.7,
20020228,1.76,,1.79,1.87,2.25,3.06,3.64,4.27,4.7,4.88,5.61,
20020227,1.77,,1.77,1.88,2.27,3.09,3.56,4.22,4.67,4.84,5.56,
20020226,1.78,,1.77,1.91,2.31,3.08,3.61,4.33,4.77,4.93,5.63,
20020225,1.76,,1.77,1.89,2.26,3.01,3.53,4.26,4.69,4.86,5.56,
20020222,1.75,,1.76,1.86,2.22,2.97,3.48,4.23,4.67,4.84,5.55,
20020221,1.76,,1.76,1.87,2.25,3.0,3.52,4.27,4.72,4.88,5.58,
20020220,1.75,,1.76,1.87,2.24,3.0,3.53,4.28,4.71,4.88,5.6,
20020219,1.73,,1.76,1.87,2.23,2.98,3.52,4.28,4.71,4.88,5.61,
20020215,1.72,,1.74,1.84,2.2,2.97,3.5,4.27,4.66,4.86,5.58,5.37
20020214,1.75,,1.75,1.86,2.26,3.07,3.59,4.35,4.76,4.95,5.64,5.42
20020213,1.75,,1.76,1.87,2.27,3.09,3.63,4.4,4.8,5.01,5.72,5.47
20020212,1.76,,1.75,1.87,2.26,3.04,3.58,4.36,4.76,4.97,5.69,5.45
20020211,1.73,,1.75,1.86,2.21,2.95,3.49,4.29,4.7,4.91,5.63,5.41
20020208,1.69,,1.73,1.82,2.16,2.95,3.48,4.28,4.69,4.9,5.6,5.39
20020207,1.71,,1.73,1.83,2.2,2.99,3.54,4.33,4.73,4.93,5.64,5.42
20020206,1.73,,1.74,1.84,2.2,2.98,3.51,4.3,4.71,4.92,5.61,5.38
20020205,1.74,,1.76,1.86,2.22,2.99,3.53,4.29,4.66,4.92,5.56,5.35
20020204,1.7,,1.77,1.87,2.19,2.99,3.52,4.29,4.69,4.94,5.57,5.35
20020201,1.69,,1.76,1.87,2.22,3.08,3.62,4.37,4.78,5.02,5.63,5.4
20020131,1.69,,1.76,1.89,2.29,3.16,3.7,4.42,4.82,5.07,5.68,5.44
20020130,1.7,,1.75,1.86,2.23,3.06,3.61,4.37,4.77,5.02,5.64,5.41
20020129,1.72,,1.72,1.84,2.23,3.05,3.59,4.35,4.76,5.02,5.63,5.4
20020128,1.71,,1.76,1.88,2.28,3.19,3.73,4.48,4.88,5.12,5.72,5.47
20020125,1.69,,1.72,1.83,2.25,3.17,3.71,4.46,4.86,5.1,5.72,5.47
20020124,1.69,,1.72,1.82,2.22,3.15,3.67,4.4,4.82,5.07,5.71,5.47
20020123,1.7,,1.71,1.78,2.15,3.07,3.58,4.36,4.81,5.05,5.73,5.48
20020122,1.67,,1.7,1.77,2.11,2.97,3.48,4.27,4.72,4.96,5.62,5.39
20020118,1.59,,1.62,1.71,2.08,2.91,3.43,4.23,4.69,4.94,5.59,5.36
20020117,1.6,,1.64,1.73,2.09,2.96,3.49,4.28,4.73,4.98,5.65,5.41
20020116,1.62,,1.61,1.65,2.01,2.84,3.36,4.16,4.62,4.88,5.58,5.36
20020115,1.64,,1.6,1.63,1.99,2.79,3.32,4.14,4.62,4.88,5.56,5.34
20020114,1.62,,1.58,1.63,2.0,2.79,3.32,4.15,4.64,4.91,5.62,5.38
20020111,1.62,,1.58,1.62,1.98,2.76,3.28,4.14,4.65,4.92,5.6,5.37
20020110,1.66,,1.68,1.75,2.1,2.94,3.46,4.27,4.74,5.0,5.64,5.42
20020109,1.68,,1.68,1.77,2.17,3.03,3.57,4.38,4.86,5.1,5.76,5.51
20020108,1.7,,1.68,1.77,2.19,3.07,3.6,4.39,4.86,5.1,5.77,5.51
20020107,1.7,,1.68,1.77,2.19,3.08,3.61,4.39,4.86,5.09,5.76,5.49
20020104,1.72,,1.72,1.82,2.25,3.19,3.72,4.5,4.97,5.18,5.87,5.57
20020103,1.73,,1.73,1.82,2.24,3.19,3.71,4.48,4.93,5.16,5.83,5.54
20020102,1.73,,1.74,1.85,2.28,3.22,3.75,4.52,4.97,5.2,5.86,5.56
20031231,0.9,,0.95,1.02,1.26,1.84,2.37,3.25,3.77,4.27,5.1,
20031230,0.88,,0.94,1.02,1.28,1.86,2.39,3.26,3.8,4.29,5.12,
20031229,0.79,,0.9,1.03,1.31,1.86,2.37,3.23,3.76,4.24,5.07,
20031226,0.76,,0.87,0.99,1.27,1.82,2.33,3.17,3.67,4.17,4.99,
20031224,0.87,,0.9,1.0,1.28,1.83,2.36,3.2,3.72,4.2,5.02,
20031223,0.89,,0.9,1.0,1.31,1.96,2.47,3.3,3.81,4.28,5.09,
20031222,0.88,,0.9,0.99,1.27,1.84,2.37,3.19,3.7,4.18,5.02,
20031219,0.87,,0.88,0.96,1.25,1.82,2.35,3.16,3.67,4.15,4.99,
20031218,0.86,,0.89,0.96,1.24,1.85,2.38,3.17,3.67,4.16,4.99,
20031217,0.85,,0.9,0.99,1.26,1.83,2.37,3.18,3.7,4.19,5.05,
20031216,0.88,,0.91,1.0,1.28,1.83,2.37,3.21,3.74,4.24,5.1,
20031215,0.87,,0.9,1.01,1.3,1.88,2.41,3.26,3.79,4.28,5.13,
20031212,0.88,,0.91,0.99,1.28,1.84,2.4,3.23,3.75,4.26,5.12,
20031211,0.87,,0.9,0.99,1.27,1.83,2.37,3.21,3.76,4.27,5.14,
20031210,0.92,,0.93,1.03,1.33,1.94,2.48,3.28,3.82,4.3,5.16,
20031209,0.93,,0.93,1.04,1.35,1.97,2.51,3.33,3.85,4.32,5.18,
20031208,0.94,,0.93,1.03,1.33,1.94,2.48,3.28,3.81,4.29,5.15,
20031205,0.93,,0.92,1.01,1.3,1.88,2.42,3.23,3.76,4.23,5.09,
20031204,0.94,,0.93,1.04,1.38,2.06,2.61,3.42,3.93,4.38,5.22,
20031203,0.96,,0.94,1.04,1.39,2.09,2.63,3.46,3.98,4.41,5.25,
20031202,0.96,,0.94,1.04,1.38,2.07,2.6,3.43,3.95,4.38,5.22,
20031201,0.96,,0.95,1.06,1.41,2.12,2.64,3.46,3.98,4.4,5.23,
20031128,0.96,,0.93,1.04,1.39,2.06,2.56,3.38,3.89,4.34,5.2,
20031126,0.97,,0.94,1.04,1.35,1.97,2.48,3.27,3.79,4.25,5.12,
20031125,0.97,,0.95,1.03,1.32,1.89,2.4,3.2,3.72,4.19,5.07,
20031124,0.94,,0.96,1.04,1.33,1.94,2.44,3.24,3.76,4.23,5.11,
20031121,0.93,,0.94,1.02,1.29,1.84,2.35,3.15,3.67,4.15,5.05,
20031120,0.93,,0.95,1.01,1.28,1.83,2.35,3.14,3.67,4.16,5.06,
20031119,0.94,,0.95,1.03,1.32,1.9,2.42,3.22,3.75,4.24,5.12,
20031118,0.95,,0.96,1.04,1.3,1.83,2.32,3.14,3.66,4.17,5.05,
20031117,0.93,,0.96,1.04,1.29,1.8,2.31,3.14,3.68,4.18,5.07,
20031114,0.92,,0.95,1.04,1.31,1.84,2.36,3.19,3.7,4.22,5.1,
20031113,0.91,,0.94,1.04,1.33,1.92,2.45,3.29,3.79,4.3,5.16,
20031112,0.92,,0.95,1.06,1.39,2.05,2.59,3.45,3.95,4.44,5.29,
20031110,0.92,,0.97,1.07,1.39,2.06,2.63,3.49,4.0,4.49,5.34,
20031107,0.95,,0.96,1.07,1.4,2.04,2.6,3.47,3.99,4.48,5.33,
20031106,0.95,,0.96,1.06,1.38,2.01,2.55,3.43,3.96,4.45,5.32,
20031105,0.96,,0.96,1.05,1.35,1.94,2.46,3.35,3.88,4.38,5.24,
20031104,0.97,,0.95,1.03,1.31,1.86,2.4,3.28,3.81,4.33,5.19,
20031103,0.97,,0.96,1.05,1.33,1.9,2.44,3.34,3.88,4.4,5.25,
20031031,0.96,,0.96,1.04,1.31,1.85,2.36,3.27,3.8,4.33,5.2,
20031030,0.97,,0.96,1.04,1.32,1.86,2.39,3.29,3.83,4.36,5.25,
20031029,0.98,,0.96,1.04,1.29,1.79,2.32,3.2,3.76,4.31,5.21,
20031028,0.98,,0.96,1.03,1.25,1.71,2.23,3.11,3.67,4.23,5.14,
20031027,0.95,,0.98,1.05,1.31,1.83,2.35,3.21,3.75,4.3,5.19,
20031024,0.92,,0.95,1.03,1.27,1.76,2.26,3.13,3.68,4.24,5.14,
20031023,0.92,,0.96,1.03,1.3,1.84,2.37,3.24,3.81,4.34,5.25,
20031022,0.92,,0.96,1.03,1.28,1.8,2.33,3.21,3.77,4.29,5.19,
20031021,0.92,,0.93,1.04,1.32,1.89,2.41,3.31,3.86,4.38,5.28,
20031020,0.9,,0.95,1.04,1.32,1.88,2.42,3.33,3.89,4.41,5.3,
20031017,0.9,,0.93,1.02,1.31,1.9,2.41,3.33,3.9,4.41,5.32,
20031016,0.9,,0.93,1.03,1.34,1.96,2.47,3.4,3.97,4.47,5.38,
20031015,0.9,,0.93,1.01,1.27,1.79,2.32,3.3,3.88,4.43,5.36,
20031014,0.89,,0.93,1.01,1.23,1.73,2.25,3.23,3.82,4.37,5.32,
20031010,0.89,,0.92,1.0,1.21,1.65,2.18,3.15,3.72,4.29,5.23,
20031009,0.9,,0.91,1.0,1.22,1.69,2.2,3.17,3.77,4.32,5.27,
20031008,0.88,,0.91,1.0,1.21,1.65,2.17,3.14,3.72,4.27,5.22,
20031007,0.85,,0.92,1.01,1.21,1.67,2.19,3.15,3.73,4.27,5.21,
20031006,0.87,,0.94,0.97,1.15,1.6,2.11,3.06,3.63,4.17,5.1,
20031003,0.87,,0.94,1.01,1.2,1.65,2.17,3.12,3.69,4.21,5.15,
20031002,0.86,,0.94,1.0,1.14,1.48,1.96,2.9,3.48,4.03,4.97,
20031001,0.88,,0.95,1.0,1.13,1.47,1.93,2.84,3.4,3.96,4.92,
20030930,0.87,,0.95,1.01,1.15,1.5,1.95,2.85,3.41,3.96,4.91,
20030929,0.87,,0.96,1.03,1.21,1.61,2.07,2.98,3.54,4.09,5.03,
20030926,0.87,,0.94,1.02,1.21,1.6,2.06,2.95,3.49,4.04,4.98,
20030925,0.88,,0.94,1.02,1.21,1.65,2.14,3.05,3.59,4.12,5.04,
20030924,0.89,,0.95,1.02,1.22,1.66,2.15,3.07,3.62,4.16,5.09,
20030923,0.89,,0.93,1.03,1.24,1.68,2.2,3.13,3.7,4.24,5.16,
20030922,0.88,,0.95,1.04,1.24,1.7,2.21,3.16,3.73,4.26,5.2,
20030919,0.88,,0.95,1.02,1.23,1.7,2.2,3.11,3.66,4.17,5.12,
20030918,0.89,,0.96,1.02,1.23,1.68,2.16,3.09,3.66,4.19,5.15,
20030917,0.9,,0.95,1.02,1.19,1.63,2.13,3.06,3.64,4.2,5.15,
20030916,0.91,,0.93,1.02,1.22,1.63,2.16,3.12,3.72,4.29,5.26,
20030915,0.91,,0.96,1.03,1.2,1.63,2.17,3.12,3.71,4.28,5.24,
20030912,0.91,,0.96,1.02,1.2,1.66,2.19,3.15,3.72,4.27,5.22,
20030911,0.93,,0.96,1.02,1.22,1.71,2.27,3.24,3.79,4.35,5.27,
20030910,0.94,,0.96,1.02,1.2,1.64,2.19,3.18,3.73,4.28,5.22,
20030909,0.95,,0.96,1.03,1.23,1.71,2.29,3.28,3.85,4.37,5.31,
20030908,0.95,,0.97,1.05,1.27,1.75,2.33,3.32,3.88,4.41,5.33,
20030905,0.95,,0.96,1.03,1.24,1.72,2.28,3.28,3.83,4.35,5.29,
20030904,0.96,,0.97,1.05,1.33,1.91,2.51,3.5,4.04,4.52,5.43,
20030903,0.98,,0.97,1.04,1.36,2.02,2.62,3.61,4.15,4.6,5.49,
20030902,0.98,,0.98,1.07,1.39,2.04,2.62,3.63,4.17,4.61,5.48,
20030829,0.98,,0.98,1.06,1.35,1.95,2.51,3.46,4.0,4.45,5.33,
20030828,0.99,,0.99,1.06,1.34,1.93,2.48,3.42,3.96,4.42,5.31,
20030827,1.0,,1.0,1.06,1.38,2.05,2.61,3.55,4.11,4.54,5.43,
20030826,1.01,,1.01,1.06,1.32,1.96,2.55,3.5,4.05,4.5,5.39,
20030825,0.97,,1.02,1.07,1.35,2.02,2.59,3.52,4.08,4.53,5.43,
20030822,0.96,,0.98,1.06,1.35,1.97,2.54,3.47,4.03,4.48,5.37,
20030821,0.95,,0.97,1.07,1.37,1.98,2.56,3.51,4.07,4.53,5.43,
20030820,0.94,,0.96,1.04,1.3,1.84,2.43,3.35,3.96,4.45,5.39,
20030819,0.96,,0.96,1.04,1.29,1.81,2.37,3.27,3.89,4.38,5.33,
20030818,0.97,,0.96,1.06,1.33,1.87,2.46,3.37,3.99,4.49,5.45,
20030815,0.92,,0.95,1.05,1.3,1.85,2.47,3.42,4.04,4.55,5.49,
20030814,0.96,,0.96,1.06,1.31,1.86,2.47,3.42,4.05,4.55,5.49,
20030813,0.95,,0.96,1.05,1.31,1.86,2.47,3.43,4.06,4.58,5.55,
20030812,0.93,,0.95,1.04,1.25,1.71,2.29,3.23,3.85,4.37,5.36,
20030811,0.92,,0.96,1.06,1.3,1.81,2.35,3.26,3.86,4.38,5.36,
20030808,0.91,,0.96,1.03,1.22,1.72,2.27,3.17,3.76,4.27,5.29,
20030807,0.91,,0.95,1.04,1.26,1.74,2.3,3.19,3.78,4.3,5.27,
20030806,0.92,,0.95,1.04,1.28,1.78,2.36,3.25,3.82,4.32,5.31,
20030805,0.93,,0.96,1.05,1.32,1.88,2.44,3.37,3.98,4.47,5.48,
20030804,0.91,,0.97,1.05,1.24,1.71,2.24,3.24,3.86,4.35,5.36,
20030801,0.91,,0.95,1.05,1.31,1.85,2.38,3.37,4.01,4.44,5.42,
20030731,0.91,,0.96,1.02,1.28,1.8,2.33,3.38,3.98,4.49,5.43,
20030730,0.94,,0.98,1.01,1.17,1.64,2.21,3.27,3.85,4.34,5.27,
20030729,0.99,,0.99,1.01,1.17,1.67,2.26,3.33,3.9,4.42,5.33,
20030728,0.97,,0.97,1.01,1.17,1.61,2.17,3.21,3.79,4.31,5.23,
20030725,0.92,,0.93,0.98,1.13,1.52,2.06,3.1,3.69,4.22,5.15,
20030724,0.91,,0.93,0.98,1.13,1.54,2.05,3.08,3.66,4.2,5.12,
20030723,0.9,,0.93,0.97,1.11,1.54,2.04,3.04,3.6,4.12,5.04,
20030722,0.89,,0.93,0.97,1.12,1.57,2.1,3.07,3.64,4.17,5.07,
20030721,0.86,,0.93,0.99,1.17,1.61,2.11,3.1,3.67,4.19,5.09,
20030718,0.84,,0.91,0.96,1.12,1.51,1.98,2.93,3.49,4.0,4.93,
20030717,0.84,,0.9,0.96,1.11,1.47,1.93,2.88,3.45,3.98,4.92,
20030716,0.85,,0.91,0.97,1.12,1.49,1.94,2.87,3.44,3.97,4.91,
20030715,0.88,,0.92,0.97,1.1,1.45,1.89,2.81,3.4,3.94,4.91,
20030714,0.88,,0.91,0.96,1.07,1.35,1.74,2.6,3.2,3.74,4.74,
20030711,0.89,,0.89,0.95,1.06,1.29,1.67,2.52,3.12,3.66,4.65,
20030710,0.89,,0.89,0.95,1.07,1.33,1.72,2.59,3.17,3.7,4.68,
20030709,0.9,,0.9,0.95,1.09,1.37,1.77,2.63,3.21,3.73,4.69,
20030708,0.92,,0.92,0.96,1.09,1.39,1.79,2.65,3.23,3.75,4.71,
20030707,0.9,,0.92,0.97,1.08,1.36,1.76,2.63,3.22,3.74,4.69,
20030703,0.87,,0.87,0.95,1.07,1.32,1.69,2.55,3.15,3.67,4.64,
20030702,0.87,,0.87,0.95,1.06,1.3,1.65,2.47,3.05,3.56,4.54,
20030701,0.89,,0.89,0.96,1.07,1.3,1.66,2.48,3.06,3.56,4.54,
20030630,0.81,,0.9,0.98,1.09,1.32,1.66,2.46,3.03,3.54,4.52,
20030627,0.8,,0.87,0.95,1.09,1.38,1.72,2.52,3.09,3.58,4.57,
20030626,0.86,,0.91,0.96,1.11,1.41,1.73,2.49,3.07,3.55,4.52,
20030625,0.92,,0.92,0.94,1.05,1.3,1.57,2.32,2.9,3.38,4.4,
20030624,0.82,,0.83,0.84,0.91,1.14,1.44,2.21,2.78,3.29,4.31,
20030623,0.83,,0.85,0.87,0.94,1.17,1.47,2.24,2.82,3.32,4.35,
20030620,0.81,,0.83,0.85,0.94,1.22,1.55,2.31,2.9,3.4,4.41,
20030619,0.83,,0.81,0.82,0.88,1.17,1.5,2.28,2.87,3.35,4.37,
20030618,0.9,,0.89,0.89,0.96,1.27,1.59,2.34,2.9,3.37,4.35,
20030617,0.93,,0.9,0.91,1.0,1.25,1.53,2.26,2.81,3.27,4.26,
20030616,0.93,,0.87,0.88,0.95,1.18,1.44,2.14,2.71,3.18,4.18,
20030613,0.92,,0.86,0.86,0.9,1.1,1.34,2.08,2.63,3.13,4.13,
20030612,1.02,,0.92,0.9,0.95,1.13,1.38,2.1,2.68,3.18,4.18,
20030611,1.07,,0.94,0.95,1.0,1.16,1.42,2.16,2.72,3.21,4.23,
20030610,1.1,,0.97,0.95,0.98,1.13,1.38,2.12,2.69,3.2,4.22,
20030609,1.14,,1.03,1.0,1.04,1.19,1.45,2.2,2.79,3.29,4.31,
20030606,1.14,,1.05,1.03,1.08,1.27,1.53,2.29,2.87,3.37,4.37,
20030605,1.12,,1.04,1.03,1.07,1.25,1.52,2.25,2.83,3.34,4.37,
20030604,1.15,,1.05,1.03,1.04,1.2,1.46,2.19,2.78,3.3,4.32,
20030603,1.17,,1.08,1.05,1.07,1.2,1.51,2.25,2.82,3.34,4.35,
20030602,1.17,,1.14,1.12,1.15,1.33,1.61,2.37,2.94,3.43,4.43,
20030530,1.16,,1.11,1.09,1.13,1.33,1.58,2.3,2.87,3.37,4.36,
20030529,1.18,,1.1,1.08,1.11,1.3,1.56,2.27,2.84,3.34,4.35,
20030528,1.21,,1.12,1.11,1.15,1.35,1.62,2.35,2.94,3.44,4.42,
20030527,1.15,,1.09,1.09,1.13,1.33,1.63,2.34,2.93,3.41,4.39,
20030523,1.14,,1.08,1.08,1.14,1.38,1.65,2.33,2.87,3.34,4.28,
20030522,1.13,,1.08,1.08,1.14,1.36,1.65,2.32,2.87,3.34,4.29,
20030521,1.14,,1.06,1.08,1.15,1.38,1.67,2.37,2.91,3.39,4.33,
20030520,1.02,,1.04,1.04,1.1,1.31,1.62,2.34,2.89,3.38,4.36,
20030519,1.01,,1.05,1.06,1.14,1.35,1.66,2.41,2.98,3.46,4.44,
20030516,0.98,,1.05,1.06,1.15,1.38,1.69,2.43,3.0,3.46,4.44,
20030515,0.98,,1.06,1.11,1.21,1.46,1.78,2.52,3.07,3.53,4.48,
20030514,0.95,,1.06,1.1,1.2,1.41,1.72,2.47,3.02,3.53,4.47,
20030513,1.02,,1.09,1.12,1.23,1.47,1.82,2.58,3.12,3.63,4.58,
20030512,1.07,,1.1,1.13,1.22,1.46,1.81,2.58,3.12,3.64,4.6,
20030509,1.07,,1.11,1.14,1.22,1.45,1.81,2.61,3.17,3.69,4.64,
20030508,1.06,,1.09,1.14,1.24,1.49,1.82,2.62,3.17,3.7,4.65,
20030507,1.08,,1.11,1.14,1.21,1.45,1.83,2.64,3.19,3.72,4.67,
20030506,1.09,,1.1,1.12,1.19,1.45,1.87,2.76,3.31,3.84,4.76,
20030505,1.08,,1.13,1.17,1.27,1.55,1.98,2.87,3.41,3.92,4.8,
20030502,1.07,,1.12,1.16,1.27,1.56,2.0,2.9,3.45,3.94,4.84,
20030501,1.09,,1.1,1.13,1.21,1.5,1.93,2.82,3.37,3.88,4.8,
20030430,1.13,,1.13,1.15,1.22,1.51,1.95,2.85,3.39,3.89,4.79,
20030429,1.14,,1.15,1.18,1.28,1.62,2.06,2.94,3.47,3.96,4.86,
20030428,1.13,,1.14,1.18,1.28,1.59,2.02,2.9,3.43,3.92,4.83,
20030425,1.13,,1.14,1.17,1.26,1.57,2.0,2.88,3.42,3.91,4.83,
20030424,1.13,,1.15,1.18,1.28,1.62,2.05,2.92,3.45,3.93,4.84,
20030423,1.14,,1.17,1.21,1.33,1.7,2.14,3.02,3.54,4.02,4.92,
20030422,1.14,,1.18,1.21,1.34,1.7,2.14,3.01,3.53,4.01,4.94,
20030421,1.14,,1.18,1.22,1.35,1.71,2.16,3.03,3.54,4.0,4.92,
20030417,1.14,,1.18,1.2,1.34,1.71,2.15,2.99,3.5,3.98,4.91,
20030416,1.15,,1.17,1.2,1.31,1.67,2.1,2.95,3.48,3.96,4.92,
20030415,1.17,,1.18,1.21,1.32,1.69,2.12,2.96,3.49,3.98,4.93,
20030414,1.19,,1.2,1.22,1.33,1.74,2.17,3.02,3.55,4.04,4.99,
20030411,1.18,,1.17,1.19,1.3,1.65,2.09,2.95,3.49,4.0,4.96,
20030410,1.18,,1.14,1.16,1.25,1.6,2.03,2.89,3.46,3.95,4.94,
20030409,1.17,,1.13,1.13,1.22,1.55,1.99,2.87,3.44,3.93,4.92,
20030408,1.19,,1.15,1.15,1.21,1.59,2.03,2.91,3.47,3.95,4.93,
20030407,1.19,,1.17,1.17,1.25,1.65,2.1,2.99,3.55,4.03,5.01,
20030404,1.17,,1.11,1.1,1.18,1.55,2.0,2.88,3.48,3.96,4.97,
20030403,1.17,,1.11,1.1,1.18,1.55,1.99,2.87,3.45,3.93,4.95,
20030402,1.17,,1.13,1.12,1.22,1.6,2.03,2.89,3.48,3.94,4.94,
20030401,1.17,,1.12,1.1,1.16,1.5,1.92,2.78,3.35,3.84,4.85,
20030331,1.16,,1.14,1.13,1.19,1.51,1.93,2.78,3.35,3.83,4.84,
20030328,1.15,,1.14,1.15,1.22,1.56,1.99,2.86,3.45,3.92,4.93,
20030327,1.18,,1.16,1.17,1.25,1.62,2.05,2.92,3.5,3.95,4.96,
20030326,1.19,,1.18,1.18,1.27,1.68,2.11,2.94,3.52,3.96,4.96,
20030325,1.21,,1.18,1.19,1.28,1.69,2.12,2.97,3.54,3.97,4.97,
20030324,1.18,,1.17,1.19,1.32,1.71,2.14,2.98,3.55,3.98,4.97,
20030321,1.18,,1.18,1.2,1.36,1.8,2.25,3.12,3.67,4.11,5.08,
20030320,1.19,,1.17,1.19,1.34,1.75,2.18,3.02,3.56,4.01,4.99,
20030319,1.19,,1.16,1.18,1.32,1.72,2.14,2.98,3.53,3.98,4.94,
20030318,1.19,,1.14,1.19,1.35,1.72,2.12,2.93,3.46,3.91,4.89,
20030317,1.16,,1.15,1.15,1.24,1.63,2.03,2.82,3.37,3.82,4.82,
20030314,1.14,,1.13,1.14,1.22,1.56,1.95,2.72,3.27,3.72,4.73,
20030313,1.15,,1.12,1.14,1.24,1.59,1.98,2.75,3.31,3.74,4.75,
20030312,1.15,,1.1,1.08,1.14,1.45,1.82,2.57,3.13,3.6,4.62,
20030311,1.15,,1.1,1.07,1.12,1.38,1.76,2.54,3.11,3.6,4.64,
20030310,1.13,,1.08,1.06,1.09,1.35,1.73,2.51,3.08,3.59,4.64,
20030307,1.16,,1.12,1.11,1.15,1.39,1.77,2.56,3.14,3.63,4.67,
20030306,1.2,,1.18,1.18,1.22,1.47,1.85,2.63,3.18,3.67,4.7,
20030305,1.21,,1.18,1.18,1.22,1.46,1.82,2.58,3.14,3.63,4.67,
20030304,1.23,,1.19,1.2,1.24,1.49,1.85,2.62,3.17,3.65,4.68,
20030303,1.2,,1.2,1.21,1.26,1.52,1.89,2.66,3.21,3.68,4.69,
20030228,1.21,,1.2,1.19,1.24,1.53,1.91,2.69,3.24,3.71,4.7,
20030227,1.24,,1.21,1.2,1.27,1.58,1.96,2.75,3.29,3.76,4.75,
20030226,1.26,,1.21,1.2,1.27,1.57,1.96,2.75,3.3,3.78,4.77,
20030225,1.25,,1.2,1.2,1.27,1.58,1.98,2.77,3.34,3.81,4.81,
20030224,1.21,,1.21,1.21,1.28,1.6,2.0,2.82,3.38,3.86,4.85,
20030221,1.2,,1.19,1.2,1.31,1.63,2.04,2.86,3.42,3.9,4.88,
20030220,1.19,,1.19,1.2,1.29,1.59,2.0,2.82,3.38,3.85,4.84,
20030219,1.19,,1.18,1.19,1.29,1.61,2.03,2.87,3.41,3.88,4.86,
20030218,1.19,,1.19,1.2,1.31,1.66,2.08,2.92,3.48,3.94,4.92,
20030214,1.19,,1.18,1.19,1.3,1.62,2.05,2.91,3.48,3.95,4.94,
20030213,1.18,,1.17,1.18,1.27,1.57,1.99,2.85,3.42,3.89,4.86,
20030212,1.18,,1.18,1.19,1.29,1.62,2.05,2.92,3.48,3.93,4.9,
20030211,1.19,,1.18,1.19,1.3,1.65,2.1,3.0,3.55,3.98,4.93,
20030210,1.17,,1.17,1.2,1.33,1.68,2.13,3.03,3.57,3.99,4.94,
20030207,1.17,,1.17,1.18,1.28,1.63,2.08,2.97,3.51,3.96,4.88,
20030206,1.17,,1.17,1.19,1.32,1.68,2.13,3.02,3.55,3.97,4.91,
20030205,1.18,,1.18,1.2,1.34,1.73,2.18,3.07,3.6,4.02,4.97,
20030204,1.18,,1.16,1.19,1.33,1.68,2.12,2.99,3.53,3.96,4.89,
20030203,1.16,,1.18,1.21,1.34,1.72,2.17,3.05,3.58,4.01,4.93,
20030131,1.17,,1.18,1.19,1.31,1.72,2.16,3.02,3.55,4.0,4.93,
20030130,1.17,,1.18,1.19,1.3,1.7,2.15,3.02,3.56,4.0,4.96,
20030129,1.18,,1.18,1.2,1.36,1.77,2.21,3.07,3.61,4.06,5.01,
20030128,1.19,,1.18,1.2,1.34,1.7,2.13,2.99,3.54,4.0,4.96,
20030127,1.15,,1.17,1.19,1.31,1.7,2.13,2.97,3.53,3.98,4.96,
20030124,1.14,,1.16,1.19,1.31,1.66,2.08,2.93,3.48,3.94,4.92,
20030123,1.16,,1.17,1.2,1.33,1.69,2.12,2.97,3.52,3.98,4.98,
20030122,1.17,,1.17,1.19,1.31,1.66,2.09,2.94,3.49,3.95,4.94,
20030121,1.17,,1.19,1.22,1.33,1.67,2.11,3.0,3.55,4.01,4.98,
20030117,1.17,,1.18,1.21,1.34,1.7,2.15,3.05,3.6,4.05,5.0,
20030116,1.17,,1.18,1.22,1.37,1.75,2.21,3.11,3.65,4.1,5.06,
20030115,1.17,,1.2,1.23,1.37,1.75,2.21,3.1,3.65,4.1,5.07,
20030114,1.18,,1.19,1.24,1.4,1.76,2.21,3.1,3.66,4.1,5.09,
20030113,1.17,,1.21,1.26,1.41,1.81,2.27,3.17,3.72,4.15,5.13,
20030110,1.17,,1.2,1.24,1.39,1.79,2.26,3.2,3.74,4.16,5.14,
20030109,1.18,,1.2,1.25,1.44,1.87,2.33,3.23,3.77,4.19,5.17,
20030108,1.17,,1.19,1.23,1.36,1.71,2.14,3.01,3.56,4.0,5.0,
20030107,1.17,,1.19,1.24,1.4,1.77,2.19,3.04,3.6,4.04,5.03,
20030106,1.17,,1.21,1.27,1.44,1.84,2.26,3.1,3.64,4.09,5.05,
20030103,1.18,,1.22,1.25,1.41,1.79,2.2,3.03,3.6,4.05,5.03,
20030102,1.18,,1.22,1.25,1.42,1.8,2.22,3.05,3.62,4.07,5.05,
20041231,1.89,,2.22,2.59,2.75,3.08,3.25,3.63,3.94,4.24,4.85,
20041230,1.68,,2.22,2.59,2.76,3.1,3.27,3.64,3.97,4.27,4.92,
20041229,1.76,,2.22,2.6,2.77,3.12,3.32,3.69,4.03,4.33,4.96,
20041228,1.88,,2.25,2.62,2.77,3.08,3.27,3.66,4.0,4.31,4.94,
20041227,1.9,,2.26,2.63,2.78,3.07,3.26,3.65,3.99,4.3,4.95,
20041223,1.83,,2.19,2.54,2.7,3.02,3.21,3.58,3.92,4.23,4.86,
20041222,1.84,,2.18,2.53,2.71,3.04,3.21,3.57,3.91,4.21,4.85,
20041221,1.92,,2.2,2.54,2.72,3.05,3.22,3.57,3.89,4.18,4.82,
20041220,1.97,,2.22,2.54,2.72,3.06,3.23,3.59,3.91,4.21,4.84,
20041217,1.95,,2.2,2.48,2.67,3.03,3.22,3.59,3.91,4.21,4.85,
20041216,1.93,,2.2,2.47,2.66,3.01,3.21,3.58,3.89,4.19,4.84,
20041215,1.98,,2.21,2.47,2.64,2.97,3.14,3.48,3.78,4.09,4.72,
20041214,2.01,,2.21,2.48,2.65,2.99,3.17,3.53,3.83,4.14,4.79,
20041213,2.04,,2.24,2.5,2.66,2.98,3.18,3.54,3.85,4.16,4.81,
20041210,2.07,,2.25,2.44,2.61,2.95,3.15,3.52,3.85,4.16,4.83,
20041209,2.07,,2.24,2.42,2.59,2.93,3.15,3.54,3.87,4.19,4.84,
20041208,2.08,,2.24,2.42,2.59,2.91,3.12,3.53,3.85,4.14,4.8,
20041207,2.08,,2.25,2.43,2.6,2.95,3.19,3.6,3.94,4.23,4.91,
20041206,2.09,,2.25,2.44,2.6,2.93,3.17,3.59,3.94,4.24,4.92,
20041203,2.06,,2.21,2.39,2.58,2.94,3.19,3.61,3.96,4.27,4.95,
20041202,2.06,,2.22,2.41,2.62,3.04,3.3,3.75,4.1,4.4,5.07,
20041201,2.06,,2.22,2.4,2.6,3.01,3.28,3.72,4.08,4.38,5.04,
20041130,2.07,,2.23,2.44,2.63,3.02,3.29,3.72,4.07,4.36,5.03,
20041129,2.02,,2.23,2.46,2.66,3.07,3.31,3.72,4.06,4.34,4.99,
20041126,2.01,,2.21,2.4,2.61,3.03,3.25,3.64,3.98,4.24,4.9,
20041124,1.98,,2.18,2.4,2.6,3.01,3.23,3.61,3.93,4.2,4.85,
20041123,1.99,,2.19,2.41,2.6,2.98,3.2,3.58,3.92,4.19,4.85,
20041122,1.98,,2.2,2.43,2.6,2.95,3.18,3.56,3.9,4.18,4.85,
20041119,1.98,,2.15,2.36,2.56,2.95,3.17,3.57,3.91,4.2,4.89,
20041118,1.91,,2.13,2.34,2.51,2.86,3.08,3.48,3.81,4.12,4.82,
20041117,1.9,,2.13,2.33,2.5,2.85,3.07,3.47,3.83,4.14,4.85,
20041116,1.93,,2.14,2.36,2.54,2.91,3.14,3.56,3.91,4.21,4.92,
20041115,1.92,,2.12,2.34,2.53,2.89,3.12,3.53,3.89,4.2,4.91,
20041112,1.91,,2.08,2.31,2.49,2.86,3.1,3.53,3.89,4.2,4.91,
20041110,1.88,,2.08,2.29,2.47,2.82,3.07,3.56,3.89,4.25,4.97,
20041109,1.89,,2.08,2.29,2.46,2.8,3.05,3.53,3.88,4.22,4.95,
20041108,1.88,,2.07,2.3,2.47,2.8,3.08,3.51,3.88,4.22,4.95,
20041105,1.86,,2.03,2.27,2.44,2.8,3.04,3.51,3.88,4.21,4.92,
20041104,1.85,,1.98,2.19,2.34,2.63,2.89,3.37,3.76,4.1,4.82,
20041103,1.83,,1.96,2.18,2.32,2.6,2.85,3.35,3.74,4.09,4.83,
20041102,1.86,,1.97,2.19,2.33,2.6,2.86,3.34,3.75,4.1,4.84,
20041101,1.79,,1.99,2.2,2.34,2.61,2.89,3.36,3.76,4.11,4.84,
20041029,1.73,,1.91,2.13,2.28,2.56,2.82,3.3,3.7,4.05,4.79,
20041028,1.71,,1.91,2.14,2.29,2.59,2.86,3.34,3.74,4.09,4.83,
20041027,1.78,,1.92,2.13,2.3,2.63,2.89,3.37,3.76,4.11,4.85,
20041026,1.82,,1.91,2.1,2.24,2.54,2.8,3.26,3.65,4.01,4.75,
20041025,1.73,,1.9,2.1,2.24,2.54,2.78,3.25,3.63,3.99,4.74,
20041022,1.65,,1.85,2.07,2.23,2.55,2.79,3.26,3.66,4.0,4.75,
20041021,1.64,,1.85,2.06,2.23,2.57,2.83,3.29,3.68,4.01,4.76,
20041020,1.62,,1.82,2.04,2.2,2.53,2.78,3.26,3.66,4.01,4.77,
20041019,1.63,,1.82,2.05,2.22,2.57,2.84,3.32,3.73,4.07,4.83,
20041018,1.61,,1.81,2.05,2.21,2.55,2.82,3.31,3.72,4.07,4.84,
20041015,1.59,,1.76,2.0,2.18,2.53,2.8,3.31,3.72,4.07,4.84,
20041014,1.6,,1.74,1.99,2.15,2.48,2.76,3.26,3.68,4.03,4.81,
20041013,1.59,,1.72,2.0,2.17,2.53,2.8,3.32,3.74,4.09,4.86,
20041012,1.59,,1.72,2.02,2.2,2.56,2.84,3.35,3.77,4.12,4.88,
20041008,1.56,,1.71,2.01,2.21,2.61,2.88,3.39,3.8,4.15,4.91,
20041007,1.56,,1.7,2.03,2.26,2.72,3.01,3.53,3.92,4.26,5.0,
20041006,1.56,,1.71,2.04,2.26,2.7,2.99,3.51,3.88,4.23,4.97,
20041005,1.57,,1.71,2.03,2.23,2.65,2.93,3.44,3.83,4.18,4.93,
20041004,1.54,,1.71,2.04,2.25,2.65,2.93,3.44,3.84,4.19,4.93,
20041001,1.52,,1.71,2.0,2.21,2.63,2.92,3.44,3.85,4.21,4.95,
20040930,1.47,,1.71,2.0,2.21,2.63,2.89,3.38,3.79,4.14,4.89,
20040929,1.52,,1.72,1.99,2.2,2.61,2.89,3.37,3.75,4.1,4.85,
20040928,1.62,,1.72,1.99,2.18,2.55,2.8,3.28,3.66,4.02,4.78,
20040927,1.59,,1.74,2.0,2.2,2.59,2.84,3.29,3.65,4.01,4.75,
20040924,1.53,,1.73,1.99,2.2,2.62,2.88,3.33,3.69,4.04,4.78,
20040923,1.53,,1.72,1.95,2.16,2.57,2.83,3.3,3.66,4.02,4.78,
20040922,1.53,,1.71,1.93,2.12,2.5,2.78,3.26,3.62,4.0,4.75,
20040921,1.62,,1.72,1.93,2.12,2.49,2.79,3.28,3.66,4.05,4.82,
20040920,1.6,,1.73,1.92,2.1,2.46,2.75,3.28,3.68,4.07,4.85,
20040917,1.58,,1.71,1.9,2.11,2.53,2.83,3.35,3.75,4.14,4.91,
20040916,1.55,,1.67,1.87,2.06,2.44,2.75,3.29,3.69,4.08,4.86,
20040915,1.56,,1.67,1.88,2.09,2.51,2.84,3.39,3.8,4.18,4.96,
20040914,1.57,,1.66,1.88,2.08,2.47,2.81,3.35,3.76,4.15,4.93,
20040913,1.59,,1.66,1.89,2.1,2.5,2.83,3.38,3.78,4.16,4.94,
20040910,1.6,,1.66,1.87,2.08,2.5,2.84,3.4,3.79,4.19,4.97,
20040909,1.57,,1.64,1.88,2.09,2.5,2.85,3.41,3.84,4.22,4.99,
20040908,1.57,,1.65,1.88,2.09,2.5,2.83,3.4,3.8,4.18,4.96,
20040907,1.53,,1.66,1.91,2.13,2.58,2.91,3.48,3.89,4.26,5.03,
20040903,1.49,,1.65,1.87,2.12,2.61,2.94,3.52,3.93,4.3,5.07,
20040902,1.46,,1.6,1.8,2.02,2.46,2.8,3.4,3.83,4.2,4.99,
20040901,1.43,,1.58,1.79,1.99,2.41,2.74,3.32,3.76,4.13,4.93,
20040831,1.45,,1.59,1.79,1.99,2.41,2.75,3.33,3.76,4.13,4.93,
20040830,1.45,,1.61,1.83,2.04,2.47,2.82,3.4,3.82,4.19,4.99,
20040827,1.43,,1.56,1.8,2.03,2.48,2.85,3.43,3.86,4.23,5.02,
20040826,1.4,,1.55,1.79,2.02,2.48,2.85,3.42,3.85,4.22,5.03,
20040825,1.38,,1.54,1.79,2.03,2.51,2.88,3.46,3.89,4.26,5.06,
20040824,1.39,,1.54,1.8,2.03,2.5,2.87,3.46,3.91,4.28,5.08,
20040823,1.33,,1.54,1.8,2.03,2.5,2.87,3.46,3.9,4.28,5.08,
20040820,1.34,,1.49,1.74,1.98,2.46,2.83,3.42,3.86,4.24,5.03,
20040819,1.35,,1.48,1.73,1.96,2.43,2.8,3.39,3.84,4.22,5.03,
20040818,1.37,,1.49,1.74,1.97,2.44,2.82,3.41,3.85,4.23,5.04,
20040817,1.38,,1.48,1.75,1.98,2.44,2.81,3.39,3.83,4.21,5.02,
20040816,1.36,,1.49,1.77,2.01,2.51,2.87,3.45,3.89,4.26,5.06,
20040813,1.32,,1.44,1.72,1.97,2.47,2.85,3.42,3.85,4.22,5.02,
20040812,1.31,,1.43,1.73,1.99,2.52,2.89,3.47,3.89,4.27,5.05,
20040811,1.4,,1.44,1.73,2.0,2.54,2.91,3.51,3.92,4.3,5.07,
20040810,1.42,,1.5,1.75,2.01,2.55,2.94,3.52,3.94,4.32,5.08,
20040809,1.4,,1.51,1.73,1.97,2.45,2.86,3.45,3.88,4.28,5.06,
20040806,1.36,,1.44,1.67,1.91,2.4,2.79,3.4,3.84,4.24,5.04,
20040805,1.34,,1.48,1.75,2.09,2.64,3.04,3.64,4.05,4.43,5.18,
20040804,1.34,,1.49,1.76,2.11,2.66,3.05,3.66,4.08,4.45,5.2,
20040803,1.37,,1.48,1.77,2.11,2.66,3.05,3.67,4.08,4.45,5.2,
20040802,1.28,,1.5,1.78,2.12,2.66,3.06,3.68,4.1,4.48,5.22,
20040730,1.27,,1.45,1.77,2.13,2.68,3.09,3.71,4.13,4.5,5.24,
20040729,1.29,,1.45,1.77,2.15,2.75,3.16,3.8,4.23,4.6,5.34,
20040728,1.32,,1.46,1.78,2.17,2.78,3.19,3.82,4.23,4.61,5.35,
20040727,1.35,,1.46,1.79,2.19,2.82,3.23,3.85,4.25,4.62,5.35,
20040726,1.29,,1.45,1.78,2.18,2.75,3.13,3.73,4.13,4.49,5.23,
20040723,1.23,,1.38,1.71,2.12,2.69,3.08,3.69,4.08,4.45,5.2,
20040722,1.21,,1.37,1.71,2.12,2.69,3.09,3.71,4.11,4.48,5.22,
20040721,1.21,,1.35,1.71,2.14,2.71,3.1,3.72,4.13,4.5,5.24,
20040720,1.22,,1.36,1.7,2.13,2.67,3.06,3.68,4.09,4.47,5.21,
20040719,1.16,,1.35,1.68,2.1,2.56,2.94,3.57,3.99,4.38,5.14,
20040716,1.15,,1.35,1.66,2.08,2.54,2.93,3.56,3.99,4.38,5.14,
20040715,1.15,,1.35,1.68,2.11,2.64,3.04,3.69,4.1,4.5,5.24,
20040714,1.17,,1.34,1.69,2.08,2.62,3.02,3.68,4.1,4.5,5.24,
20040713,1.19,,1.34,1.69,2.05,2.58,3.0,3.66,4.1,4.5,5.25,
20040712,1.16,,1.34,1.67,2.02,2.53,2.96,3.62,4.06,4.46,5.22,
20040709,1.14,,1.28,1.63,2.0,2.55,2.96,3.64,4.08,4.49,5.23,
20040708,1.14,,1.27,1.63,1.99,2.55,2.97,3.65,4.09,4.49,5.24,
20040707,1.16,,1.3,1.64,2.0,2.56,2.99,3.67,4.1,4.5,5.24,
20040706,1.11,,1.34,1.68,2.15,2.56,2.99,3.65,4.1,4.49,5.24,
20040702,1.07,,1.3,1.61,2.02,2.54,2.96,3.62,4.08,4.48,5.22,
20040701,1.01,,1.22,1.64,2.07,2.64,3.08,3.74,4.18,4.57,5.31,
20040630,1.17,,1.33,1.68,2.09,2.7,3.16,3.81,4.24,4.62,5.33,
20040629,1.19,,1.38,1.75,2.2,2.83,3.28,3.92,4.33,4.7,5.41,
20040628,1.12,,1.38,1.77,2.3,2.86,3.32,3.97,4.37,4.76,5.46,
20040625,1.1,,1.31,1.69,2.14,2.74,3.2,3.85,4.27,4.66,5.37,
20040624,1.1,,1.29,1.68,2.11,2.74,3.21,3.85,4.27,4.66,5.36,
20040623,1.08,,1.29,1.69,2.15,2.78,3.25,3.9,4.33,4.71,5.41,
20040622,1.08,,1.32,1.69,2.21,2.8,3.28,3.92,4.34,4.72,5.43,
20040621,1.04,,1.33,1.7,2.17,2.8,3.26,3.91,4.33,4.7,5.42,
20040618,1.03,,1.29,1.68,2.24,2.81,3.28,3.94,4.34,4.72,5.43,
20040617,1.02,,1.28,1.66,2.21,2.81,3.28,3.93,4.33,4.71,5.42,
20040616,1.05,,1.3,1.69,2.24,2.84,3.31,3.96,4.36,4.74,5.46,
20040615,1.09,,1.34,1.68,2.16,2.77,3.26,3.9,4.31,4.69,5.41,
20040614,1.07,,1.41,1.77,2.25,2.97,3.45,4.1,4.51,4.89,5.59,
20040610,1.02,,1.3,1.65,2.14,2.81,3.32,4.0,4.43,4.81,5.52,
20040609,1.03,,1.27,1.61,2.14,2.79,3.31,4.01,4.44,4.82,5.54,
20040608,1.03,,1.27,1.56,2.02,2.73,3.24,3.96,4.4,4.78,5.5,
20040607,0.97,,1.24,1.54,1.96,2.67,3.22,3.95,4.39,4.78,5.51,
20040604,0.96,,1.21,1.51,1.97,2.7,3.25,3.97,4.41,4.78,5.51,
20040603,0.96,,1.17,1.45,1.91,2.63,3.17,3.89,4.34,4.71,5.46,
20040602,0.97,,1.17,1.45,1.92,2.65,3.19,3.91,4.35,4.74,5.47,
20040601,0.97,,1.17,1.44,1.89,2.6,3.14,3.86,4.31,4.71,5.45,
20040528,0.94,,1.08,1.39,1.83,2.54,3.1,3.81,4.26,4.66,5.39,
20040527,0.94,,1.06,1.37,1.77,2.46,3.02,3.74,4.2,4.6,5.34,
20040526,0.94,,1.08,1.39,1.81,2.52,3.08,3.81,4.27,4.67,5.41,
20040525,0.95,,1.07,1.41,1.84,2.58,3.16,3.89,4.34,4.73,5.45,
20040524,0.92,,1.07,1.41,1.86,2.59,3.17,3.9,4.36,4.75,5.48,
20040521,0.91,,1.03,1.39,1.84,2.6,3.18,3.91,4.37,4.76,5.5,
20040520,0.9,,1.03,1.36,1.81,2.55,3.12,3.86,4.33,4.72,5.47,
20040519,0.91,,1.04,1.38,1.85,2.61,3.18,3.93,4.39,4.79,5.54,
20040518,0.91,,1.05,1.37,1.83,2.58,3.13,3.87,4.34,4.74,5.48,
20040517,0.9,,1.06,1.35,1.8,2.51,3.07,3.83,4.29,4.7,5.47,
20040514,0.87,,0.99,1.34,1.81,2.59,3.16,3.92,4.39,4.79,5.54,
20040513,0.88,,1.0,1.34,1.84,2.67,3.24,4.01,4.46,4.85,5.61,
20040512,0.9,,1.04,1.33,1.81,2.62,3.19,3.96,4.41,4.83,5.57,
20040511,0.91,,1.05,1.35,1.83,2.61,3.19,3.94,4.39,4.79,5.53,
20040510,0.89,,1.08,1.36,1.85,2.61,3.18,3.95,4.41,4.81,5.54,
20040507,0.9,,1.07,1.35,1.83,2.64,3.19,3.96,4.41,4.79,5.53,
20040506,0.89,,1.0,1.21,1.61,2.39,2.94,3.72,4.2,4.63,5.41,
20040505,0.9,,0.99,1.17,1.56,2.34,2.91,3.71,4.18,4.61,5.38,
20040504,0.93,,1.0,1.19,1.57,2.32,2.88,3.66,4.15,4.56,5.34,
20040503,0.83,,1.0,1.21,1.6,2.34,2.86,3.63,4.11,4.53,5.3,
20040430,0.83,,0.98,1.17,1.55,2.31,2.86,3.63,4.11,4.53,5.31,
20040429,0.85,,0.97,1.15,1.55,2.34,2.88,3.66,4.14,4.55,5.33,
20040428,0.87,,0.97,1.16,1.54,2.3,2.82,3.6,4.08,4.5,5.28,
20040427,0.91,,0.98,1.17,1.53,2.21,2.74,3.52,4.01,4.43,5.22,
20040426,0.88,,0.99,1.19,1.57,2.28,2.78,3.57,4.05,4.46,5.25,
20040423,0.87,,0.98,1.2,1.59,2.29,2.78,3.58,4.07,4.48,5.27,
20040422,0.81,,0.97,1.14,1.49,2.15,2.64,3.46,3.95,4.4,5.2,
20040421,0.93,,0.99,1.17,1.52,2.22,2.71,3.52,4.01,4.45,5.25,
20040420,0.93,,0.97,1.13,1.46,2.11,2.62,3.45,3.97,4.43,5.24,
20040419,0.92,,0.96,1.11,1.43,2.07,2.58,3.42,3.93,4.39,5.22,
20040416,0.91,,0.94,1.08,1.4,2.03,2.53,3.39,3.9,4.37,5.2,
20040415,0.92,,0.95,1.12,1.46,2.1,2.59,3.45,3.96,4.42,5.22,
20040414,0.92,,0.95,1.13,1.48,2.13,2.6,3.44,3.95,4.4,5.21,
20040413,0.91,,0.94,1.08,1.39,2.01,2.52,3.37,3.89,4.35,5.17,
20040412,0.92,,0.94,1.06,1.34,1.91,2.41,3.26,3.78,4.25,5.08,
20040408,0.93,,0.93,1.04,1.32,1.88,2.37,3.22,3.73,4.21,5.04,
20040407,0.94,,0.95,1.04,1.31,1.87,2.36,3.19,3.71,4.19,5.02,
20040406,0.94,,0.94,1.04,1.31,1.86,2.35,3.19,3.7,4.19,5.01,
20040405,0.94,,0.94,1.06,1.34,1.91,2.4,3.24,3.76,4.24,5.05,
20040402,0.93,,0.95,1.03,1.3,1.86,2.33,3.15,3.66,4.15,4.97,
20040401,0.95,,0.93,1.02,1.23,1.65,2.06,2.87,3.38,3.91,4.77,
20040331,0.96,,0.95,1.01,1.2,1.6,1.99,2.8,3.33,3.86,4.77,
20040330,0.97,,0.96,1.01,1.21,1.63,2.05,2.86,3.39,3.91,4.8,
20040329,0.95,,0.96,1.02,1.21,1.63,2.05,2.86,3.39,3.91,4.8,
20040326,0.94,,0.95,1.0,1.19,1.59,2.0,2.81,3.33,3.85,4.75,
20040325,0.95,,0.94,0.99,1.15,1.51,1.91,2.7,3.23,3.75,4.65,
20040324,0.95,,0.93,1.0,1.16,1.5,1.91,2.68,3.21,3.73,4.62,
20040323,0.96,,0.95,1.01,1.17,1.52,1.92,2.69,3.21,3.73,4.62,
20040322,0.94,,0.95,1.02,1.17,1.52,1.93,2.69,3.22,3.74,4.63,
20040319,0.93,,0.94,1.01,1.19,1.56,1.97,2.75,3.28,3.8,4.68,
20040318,0.93,,0.93,1.0,1.17,1.55,1.96,2.72,3.25,3.76,4.66,
20040317,0.94,,0.93,1.01,1.18,1.53,1.92,2.66,3.18,3.71,4.62,
20040316,0.97,,0.96,1.01,1.17,1.51,1.89,2.65,3.17,3.7,4.61,
20040315,0.94,,0.96,1.02,1.18,1.56,1.97,2.74,3.25,3.78,4.67,
20040312,0.96,,0.96,1.01,1.18,1.54,1.95,2.73,3.24,3.78,4.68,
20040311,0.96,,0.97,1.0,1.15,1.52,1.95,2.72,3.23,3.74,4.66,
20040310,0.97,,0.96,1.0,1.17,1.54,1.94,2.71,3.21,3.74,4.65,
20040309,0.98,,0.96,1.0,1.15,1.51,1.92,2.68,3.2,3.73,4.64,
20040308,0.95,,0.96,1.01,1.15,1.52,1.95,2.74,3.26,3.78,4.69,
20040305,0.95,,0.94,0.99,1.16,1.57,2.02,2.81,3.32,3.85,4.73,
20040304,0.97,,0.96,1.02,1.25,1.73,2.21,3.02,3.53,4.04,4.89,
20040303,0.97,,0.97,1.02,1.26,1.74,2.23,3.06,3.57,4.07,4.92,
20040302,0.98,,0.97,1.03,1.26,1.74,2.21,3.04,3.55,4.05,4.9,
20040301,0.97,,0.97,1.02,1.23,1.67,2.15,2.98,3.49,4.0,4.86,
20040227,0.95,,0.96,1.01,1.21,1.66,2.13,3.01,3.48,3.99,4.85,
20040226,0.97,,0.96,1.02,1.23,1.69,2.18,3.01,3.54,4.05,4.92,
20040225,0.96,,0.96,1.02,1.23,1.67,2.16,2.98,3.51,4.02,4.89,
20040224,0.97,,0.97,1.02,1.23,1.69,2.2,3.01,3.53,4.04,4.9,
20040223,0.95,,0.97,1.02,1.22,1.69,2.21,3.03,3.55,4.05,4.92,
20040220,0.93,,0.94,1.01,1.26,1.75,2.25,3.08,3.59,4.1,4.96,
20040219,0.93,,0.94,1.0,1.23,1.7,2.2,3.02,3.54,4.05,4.91,
20040218,0.93,,0.94,1.0,1.23,1.72,2.22,3.03,3.55,4.05,4.91,
20040217,0.9,,0.95,1.0,1.21,1.7,2.2,3.02,3.54,4.05,4.91,
20040213,0.9,,0.92,0.98,1.21,1.7,2.19,3.01,3.54,4.05,4.92,
20040212,0.9,,0.93,1.0,1.24,1.75,2.26,3.07,3.58,4.1,4.94,
20040211,0.89,,0.93,1.0,1.23,1.73,2.23,3.03,3.56,4.05,4.9,
20040210,0.91,,0.95,1.02,1.27,1.82,2.33,3.13,3.64,4.13,4.97,
20040209,0.89,,0.94,1.02,1.25,1.76,2.26,3.08,3.6,4.09,4.93,
20040206,0.89,,0.93,1.01,1.26,1.77,2.29,3.12,3.63,4.12,4.95,
20040205,0.89,,0.94,1.02,1.29,1.85,2.4,3.21,3.72,4.2,5.02,
20040204,0.91,,0.94,1.01,1.27,1.8,2.32,3.15,3.67,4.15,5.0,
20040203,0.93,,0.94,1.02,1.27,1.78,2.3,3.12,3.65,4.13,4.98,
20040202,0.87,,0.94,1.03,1.29,1.83,2.36,3.18,3.7,4.18,5.02,
20040130,0.85,,0.92,1.01,1.28,1.84,2.35,3.17,3.68,4.16,5.0,
20040129,0.87,,0.94,1.02,1.29,1.88,2.39,3.22,3.74,4.22,5.05,
20040128,0.89,,0.94,1.0,1.26,1.87,2.39,3.22,3.72,4.22,5.06,
20040127,0.89,,0.91,0.98,1.21,1.7,2.21,3.07,3.6,4.11,4.96,
20040126,0.82,,0.9,0.99,1.23,1.75,2.27,3.13,3.66,4.16,5.01,
20040123,0.79,,0.9,0.96,1.21,1.71,2.22,3.06,3.59,4.09,4.95,
20040122,0.74,,0.88,0.96,1.19,1.66,2.14,2.96,3.49,3.99,4.86,
20040121,0.82,,0.89,0.96,1.19,1.69,2.2,3.02,3.55,4.05,4.92,
20040120,0.8,,0.89,0.98,1.21,1.69,2.21,3.05,3.58,4.08,4.93,
20040116,0.8,,0.89,0.97,1.21,1.7,2.19,3.03,3.54,4.04,4.9,
20040115,0.82,,0.88,0.96,1.18,1.67,2.16,2.97,3.48,3.99,4.87,
20040114,0.85,,0.88,0.96,1.19,1.65,2.13,2.96,3.49,4.01,4.9,
20040113,0.86,,0.89,0.97,1.18,1.63,2.12,2.98,3.51,4.05,4.95,
20040112,0.88,,0.89,0.98,1.21,1.68,2.18,3.04,3.58,4.11,4.99,
20040109,0.87,,0.87,0.97,1.21,1.68,2.17,3.05,3.58,4.11,4.98,
20040108,0.87,,0.88,1.01,1.29,1.85,2.37,3.24,3.76,4.27,5.12,
20040107,0.88,,0.91,1.02,1.29,1.84,2.36,3.25,3.76,4.27,5.11,
20040106,0.88,,0.91,1.03,1.3,1.84,2.38,3.26,3.8,4.29,5.13,
20040105,0.88,,0.91,1.05,1.35,1.95,2.51,3.39,3.92,4.41,5.23,
20040102,0.88,,0.93,1.02,1.31,1.94,2.47,3.36,3.9,4.38,5.21,
20051230,4.01,,4.08,4.37,4.38,4.41,4.37,4.35,4.36,4.39,4.61,
20051229,3.67,,4.01,4.34,4.35,4.38,4.35,4.33,4.34,4.37,4.6,
20051228,3.57,,3.95,4.33,4.34,4.37,4.34,4.32,4.34,4.38,4.62,
20051227,3.51,,3.98,4.35,4.35,4.35,4.31,4.3,4.31,4.34,4.58,
20051223,3.48,,3.99,4.32,4.33,4.37,4.34,4.32,4.33,4.38,4.63,
20051222,3.55,,3.98,4.32,4.35,4.4,4.38,4.38,4.39,4.44,4.69,
20051221,3.56,,3.98,4.35,4.38,4.43,4.43,4.42,4.44,4.49,4.75,
20051220,3.55,,3.95,4.37,4.39,4.42,4.41,4.4,4.41,4.47,4.74,
20051219,3.56,,3.96,4.37,4.38,4.38,4.37,4.37,4.39,4.45,4.72,
20051216,3.56,,3.93,4.3,4.32,4.37,4.35,4.36,4.39,4.45,4.72,
20051215,3.6,,3.93,4.31,4.33,4.37,4.37,4.38,4.41,4.47,4.75,
20051214,3.61,,3.89,4.3,4.32,4.37,4.36,4.36,4.38,4.45,4.73,
20051213,3.61,,3.91,4.34,4.37,4.43,4.43,4.44,4.47,4.54,4.81,
20051212,3.59,,3.9,4.34,4.38,4.45,4.45,4.46,4.49,4.56,4.82,
20051209,3.62,,3.94,4.27,4.33,4.43,4.43,4.44,4.47,4.54,4.83,
20051208,3.67,,3.94,4.27,4.3,4.37,4.36,4.36,4.39,4.47,4.75,
20051207,3.84,,4.03,4.32,4.35,4.42,4.42,4.43,4.46,4.52,4.8,
20051206,3.84,,4.04,4.33,4.36,4.42,4.41,4.42,4.44,4.49,4.79,
20051205,4.01,,4.04,4.35,4.39,4.47,4.48,4.5,4.53,4.57,4.85,
20051202,4.0,,3.99,4.31,4.35,4.43,4.43,4.45,4.48,4.52,4.81,
20051201,3.99,,3.97,4.32,4.36,4.45,4.44,4.45,4.47,4.52,4.83,
20051130,4.0,,3.95,4.31,4.34,4.42,4.41,4.42,4.45,4.49,4.81,
20051129,3.99,,3.98,4.32,4.35,4.4,4.4,4.4,4.42,4.48,4.78,
20051128,3.94,,3.98,4.31,4.32,4.33,4.32,4.32,4.35,4.41,4.71,
20051125,3.91,,3.95,4.27,4.29,4.33,4.33,4.34,4.37,4.43,4.76,
20051123,3.94,,3.95,4.29,4.31,4.36,4.36,4.38,4.41,4.47,4.8,
20051122,3.94,,3.93,4.23,4.26,4.32,4.33,4.34,4.37,4.43,4.76,
20051121,3.93,,4.0,4.3,4.33,4.39,4.39,4.39,4.42,4.46,4.76,
20051118,3.95,,4.01,4.31,4.34,4.4,4.41,4.43,4.45,4.5,4.79,
20051117,3.98,,4.01,4.3,4.32,4.37,4.39,4.39,4.42,4.46,4.75,
20051116,4.0,,4.0,4.3,4.34,4.42,4.43,4.43,4.45,4.49,4.77,
20051115,4.01,,4.01,4.34,4.38,4.47,4.5,4.51,4.52,4.56,4.83,
20051114,3.93,,4.02,4.35,4.4,4.5,4.52,4.54,4.57,4.61,4.9,
20051110,3.89,,3.97,4.3,4.34,4.44,4.48,4.49,4.51,4.55,4.85,
20051109,3.91,,3.99,4.32,4.37,4.49,4.53,4.55,4.58,4.64,4.93,
20051108,3.88,,3.96,4.3,4.34,4.43,4.47,4.49,4.52,4.57,4.86,
20051107,3.81,,3.96,4.31,4.36,4.47,4.5,4.55,4.59,4.65,4.93,
20051104,3.8,,3.98,4.27,4.34,4.47,4.5,4.56,4.6,4.66,4.95,
20051103,3.81,,3.94,4.27,4.33,4.47,4.5,4.55,4.59,4.65,4.94,
20051102,3.77,,3.94,4.25,4.31,4.43,4.46,4.5,4.54,4.61,4.88,
20051101,3.78,,3.96,4.25,4.31,4.42,4.44,4.47,4.51,4.58,4.85,
20051031,3.77,,3.98,4.26,4.31,4.4,4.41,4.45,4.49,4.57,4.84,
20051028,3.75,,3.93,4.22,4.28,4.4,4.42,4.46,4.51,4.58,4.84,
20051027,3.72,,3.88,4.2,4.26,4.36,4.39,4.43,4.49,4.57,4.84,
20051026,3.7,,3.9,4.21,4.27,4.38,4.42,4.46,4.52,4.6,4.87,
20051025,3.71,,3.93,4.21,4.26,4.34,4.36,4.41,4.46,4.54,4.8,
20051024,3.51,,3.92,4.2,4.22,4.25,4.28,4.32,4.37,4.45,4.74,
20051021,3.48,,3.87,4.16,4.18,4.22,4.23,4.26,4.31,4.39,4.68,
20051020,3.46,,3.85,4.16,4.2,4.27,4.29,4.33,4.38,4.46,4.75,
20051019,3.57,,3.86,4.15,4.18,4.25,4.28,4.32,4.38,4.47,4.76,
20051018,3.57,,3.85,4.15,4.19,4.27,4.3,4.34,4.4,4.49,4.78,
20051017,3.53,,3.86,4.17,4.21,4.29,4.31,4.36,4.41,4.5,4.77,
20051014,3.49,,3.78,4.08,4.15,4.27,4.3,4.34,4.4,4.48,4.76,
20051013,3.5,,3.75,4.09,4.14,4.24,4.27,4.32,4.38,4.48,4.77,
20051012,3.49,,3.7,4.1,4.14,4.24,4.27,4.32,4.37,4.45,4.71,
20051011,3.41,,3.73,4.1,4.14,4.22,4.23,4.27,4.32,4.39,4.65,
20051007,3.35,,3.63,4.0,4.06,4.18,4.19,4.23,4.28,4.35,4.62,
20051006,3.34,,3.61,4.0,4.07,4.2,4.21,4.23,4.28,4.37,4.64,
20051005,3.34,,3.58,4.0,4.07,4.21,4.2,4.23,4.28,4.36,4.63,
20051004,3.35,,3.63,4.02,4.09,4.22,4.22,4.24,4.3,4.38,4.66,
20051003,3.22,,3.61,4.02,4.09,4.21,4.23,4.25,4.31,4.39,4.67,
20050930,3.15,,3.55,3.93,4.01,4.18,4.18,4.18,4.23,4.34,4.62,
20050929,3.09,,3.54,3.89,3.97,4.13,4.13,4.14,4.2,4.29,4.59,
20050928,3.12,,3.46,3.87,3.95,4.09,4.09,4.11,4.17,4.26,4.55,
20050927,3.15,,3.49,3.87,3.95,4.08,4.09,4.13,4.2,4.3,4.6,
20050926,3.19,,3.52,3.88,3.95,4.07,4.08,4.11,4.18,4.3,4.6,
20050923,3.06,,3.48,3.82,3.89,4.02,4.03,4.07,4.14,4.25,4.57,
20050922,2.99,,3.47,3.81,3.86,3.95,3.95,3.99,4.07,4.19,4.52,
20050921,3.02,,3.41,3.83,3.88,3.96,3.96,4.01,4.08,4.19,4.52,
20050920,3.29,,3.61,3.89,3.92,4.0,4.01,4.06,4.14,4.26,4.59,
20050919,3.23,,3.58,3.84,3.87,3.93,3.95,4.02,4.11,4.25,4.6,
20050916,3.23,,3.5,3.81,3.86,3.97,4.0,4.05,4.13,4.26,4.61,
20050915,3.23,,3.45,3.77,3.81,3.9,3.93,3.99,4.08,4.22,4.56,
20050914,3.25,,3.42,3.76,3.81,3.9,3.91,3.96,4.04,4.17,4.5,
20050913,3.3,,3.47,3.77,3.81,3.88,3.88,3.93,4.01,4.14,4.47,
20050912,3.33,,3.51,3.79,3.83,3.92,3.93,3.98,4.06,4.18,4.5,
20050909,3.32,,3.49,3.73,3.78,3.88,3.9,3.94,4.01,4.14,4.45,
20050908,3.31,,3.48,3.73,3.77,3.87,3.89,3.94,4.03,4.15,4.45,
20050907,3.36,,3.49,3.73,3.77,3.87,3.89,3.93,4.01,4.15,4.46,
20050906,3.39,,3.52,3.7,3.73,3.8,3.83,3.89,3.97,4.09,4.39,
20050902,3.38,,3.46,3.63,3.67,3.75,3.79,3.85,3.92,4.03,4.33,
20050901,3.35,,3.48,3.62,3.66,3.72,3.8,3.85,3.91,4.02,4.31,
20050831,3.41,,3.52,3.74,3.77,3.84,3.83,3.87,3.93,4.02,4.3,
20050830,3.4,,3.54,3.79,3.85,3.97,4.01,4.03,4.08,4.16,4.43,
20050829,3.42,,3.54,3.83,3.91,4.06,4.07,4.08,4.13,4.2,4.45,
20050826,3.36,,3.55,3.82,3.9,4.06,4.07,4.09,4.13,4.2,4.46,
20050825,3.34,,3.54,3.81,3.87,4.0,4.03,4.06,4.11,4.18,4.45,
20050824,3.34,,3.53,3.81,3.87,3.99,4.03,4.06,4.11,4.19,4.46,
20050823,3.34,,3.53,3.81,3.88,4.01,4.03,4.07,4.12,4.2,4.46,
20050822,3.34,,3.53,3.82,3.89,4.03,4.06,4.08,4.14,4.22,4.48,
20050819,3.33,,3.52,3.81,3.89,4.03,4.05,4.08,4.13,4.21,4.47,
20050818,3.3,,3.5,3.78,3.86,4.01,4.04,4.08,4.13,4.21,4.48,
20050817,3.31,,3.52,3.8,3.89,4.07,4.1,4.15,4.2,4.28,4.53,
20050816,3.32,,3.54,3.8,3.88,4.03,4.06,4.1,4.15,4.23,4.49,
20050815,3.28,,3.54,3.82,3.91,4.08,4.11,4.15,4.2,4.27,4.53,
20050812,3.32,,3.52,3.79,3.88,4.05,4.08,4.11,4.16,4.24,4.52,
20050811,3.31,,3.51,3.78,3.89,4.1,4.14,4.18,4.24,4.32,4.6,
20050810,3.38,,3.51,3.78,3.9,4.13,4.18,4.24,4.3,4.4,4.65,
20050809,3.37,,3.52,3.79,3.9,4.13,4.19,4.25,4.31,4.41,4.66,
20050808,3.38,,3.54,3.82,3.93,4.16,4.22,4.28,4.34,4.42,4.68,
20050805,3.35,,3.52,3.75,3.87,4.11,4.16,4.24,4.3,4.4,4.66,
20050804,3.34,,3.47,3.72,3.83,4.04,4.09,4.15,4.22,4.32,4.6,
20050803,3.34,,3.46,3.72,3.82,4.02,4.07,4.13,4.2,4.3,4.58,
20050802,3.35,,3.49,3.73,3.84,4.06,4.1,4.17,4.24,4.34,4.62,
20050801,3.3,,3.48,3.73,3.83,4.04,4.09,4.16,4.22,4.32,4.59,
20050729,3.25,,3.42,3.69,3.8,4.02,4.06,4.12,4.19,4.28,4.56,
20050728,3.25,,3.41,3.66,3.75,3.96,4.0,4.04,4.1,4.2,4.48,
20050727,3.23,,3.4,3.67,3.77,3.99,4.04,4.09,4.16,4.27,4.55,
20050726,3.25,,3.43,3.67,3.76,3.95,4.0,4.06,4.14,4.24,4.53,
20050725,3.2,,3.44,3.68,3.77,3.95,3.99,4.06,4.14,4.25,4.53,
20050722,3.16,,3.38,3.61,3.72,3.92,3.97,4.04,4.11,4.23,4.52,
20050721,3.13,,3.35,3.6,3.72,3.96,4.01,4.09,4.16,4.28,4.58,
20050720,3.11,,3.3,3.54,3.66,3.9,3.93,3.99,4.06,4.17,4.47,
20050719,3.13,,3.31,3.54,3.65,3.88,3.93,3.99,4.07,4.2,4.5,
20050718,3.06,,3.3,3.54,3.66,3.89,3.94,4.01,4.1,4.22,4.53,
20050715,3.04,,3.26,3.48,3.61,3.86,3.92,3.98,4.06,4.18,4.47,
20050714,3.04,,3.23,3.47,3.6,3.86,3.91,3.98,4.06,4.19,4.49,
20050713,3.03,,3.22,3.46,3.59,3.84,3.89,3.96,4.04,4.17,4.47,
20050712,3.02,,3.21,3.48,3.59,3.82,3.88,3.94,4.03,4.15,4.46,
20050711,2.98,,3.19,3.46,3.58,3.81,3.85,3.91,3.99,4.11,4.42,
20050708,2.99,,3.17,3.39,3.52,3.78,3.82,3.89,3.98,4.11,4.42,
20050707,3.0,,3.15,3.37,3.48,3.71,3.75,3.83,3.92,4.05,4.37,
20050706,3.04,,3.19,3.41,3.53,3.77,3.8,3.86,3.95,4.08,4.4,
20050705,3.03,,3.22,3.43,3.55,3.79,3.82,3.9,3.98,4.11,4.43,
20050701,3.02,,3.17,3.38,3.51,3.76,3.77,3.84,3.92,4.06,4.37,
20050630,2.99,,3.13,3.34,3.45,3.66,3.67,3.72,3.8,3.94,4.28,
20050629,2.95,,3.13,3.33,3.44,3.65,3.69,3.77,3.85,3.99,4.33,
20050628,2.99,,3.14,3.35,3.46,3.65,3.68,3.76,3.84,3.97,4.3,
20050627,2.85,,3.15,3.33,3.42,3.6,3.62,3.69,3.77,3.9,4.25,
20050624,2.78,,3.09,3.27,3.38,3.59,3.63,3.69,3.78,3.92,4.28,
20050623,2.79,,3.07,3.27,3.39,3.63,3.66,3.74,3.82,3.96,4.32,
20050622,2.84,,3.03,3.25,3.37,3.62,3.65,3.72,3.81,3.95,4.31,
20050621,2.85,,3.02,3.28,3.42,3.71,3.75,3.84,3.93,4.06,4.4,
20050620,2.81,,3.02,3.26,3.42,3.72,3.78,3.88,3.98,4.11,4.46,
20050617,2.79,,2.99,3.23,3.39,3.72,3.76,3.88,3.97,4.09,4.44,
20050616,2.76,,2.98,3.21,3.38,3.7,3.76,3.87,3.96,4.09,4.45,
20050615,2.78,,3.0,3.22,3.39,3.72,3.79,3.9,3.99,4.12,4.49,
20050614,2.78,,3.01,3.22,3.39,3.71,3.78,3.89,3.99,4.13,4.49,
20050613,2.82,,3.03,3.22,3.38,3.71,3.77,3.87,3.96,4.09,4.44,
20050610,2.82,,3.01,3.14,3.33,3.71,3.75,3.84,3.92,4.05,4.39,
20050609,2.81,,2.99,3.14,3.31,3.64,3.68,3.76,3.84,3.98,4.31,
20050608,2.83,,3.02,3.15,3.3,3.6,3.65,3.73,3.81,3.95,4.29,
20050607,2.82,,3.02,3.14,3.28,3.57,3.62,3.7,3.78,3.92,4.26,
20050606,2.83,,3.02,3.15,3.3,3.59,3.64,3.73,3.82,3.96,4.31,
20050603,2.82,,3.01,3.13,3.28,3.57,3.63,3.73,3.83,3.98,4.34,
20050602,2.8,,2.97,3.13,3.26,3.52,3.56,3.65,3.74,3.89,4.28,
20050601,2.79,,2.97,3.12,3.25,3.5,3.55,3.63,3.74,3.91,4.31,
20050531,2.8,,2.99,3.18,3.32,3.6,3.65,3.76,3.86,4.0,4.4,
20050527,2.77,,2.97,3.14,3.31,3.64,3.72,3.82,3.92,4.08,4.49,
20050526,2.77,,2.94,3.15,3.31,3.64,3.72,3.82,3.92,4.08,4.49,
20050525,2.79,,2.95,3.17,3.32,3.61,3.68,3.81,3.85,4.08,4.48,
20050524,2.82,,2.94,3.17,3.32,3.61,3.68,3.78,3.8,4.04,4.43,
20050523,2.69,,2.97,3.19,3.35,3.65,3.73,3.83,3.83,4.07,4.46,
20050520,2.66,,2.9,3.17,3.35,3.69,3.77,3.88,3.89,4.13,4.52,
20050519,2.63,,2.87,3.14,3.31,3.64,3.73,3.84,3.86,4.11,4.52,
20050518,2.6,,2.86,3.15,3.29,3.56,3.67,3.77,3.83,4.07,4.49,
20050517,2.6,,2.88,3.17,3.32,3.61,3.71,3.82,3.88,4.12,4.54,
20050516,2.48,,2.89,3.18,3.33,3.61,3.71,3.83,3.9,4.13,4.56,
20050513,2.47,,2.83,3.13,3.29,3.61,3.71,3.83,3.95,4.12,4.56,
20050512,2.58,,2.88,3.17,3.34,3.66,3.75,3.87,3.99,4.18,4.59,
20050511,2.6,,2.87,3.18,3.35,3.68,3.78,3.91,4.01,4.21,4.61,
20050510,2.6,,2.9,3.2,3.37,3.69,3.79,3.93,4.04,4.23,4.65,
20050509,2.66,,2.91,3.22,3.4,3.76,3.83,3.99,4.11,4.29,4.69,
20050506,2.64,,2.87,3.19,3.37,3.73,3.8,3.95,4.09,4.28,4.69,
20050505,2.6,,2.81,3.14,3.29,3.58,3.65,3.82,3.98,4.19,4.64,
20050504,2.59,,2.87,3.17,3.32,3.63,3.7,3.87,4.01,4.2,4.64,
20050503,2.65,,2.91,3.19,3.35,3.68,3.73,3.9,4.03,4.21,4.6,
20050502,2.68,,2.93,3.19,3.34,3.64,3.71,3.88,4.02,4.21,4.61,
20050429,2.7,,2.9,3.17,3.33,3.66,3.73,3.9,4.03,4.21,4.61,
20050428,2.6,,2.88,3.15,3.3,3.59,3.67,3.85,3.99,4.19,4.6,
20050427,2.65,,2.89,3.17,3.33,3.64,3.75,3.92,4.06,4.25,4.65,
20050426,2.7,,2.91,3.18,3.35,3.67,3.77,3.96,4.1,4.28,4.67,
20050425,2.67,,2.93,3.19,3.34,3.64,3.75,3.94,4.08,4.26,4.65,
20050422,2.64,,2.93,3.14,3.3,3.62,3.73,3.92,4.08,4.26,4.68,
20050421,2.59,,2.88,3.13,3.31,3.65,3.77,3.97,4.13,4.32,4.73,
20050420,2.65,,2.87,3.11,3.25,3.52,3.65,3.86,4.03,4.22,4.66,
20050419,2.73,,2.91,3.13,3.26,3.5,3.64,3.85,4.02,4.21,4.64,
20050418,2.67,,2.9,3.15,3.29,3.55,3.69,3.9,4.08,4.27,4.7,
20050415,2.63,,2.79,3.12,3.26,3.54,3.68,3.9,4.09,4.27,4.73,
20050414,2.62,,2.78,3.14,3.3,3.6,3.76,3.99,4.17,4.37,4.8,
20050413,2.62,,2.77,3.15,3.32,3.66,3.83,4.03,4.2,4.38,4.8,
20050412,2.62,,2.76,3.16,3.34,3.71,3.85,4.05,4.2,4.38,4.78,
20050411,2.6,,2.76,3.17,3.37,3.75,3.91,4.13,4.28,4.45,4.84,
20050408,2.61,,2.79,3.14,3.35,3.77,3.94,4.17,4.32,4.5,4.88,
20050407,2.61,,2.77,3.12,3.32,3.72,3.89,4.13,4.3,4.49,4.9,
20050406,2.6,,2.76,3.11,3.31,3.7,3.86,4.09,4.26,4.44,4.85,
20050405,2.63,,2.79,3.13,3.34,3.75,3.91,4.15,4.31,4.48,4.87,
20050404,2.64,,2.8,3.14,3.34,3.74,3.9,4.13,4.3,4.47,4.84,
20050401,2.66,,2.8,3.13,3.34,3.75,3.9,4.13,4.29,4.46,4.85,
20050331,2.63,,2.79,3.13,3.35,3.8,3.96,4.18,4.33,4.5,4.88,
20050330,2.71,,2.83,3.15,3.39,3.86,4.03,4.26,4.4,4.56,4.93,
20050329,2.7,,2.84,3.17,3.41,3.87,4.05,4.3,4.44,4.6,4.98,
20050328,2.69,,2.84,3.19,3.43,3.9,4.09,4.33,4.48,4.64,5.01,
20050324,2.7,,2.84,3.16,3.41,3.88,4.06,4.3,4.44,4.6,4.97,
20050323,2.72,,2.83,3.14,3.38,3.84,4.05,4.3,4.45,4.61,4.99,
20050322,2.77,,2.89,3.17,3.4,3.86,4.06,4.31,4.45,4.63,5.01,
20050321,2.72,,2.85,3.13,3.33,3.72,3.93,4.18,4.35,4.53,4.94,
20050318,2.7,,2.81,3.11,3.32,3.72,3.91,4.18,4.34,4.51,4.92,
20050317,2.68,,2.79,3.08,3.29,3.7,3.89,4.14,4.3,4.47,4.87,
20050316,2.68,,2.8,3.09,3.3,3.72,3.92,4.18,4.35,4.52,4.91,
20050315,2.7,,2.81,3.1,3.32,3.75,3.96,4.22,4.38,4.54,4.93,
20050314,2.62,,2.8,3.1,3.32,3.75,3.95,4.2,4.36,4.52,4.9,
20050311,2.6,,2.76,3.06,3.28,3.73,3.94,4.22,4.39,4.56,4.93,
20050310,2.6,,2.75,3.04,3.25,3.68,3.87,4.13,4.29,4.48,4.85,
20050309,2.6,,2.76,3.03,3.24,3.66,3.87,4.16,4.35,4.52,4.92,
20050308,2.61,,2.75,3.03,3.23,3.62,3.79,4.05,4.22,4.38,4.78,
20050307,2.59,,2.76,3.02,3.22,3.61,3.76,3.99,4.15,4.31,4.7,
20050304,2.56,,2.76,3.01,3.2,3.57,3.73,3.97,4.15,4.32,4.73,
20050303,2.55,,2.76,3.0,3.19,3.59,3.76,4.02,4.2,4.39,4.82,
20050302,2.54,,2.74,3.0,3.19,3.57,3.75,4.0,4.2,4.38,4.82,
20050301,2.55,,2.75,3.0,3.2,3.59,3.76,4.02,4.19,4.38,4.8,
20050228,2.51,,2.76,3.01,3.2,3.59,3.75,4.0,4.18,4.36,4.79,
20050225,2.5,,2.74,2.95,3.15,3.54,3.68,3.91,4.09,4.27,4.72,
20050224,2.48,,2.69,2.94,3.13,3.52,3.67,3.91,4.1,4.29,4.74,
20050223,2.47,,2.67,2.94,3.12,3.46,3.63,3.87,4.08,4.27,4.73,
20050222,2.43,,2.67,2.94,3.12,3.46,3.62,3.88,4.09,4.29,4.75,
20050218,2.39,,2.61,2.9,3.09,3.45,3.62,3.86,4.07,4.27,4.72,
20050217,2.4,,2.58,2.85,3.03,3.38,3.55,3.78,3.99,4.19,4.65,
20050216,2.39,,2.57,2.86,3.05,3.41,3.56,3.78,3.97,4.16,4.6,
20050215,2.4,,2.59,2.86,3.03,3.37,3.51,3.71,3.91,4.1,4.55,
20050214,2.37,,2.59,2.84,3.03,3.38,3.51,3.7,3.88,4.08,4.51,
20050211,2.36,,2.55,2.83,3.0,3.34,3.48,3.7,3.9,4.1,4.55,
20050210,2.35,,2.51,2.78,2.96,3.29,3.43,3.65,3.86,4.07,4.52,
20050209,2.34,,2.51,2.77,2.93,3.24,3.38,3.58,3.79,4.0,4.43,
20050208,2.34,,2.49,2.78,2.97,3.33,3.47,3.68,3.86,4.05,4.46,
20050207,2.27,,2.51,2.78,2.96,3.31,3.46,3.67,3.87,4.07,4.49,
20050204,2.2,,2.47,2.75,2.93,3.29,3.44,3.68,3.88,4.09,4.54,
20050203,2.18,,2.48,2.76,2.96,3.34,3.51,3.76,3.97,4.18,4.64,
20050202,2.22,,2.51,2.76,2.95,3.32,3.47,3.73,3.93,4.15,4.63,
20050201,2.23,,2.51,2.77,2.95,3.29,3.43,3.71,3.93,4.15,4.65,
20050131,2.06,,2.51,2.79,2.96,3.29,3.43,3.71,3.92,4.14,4.64,
20050128,2.12,,2.46,2.71,2.89,3.25,3.41,3.69,3.93,4.16,4.66,
20050127,2.16,,2.44,2.72,2.91,3.28,3.45,3.75,4.0,4.22,4.73,
20050126,2.16,,2.41,2.71,2.9,3.27,3.43,3.73,3.98,4.21,4.72,
20050125,2.13,,2.39,2.7,2.88,3.23,3.39,3.71,3.97,4.2,4.72,
20050124,2.05,,2.37,2.69,2.86,3.2,3.36,3.65,3.9,4.14,4.65,
20050121,2.02,,2.36,2.66,2.83,3.16,3.33,3.65,3.92,4.16,4.69,
20050120,1.89,,2.35,2.67,2.85,3.21,3.38,3.68,3.94,4.17,4.7,
20050119,1.95,,2.37,2.69,2.88,3.26,3.42,3.73,3.97,4.2,4.71,
20050118,2.05,,2.39,2.71,2.9,3.26,3.42,3.72,3.97,4.21,4.73,
20050114,2.06,,2.37,2.68,2.87,3.24,3.41,3.71,3.97,4.23,4.76,
20050113,2.06,,2.35,2.65,2.84,3.21,3.36,3.68,3.95,4.2,4.75,
20050112,2.01,,2.34,2.64,2.84,3.22,3.38,3.72,4.0,4.25,4.81,
20050111,2.03,,2.34,2.67,2.86,3.24,3.41,3.73,4.0,4.26,4.83,
20050110,2.07,,2.36,2.67,2.86,3.23,3.41,3.75,4.03,4.29,4.86,
20050107,2.03,,2.32,2.63,2.82,3.2,3.4,3.73,4.03,4.29,4.88,
20050106,2.04,,2.31,2.63,2.82,3.18,3.36,3.71,4.01,4.29,4.88,
20050105,2.04,,2.33,2.63,2.83,3.22,3.39,3.73,4.02,4.29,4.88,
20050104,2.05,,2.33,2.63,2.82,3.2,3.38,3.72,4.02,4.29,4.91,
20050103,1.99,,2.32,2.63,2.79,3.1,3.28,3.64,3.94,4.23,4.84,
20061229,4.75,,5.02,5.09,5.0,4.82,4.74,4.7,4.7,4.71,4.91,4.81
20061228,4.74,,5.0,5.1,5.01,4.82,4.72,4.69,4.69,4.7,4.9,4.81
20061227,4.75,,4.97,5.1,4.99,4.77,4.69,4.64,4.64,4.66,4.87,4.78
20061226,4.81,,4.99,5.11,4.97,4.71,4.63,4.58,4.59,4.61,4.82,4.73
20061222,4.82,,4.99,5.08,4.96,4.71,4.64,4.59,4.6,4.63,4.85,4.76
20061221,4.84,,4.97,5.06,4.93,4.66,4.57,4.52,4.52,4.55,4.78,4.7
20061220,4.87,,4.96,5.08,4.96,4.71,4.62,4.57,4.57,4.6,4.82,4.73
20061219,4.84,,4.96,5.08,4.96,4.71,4.62,4.57,4.57,4.6,4.82,4.73
20061218,4.8,,4.96,5.09,4.97,4.71,4.62,4.57,4.57,4.6,4.81,4.72
20061215,4.78,,4.91,5.07,4.96,4.73,4.62,4.57,4.57,4.6,4.81,4.72
20061214,4.87,,4.96,5.08,4.97,4.73,4.63,4.58,4.58,4.6,4.81,4.72
20061213,4.86,,4.94,5.07,4.95,4.7,4.6,4.54,4.55,4.58,4.78,4.69
20061212,4.87,,4.93,5.06,4.91,4.61,4.49,4.45,4.45,4.49,4.7,4.6
20061211,4.85,,4.93,5.07,4.94,4.67,4.55,4.5,4.5,4.52,4.73,4.63
20061208,4.89,,4.97,5.08,4.95,4.68,4.57,4.53,4.54,4.56,4.76,4.66
20061207,4.92,,4.98,5.05,4.9,4.58,4.48,4.45,4.45,4.49,4.7,4.6
20061206,4.91,,4.99,5.05,4.9,4.59,4.48,4.44,4.44,4.48,4.69,4.6
20061205,4.88,,4.99,5.03,4.86,4.52,4.43,4.39,4.4,4.45,4.67,4.57
20061204,5.13,,5.01,5.04,4.87,4.52,4.43,4.39,4.39,4.43,4.65,4.55
20061201,5.21,,5.03,5.05,4.87,4.52,4.43,4.39,4.39,4.43,4.64,4.54
20061130,5.22,,5.03,5.1,4.94,4.62,4.52,4.45,4.45,4.46,4.66,4.56
20061129,5.26,,5.04,5.13,4.98,4.69,4.58,4.51,4.51,4.52,4.72,4.61
20061128,5.27,,5.04,5.13,4.98,4.67,4.57,4.5,4.5,4.51,4.7,4.59
20061127,5.22,,5.05,5.14,5.0,4.71,4.6,4.54,4.54,4.54,4.73,4.62
20061124,5.21,,5.04,5.13,5.0,4.73,4.62,4.55,4.55,4.55,4.74,4.63
20061122,5.25,,5.05,5.15,5.01,4.74,4.63,4.57,4.57,4.57,4.76,4.65
20061121,5.26,,5.07,5.15,5.02,4.75,4.65,4.58,4.58,4.58,4.76,4.66
20061120,5.19,,5.08,5.15,5.02,4.76,4.66,4.6,4.59,4.6,4.78,4.68
20061117,5.19,,5.09,5.14,5.02,4.76,4.67,4.6,4.6,4.61,4.79,4.69
20061116,5.22,,5.09,5.17,5.06,4.85,4.75,4.67,4.66,4.66,4.84,4.74
20061115,5.24,,5.09,5.16,5.04,4.8,4.69,4.62,4.62,4.61,4.8,4.69
20061114,5.24,,5.09,5.15,5.01,4.74,4.63,4.57,4.57,4.57,4.76,4.66
20061113,5.17,,5.09,5.16,5.03,4.76,4.66,4.6,4.6,4.61,4.8,4.71
20061110,5.2,,5.1,5.16,5.01,4.73,4.63,4.57,4.57,4.59,4.78,4.69
20061109,5.19,,5.09,5.16,5.02,4.75,4.66,4.6,4.6,4.62,4.82,4.73
20061108,5.2,,5.1,5.16,5.02,4.75,4.65,4.61,4.61,4.64,4.82,4.73
20061107,5.2,,5.08,5.16,5.03,4.77,4.69,4.63,4.63,4.66,4.85,4.76
20061106,5.17,,5.09,5.18,5.06,4.82,4.74,4.69,4.69,4.71,4.89,4.79
20061103,5.18,,5.09,5.18,5.06,4.82,4.74,4.7,4.7,4.72,4.9,4.81
20061102,5.18,,5.07,5.13,4.97,4.67,4.6,4.55,4.56,4.6,4.8,4.72
20061101,5.19,,5.07,5.1,4.95,4.66,4.56,4.52,4.52,4.57,4.77,4.68
20061031,5.18,,5.08,5.13,4.99,4.71,4.62,4.57,4.57,4.61,4.81,4.72
20061030,5.15,,5.1,5.16,5.03,4.78,4.68,4.64,4.64,4.68,4.88,4.78
20061027,5.14,,5.11,5.15,5.02,4.76,4.68,4.64,4.64,4.68,4.88,4.8
20061026,5.16,,5.12,5.18,5.06,4.81,4.74,4.69,4.7,4.73,4.93,4.84
20061025,5.14,,5.12,5.18,5.08,4.88,4.79,4.75,4.75,4.78,4.98,4.89
20061024,5.15,,5.13,5.19,5.1,4.91,4.84,4.81,4.81,4.83,5.03,4.95
20061023,5.05,,5.12,5.18,5.09,4.9,4.84,4.8,4.8,4.83,5.03,4.95
20061020,5.0,,5.09,5.14,5.05,4.87,4.8,4.76,4.76,4.79,4.99,4.91
20061019,5.02,,5.1,5.16,5.05,4.85,4.79,4.75,4.75,4.79,4.99,4.91
20061018,5.05,,5.09,5.14,5.04,4.85,4.77,4.74,4.73,4.77,4.97,4.89
20061017,5.06,,5.09,5.15,5.04,4.83,4.77,4.73,4.74,4.78,4.99,4.91
20061016,5.01,,5.09,5.15,5.05,4.85,4.78,4.76,4.76,4.79,5.0,4.92
20061013,4.93,,5.05,5.13,5.05,4.87,4.79,4.77,4.77,4.81,5.02,4.94
20061012,4.93,,5.06,5.13,5.03,4.85,4.78,4.74,4.74,4.79,4.99,4.91
20061011,4.9,,5.02,5.11,5.02,4.85,4.78,4.75,4.75,4.78,4.99,4.91
20061010,4.81,,5.0,5.1,5.0,4.82,4.75,4.71,4.71,4.75,4.96,4.88
20061006,4.76,,4.95,5.05,4.94,4.74,4.67,4.64,4.65,4.7,4.92,4.84
20061005,4.81,,4.94,5.03,4.9,4.65,4.58,4.55,4.56,4.61,4.84,4.76
20061004,4.78,,4.93,5.0,4.87,4.6,4.53,4.5,4.52,4.57,4.79,4.72
20061003,4.71,,4.9,5.02,4.9,4.67,4.59,4.56,4.57,4.62,4.83,4.76
20061002,4.67,,4.88,5.02,4.9,4.66,4.59,4.56,4.57,4.62,4.83,4.76
20060929,4.6,,4.89,5.02,4.91,4.71,4.62,4.59,4.6,4.64,4.84,4.77
20060928,4.53,,4.87,5.01,4.9,4.68,4.6,4.57,4.58,4.63,4.84,4.76
20060927,4.6,,4.88,5.01,4.89,4.66,4.59,4.56,4.56,4.6,4.81,4.73
20060926,4.64,,4.88,5.02,4.91,4.68,4.59,4.55,4.55,4.59,4.79,4.71
20060925,4.72,,4.88,5.01,4.88,4.63,4.54,4.51,4.51,4.56,4.77,4.7
20060922,4.73,,4.93,5.02,4.9,4.67,4.58,4.55,4.56,4.6,4.82,4.74
20060921,4.72,,4.92,5.04,4.93,4.71,4.61,4.6,4.61,4.65,4.86,4.78
20060920,4.73,,4.93,5.09,5.0,4.81,4.73,4.7,4.7,4.73,4.93,4.85
20060919,4.72,,4.94,5.09,4.99,4.79,4.72,4.69,4.69,4.74,4.94,4.86
20060918,4.76,,4.94,5.12,5.04,4.88,4.8,4.77,4.78,4.81,5.01,4.93
20060915,4.77,,4.96,5.11,5.03,4.87,4.79,4.76,4.77,4.8,5.0,4.92
20060914,4.81,,4.95,5.12,5.02,4.83,4.77,4.74,4.75,4.79,4.99,4.92
20060913,4.78,,4.91,5.08,4.99,4.8,4.72,4.7,4.72,4.77,4.97,4.9
20060912,4.75,,4.9,5.12,5.02,4.82,4.74,4.71,4.73,4.78,4.98,4.91
20060911,4.85,,4.93,5.13,5.03,4.83,4.77,4.74,4.75,4.8,5.02,4.95
20060908,4.83,,4.93,5.1,5.0,4.8,4.73,4.71,4.72,4.78,4.99,4.92
20060907,4.89,,4.97,5.13,5.02,4.82,4.76,4.74,4.75,4.8,5.01,4.94
20060906,4.89,,4.97,5.12,5.02,4.82,4.76,4.75,4.76,4.8,5.02,4.95
20060905,4.96,,5.0,5.13,5.02,4.8,4.73,4.73,4.74,4.78,5.01,4.93
20060901,5.07,,5.02,5.1,4.99,4.77,4.7,4.68,4.69,4.73,4.95,4.87
20060831,5.12,,5.05,5.11,5.01,4.79,4.71,4.7,4.7,4.74,4.95,4.88
20060830,5.16,,5.05,5.14,5.03,4.83,4.76,4.72,4.72,4.76,4.98,4.91
20060829,5.19,,5.07,5.16,5.06,4.87,4.79,4.77,4.77,4.79,5.0,4.93
20060828,5.17,,5.1,5.18,5.08,4.88,4.8,4.77,4.77,4.8,5.01,4.94
20060825,5.17,,5.11,5.16,5.06,4.86,4.79,4.76,4.76,4.79,5.01,4.93
20060824,5.16,,5.09,5.17,5.07,4.88,4.8,4.78,4.78,4.81,5.02,4.94
20060823,5.17,,5.09,5.17,5.07,4.87,4.81,4.77,4.78,4.82,5.03,4.95
20060822,5.17,,5.1,5.17,5.07,4.87,4.79,4.77,4.77,4.82,5.03,4.95
20060821,5.15,,5.11,5.18,5.07,4.85,4.79,4.77,4.77,4.82,5.04,4.96
20060818,5.13,,5.1,5.19,5.08,4.87,4.82,4.78,4.78,4.84,5.05,4.97
20060817,5.15,,5.09,5.18,5.08,4.89,4.84,4.82,4.82,4.87,5.08,5.0
20060816,5.16,,5.07,5.16,5.06,4.87,4.83,4.81,4.82,4.87,5.08,5.0
20060815,5.18,,5.1,5.19,5.11,4.94,4.91,4.88,4.89,4.93,5.13,5.05
20060814,5.15,,5.12,5.24,5.17,5.01,4.98,4.95,4.96,5.0,5.21,5.12
20060811,5.12,,5.07,5.2,5.12,4.96,4.93,4.91,4.92,4.97,5.18,5.09
20060810,5.12,,5.05,5.16,5.08,4.93,4.89,4.86,4.87,4.93,5.15,5.06
20060809,5.14,,5.07,5.15,5.07,4.91,4.88,4.86,4.87,4.92,5.13,5.05
20060808,5.19,,5.1,5.16,5.08,4.91,4.86,4.85,4.86,4.93,5.11,5.02
20060807,5.18,,5.12,5.2,5.12,4.96,4.89,4.86,4.87,4.93,5.09,5.0
20060804,5.15,,5.09,5.15,5.07,4.91,4.86,4.84,4.85,4.91,5.09,5.0
20060803,5.18,,5.11,5.19,5.12,4.98,4.92,4.9,4.91,4.96,5.13,5.04
20060802,5.2,,5.1,5.18,5.11,4.97,4.9,4.88,4.9,4.96,5.14,5.05
20060801,5.2,,5.12,5.18,5.11,4.97,4.91,4.9,4.92,4.99,5.17,5.07
20060731,5.02,,5.1,5.18,5.11,4.97,4.93,4.91,4.93,4.99,5.17,5.07
20060728,4.98,,5.07,5.15,5.1,4.98,4.94,4.92,4.94,5.0,5.17,5.07
20060727,5.02,,5.1,5.2,5.16,5.07,5.01,4.98,5.0,5.07,5.22,5.11
20060726,5.0,,5.11,5.21,5.16,5.06,5.02,4.99,5.0,5.04,5.22,5.1
20060725,5.01,,5.13,5.25,5.21,5.11,5.05,5.02,5.03,5.07,5.24,5.13
20060724,4.91,,5.1,5.27,5.21,5.1,5.03,4.99,5.0,5.05,5.22,5.11
20060721,4.88,,5.1,5.25,5.19,5.08,5.02,4.99,5.0,5.05,5.21,5.1
20060720,4.87,,5.08,5.24,5.18,5.06,5.01,4.98,4.99,5.03,5.2,5.08
20060719,4.91,,5.11,5.28,5.22,5.12,5.06,5.02,5.02,5.06,5.22,5.1
20060718,4.94,,5.13,5.33,5.28,5.19,5.13,5.1,5.1,5.13,5.29,5.16
20060717,4.91,,5.11,5.3,5.24,5.12,5.07,5.04,5.04,5.07,5.23,5.1
20060714,4.87,,5.06,5.26,5.2,5.08,5.05,5.02,5.03,5.07,5.23,5.11
20060713,4.88,,5.05,5.27,5.22,5.12,5.07,5.04,5.05,5.08,5.23,5.12
20060712,4.92,,5.06,5.3,5.26,5.17,5.12,5.08,5.09,5.1,5.26,5.14
20060711,4.9,,5.05,5.3,5.26,5.17,5.11,5.07,5.08,5.1,5.26,5.14
20060710,4.86,,5.06,5.32,5.27,5.17,5.13,5.1,5.1,5.13,5.29,5.17
20060707,4.83,,5.02,5.28,5.25,5.17,5.13,5.1,5.1,5.14,5.29,5.18
20060706,4.8,,5.0,5.31,5.28,5.22,5.17,5.15,5.16,5.19,5.35,5.23
20060705,4.81,,5.01,5.32,5.29,5.24,5.21,5.19,5.19,5.23,5.39,5.27
20060703,4.69,,5.08,5.31,5.26,5.17,5.14,5.11,5.12,5.15,5.33,5.2
20060630,4.54,,5.01,5.24,5.21,5.16,5.13,5.1,5.11,5.15,5.31,5.19
20060629,4.68,,5.01,5.26,5.25,5.21,5.19,5.17,5.18,5.22,5.39,5.26
20060628,4.79,,5.01,5.31,5.3,5.29,5.26,5.23,5.23,5.25,5.42,5.28
20060627,4.86,,5.05,5.31,5.28,5.24,5.22,5.19,5.2,5.21,5.38,5.24
20060626,4.73,,5.03,5.32,5.3,5.27,5.25,5.22,5.23,5.25,5.42,5.28
20060623,4.61,,4.98,5.27,5.27,5.27,5.23,5.21,5.21,5.23,5.4,5.26
20060622,4.55,,4.92,5.24,5.24,5.23,5.21,5.18,5.18,5.2,5.37,5.23
20060621,4.66,,4.92,5.23,5.22,5.2,5.16,5.14,5.14,5.16,5.32,5.19
20060620,4.7,,4.92,5.24,5.23,5.19,5.16,5.13,5.14,5.15,5.33,5.19
20060619,4.67,,4.93,5.25,5.23,5.19,5.15,5.12,5.13,5.14,5.32,5.18
20060616,4.63,,4.88,5.19,5.18,5.16,5.13,5.1,5.1,5.13,5.31,5.17
20060615,4.6,,4.85,5.16,5.15,5.14,5.1,5.08,5.08,5.1,5.27,5.13
20060614,4.68,,4.9,5.17,5.15,5.11,5.06,5.03,5.04,5.05,5.23,5.09
20060613,4.72,,4.89,5.13,5.09,5.02,4.96,4.93,4.94,4.97,5.15,5.01
20060612,4.78,,4.93,5.13,5.09,5.02,4.97,4.95,4.96,4.99,5.17,5.03
20060609,4.78,,4.88,5.07,5.05,5.01,4.96,4.95,4.95,4.98,5.17,5.03
20060608,4.78,,4.87,5.06,5.04,5.01,4.97,4.95,4.96,5.0,5.2,5.06
20060607,4.8,,4.86,5.06,5.05,5.02,4.99,4.97,4.98,5.02,5.23,5.09
20060606,4.8,,4.86,5.05,5.03,4.99,4.96,4.95,4.96,5.01,5.22,5.08
20060605,4.77,,4.85,5.04,5.02,4.99,4.95,4.95,4.97,5.02,5.24,5.1
20060602,4.75,,4.81,5.01,4.98,4.92,4.91,4.9,4.92,5.0,5.24,5.1
20060601,4.75,,4.83,5.06,5.05,5.04,5.02,5.03,5.05,5.11,5.34,5.2
20060531,4.75,,4.86,5.08,5.07,5.04,5.03,5.04,5.06,5.12,5.35,5.21
20060530,4.76,,4.84,5.04,5.02,4.99,4.99,4.99,5.01,5.09,5.33,5.19
20060526,4.75,,4.84,5.02,5.0,4.96,4.94,4.95,4.97,5.06,5.3,5.16
20060525,4.74,,4.82,5.01,5.0,4.98,4.97,4.97,4.99,5.07,5.31,5.17
20060524,4.74,,4.82,4.99,4.97,4.94,4.92,4.93,4.96,5.03,5.27,5.13
20060523,4.75,,4.84,5.02,5.0,4.97,4.97,4.98,5.0,5.07,5.3,5.16
20060522,4.74,,4.83,5.02,4.99,4.94,4.94,4.94,4.96,5.04,5.28,5.13
20060519,4.75,,4.82,5.0,4.98,4.96,4.95,4.96,4.98,5.05,5.28,5.14
20060518,4.75,,4.83,4.98,4.96,4.94,4.94,4.96,5.0,5.08,5.32,5.18
20060517,4.75,,4.83,5.0,4.99,4.97,5.0,5.03,5.08,5.16,5.42,5.28
20060516,4.76,,4.83,4.99,4.98,4.96,4.97,4.99,5.03,5.1,5.36,5.22
20060515,4.68,,4.86,5.02,5.01,4.99,5.01,5.04,5.08,5.15,5.41,5.26
20060512,4.64,,4.85,5.0,5.0,5.01,5.03,5.08,5.12,5.19,5.44,5.29
20060511,4.64,,4.82,4.99,4.99,4.99,5.01,5.04,5.07,5.14,5.38,5.23
20060510,4.69,,4.88,5.03,5.02,5.01,5.0,5.03,5.06,5.13,5.34,5.19
20060509,4.72,,4.88,5.03,5.01,4.97,4.98,5.01,5.05,5.13,5.35,5.2
20060508,4.64,,4.87,5.03,5.01,4.97,4.99,5.01,5.05,5.12,5.34,5.19
20060505,4.61,,4.83,5.0,4.98,4.94,4.96,4.99,5.03,5.12,5.35,5.2
20060504,4.61,,4.8,5.01,5.0,4.97,4.99,5.03,5.08,5.16,5.38,5.23
20060503,4.65,,4.82,5.0,4.98,4.94,4.96,5.01,5.06,5.15,5.38,5.24
20060502,4.66,,4.81,4.98,4.96,4.92,4.94,4.98,5.03,5.12,5.35,5.2
20060501,4.61,,4.82,4.98,4.97,4.94,4.95,4.99,5.04,5.14,5.38,5.23
20060428,4.6,,4.77,4.91,4.9,4.87,4.87,4.92,4.98,5.07,5.31,5.17
20060427,4.64,,4.78,4.93,4.93,4.91,4.92,4.95,5.0,5.09,5.32,5.18
20060426,4.65,,4.79,4.98,4.98,4.99,4.99,5.02,5.06,5.12,5.34,5.18
20060425,4.63,,4.79,4.96,4.95,4.95,4.94,4.98,5.02,5.07,5.31,5.16
20060424,4.58,,4.75,4.93,4.92,4.89,4.88,4.9,4.94,4.99,5.22,5.07
20060421,4.58,,4.75,4.9,4.9,4.9,4.89,4.92,4.95,5.01,5.25,5.1
20060420,4.55,,4.73,4.9,4.9,4.89,4.89,4.92,4.97,5.04,5.29,5.14
20060419,4.54,,4.73,4.9,4.89,4.86,4.87,4.91,4.96,5.04,5.29,5.13
20060418,4.54,,4.72,4.9,4.88,4.84,4.86,4.87,4.92,4.99,5.23,5.07
20060417,4.55,,4.72,4.93,4.93,4.91,4.91,4.93,4.96,5.01,5.25,5.08
20060413,4.54,,4.7,4.94,4.95,4.96,4.96,4.97,5.0,5.05,5.28,5.11
20060412,4.62,,4.7,4.91,4.91,4.91,4.9,4.91,4.93,4.98,5.22,5.05
20060411,4.63,,4.7,4.88,4.88,4.88,4.86,4.86,4.88,4.93,5.17,5.0
20060410,4.64,,4.69,4.89,4.89,4.89,4.89,4.89,4.92,4.97,5.21,5.04
20060407,4.64,,4.69,4.85,4.86,4.89,4.89,4.89,4.92,4.97,5.2,5.04
20060406,4.65,,4.68,4.85,4.85,4.84,4.83,4.84,4.86,4.9,5.13,4.96
20060405,4.62,,4.67,4.83,4.82,4.81,4.79,4.79,4.8,4.84,5.07,4.9
20060404,4.64,,4.68,4.85,4.85,4.84,4.83,4.82,4.84,4.87,5.09,4.91
20060403,4.66,,4.67,4.86,4.86,4.86,4.85,4.85,4.86,4.88,5.08,4.9
20060331,4.65,,4.63,4.81,4.82,4.82,4.83,4.82,4.83,4.86,5.07,4.9
20060330,4.67,,4.61,4.84,4.84,4.84,4.84,4.83,4.83,4.86,5.07,4.89
20060329,4.69,,4.63,4.83,4.83,4.82,4.81,4.79,4.79,4.81,5.02,4.84
20060328,4.71,,4.65,4.83,4.82,4.81,4.79,4.79,4.79,4.79,4.98,4.8
20060327,4.66,,4.63,4.8,4.77,4.72,4.69,4.69,4.69,4.7,4.91,4.73
20060324,4.66,,4.65,4.78,4.76,4.72,4.67,4.66,4.66,4.67,4.87,4.7
20060323,4.66,,4.67,4.81,4.8,4.77,4.74,4.73,4.73,4.73,4.93,4.75
20060322,4.67,,4.69,4.81,4.78,4.74,4.72,4.69,4.7,4.7,4.91,4.73
20060321,4.67,,4.69,4.82,4.79,4.72,4.71,4.68,4.69,4.71,4.91,4.74
20060320,4.56,,4.66,4.79,4.74,4.65,4.62,4.61,4.62,4.66,4.87,4.7
20060317,4.5,,4.64,4.78,4.74,4.65,4.64,4.62,4.63,4.68,4.89,4.72
20060316,4.49,,4.62,4.77,4.72,4.62,4.62,4.6,4.61,4.65,4.86,4.7
20060315,4.5,,4.63,4.81,4.77,4.69,4.72,4.69,4.7,4.73,4.93,4.75
20060314,4.49,,4.59,4.8,4.75,4.66,4.72,4.68,4.69,4.71,4.89,4.71
20060313,4.45,,4.61,4.83,4.8,4.74,4.81,4.78,4.78,4.77,4.95,4.77
20060310,4.46,,4.62,4.78,4.77,4.74,4.8,4.77,4.76,4.76,4.93,4.74
20060309,4.44,,4.6,4.77,4.76,4.72,4.77,4.75,4.74,4.74,4.91,4.72
20060308,4.45,,4.58,4.77,4.76,4.72,4.77,4.75,4.74,4.73,4.91,4.72
20060307,4.47,,4.6,4.77,4.77,4.77,4.79,4.76,4.75,4.74,4.91,4.72
20060306,4.44,,4.6,4.77,4.77,4.77,4.77,4.76,4.74,4.74,4.91,4.72
20060303,4.45,,4.62,4.75,4.75,4.76,4.75,4.71,4.69,4.68,4.84,4.66
20060302,4.45,,4.62,4.75,4.74,4.72,4.72,4.68,4.66,4.64,4.8,4.62
20060301,4.45,,4.6,4.75,4.74,4.71,4.68,4.63,4.6,4.59,4.74,4.56
20060228,4.47,,4.62,4.74,4.73,4.69,4.67,4.61,4.57,4.55,4.7,4.51
20060227,4.48,,4.62,4.76,4.76,4.74,4.71,4.66,4.61,4.59,4.74,4.55
20060224,4.45,,4.6,4.73,4.73,4.74,4.7,4.64,4.6,4.58,4.71,4.52
20060223,4.44,,4.59,4.73,4.73,4.72,4.7,4.63,4.58,4.56,4.7,4.51
20060222,4.44,,4.57,4.7,4.69,4.68,4.66,4.57,4.55,4.53,4.68,4.48
20060221,4.42,,4.56,4.73,4.73,4.71,4.68,4.59,4.58,4.57,4.72,4.53
20060217,4.39,,4.54,4.69,4.68,4.66,4.64,4.55,4.54,4.54,4.71,4.51
20060216,4.38,,4.55,4.69,4.69,4.69,4.67,4.59,4.59,4.59,4.77,4.57
20060215,4.39,,4.55,4.7,4.7,4.71,4.68,4.6,4.6,4.61,4.78,4.58
20060214,4.42,,4.55,4.72,4.71,4.69,4.68,4.61,4.61,4.62,4.8,4.6
20060213,4.38,,4.55,4.71,4.7,4.68,4.66,4.58,4.58,4.58,4.76,4.56
20060210,4.36,,4.53,4.7,4.7,4.69,4.67,4.59,4.59,4.59,4.76,4.55
20060209,4.32,,4.52,4.67,4.66,4.66,4.62,4.55,4.55,4.54,4.72,4.51
20060208,4.34,,4.5,4.67,4.66,4.64,4.61,4.55,4.55,4.56,4.75,
20060207,4.33,,4.49,4.67,4.65,4.61,4.57,4.52,4.54,4.57,4.73,
20060206,4.32,,4.48,4.68,4.66,4.62,4.57,4.51,4.52,4.55,4.69,
20060203,4.31,,4.48,4.63,4.62,4.59,4.54,4.5,4.51,4.54,4.7,
20060202,4.32,,4.48,4.62,4.61,4.59,4.54,4.51,4.53,4.57,4.76,
20060201,4.33,,4.47,4.6,4.6,4.59,4.54,4.51,4.52,4.57,4.77,
20060131,4.37,,4.47,4.59,4.58,4.54,4.49,4.47,4.49,4.53,4.74,
20060130,4.18,,4.48,4.62,4.59,4.52,4.47,4.46,4.49,4.54,4.77,
20060127,4.19,,4.45,4.55,4.54,4.51,4.46,4.45,4.47,4.52,4.75,
20060126,4.17,,4.45,4.54,4.52,4.49,4.45,4.44,4.46,4.53,4.76,
20060125,4.22,,4.42,4.54,4.51,4.46,4.41,4.41,4.43,4.49,4.72,
20060124,4.24,,4.4,4.51,4.46,4.37,4.33,4.32,4.34,4.4,4.63,
20060123,3.98,,4.38,4.5,4.45,4.35,4.31,4.3,4.31,4.36,4.59,
20060120,3.95,,4.35,4.48,4.44,4.37,4.32,4.31,4.32,4.37,4.59,
20060119,3.98,,4.35,4.47,4.43,4.37,4.32,4.31,4.33,4.38,4.61,
20060118,4.04,,4.35,4.46,4.42,4.33,4.29,4.28,4.3,4.34,4.58,
20060117,4.11,,4.38,4.47,4.42,4.33,4.28,4.27,4.29,4.34,4.57,
20060113,4.13,,4.33,4.43,4.4,4.34,4.29,4.28,4.3,4.36,4.59,
20060112,4.16,,4.32,4.43,4.42,4.39,4.35,4.35,4.37,4.42,4.66,
20060111,4.16,,4.3,4.45,4.44,4.44,4.39,4.39,4.41,4.46,4.7,
20060110,4.15,,4.29,4.42,4.42,4.41,4.36,4.36,4.38,4.43,4.68,
20060109,4.09,,4.23,4.4,4.39,4.36,4.32,4.32,4.34,4.38,4.63,
20060106,4.06,,4.22,4.39,4.38,4.36,4.32,4.32,4.33,4.38,4.63,
20060105,4.05,,4.2,4.37,4.36,4.32,4.29,4.29,4.31,4.36,4.61,
20060104,4.03,,4.19,4.37,4.35,4.31,4.28,4.28,4.31,4.36,4.6,
20060103,4.05,,4.16,4.4,4.38,4.34,4.3,4.3,4.32,4.37,4.62,
20071231,2.76,,3.36,3.49,3.34,3.05,3.07,3.45,3.7,4.04,4.5,4.45
20071228,2.57,,3.18,3.45,3.34,3.12,3.13,3.52,3.77,4.11,4.56,4.51
20071227,2.85,,3.17,3.43,3.37,3.24,3.23,3.64,3.88,4.21,4.66,4.61
20071226,3.04,,3.32,3.58,3.49,3.31,3.32,3.72,3.96,4.3,4.73,4.68
20071224,2.75,,3.33,3.57,3.46,3.24,3.25,3.65,3.89,4.23,4.67,4.62
20071221,2.44,,3.0,3.38,3.31,3.19,3.2,3.58,3.84,4.18,4.62,4.58
20071220,2.42,,2.92,3.26,3.2,3.09,3.09,3.45,3.7,4.04,4.5,4.46
20071219,2.66,,2.91,3.33,3.26,3.12,3.13,3.46,3.71,4.06,4.52,4.47
20071218,2.76,,3.04,3.37,3.31,3.19,3.2,3.53,3.78,4.14,4.6,4.55
20071217,2.78,,3.07,3.39,3.34,3.24,3.25,3.57,3.83,4.2,4.67,4.62
20071214,2.61,,2.88,3.26,3.28,3.31,3.32,3.63,3.88,4.24,4.71,4.66
20071213,2.7,,2.87,3.22,3.22,3.21,3.22,3.54,3.8,4.18,4.66,4.61
20071212,2.89,,2.88,3.2,3.16,3.07,3.12,3.41,3.68,4.05,4.55,4.51
20071211,2.89,,2.94,3.17,3.09,2.94,2.99,3.32,3.59,3.98,4.51,4.47
20071210,3.05,,3.05,3.31,3.26,3.17,3.19,3.54,3.8,4.15,4.64,4.6
20071207,3.04,,3.12,3.3,3.24,3.12,3.15,3.51,3.77,4.12,4.62,4.58
20071206,3.09,,3.09,3.29,3.2,3.03,3.03,3.39,3.66,4.02,4.52,4.49
20071205,3.15,,3.07,3.24,3.13,2.9,2.91,3.28,3.55,3.92,4.42,4.39
20071204,3.16,,3.07,3.22,3.11,2.9,2.92,3.28,3.54,3.89,4.38,4.34
20071203,3.55,,3.06,3.28,3.15,2.9,2.93,3.28,3.53,3.89,4.38,4.34
20071130,3.63,,3.15,3.37,3.26,3.04,3.09,3.41,3.64,3.97,4.44,4.4
20071129,3.38,,2.99,3.3,3.22,3.06,3.11,3.42,3.64,3.94,4.39,4.35
20071128,3.52,,3.05,3.38,3.31,3.17,3.21,3.5,3.72,4.03,4.46,4.41
20071127,3.68,,3.16,3.37,3.26,3.05,3.04,3.38,3.61,3.95,4.4,4.36
20071126,3.53,,3.13,3.33,3.2,2.92,2.93,3.23,3.48,3.83,4.29,4.26
20071123,3.64,,3.23,3.39,3.28,3.07,3.1,3.42,3.67,4.01,4.46,4.43
20071121,3.54,,3.09,3.28,3.18,2.99,3.03,3.4,3.65,4.0,4.49,4.46
20071120,3.65,,3.25,3.41,3.32,3.14,3.15,3.52,3.74,4.06,4.51,4.49
20071119,3.74,,3.4,3.55,3.43,3.18,3.16,3.57,3.78,4.07,4.5,4.47
20071116,3.78,,3.4,3.57,3.49,3.33,3.3,3.68,3.88,4.15,4.56,4.52
20071115,3.74,,3.3,3.56,3.49,3.35,3.35,3.71,3.9,4.17,4.58,4.54
20071114,3.86,,3.41,3.7,3.65,3.57,3.53,3.86,4.03,4.28,4.65,4.61
20071113,3.73,,3.5,3.76,3.68,3.54,3.52,3.84,4.01,4.26,4.64,4.61
20071109,3.42,,3.27,3.64,3.57,3.42,3.44,3.77,3.96,4.23,4.64,4.61
20071108,3.56,,3.38,3.67,3.61,3.47,3.46,3.81,4.0,4.28,4.7,4.67
20071107,3.77,,3.49,3.76,3.71,3.61,3.6,3.92,4.09,4.34,4.71,4.67
20071106,3.99,,3.76,3.9,3.83,3.7,3.73,3.99,4.15,4.38,4.7,4.66
20071105,3.86,,3.71,3.94,3.86,3.69,3.71,3.96,4.12,4.35,4.67,4.63
20071102,3.73,,3.61,3.79,3.74,3.66,3.68,3.93,4.09,4.31,4.65,4.61
20071101,3.9,,3.81,3.95,3.89,3.77,3.8,4.02,4.16,4.36,4.69,4.64
20071031,4.01,,3.94,4.09,4.04,3.94,3.94,4.16,4.29,4.48,4.79,4.74
20071030,4.03,,3.96,4.07,3.98,3.82,3.85,4.06,4.2,4.4,4.72,4.68
20071029,3.96,,4.01,4.1,4.0,3.79,3.84,4.04,4.19,4.39,4.71,4.66
20071026,3.97,,3.96,4.05,3.96,3.77,3.79,4.04,4.19,4.41,4.73,4.68
20071025,3.92,,3.94,4.02,3.93,3.74,3.78,4.01,4.15,4.37,4.7,4.66
20071024,3.83,,3.85,4.0,3.91,3.74,3.79,3.99,4.14,4.36,4.69,4.64
20071023,3.98,,3.98,4.12,4.01,3.81,3.86,4.06,4.2,4.41,4.74,4.69
20071022,3.69,,4.0,4.15,4.05,3.85,3.88,4.08,4.21,4.42,4.73,4.68
20071019,3.45,,3.86,4.07,3.98,3.8,3.85,4.03,4.19,4.41,4.74,4.68
20071018,3.21,,3.76,4.09,4.03,3.93,3.98,4.17,4.31,4.52,4.84,4.78
20071017,3.74,,4.01,4.17,4.11,4.0,4.04,4.22,4.36,4.57,4.88,4.82
20071016,4.14,,4.25,4.33,4.26,4.12,4.17,4.34,4.47,4.66,4.97,4.9
20071015,4.25,,4.3,4.4,4.33,4.22,4.25,4.4,4.52,4.69,4.98,4.91
20071012,4.12,,4.2,4.31,4.28,4.23,4.27,4.42,4.53,4.7,4.98,4.91
20071011,3.98,,4.12,4.27,4.22,4.13,4.18,4.36,4.48,4.66,4.95,4.87
20071010,3.81,,4.06,4.27,4.23,4.15,4.21,4.37,4.49,4.65,4.93,4.86
20071009,3.72,,4.06,4.28,4.23,4.15,4.21,4.38,4.49,4.67,4.93,4.87
20071005,3.58,,4.0,4.2,4.16,4.08,4.16,4.33,4.46,4.65,4.94,4.87
20071004,3.63,,3.96,4.15,4.1,4.0,4.06,4.22,4.35,4.54,4.83,4.77
20071003,3.67,,3.96,4.16,4.11,4.02,4.07,4.24,4.37,4.55,4.85,4.79
20071002,3.63,,3.96,4.16,4.1,3.98,4.01,4.2,4.34,4.54,4.83,4.77
20071001,3.52,,3.92,4.15,4.11,4.02,4.05,4.24,4.37,4.56,4.85,4.79
20070928,3.43,,3.82,4.09,4.05,3.97,4.03,4.23,4.38,4.59,4.89,4.83
20070927,3.3,,3.71,4.07,4.03,3.95,4.02,4.22,4.37,4.58,4.89,4.84
20070926,3.25,,3.73,4.06,4.03,3.97,4.07,4.27,4.43,4.63,4.95,4.9
20070925,3.34,,3.79,4.06,4.04,4.0,4.09,4.26,4.41,4.63,4.94,4.89
20070924,3.35,,3.84,4.11,4.09,4.05,4.14,4.31,4.44,4.63,4.94,4.88
20070921,3.24,,3.74,4.1,4.09,4.06,4.15,4.31,4.44,4.64,4.95,4.89
20070920,3.46,,3.79,4.11,4.1,4.1,4.19,4.35,4.49,4.69,4.99,4.96
20070919,3.62,,3.93,4.09,4.06,4.0,4.06,4.2,4.33,4.53,4.86,4.83
20070918,3.87,,4.01,4.12,4.08,4.0,4.04,4.19,4.32,4.5,4.81,4.77
20070917,3.82,,4.15,4.31,4.23,4.08,4.11,4.21,4.32,4.48,4.76,4.72
20070914,3.85,,4.01,4.22,4.16,4.05,4.07,4.18,4.3,4.47,4.77,4.72
20070913,4.04,,4.08,4.27,4.2,4.08,4.11,4.22,4.33,4.49,4.79,4.75
20070912,4.0,,4.03,4.2,4.12,3.95,3.99,4.11,4.23,4.41,4.72,4.68
20070911,4.13,,4.11,4.27,4.16,3.95,3.97,4.07,4.19,4.37,4.68,4.65
20070910,3.93,,3.96,4.2,4.09,3.87,3.89,4.0,4.13,4.34,4.68,4.65
20070907,4.03,,4.07,4.2,4.1,3.9,3.92,4.03,4.17,4.38,4.73,4.7
20070906,4.28,,4.29,4.42,4.3,4.08,4.09,4.2,4.32,4.51,4.84,4.79
20070905,4.41,,4.36,4.41,4.28,4.03,4.05,4.16,4.29,4.48,4.82,4.78
20070904,4.55,,4.47,4.52,4.39,4.13,4.16,4.26,4.38,4.56,4.88,4.84
20070831,4.02,,4.01,4.21,4.19,4.15,4.16,4.25,4.36,4.54,4.87,4.83
20070830,3.69,,3.84,4.21,4.17,4.08,4.14,4.21,4.33,4.51,4.87,4.83
20070829,4.02,,3.98,4.3,4.24,4.14,4.19,4.31,4.41,4.57,4.93,4.88
20070828,4.6,,4.4,4.48,4.36,4.13,4.14,4.25,4.36,4.53,4.9,4.86
20070827,4.74,,4.63,4.69,4.55,4.28,4.28,4.39,4.47,4.6,4.92,4.87
20070824,4.24,,4.24,4.32,4.31,4.3,4.31,4.42,4.5,4.63,4.95,4.88
20070823,3.79,,3.89,4.19,4.19,4.2,4.24,4.36,4.47,4.62,4.98,4.93
20070822,3.12,,3.67,4.08,4.1,4.15,4.19,4.34,4.46,4.63,5.01,4.96
20070821,3.17,,3.59,4.08,4.07,4.05,4.12,4.27,4.41,4.6,5.0,4.95
20070820,2.47,,3.12,4.17,4.15,4.11,4.19,4.32,4.44,4.64,5.04,4.98
20070817,3.03,,3.76,4.19,4.19,4.18,4.25,4.35,4.47,4.68,5.06,5.0
20070816,3.13,,3.79,4.22,4.18,4.08,4.15,4.26,4.39,4.6,4.99,4.92
20070815,4.18,,4.21,4.48,4.41,4.27,4.31,4.41,4.52,4.69,5.07,5.0
20070814,4.62,,4.64,4.81,4.67,4.39,4.42,4.51,4.6,4.73,5.06,4.99
20070813,4.61,,4.74,4.9,4.75,4.46,4.49,4.57,4.65,4.78,5.09,5.01
20070810,4.38,,4.57,4.8,4.69,4.47,4.51,4.59,4.68,4.81,5.11,5.03
20070809,4.7,,4.81,4.86,4.74,4.49,4.51,4.58,4.66,4.79,5.1,5.02
20070808,5.04,,4.95,5.01,4.89,4.64,4.64,4.69,4.75,4.84,5.11,5.01
20070807,5.05,,4.94,4.98,4.84,4.56,4.55,4.6,4.66,4.77,5.01,4.92
20070806,4.92,,4.88,4.92,4.76,4.46,4.45,4.52,4.6,4.72,4.98,4.89
20070803,4.94,,4.85,4.91,4.76,4.46,4.45,4.52,4.59,4.71,4.96,4.87
20070802,5.02,,4.89,4.95,4.83,4.59,4.57,4.62,4.68,4.77,5.0,4.91
20070801,5.05,,4.89,4.96,4.82,4.56,4.53,4.6,4.66,4.76,4.99,4.9
20070731,5.13,,4.96,4.99,4.85,4.56,4.55,4.6,4.67,4.78,5.0,4.92
20070730,4.95,,4.96,5.0,4.87,4.59,4.57,4.64,4.71,4.82,5.05,4.97
20070727,4.89,,4.85,4.94,4.82,4.56,4.53,4.6,4.68,4.8,5.03,4.95
20070726,4.98,,4.92,4.96,4.83,4.56,4.54,4.61,4.68,4.79,5.02,4.95
20070725,5.04,,4.99,5.05,4.95,4.74,4.74,4.8,4.85,4.92,5.12,5.04
20070724,5.05,,5.02,5.08,4.97,4.77,4.76,4.82,4.87,4.94,5.13,5.05
20070723,4.88,,5.02,5.1,5.0,4.8,4.81,4.86,4.9,4.97,5.15,5.07
20070720,4.76,,4.97,5.05,4.96,4.79,4.78,4.85,4.9,4.96,5.14,5.07
20070719,4.78,,4.98,5.06,5.0,4.87,4.88,4.94,4.98,5.04,5.2,5.12
20070718,4.77,,4.96,5.05,4.98,4.84,4.86,4.91,4.95,5.02,5.18,5.1
20070717,4.77,,4.96,5.08,5.02,4.91,4.92,4.98,5.02,5.08,5.24,5.16
20070716,4.75,,4.98,5.08,5.01,4.89,4.89,4.95,4.99,5.05,5.21,5.14
20070713,4.72,,4.97,5.05,5.01,4.94,4.95,5.01,5.05,5.11,5.27,5.19
20070712,4.73,,4.97,5.05,5.02,4.94,4.97,5.03,5.08,5.13,5.29,5.22
20070711,4.73,,4.95,5.04,4.99,4.89,4.9,4.98,5.02,5.09,5.26,5.18
20070710,4.74,,4.95,5.03,4.97,4.85,4.87,4.93,4.97,5.03,5.21,5.14
20070709,4.68,,4.97,5.05,5.03,4.97,5.0,5.07,5.11,5.16,5.32,5.25
20070706,4.71,,4.95,5.01,5.0,4.99,5.02,5.1,5.14,5.19,5.36,5.28
20070705,4.76,,4.95,5.03,5.02,4.99,5.0,5.05,5.1,5.16,5.32,5.24
20070703,4.77,,4.95,5.02,4.98,4.89,4.9,4.95,4.99,5.05,5.22,5.14
20070702,4.55,,4.95,5.02,4.97,4.86,4.86,4.9,4.93,5.0,5.18,5.09
20070629,4.28,,4.82,4.93,4.91,4.87,4.89,4.92,4.96,5.03,5.21,5.12
20070628,4.08,,4.78,4.95,4.95,4.96,4.98,5.02,5.06,5.12,5.3,5.22
20070627,4.24,,4.77,4.95,4.93,4.91,4.93,4.97,5.02,5.09,5.28,5.2
20070626,4.53,,4.82,5.01,4.97,4.9,4.95,4.99,5.03,5.1,5.31,5.22
20070625,4.43,,4.82,5.01,4.96,4.87,4.92,4.97,5.01,5.09,5.28,5.2
20070622,4.29,,4.73,4.95,4.94,4.92,4.97,5.02,5.07,5.14,5.34,5.25
20070621,4.17,,4.7,4.96,4.96,4.98,5.01,5.06,5.1,5.16,5.36,5.28
20070620,4.42,,4.74,4.97,4.97,4.97,5.01,5.05,5.09,5.14,5.32,5.24
20070619,4.44,,4.65,4.91,4.92,4.94,4.98,5.0,5.03,5.09,5.28,5.2
20070618,4.47,,4.63,4.93,4.95,5.01,5.05,5.07,5.1,5.15,5.34,5.26
20070615,4.46,,4.56,4.87,4.93,5.05,5.07,5.1,5.12,5.16,5.34,5.26
20070614,4.51,,4.65,4.93,4.98,5.1,5.13,5.16,5.19,5.23,5.39,5.3
20070613,4.62,,4.66,4.94,4.98,5.08,5.1,5.13,5.16,5.2,5.36,5.28
20070612,4.65,,4.72,4.97,5.01,5.08,5.13,5.18,5.21,5.26,5.44,5.35
20070611,4.7,,4.73,4.96,4.98,5.01,5.03,5.07,5.1,5.14,5.32,5.24
20070608,4.76,,4.77,4.93,4.96,5.01,5.03,5.06,5.08,5.12,5.3,5.22
20070607,4.8,,4.8,4.97,4.99,5.03,5.03,5.05,5.07,5.11,5.29,5.2
20070606,4.78,,4.8,4.95,4.96,4.97,4.94,4.94,4.94,4.97,5.17,5.08
20070605,4.75,,4.83,4.99,4.99,4.99,4.97,4.96,4.96,4.98,5.16,5.07
20070604,4.78,,4.81,4.99,4.99,4.97,4.92,4.91,4.91,4.93,5.11,5.02
20070601,4.8,,4.79,4.98,4.98,4.97,4.94,4.92,4.92,4.95,5.15,5.06
20070531,4.78,,4.73,4.96,4.95,4.92,4.88,4.86,4.87,4.9,5.1,5.01
20070530,4.94,,4.85,4.99,4.96,4.89,4.85,4.83,4.84,4.88,5.09,5.01
20070529,4.95,,4.9,5.0,4.96,4.88,4.83,4.82,4.83,4.88,5.09,5.01
20070525,4.97,,4.88,4.97,4.93,4.85,4.81,4.8,4.82,4.86,5.09,5.01
20070524,4.99,,4.91,4.99,4.94,4.85,4.8,4.79,4.8,4.86,5.09,5.0
20070523,5.0,,4.91,5.01,4.96,4.85,4.79,4.79,4.8,4.86,5.09,5.01
20070522,5.01,,4.93,5.02,4.96,4.83,4.77,4.76,4.78,4.83,5.06,4.98
20070521,4.85,,4.88,5.01,4.95,4.81,4.74,4.71,4.73,4.79,5.02,4.94
20070518,4.78,,4.84,4.98,4.92,4.82,4.75,4.74,4.75,4.81,5.03,4.96
20070517,4.8,,4.81,4.9,4.86,4.78,4.71,4.68,4.69,4.76,4.99,4.91
20070516,4.73,,4.75,4.86,4.82,4.73,4.66,4.62,4.64,4.71,4.95,4.88
20070515,4.79,,4.83,4.91,4.85,4.75,4.66,4.63,4.65,4.71,4.95,4.88
20070514,4.72,,4.85,4.94,4.87,4.73,4.65,4.61,4.63,4.69,4.93,4.86
20070511,4.75,,4.87,4.91,4.85,4.71,4.62,4.58,4.6,4.67,4.92,4.85
20070510,4.77,,4.87,4.95,4.86,4.7,4.6,4.56,4.58,4.65,4.9,4.83
20070509,4.75,,4.88,4.99,4.9,4.73,4.64,4.58,4.6,4.67,4.91,4.83
20070508,4.76,,4.9,5.02,4.91,4.68,4.58,4.54,4.56,4.63,4.87,4.8
20070507,4.76,,4.89,5.03,4.92,4.68,4.58,4.55,4.57,4.64,4.86,4.79
20070504,4.74,,4.9,5.03,4.91,4.68,4.59,4.55,4.58,4.65,4.88,4.8
20070503,4.74,,4.9,5.03,4.93,4.71,4.62,4.59,4.61,4.68,4.91,4.84
20070502,4.72,,4.91,5.02,4.9,4.65,4.57,4.55,4.58,4.65,4.89,4.82
20070501,4.69,,4.9,5.01,4.89,4.63,4.56,4.54,4.57,4.64,4.89,4.81
20070430,4.8,,4.91,5.03,4.89,4.6,4.54,4.51,4.55,4.63,4.88,4.81
20070427,4.85,,4.95,5.03,4.91,4.67,4.61,4.59,4.62,4.71,4.96,4.89
20070426,4.91,,4.96,5.04,4.92,4.67,4.6,4.59,4.61,4.69,4.95,4.87
20070425,4.94,,4.97,5.03,4.9,4.63,4.55,4.55,4.57,4.66,4.91,4.83
20070424,4.92,,4.98,5.03,4.88,4.58,4.52,4.51,4.54,4.63,4.88,4.8
20070423,4.93,,4.98,5.04,4.9,4.62,4.55,4.55,4.57,4.66,4.91,4.83
20070420,4.93,,4.99,5.05,4.91,4.64,4.58,4.57,4.6,4.68,4.93,4.85
20070419,4.93,,4.99,5.04,4.91,4.64,4.58,4.57,4.6,4.68,4.92,4.84
20070418,4.94,,5.0,5.04,4.91,4.64,4.57,4.56,4.58,4.66,4.9,4.81
20070417,4.94,,5.01,5.07,4.93,4.68,4.61,4.61,4.62,4.69,4.93,4.85
20070416,4.97,,5.01,5.09,4.97,4.74,4.68,4.67,4.69,4.74,4.98,4.89
20070413,4.98,,5.02,5.09,4.98,4.76,4.71,4.68,4.7,4.76,5.01,4.93
20070412,5.0,,5.03,5.1,4.97,4.73,4.66,4.66,4.67,4.74,4.99,4.91
20070411,5.01,,5.04,5.1,4.97,4.73,4.66,4.66,4.67,4.74,5.0,4.92
20070410,5.0,,5.03,5.1,4.97,4.71,4.64,4.63,4.65,4.73,4.99,4.91
20070409,5.08,,5.02,5.11,4.98,4.73,4.67,4.66,4.68,4.75,5.0,4.92
20070406,5.1,,5.05,5.1,4.98,4.75,4.68,4.67,4.69,4.76,5.0,4.92
20070405,5.1,,5.04,5.07,4.93,4.63,4.57,4.57,4.6,4.68,4.95,4.87
20070404,5.16,,5.07,5.08,4.92,4.61,4.55,4.55,4.58,4.66,4.92,4.85
20070403,5.15,,5.05,5.09,4.93,4.63,4.57,4.56,4.59,4.67,4.93,4.85
20070402,5.12,,5.04,5.09,4.92,4.6,4.53,4.54,4.57,4.65,4.92,4.84
20070330,5.07,,5.04,5.06,4.9,4.58,4.54,4.54,4.58,4.65,4.92,4.84
20070329,5.05,,5.05,5.06,4.9,4.58,4.52,4.53,4.55,4.64,4.9,4.83
20070328,5.18,,5.06,5.08,4.9,4.53,4.49,4.5,4.53,4.62,4.9,4.83
20070327,5.2,,5.08,5.09,4.91,4.58,4.51,4.5,4.53,4.62,4.89,4.81
20070326,5.22,,5.06,5.09,4.91,4.56,4.5,4.48,4.51,4.6,4.86,4.79
20070323,5.24,,5.08,5.1,4.93,4.6,4.54,4.52,4.54,4.62,4.88,4.8
20070322,5.23,,5.06,5.08,4.91,4.58,4.51,4.49,4.52,4.6,4.86,4.78
20070321,5.24,,5.05,5.08,4.89,4.51,4.44,4.43,4.45,4.53,4.78,4.7
20070320,5.22,,5.06,5.12,4.94,4.6,4.51,4.47,4.49,4.56,4.79,4.71
20070319,5.17,,5.06,5.13,4.96,4.61,4.54,4.5,4.51,4.58,4.81,4.72
20070316,5.18,,5.04,5.13,4.95,4.58,4.51,4.47,4.49,4.55,4.79,4.7
20070315,5.21,,5.05,5.12,4.93,4.57,4.5,4.46,4.47,4.54,4.78,4.69
20070314,5.24,,5.06,5.1,4.91,4.54,4.47,4.44,4.46,4.53,4.78,4.69
20070313,5.23,,5.09,5.1,4.9,4.52,4.45,4.41,4.43,4.5,4.75,4.66
20070312,5.22,,5.09,5.13,4.96,4.62,4.55,4.5,4.51,4.56,4.78,4.69
20070309,5.22,,5.1,5.13,4.98,4.66,4.58,4.55,4.55,4.59,4.81,4.72
20070308,5.24,,5.1,5.08,4.91,4.56,4.49,4.45,4.46,4.51,4.74,4.65
20070307,5.24,,5.12,5.09,4.9,4.54,4.48,4.45,4.46,4.5,4.73,4.64
20070306,5.24,,5.14,5.1,4.92,4.58,4.52,4.48,4.49,4.53,4.76,4.66
20070305,5.22,,5.1,5.08,4.89,4.53,4.47,4.45,4.46,4.51,4.74,4.64
20070302,5.23,,5.12,5.07,4.9,4.56,4.48,4.46,4.47,4.52,4.75,4.65
20070301,5.25,,5.15,5.11,4.95,4.63,4.54,4.5,4.51,4.56,4.78,4.68
20070228,5.24,,5.16,5.12,4.96,4.65,4.55,4.52,4.53,4.56,4.78,4.68
20070227,5.22,,5.14,5.1,4.93,4.59,4.5,4.46,4.46,4.5,4.73,4.62
20070226,5.23,,5.19,5.18,5.05,4.77,4.67,4.62,4.62,4.63,4.84,4.73
20070223,5.25,,5.18,5.17,5.05,4.82,4.71,4.67,4.67,4.68,4.89,4.79
20070222,5.26,,5.19,5.17,5.07,4.87,4.77,4.72,4.72,4.73,4.94,4.83
20070221,5.27,,5.18,5.16,5.05,4.82,4.74,4.68,4.68,4.69,4.9,4.79
20070220,5.23,,5.19,5.16,5.04,4.81,4.71,4.67,4.67,4.68,4.89,4.78
20070216,5.23,,5.17,5.15,5.05,4.83,4.73,4.68,4.68,4.69,4.9,4.79
20070215,5.23,,5.17,5.15,5.04,4.83,4.73,4.68,4.69,4.7,4.91,4.81
20070214,5.23,,5.16,5.16,5.06,4.87,4.77,4.72,4.72,4.74,4.94,4.83
20070213,5.24,,5.17,5.17,5.1,4.95,4.85,4.81,4.81,4.82,5.02,4.9
20070212,5.16,,5.18,5.18,5.1,4.94,4.84,4.8,4.8,4.8,5.0,4.88
20070209,5.15,,5.15,5.17,5.08,4.92,4.82,4.78,4.78,4.79,4.98,4.87
20070208,5.15,,5.16,5.16,5.06,4.87,4.77,4.73,4.73,4.73,4.93,4.81
20070207,5.15,,5.15,5.16,5.06,4.87,4.77,4.74,4.73,4.74,4.94,4.86
20070206,5.14,,5.14,5.16,5.07,4.9,4.8,4.76,4.76,4.77,4.96,4.87
20070205,5.06,,5.15,5.16,5.08,4.92,4.84,4.8,4.8,4.81,5.0,4.91
20070202,5.01,,5.14,5.16,5.08,4.94,4.87,4.82,4.82,4.83,5.02,4.93
20070201,4.99,,5.13,5.16,5.09,4.96,4.88,4.84,4.84,4.84,5.02,4.93
20070131,5.0,,5.12,5.16,5.09,4.94,4.85,4.82,4.82,4.83,5.02,4.93
20070130,4.99,,5.13,5.18,5.11,4.98,4.9,4.86,4.86,4.88,5.07,4.98
20070129,4.95,,5.14,5.19,5.12,4.99,4.93,4.89,4.89,4.9,5.09,4.99
20070126,4.94,,5.13,5.18,5.12,4.99,4.91,4.87,4.87,4.88,5.07,4.98
20070125,4.97,,5.14,5.18,5.11,4.98,4.9,4.85,4.85,4.87,5.06,4.96
20070124,4.99,,5.13,5.17,5.09,4.93,4.85,4.81,4.81,4.81,5.0,4.91
20070123,5.02,,5.14,5.18,5.1,4.94,4.85,4.81,4.81,4.81,5.0,4.9
20070122,4.98,,5.13,5.18,5.09,4.91,4.82,4.77,4.76,4.76,4.94,4.84
20070119,4.96,,5.14,5.17,5.09,4.93,4.83,4.78,4.78,4.78,4.96,4.87
20070118,4.97,,5.12,5.16,5.07,4.89,4.8,4.75,4.75,4.75,4.94,4.85
20070117,5.01,,5.12,5.16,5.08,4.91,4.83,4.78,4.78,4.79,4.98,4.88
20070116,5.0,,5.11,5.16,5.06,4.86,4.79,4.74,4.74,4.75,4.94,4.85
20070112,4.98,,5.09,5.15,5.06,4.88,4.81,4.76,4.76,4.77,4.96,4.86
20070111,4.99,,5.11,5.15,5.05,4.86,4.78,4.73,4.73,4.74,4.92,4.82
20070110,4.94,,5.09,5.13,5.02,4.81,4.72,4.68,4.68,4.69,4.87,4.77
20070109,4.9,,5.08,5.13,5.02,4.79,4.7,4.65,4.65,4.66,4.83,4.74
20070108,4.87,,5.08,5.13,5.01,4.78,4.7,4.66,4.66,4.66,4.84,4.74
20070105,4.81,,5.05,5.09,4.98,4.76,4.68,4.65,4.65,4.65,4.84,4.74
20070104,4.8,,5.04,5.07,4.95,4.71,4.63,4.61,4.61,4.62,4.81,4.72
20070103,4.84,,5.05,5.09,4.98,4.76,4.69,4.66,4.66,4.67,4.85,4.77
20070102,4.79,,5.07,5.11,5.0,4.8,4.71,4.68,4.68,4.68,4.87,4.79
20081231,0.11,,0.11,0.27,0.37,0.76,1.0,1.55,1.87,2.25,3.05,2.69
20081230,0.11,,0.1,0.26,0.34,0.75,0.94,1.47,1.76,2.11,2.88,2.58
20081229,0.04,,0.06,0.25,0.36,0.78,0.96,1.45,1.75,2.13,2.94,2.63
20081226,0.01,,0.03,0.23,0.38,0.89,1.08,1.51,1.8,2.16,2.91,2.61
20081224,0.0,,,0.23,0.4,0.9,1.14,1.54,1.83,2.2,2.94,2.63
20081223,0.01,,0.02,0.26,0.41,0.9,1.13,1.53,1.81,2.18,2.93,2.63
20081222,0.01,,0.01,0.27,0.4,0.87,1.12,1.4,1.7,2.16,2.92,2.6
20081219,0.0,,0.02,0.14,0.44,0.74,1.02,1.35,1.66,2.13,2.89,2.55
20081218,0.03,,,0.15,0.43,0.68,0.92,1.26,1.59,2.08,2.86,2.53
20081217,0.03,,0.05,0.19,0.45,0.73,0.98,1.35,1.7,2.2,3.01,2.66
20081216,0.05,,0.04,0.23,0.45,0.65,0.88,1.34,1.77,2.37,3.16,2.86
20081215,0.0,,0.03,0.28,0.5,0.75,1.02,1.5,1.92,2.53,3.29,2.98
20081212,0.03,,0.02,0.21,0.5,0.78,1.05,1.55,1.98,2.6,3.36,3.07
20081211,0.0,,0.01,0.22,0.51,0.79,1.11,1.55,1.99,2.64,3.35,3.07
20081210,0.0,,,0.21,0.49,0.86,1.21,1.62,2.05,2.69,3.39,3.09
20081209,0.04,,0.03,0.25,0.49,0.84,1.15,1.61,2.03,2.67,3.35,3.06
20081208,0.01,,0.03,0.28,0.53,0.97,1.27,1.76,2.17,2.77,3.45,3.16
20081205,0.02,,0.02,0.23,0.54,0.93,1.19,1.67,2.09,2.67,3.41,3.11
20081204,0.01,,0.02,0.26,0.61,0.82,1.02,1.51,1.93,2.55,3.35,3.06
20081203,0.02,,0.02,0.35,0.7,0.87,1.07,1.6,2.03,2.67,3.45,3.17
20081202,0.04,,0.06,0.42,0.77,0.9,1.12,1.65,2.08,2.68,3.47,3.18
20081201,0.09,,0.07,0.44,0.81,0.9,1.16,1.71,2.13,2.72,3.51,3.22
20081128,0.02,,0.01,0.44,0.9,1.0,1.27,1.93,2.35,2.93,3.71,3.45
20081126,0.02,,0.05,0.48,0.93,1.09,1.38,2.01,2.43,2.99,3.77,3.54
20081125,0.04,,0.1,0.53,0.95,1.15,1.41,2.06,2.49,3.11,3.85,3.63
20081124,0.01,,0.13,0.54,0.95,1.31,1.53,2.24,2.71,3.35,4.01,3.78
20081121,0.03,,0.02,0.45,0.83,1.09,1.35,2.02,2.53,3.2,3.93,3.7
20081120,0.05,,0.03,0.52,0.87,1.0,1.2,1.94,2.43,3.1,3.87,3.64
20081119,0.09,,0.07,0.66,0.97,1.09,1.36,2.08,2.64,3.38,4.17,3.96
20081118,0.1,,0.12,0.76,1.05,1.15,1.44,2.22,2.79,3.53,4.32,4.14
20081117,0.06,,0.12,0.81,1.08,1.22,1.53,2.32,2.92,3.68,4.42,4.2
20081114,0.06,,0.15,0.9,1.14,1.22,1.53,2.33,2.94,3.72,4.43,4.22
20081113,0.08,,0.22,0.93,1.16,1.24,1.62,2.43,3.07,3.84,4.57,4.34
20081112,0.1,,0.18,0.75,1.03,1.19,1.6,2.37,3.0,3.75,4.44,4.17
20081110,0.11,,0.29,0.91,1.16,1.27,1.78,2.51,3.06,3.82,4.5,4.21
20081107,0.13,,0.31,0.83,1.2,1.33,1.71,2.56,3.11,3.83,4.57,4.25
20081106,0.13,,0.32,0.83,1.17,1.28,1.63,2.46,3.01,3.75,4.52,4.19
20081105,0.16,,0.4,0.9,1.22,1.36,1.64,2.5,2.99,3.73,4.49,4.13
20081104,0.29,,0.48,1.03,1.28,1.39,1.59,2.56,3.06,3.81,4.58,4.2
20081103,0.2,,0.49,1.07,1.31,1.45,1.69,2.71,3.21,3.96,4.73,4.33
20081031,0.12,,0.46,0.94,1.34,1.56,1.8,2.8,3.29,4.01,4.74,4.35
20081030,0.14,,0.41,1.0,1.36,1.59,1.82,2.84,3.3,4.0,4.67,4.3
20081029,0.41,,0.62,1.1,1.41,1.58,1.79,2.77,3.24,3.93,4.59,4.26
20081028,0.42,,0.77,1.25,1.53,1.65,1.85,2.75,3.21,3.89,4.51,4.19
20081027,0.31,,0.84,1.36,1.57,1.59,1.83,2.67,3.12,3.79,4.43,4.12
20081024,0.33,,0.89,1.43,1.6,1.57,1.8,2.64,3.09,3.76,4.44,4.11
20081023,0.39,,0.98,1.51,1.61,1.54,1.76,2.57,3.0,3.63,4.34,3.99
20081022,0.6,,1.05,1.53,1.64,1.53,1.79,2.56,3.0,3.65,4.42,4.07
20081021,0.71,,1.1,1.61,1.74,1.58,1.86,2.63,3.08,3.76,4.52,4.2
20081020,0.53,,1.24,1.74,1.69,1.71,2.0,2.82,3.26,3.91,4.6,4.26
20081017,0.13,,0.83,1.25,1.34,1.64,1.9,2.83,3.3,3.98,4.66,4.32
20081016,0.12,,0.46,1.18,1.29,1.61,1.9,2.84,3.33,3.99,4.59,4.25
20081015,0.05,,0.22,0.92,1.14,1.64,1.91,2.9,3.4,4.04,4.57,4.25
20081014,0.07,,0.34,1.07,1.22,1.82,2.06,3.01,3.48,4.08,4.57,4.27
20081010,0.07,,0.25,0.84,1.08,1.62,1.87,2.77,3.27,3.89,4.41,4.15
20081009,0.19,,0.6,1.07,1.33,1.65,1.93,2.79,3.25,3.84,4.41,4.14
20081008,0.23,,0.68,1.07,1.28,1.65,1.88,2.7,3.15,3.72,4.31,4.09
20081007,0.39,,0.82,1.14,1.27,1.47,1.69,2.45,2.91,3.5,4.15,4.01
20081006,0.19,,0.54,1.12,1.23,1.43,1.69,2.45,2.92,3.48,4.12,3.99
20081003,0.15,,0.51,1.14,1.41,1.6,1.86,2.64,3.09,3.63,4.26,4.11
20081002,0.21,,0.63,1.21,1.45,1.62,1.91,2.68,3.13,3.66,4.28,4.16
20081001,0.66,,0.85,1.49,1.72,1.82,2.12,2.87,3.29,3.77,4.33,4.22
20080930,1.02,,0.92,1.6,1.78,2.0,2.28,2.98,3.38,3.85,4.43,4.31
20080929,0.16,,0.94,1.49,1.6,1.7,1.96,2.7,3.12,3.61,4.21,4.13
20080926,0.21,,0.87,1.54,1.81,2.11,2.38,3.05,3.41,3.85,4.44,4.36
20080925,0.39,,0.76,1.57,1.97,2.16,2.42,3.09,3.44,3.88,4.48,4.4
20080924,0.13,,0.49,1.45,1.9,2.03,2.26,2.91,3.31,3.8,4.48,4.4
20080923,0.3,,0.8,1.63,2.01,2.11,2.4,3.03,3.41,3.85,4.5,4.43
20080922,0.76,,1.28,1.76,2.06,2.13,2.41,3.04,3.42,3.83,4.48,4.41
20080919,0.75,,0.99,1.54,2.05,2.16,2.42,3.01,3.37,3.78,4.42,4.36
20080918,0.26,,0.23,0.79,1.53,1.78,2.05,2.67,3.08,3.54,4.19,4.14
20080917,0.07,,0.03,1.03,1.5,1.64,1.91,2.52,2.93,3.41,4.12,4.08
20080916,0.23,,0.84,1.52,1.72,1.89,2.12,2.64,3.02,3.48,4.12,4.08
20080915,0.36,,1.02,1.55,1.66,1.78,2.01,2.59,2.99,3.47,4.14,4.12
20080912,1.37,,1.49,1.84,2.02,2.23,2.45,2.97,3.32,3.74,4.36,4.32
20080911,1.53,,1.61,1.85,2.01,2.18,2.38,2.87,3.21,3.64,4.25,4.2
20080910,1.58,,1.65,1.87,2.06,2.22,2.42,2.91,3.23,3.65,4.27,4.23
20080909,1.59,,1.66,1.89,2.06,2.23,2.43,2.9,3.21,3.62,4.24,4.2
20080908,1.59,,1.71,1.92,2.12,2.3,2.49,2.96,3.26,3.66,4.3,4.26
20080905,1.53,,1.68,1.9,2.07,2.23,2.44,2.91,3.24,3.66,4.31,4.27
20080904,1.56,,1.69,1.89,2.04,2.2,2.41,2.87,3.21,3.64,4.31,4.27
20080903,1.57,,1.7,1.9,2.08,2.26,2.48,2.95,3.29,3.71,4.36,4.32
20080902,1.64,,1.72,1.93,2.12,2.26,2.51,3.0,3.37,3.74,4.39,4.36
20080829,1.63,,1.72,1.97,2.17,2.36,2.6,3.1,3.45,3.83,4.47,4.43
20080828,1.63,,1.74,1.98,2.19,2.37,2.62,3.09,3.42,3.79,4.41,4.38
20080827,1.58,,1.67,1.93,2.16,2.31,2.58,3.02,3.34,3.77,4.41,4.38
20080826,1.67,,1.71,1.95,2.19,2.35,2.64,3.06,3.37,3.79,4.43,4.4
20080825,1.66,,1.74,1.96,2.12,2.33,2.62,3.04,3.36,3.79,4.42,4.4
20080822,1.67,,1.7,1.97,2.17,2.42,2.7,3.14,3.45,3.87,4.5,4.46
20080821,1.73,,1.72,1.95,2.1,2.33,2.62,3.08,3.4,3.84,4.49,4.46
20080820,1.74,,1.71,1.9,2.06,2.25,2.54,3.0,3.34,3.79,4.46,4.43
20080819,1.83,,1.8,1.97,2.11,2.32,2.61,3.07,3.39,3.83,4.5,4.47
20080818,1.77,,1.82,2.03,2.15,2.35,2.62,3.07,3.39,3.82,4.47,4.44
20080815,1.73,,1.85,1.99,2.12,2.4,2.67,3.11,3.42,3.84,4.5,4.47
20080814,1.76,,1.89,2.0,2.14,2.45,2.72,3.15,3.46,3.89,4.55,4.52
20080813,1.8,,1.85,2.0,2.19,2.5,2.77,3.21,3.51,3.94,4.61,4.57
20080812,1.73,,1.86,2.05,2.18,2.45,2.73,3.16,3.47,3.91,4.58,4.55
20080811,1.77,,1.87,2.05,2.27,2.56,2.84,3.27,3.57,3.99,4.64,4.61
20080808,1.63,,1.7,1.95,2.19,2.51,2.8,3.21,3.51,3.94,4.58,4.55
20080807,1.53,,1.66,1.92,2.17,2.43,2.72,3.16,3.48,3.92,4.58,4.56
20080806,1.53,,1.64,1.92,2.26,2.56,2.85,3.3,3.62,4.06,4.71,4.68
20080805,1.73,,1.75,1.97,2.26,2.54,2.83,3.28,3.6,4.04,4.67,4.63
20080804,1.61,,1.75,1.97,2.27,2.53,2.81,3.23,3.55,3.98,4.62,4.58
20080801,1.52,,1.66,1.88,2.25,2.51,2.79,3.23,3.54,3.97,4.61,4.57
20080731,1.55,,1.68,1.89,2.27,2.52,2.81,3.25,3.56,3.99,4.63,4.59
20080730,1.66,,1.7,1.9,2.33,2.64,2.93,3.36,3.65,4.07,4.69,4.64
20080729,1.73,,1.72,1.96,2.36,2.65,2.95,3.39,3.68,4.09,4.7,4.64
20080728,1.68,,1.73,1.92,2.28,2.59,2.9,3.34,3.64,4.06,4.69,4.63
20080725,1.72,,1.75,1.95,2.35,2.7,3.01,3.45,3.73,4.13,4.75,4.69
20080724,1.69,,1.65,1.9,2.26,2.61,2.92,3.37,3.64,4.03,4.66,4.6
20080723,1.59,,1.59,1.91,2.4,2.81,3.1,3.51,3.77,4.16,4.76,4.69
20080722,1.5,,1.55,1.95,2.33,2.74,3.05,3.48,3.75,4.14,4.73,4.67
20080721,1.32,,1.48,1.93,2.3,2.66,2.97,3.41,3.69,4.09,4.69,4.64
20080718,1.28,,1.48,1.91,2.26,2.66,2.97,3.42,3.71,4.11,4.71,4.66
20080717,1.31,,1.43,1.92,2.26,2.58,2.89,3.35,3.65,4.07,4.7,4.65
20080716,1.36,,1.37,1.89,2.16,2.44,2.75,3.2,3.52,3.97,4.64,4.59
20080715,1.49,,1.39,1.9,2.15,2.39,2.7,3.12,3.43,3.87,4.52,4.48
20080714,1.41,,1.52,1.95,2.23,2.47,2.79,3.2,3.49,3.9,4.52,4.47
20080711,1.38,,1.62,2.02,2.3,2.59,2.88,3.27,3.55,3.96,4.57,4.52
20080710,1.48,,1.67,2.01,2.2,2.44,2.72,3.1,3.4,3.83,4.47,4.42
20080709,1.82,,1.82,2.05,2.21,2.41,2.71,3.11,3.42,3.85,4.47,4.42
20080708,1.86,,1.86,2.09,2.26,2.47,2.78,3.19,3.49,3.91,4.51,4.46
20080707,1.8,,1.87,2.1,2.26,2.47,2.78,3.23,3.53,3.95,4.55,4.51
20080703,1.86,,1.84,2.09,2.3,2.54,2.82,3.28,3.59,3.99,4.58,4.53
20080702,1.87,,1.82,2.1,2.35,2.6,2.87,3.31,3.6,3.99,4.57,4.51
20080701,1.92,,1.87,2.13,2.38,2.63,2.9,3.33,3.62,4.01,4.6,4.55
20080630,1.6,,1.9,2.17,2.36,2.63,2.91,3.34,3.61,3.99,4.59,4.53
20080627,1.29,,1.68,2.12,2.35,2.65,2.92,3.36,3.62,3.99,4.58,4.53
20080626,1.42,,1.74,2.16,2.39,2.68,2.97,3.44,3.69,4.07,4.67,4.62
20080625,1.49,,1.81,2.22,2.48,2.82,3.11,3.54,3.78,4.12,4.72,4.65
20080624,1.58,,1.83,2.25,2.53,2.87,3.14,3.52,3.76,4.1,4.7,4.65
20080623,1.55,,1.87,2.31,2.57,2.98,3.27,3.65,3.87,4.19,4.77,4.71
20080620,1.49,,1.87,2.23,2.49,2.88,3.17,3.57,3.81,4.16,4.76,4.71
20080619,1.59,,1.91,2.29,2.58,2.99,3.28,3.67,3.89,4.22,4.82,4.76
20080618,1.7,,1.93,2.29,2.53,2.89,3.19,3.57,3.81,4.16,4.77,4.72
20080617,1.82,,1.99,2.33,2.58,2.94,3.25,3.66,3.89,4.23,4.85,4.78
20080616,1.89,,2.07,2.42,2.68,3.02,3.33,3.73,3.94,4.25,4.84,4.77
20080613,1.86,,1.99,2.3,2.64,3.05,3.38,3.73,3.95,4.27,4.86,4.79
20080612,1.92,,2.0,2.28,2.62,3.03,3.35,3.68,3.9,4.23,4.83,4.77
20080611,1.91,,1.96,2.18,2.47,2.83,3.16,3.49,3.73,4.1,4.76,4.72
20080610,2.0,,2.02,2.24,2.53,2.91,3.2,3.54,3.77,4.11,4.76,4.7
20080609,1.8,,1.89,2.12,2.29,2.73,3.03,3.41,3.65,4.02,4.68,4.64
20080606,1.75,,1.85,2.0,2.12,2.4,2.73,3.2,3.5,3.94,4.67,4.65
20080605,1.79,,1.85,2.0,2.15,2.52,2.84,3.34,3.63,4.06,4.77,4.75
20080604,1.85,,1.84,1.99,2.14,2.47,2.78,3.26,3.55,3.98,4.72,4.71
20080603,1.96,,1.85,2.0,2.14,2.45,2.75,3.21,3.5,3.92,4.64,4.63
20080602,1.94,,1.85,1.99,2.17,2.51,2.82,3.28,3.56,3.98,4.69,4.68
20080530,1.98,,1.89,2.01,2.22,2.66,2.93,3.41,3.68,4.06,4.74,4.72
20080529,2.02,,1.9,1.93,2.16,2.67,2.94,3.41,3.68,4.08,4.77,4.76
20080528,2.07,,1.89,2.0,2.21,2.62,2.93,3.36,3.63,4.03,4.72,4.71
20080527,1.91,,1.89,1.94,2.15,2.55,2.82,3.25,3.52,3.93,4.65,4.65
20080523,1.92,,1.86,1.94,2.11,2.46,2.73,3.15,3.43,3.85,4.56,4.57
20080522,1.97,,1.86,1.95,2.15,2.56,2.83,3.24,3.52,3.92,4.62,4.63
20080521,1.95,,1.86,1.9,2.07,2.41,2.68,3.09,3.38,3.81,4.53,4.55
20080520,1.97,,1.86,1.9,2.05,2.34,2.58,3.02,3.35,3.78,4.52,4.53
20080519,1.93,,1.82,1.89,2.07,2.42,2.67,3.09,3.4,3.83,4.55,4.56
20080516,1.85,,1.84,1.91,2.09,2.47,2.71,3.12,3.43,3.85,4.57,4.58
20080515,1.84,,1.83,1.9,2.08,2.45,2.7,3.1,3.39,3.83,4.55,4.56
20080514,1.86,,1.82,1.9,2.11,2.53,2.78,3.22,3.5,3.92,4.63,4.63
20080513,1.86,,1.83,1.89,2.08,2.47,2.7,3.17,3.49,3.9,4.61,4.62
20080512,1.73,,1.77,1.87,2.01,2.3,2.54,3.0,3.34,3.78,4.52,4.53
20080509,1.6,,1.69,1.74,1.91,2.25,2.5,2.98,3.33,3.77,4.52,4.53
20080508,1.55,,1.66,1.74,1.91,2.25,2.47,2.99,3.34,3.79,4.55,4.5
20080507,1.57,,1.67,1.75,1.94,2.31,2.56,3.09,3.45,3.87,4.61,4.61
20080506,1.53,,1.63,1.76,1.96,2.38,2.62,3.15,3.51,3.93,4.64,4.64
20080505,1.34,,1.53,1.76,1.98,2.42,2.62,3.14,3.45,3.88,4.58,4.58
20080502,1.25,,1.5,1.72,1.97,2.47,2.64,3.18,3.48,3.89,4.57,4.57
20080501,1.23,,1.45,1.73,1.94,2.37,2.53,3.06,3.36,3.78,4.49,4.49
20080430,1.17,,1.43,1.64,1.85,2.29,2.49,3.03,3.34,3.77,4.49,4.49
20080429,1.28,,1.46,1.74,1.94,2.35,2.55,3.11,3.42,3.85,4.56,4.55
20080428,0.94,,1.43,1.74,1.95,2.36,2.58,3.14,3.44,3.86,4.57,4.57
20080425,0.8,,1.34,1.73,1.97,2.44,2.64,3.2,3.49,3.91,4.61,4.61
20080424,0.81,,1.26,1.66,1.91,2.41,2.61,3.15,3.44,3.87,4.56,4.56
20080423,0.78,,1.26,1.64,1.83,2.22,2.45,2.98,3.32,3.77,4.49,4.49
20080422,0.72,,1.27,1.64,1.84,2.24,2.43,2.96,3.29,3.74,4.47,4.46
20080421,0.9,,1.34,1.68,1.86,2.2,2.37,2.95,3.28,3.75,4.48,4.48
20080418,0.9,,1.35,1.68,1.85,2.19,2.35,2.95,3.29,3.77,4.52,4.51
20080417,0.87,,1.23,1.58,1.77,2.13,2.31,2.9,3.27,3.75,4.5,4.54
20080416,0.86,,1.12,1.49,1.65,1.98,2.2,2.82,3.21,3.72,4.49,4.54
20080415,0.84,,1.1,1.42,1.56,1.84,2.05,2.68,3.08,3.6,4.38,4.42
20080414,0.85,,1.08,1.41,1.53,1.78,1.97,2.6,3.0,3.53,4.32,4.35
20080411,0.9,,1.19,1.4,1.52,1.76,1.94,2.57,2.97,3.49,4.28,4.3
20080410,0.98,,1.27,1.49,1.61,1.84,2.02,2.66,3.05,3.55,4.33,4.34
20080409,1.06,,1.31,1.51,1.6,1.77,1.95,2.59,2.97,3.49,4.3,4.31
20080408,1.34,,1.41,1.58,1.68,1.87,2.06,2.72,3.08,3.58,4.37,4.37
20080407,1.42,,1.45,1.61,1.72,1.95,2.1,2.75,3.09,3.57,4.37,4.36
20080404,1.5,,1.35,1.53,1.63,1.83,1.98,2.63,2.99,3.5,4.32,4.32
20080403,1.56,,1.4,1.56,1.68,1.91,2.08,2.75,3.11,3.61,4.41,4.4
20080402,1.55,,1.41,1.56,1.67,1.88,2.05,2.72,3.09,3.6,4.4,4.38
20080401,1.55,,1.4,1.53,1.62,1.8,1.94,2.65,3.04,3.57,4.4,4.4
20080331,1.22,,1.38,1.51,1.55,1.62,1.79,2.46,2.88,3.45,4.3,4.3
20080328,1.29,,1.33,1.5,1.56,1.67,1.8,2.51,2.91,3.47,4.32,4.33
20080327,1.32,,1.3,1.49,1.57,1.73,1.88,2.61,3.02,3.56,4.37,4.38
20080326,1.36,,1.29,1.48,1.56,1.71,1.86,2.55,2.96,3.51,4.31,4.33
20080325,1.47,,1.29,1.56,1.64,1.79,1.93,2.61,3.0,3.51,4.29,4.3
20080324,0.67,,1.24,1.6,1.68,1.84,1.99,2.64,3.04,3.56,4.31,4.33
20080320,0.37,,0.63,1.2,1.33,1.59,1.71,2.36,2.78,3.34,4.15,4.17
20080319,0.26,,0.61,1.22,1.33,1.54,1.68,2.36,2.8,3.38,4.2,4.22
20080318,0.71,,0.92,1.32,1.4,1.58,1.74,2.42,2.88,3.48,4.3,4.35
20080317,1.16,,1.11,1.31,1.32,1.35,1.52,2.23,2.71,3.34,4.24,4.29
20080314,1.2,,1.18,1.32,1.37,1.47,1.65,2.37,2.84,3.44,4.3,4.35
20080313,1.56,,1.35,1.5,1.54,1.63,1.84,2.53,2.99,3.56,4.42,4.47
20080312,1.68,,1.48,1.56,1.58,1.63,1.81,2.49,2.93,3.49,4.35,4.4
20080311,1.82,,1.48,1.64,1.67,1.74,1.93,2.61,3.04,3.6,4.48,4.53
20080310,1.63,,1.35,1.45,1.46,1.47,1.67,2.37,2.84,3.46,4.39,4.45
20080307,1.65,,1.45,1.56,1.55,1.53,1.75,2.45,2.94,3.56,4.49,4.55
20080306,1.73,,1.39,1.61,1.59,1.53,1.77,2.5,3.0,3.62,4.52,4.57
20080305,1.91,,1.53,1.75,1.72,1.66,1.91,2.59,3.1,3.7,4.55,4.6
20080304,2.01,,1.66,1.76,1.72,1.65,1.86,2.53,3.02,3.63,4.46,4.52
20080303,1.99,,1.7,1.8,1.74,1.61,1.84,2.48,2.96,3.54,4.37,4.42
20080229,2.07,,1.85,1.83,1.77,1.65,1.87,2.5,2.96,3.53,4.37,4.41
20080228,2.08,,1.9,1.95,1.92,1.87,2.1,2.73,3.17,3.71,4.51,4.55
20080227,2.21,,1.98,2.02,2.02,2.01,2.25,2.89,3.33,3.85,4.62,4.65
20080226,2.34,,2.14,2.09,2.07,2.04,2.32,2.92,3.36,3.88,4.64,4.66
20080225,2.34,,2.2,2.13,2.13,2.13,2.39,2.98,3.41,3.91,4.65,4.67
20080222,2.33,,2.2,2.14,2.08,1.98,2.24,2.81,3.26,3.79,4.55,4.58
20080221,2.35,,2.2,2.1,2.05,1.98,2.23,2.8,3.24,3.77,4.52,4.54
20080220,2.4,,2.25,2.17,2.16,2.14,2.43,3.02,3.45,3.93,4.63,4.65
20080219,2.37,,2.28,2.14,2.11,2.06,2.31,2.93,3.37,3.89,4.63,4.66
20080215,2.4,,2.21,2.07,2.02,1.91,2.15,2.76,3.21,3.76,4.55,4.58
20080214,2.5,,2.31,2.12,2.05,1.93,2.18,2.81,3.28,3.85,4.63,4.67
20080213,2.5,,2.28,2.1,2.03,1.91,2.11,2.71,3.14,3.7,4.48,4.52
20080212,2.55,,2.31,2.12,2.06,1.94,2.13,2.71,3.13,3.66,4.43,4.46
20080211,2.35,,2.31,2.13,2.06,1.93,2.1,2.67,3.09,3.62,4.38,4.41
20080208,2.24,,2.23,2.12,2.05,1.93,2.1,2.69,3.11,3.64,4.41,4.43
20080207,2.19,,2.17,2.13,2.08,1.99,2.21,2.79,3.21,3.74,4.5,4.51
20080206,2.12,,2.1,2.1,2.05,1.96,2.11,2.67,3.08,3.61,4.36,4.37
20080205,2.22,,2.19,2.13,2.06,1.93,2.08,2.66,3.08,3.61,4.32,4.33
20080204,2.15,,2.27,2.22,2.17,2.08,2.23,2.78,3.18,3.68,4.37,4.37
20080201,1.75,,2.1,2.15,2.13,2.09,2.22,2.75,3.13,3.62,4.31,4.32
20080131,1.64,,1.96,2.07,2.11,2.17,2.27,2.82,3.19,3.67,4.35,4.35
20080130,1.93,,2.21,2.29,2.3,2.3,2.44,2.96,3.32,3.78,4.45,4.44
20080129,2.13,,2.28,2.36,2.33,2.29,2.33,2.87,3.23,3.69,4.35,4.34
20080128,2.12,,2.34,2.36,2.3,2.2,2.27,2.8,3.15,3.61,4.3,4.29
20080125,2.07,,2.3,2.41,2.34,2.23,2.28,2.81,3.15,3.61,4.3,4.28
20080124,2.19,,2.37,2.48,2.4,2.25,2.3,2.85,3.21,3.68,4.37,4.36
20080123,2.07,,2.21,2.25,2.19,2.09,2.12,2.64,3.01,3.51,4.23,4.23
20080122,2.15,,2.35,2.41,2.29,2.08,2.12,2.64,3.01,3.52,4.23,4.23
20080118,2.63,,2.86,2.86,2.69,2.36,2.39,2.86,3.2,3.66,4.3,4.28
20080117,3.07,,3.07,3.01,2.81,2.44,2.46,2.9,3.22,3.66,4.27,4.25
20080116,3.14,,3.14,3.05,2.86,2.51,2.55,3.0,3.32,3.74,4.34,4.32
20080115,3.15,,3.17,3.05,2.87,2.53,2.55,3.0,3.3,3.72,4.3,4.28
20080114,3.2,,3.19,3.07,2.9,2.58,2.61,3.08,3.39,3.81,4.39,4.37
20080111,3.23,,3.09,3.07,2.91,2.59,2.61,3.06,3.38,3.82,4.4,4.39
20080110,3.37,,3.24,3.21,3.04,2.71,2.74,3.16,3.49,3.91,4.47,4.44
20080109,3.34,,3.22,3.22,3.04,2.69,2.69,3.1,3.4,3.82,4.35,4.32
20080108,3.31,,3.25,3.27,3.09,2.76,2.76,3.16,3.47,3.86,4.39,4.35
20080107,3.27,,3.27,3.29,3.11,2.76,2.76,3.16,3.46,3.86,4.37,4.34
20080104,3.22,,3.2,3.22,3.06,2.74,2.75,3.18,3.47,3.88,4.4,4.36
20080103,3.19,,3.24,3.29,3.13,2.83,2.85,3.26,3.54,3.91,4.41,4.37
20080102,3.09,,3.26,3.32,3.17,2.88,2.89,3.28,3.54,3.91,4.39,4.35
20091231,0.04,,0.06,0.2,0.47,1.14,1.7,2.69,3.39,3.85,4.58,4.63
20091230,0.02,,0.05,0.19,0.45,1.08,1.65,2.61,3.34,3.8,4.54,4.61
20091229,0.02,,0.1,0.2,0.47,1.09,1.64,2.62,3.33,3.82,4.57,4.64
20091228,0.03,,0.11,0.2,0.47,1.09,1.63,2.62,3.34,3.85,4.61,4.69
20091224,0.02,,0.05,0.18,0.43,1.0,1.56,2.57,3.32,3.82,4.6,4.68
20091223,0.01,,0.07,0.17,0.41,0.96,1.51,2.51,3.26,3.77,4.54,4.61
20091222,0.01,,0.08,0.18,0.41,0.95,1.48,2.49,3.24,3.76,4.52,4.6
20091221,0.01,,0.08,0.17,0.4,0.89,1.42,2.43,3.18,3.69,4.47,4.56
20091218,0.01,,0.05,0.16,0.36,0.82,1.32,2.3,3.04,3.55,4.36,4.46
20091217,0.01,,0.04,0.15,0.35,0.77,1.27,2.24,2.97,3.5,4.31,4.42
20091216,0.02,,0.04,0.17,0.38,0.85,1.36,2.35,3.09,3.61,4.42,4.52
20091215,0.02,,0.05,0.17,0.41,0.88,1.38,2.35,3.08,3.6,4.42,4.52
20091214,0.02,,0.04,0.16,0.37,0.87,1.35,2.3,3.04,3.56,4.39,4.49
20091211,0.01,,0.03,0.16,0.35,0.83,1.3,2.26,3.02,3.55,4.39,4.49
20091210,0.01,,0.02,0.15,0.32,0.78,1.26,2.19,2.95,3.49,4.37,4.5
20091209,0.01,,0.03,0.14,0.31,0.76,1.23,2.15,2.89,3.45,4.31,4.41
20091208,0.02,,0.03,0.15,0.29,0.73,1.21,2.12,2.86,3.4,4.28,4.39
20091207,0.07,,0.04,0.16,0.32,0.78,1.26,2.19,2.92,3.44,4.29,4.4
20091204,0.08,,0.06,0.17,0.36,0.84,1.34,2.24,2.97,3.48,4.31,4.4
20091203,0.09,,0.06,0.16,0.3,0.74,1.23,2.14,2.87,3.39,4.23,4.33
20091202,0.08,,0.05,0.15,0.28,0.72,1.19,2.09,2.8,3.32,4.14,4.26
20091201,0.09,,0.06,0.15,0.26,0.67,1.14,2.03,2.74,3.28,4.14,4.26
20091130,0.08,,0.06,0.15,0.27,0.67,1.12,2.01,2.69,3.21,4.07,4.2
20091127,0.06,,0.03,0.14,0.26,0.68,1.15,2.03,2.71,3.21,4.07,4.21
20091125,0.07,,0.05,0.14,0.26,0.73,1.23,2.11,2.78,3.28,4.12,4.23
20091124,0.06,,0.05,0.14,0.28,0.73,1.22,2.15,2.82,3.32,4.16,4.25
20091123,0.05,,0.05,0.14,0.29,0.77,1.28,2.2,2.9,3.37,4.2,4.29
20091120,0.04,,0.02,0.13,0.27,0.75,1.25,2.2,2.9,3.36,4.2,4.3
20091119,0.03,,0.02,0.14,0.27,0.73,1.24,2.18,2.88,3.35,4.19,4.29
20091118,0.04,,0.04,0.15,0.29,0.77,1.27,2.21,2.9,3.36,4.21,4.29
20091117,0.05,,0.06,0.16,0.32,0.78,1.28,2.19,2.87,3.33,4.17,4.26
20091116,0.05,,0.07,0.17,0.31,0.78,1.28,2.19,2.87,3.33,4.18,4.26
20091113,0.05,,0.06,0.17,0.32,0.82,1.34,2.28,2.97,3.43,4.29,4.36
20091112,0.06,,0.07,0.16,0.32,0.82,1.36,2.28,2.98,3.45,4.33,4.41
20091110,0.06,,0.07,0.16,0.33,0.85,1.39,2.31,3.01,3.5,4.36,4.41
20091109,0.06,,0.07,0.17,0.34,0.87,1.4,2.31,3.01,3.52,4.34,4.4
20091106,0.06,,0.06,0.16,0.34,0.86,1.4,2.3,3.02,3.54,4.35,4.4
20091105,0.06,,0.04,0.16,0.36,0.9,1.44,2.35,3.06,3.57,4.36,4.41
20091104,0.05,,0.05,0.16,0.36,0.91,1.46,2.39,3.09,3.57,4.36,4.41
20091103,0.04,,0.06,0.17,0.38,0.92,1.46,2.36,3.05,3.5,4.29,4.34
20091102,0.03,,0.06,0.17,0.38,0.92,1.44,2.33,3.0,3.45,4.22,4.26
20091030,0.01,,0.05,0.16,0.37,0.9,1.43,2.31,2.98,3.41,4.19,4.23
20091029,0.02,,0.06,0.17,0.4,0.98,1.52,2.44,3.12,3.53,4.31,4.35
20091028,0.04,,0.07,0.17,0.39,0.95,1.47,2.37,3.01,3.44,4.22,4.25
20091027,0.05,,0.08,0.17,0.39,0.99,1.51,2.41,3.05,3.49,4.26,4.29
20091026,0.04,,0.08,0.18,0.41,1.06,1.61,2.53,3.17,3.59,4.35,4.37
20091023,0.02,,0.07,0.18,0.4,1.04,1.57,2.46,3.1,3.51,4.27,4.29
20091022,0.02,,0.06,0.15,0.38,0.97,1.5,2.39,3.03,3.44,4.22,4.24
20091021,0.05,,0.07,0.17,0.4,1.0,1.51,2.38,3.01,3.42,4.2,4.22
20091020,0.05,,0.08,0.17,0.39,0.95,1.44,2.3,2.93,3.35,4.14,4.16
20091019,0.06,,0.08,0.18,0.38,0.99,1.5,2.36,2.98,3.41,4.19,4.21
20091016,0.06,,0.07,0.17,0.36,0.97,1.49,2.37,2.99,3.43,4.22,4.24
20091015,0.06,,0.07,0.15,0.36,0.97,1.5,2.41,3.05,3.49,4.29,4.31
20091014,0.05,,0.07,0.15,0.35,0.96,1.47,2.36,3.01,3.45,4.26,4.28
20091013,0.04,,0.07,0.15,0.35,0.91,1.42,2.28,2.9,3.34,4.14,4.16
20091009,0.04,,0.07,0.16,0.38,0.98,1.5,2.36,2.98,3.4,4.2,4.22
20091008,0.03,,0.06,0.15,0.35,0.9,1.4,2.22,2.83,3.27,4.05,4.09
20091007,0.06,,0.09,0.14,0.34,0.87,1.35,2.16,2.77,3.21,3.96,3.99
20091006,0.05,,0.08,0.15,0.37,0.91,1.43,2.25,2.85,3.27,4.03,4.07
20091005,0.04,,0.08,0.15,0.36,0.88,1.38,2.21,2.82,3.24,3.98,4.01
20091002,0.04,,0.1,0.15,0.37,0.88,1.38,2.22,2.83,3.24,3.98,4.01
20091001,0.03,,0.1,0.15,0.37,0.87,1.36,2.2,2.82,3.21,3.95,3.97
20090930,0.06,,0.14,0.18,0.4,0.95,1.45,2.31,2.93,3.31,4.02,4.03
20090929,0.07,,0.13,0.19,0.41,1.0,1.48,2.34,2.94,3.31,4.02,4.03
20090928,0.03,,0.11,0.18,0.4,0.98,1.47,2.33,2.95,3.31,4.02,4.04
20090925,0.03,,0.1,0.2,0.41,0.98,1.49,2.36,2.98,3.34,4.07,4.1
20090924,0.03,,0.1,0.19,0.39,0.93,1.45,2.37,3.03,3.4,4.14,4.17
20090923,0.05,,0.11,0.2,0.41,0.96,1.49,2.4,3.05,3.44,4.18,4.21
20090922,0.05,,0.11,0.2,0.42,1.02,1.54,2.45,3.09,3.46,4.18,4.2
20090921,0.05,,0.11,0.2,0.4,1.02,1.56,2.47,3.11,3.49,4.2,4.23
20090918,0.03,,0.08,0.2,0.41,1.03,1.57,2.49,3.12,3.49,4.2,4.24
20090917,0.03,,0.1,0.2,0.4,0.98,1.51,2.41,3.04,3.42,4.14,4.19
20090916,0.03,,0.1,0.2,0.38,1.01,1.55,2.46,3.11,3.48,4.22,4.26
20090915,0.05,,0.13,0.21,0.39,0.96,1.49,2.41,3.07,3.47,4.21,4.27
20090914,0.08,,0.14,0.21,0.4,0.94,1.46,2.37,3.01,3.42,4.16,4.22
20090911,0.08,,0.14,0.21,0.39,0.9,1.42,2.29,2.93,3.34,4.1,4.18
20090910,0.08,,0.14,0.21,0.4,0.9,1.42,2.29,2.95,3.36,4.11,4.19
20090909,0.09,,0.14,0.22,0.4,0.93,1.48,2.38,3.07,3.48,4.26,4.33
20090908,0.1,,0.14,0.24,0.41,0.93,1.49,2.38,3.06,3.47,4.24,4.31
20090904,0.09,,0.14,0.23,0.42,0.94,1.46,2.36,3.06,3.45,4.21,4.27
20090903,0.09,,0.15,0.23,0.42,0.91,1.42,2.29,2.95,3.33,4.09,4.15
20090902,0.09,,0.14,0.22,0.41,0.89,1.39,2.26,2.91,3.29,4.04,4.09
20090901,0.08,,0.14,0.23,0.43,0.92,1.44,2.33,2.99,3.38,4.14,4.19
20090831,0.11,,0.15,0.24,0.43,0.97,1.49,2.39,3.03,3.4,4.14,4.18
20090828,0.11,,0.15,0.25,0.44,1.01,1.55,2.46,3.09,3.46,4.17,4.21
20090827,0.11,,0.15,0.26,0.46,1.04,1.58,2.48,3.12,3.47,4.19,4.23
20090826,0.11,,0.15,0.25,0.45,1.06,1.57,2.46,3.09,3.44,4.15,4.2
20090825,0.12,,0.17,0.26,0.47,1.05,1.56,2.48,3.1,3.45,4.17,4.22
20090824,0.11,,0.17,0.26,0.44,1.05,1.57,2.5,3.13,3.48,4.22,4.27
20090821,0.11,,0.17,0.26,0.45,1.13,1.65,2.58,3.21,3.56,4.32,4.36
20090820,0.11,,0.17,0.26,0.42,1.03,1.53,2.43,3.06,3.42,4.18,4.24
20090819,0.1,,0.17,0.25,0.43,1.01,1.52,2.43,3.07,3.45,4.23,4.28
20090818,0.14,,0.18,0.27,0.43,1.06,1.57,2.48,3.13,3.51,4.29,4.35
20090817,0.11,,0.18,0.27,0.45,1.04,1.54,2.43,3.09,3.48,4.26,4.33
20090814,0.1,,0.18,0.26,0.44,1.07,1.61,2.51,3.17,3.55,4.33,4.41
20090813,0.1,,0.17,0.28,0.45,1.12,1.66,2.58,3.22,3.59,4.37,4.44
20090812,0.14,,0.17,0.28,0.47,1.18,1.76,2.7,3.35,3.72,4.49,4.53
20090811,0.14,,0.18,0.28,0.48,1.21,1.78,2.69,3.32,3.71,4.4,4.44
20090810,0.15,,0.19,0.29,0.49,1.24,1.79,2.75,3.4,3.8,4.49,4.52
20090807,0.14,,0.19,0.3,0.52,1.32,1.87,2.84,3.5,3.89,4.59,4.61
20090806,0.15,,0.17,0.28,0.48,1.22,1.77,2.73,3.39,3.79,4.51,4.53
20090805,0.15,,0.18,0.29,0.49,1.23,1.78,2.73,3.4,3.8,4.54,4.57
20090804,0.15,,0.18,0.28,0.47,1.2,1.75,2.68,3.32,3.7,4.44,4.45
20090803,0.15,,0.19,0.28,0.48,1.18,1.72,2.66,3.3,3.66,4.4,4.42
20090731,0.14,,0.18,0.26,0.48,1.13,1.62,2.53,3.14,3.52,4.29,4.31
20090730,0.14,,0.18,0.27,0.48,1.19,1.73,2.66,3.31,3.67,4.44,4.44
20090729,0.14,,0.19,0.26,0.5,1.17,1.72,2.69,3.31,3.69,4.49,4.5
20090728,0.14,,0.19,0.26,0.49,1.12,1.66,2.63,3.3,3.72,4.54,4.56
20090727,0.15,,0.19,0.27,0.49,1.08,1.63,2.63,3.31,3.75,4.6,4.62
20090724,0.15,,0.18,0.29,0.47,1.05,1.59,2.57,3.25,3.7,4.53,4.55
20090723,0.15,,0.19,0.29,0.49,1.08,1.62,2.6,3.28,3.72,4.55,4.58
20090722,0.15,,0.19,0.28,0.47,0.98,1.5,2.43,3.11,3.58,4.42,4.45
20090721,0.16,,0.19,0.27,0.46,0.96,1.47,2.36,3.03,3.5,4.35,4.38
20090720,0.15,,0.19,0.28,0.47,0.99,1.54,2.46,3.14,3.61,4.45,4.47
20090717,0.15,,0.17,0.29,0.48,1.02,1.58,2.52,3.21,3.67,4.51,4.53
20090716,0.15,,0.19,0.28,0.47,1.0,1.54,2.46,3.13,3.59,4.43,4.45
20090715,0.11,,0.18,0.29,0.5,1.03,1.6,2.52,3.19,3.63,4.46,4.48
20090714,0.15,,0.18,0.28,0.47,0.97,1.48,2.37,3.05,3.5,4.35,4.38
20090713,0.15,,0.18,0.28,0.47,0.92,1.41,2.27,2.94,3.38,4.21,4.25
20090710,0.15,,0.18,0.26,0.45,0.91,1.4,2.22,2.89,3.32,4.16,4.2
20090709,0.16,,0.19,0.27,0.47,0.94,1.46,2.33,3.01,3.44,4.26,4.31
20090708,0.15,,0.18,0.26,0.45,0.91,1.42,2.23,2.9,3.33,4.13,4.17
20090707,0.16,,0.19,0.28,0.46,0.98,1.52,2.36,3.08,3.47,4.25,4.31
20090706,0.15,,0.19,0.28,0.48,0.96,1.48,2.4,3.12,3.52,4.29,4.35
20090702,0.15,,0.17,0.32,0.49,0.98,1.52,2.43,3.14,3.51,4.28,4.32
20090701,0.13,,0.17,0.33,0.54,1.05,1.57,2.51,3.2,3.55,4.32,4.34
20090630,0.17,,0.19,0.35,0.56,1.11,1.64,2.54,3.19,3.53,4.3,4.32
20090629,0.11,,0.2,0.36,0.51,1.11,1.63,2.53,3.18,3.51,4.29,4.31
20090626,0.07,,0.2,0.31,0.45,1.1,1.63,2.53,3.18,3.52,4.28,4.3
20090625,0.07,,0.18,0.31,0.47,1.12,1.66,2.58,3.22,3.55,4.31,4.33
20090624,0.1,,0.19,0.32,0.5,1.19,1.79,2.74,3.39,3.72,4.43,4.44
20090623,0.15,,0.2,0.34,0.5,1.14,1.74,2.71,3.31,3.65,4.36,4.37
20090622,0.12,,0.2,0.34,0.5,1.17,1.77,2.75,3.37,3.72,4.45,4.45
20090619,0.1,,0.19,0.33,0.51,1.25,1.84,2.82,3.45,3.79,4.54,4.52
20090618,0.12,,0.18,0.34,0.52,1.28,1.88,2.86,3.51,3.86,4.62,4.63
20090617,0.11,,0.17,0.31,0.5,1.19,1.76,2.69,3.33,3.68,4.47,4.5
20090616,0.09,,0.17,0.3,0.51,1.23,1.79,2.7,3.32,3.67,4.47,4.48
20090615,0.08,,0.17,0.29,0.51,1.26,1.84,2.75,3.39,3.76,4.58,4.61
20090612,0.08,,0.19,0.29,0.52,1.3,1.91,2.81,3.46,3.81,4.63,4.65
20090611,0.09,,0.19,0.31,0.53,1.35,1.97,2.87,3.49,3.88,4.67,4.69
20090610,0.11,,0.18,0.31,0.55,1.38,2.0,2.93,3.59,3.98,4.75,4.76
20090609,0.09,,0.19,0.31,0.56,1.33,1.93,2.86,3.51,3.86,4.65,4.64
20090608,0.08,,0.19,0.35,0.62,1.42,2.0,2.95,3.6,3.91,4.66,4.65
20090605,0.08,,0.2,0.35,0.62,1.32,1.88,2.85,3.53,3.84,4.64,4.63
20090604,0.08,,0.14,0.28,0.47,0.96,1.54,2.56,3.31,3.72,4.58,4.58
20090603,0.08,,0.14,0.26,0.45,0.91,1.47,2.43,3.16,3.56,4.44,4.45
20090602,0.06,,0.14,0.27,0.46,0.96,1.52,2.52,3.26,3.65,4.51,4.5
20090601,0.13,,0.13,0.29,0.48,0.97,1.52,2.55,3.28,3.71,4.56,4.55
20090529,0.14,,0.14,0.3,0.47,0.92,1.42,2.34,3.06,3.47,4.34,4.34
20090528,0.14,,0.15,0.31,0.48,0.97,1.52,2.46,3.22,3.67,4.52,4.54
20090527,0.18,,0.17,0.29,0.49,0.96,1.5,2.43,3.22,3.71,4.58,4.59
20090526,0.13,,0.18,0.3,0.5,0.96,1.45,2.3,3.05,3.5,4.42,4.45
20090522,0.13,,0.18,0.3,0.49,0.92,1.39,2.23,2.96,3.45,4.36,4.38
20090521,0.13,,0.19,0.3,0.45,0.89,1.36,2.16,2.86,3.35,4.27,4.3
20090520,0.18,,0.18,0.28,0.44,0.87,1.31,2.05,2.72,3.19,4.11,4.14
20090519,0.14,,0.18,0.29,0.48,0.91,1.37,2.12,2.76,3.25,4.19,4.21
20090518,0.12,,0.19,0.3,0.5,0.93,1.36,2.09,2.73,3.22,4.16,4.18
20090515,0.11,,0.17,0.29,0.5,0.88,1.3,2.01,2.65,3.14,4.07,4.09
20090514,0.1,,0.16,0.28,0.5,0.87,1.3,1.98,2.62,3.1,4.04,4.06
20090513,0.15,,0.17,0.3,0.52,0.89,1.31,1.98,2.62,3.11,4.06,4.09
20090512,0.16,,0.19,0.3,0.54,0.9,1.34,2.02,2.67,3.17,4.13,4.16
20090511,0.16,,0.19,0.3,0.53,0.92,1.34,2.04,2.67,3.17,4.15,4.18
20090508,0.15,,0.19,0.31,0.55,1.0,1.44,2.15,2.78,3.29,4.25,4.28
20090507,0.15,,0.18,0.32,0.54,1.0,1.46,2.15,2.8,3.29,4.26,4.25
20090506,0.14,,0.19,0.32,0.51,0.96,1.43,2.06,2.7,3.18,4.12,4.09
20090505,0.14,,0.19,0.34,0.53,0.98,1.46,2.05,2.7,3.2,4.11,4.06
20090504,0.14,,0.19,0.33,0.52,0.94,1.4,2.03,2.7,3.19,4.11,4.06
20090501,0.06,,0.16,0.31,0.49,0.92,1.39,2.03,2.72,3.21,4.14,4.09
20090430,0.04,,0.14,0.29,0.49,0.91,1.38,2.02,2.7,3.16,4.1,4.05
20090429,0.04,,0.11,0.28,0.5,0.94,1.4,2.01,2.69,3.12,4.07,4.01
20090428,0.05,,0.13,0.31,0.52,0.95,1.39,1.97,2.58,3.05,4.03,3.97
20090427,0.07,,0.13,0.3,0.49,0.9,1.31,1.87,2.48,2.95,3.92,3.84
20090424,0.07,,0.1,0.31,0.5,0.99,1.38,1.96,2.56,3.03,3.99,3.89
20090423,0.08,,0.1,0.31,0.49,0.97,1.34,1.89,2.49,2.96,3.9,3.8
20090422,0.08,,0.14,0.32,0.52,1.0,1.36,1.92,2.5,2.98,3.93,3.82
20090421,0.07,,0.15,0.34,0.53,0.96,1.32,1.87,2.46,2.94,3.86,3.74
20090420,0.04,,0.14,0.34,0.54,0.93,1.27,1.82,2.39,2.88,3.8,3.69
20090417,0.04,,0.14,0.36,0.57,0.99,1.36,1.91,2.48,2.98,3.91,3.79
20090416,0.02,,0.13,0.33,0.54,0.91,1.27,1.79,2.36,2.86,3.81,3.72
20090415,0.07,,0.15,0.34,0.54,0.86,1.22,1.71,2.29,2.82,3.75,3.66
20090414,0.09,,0.17,0.35,0.54,0.86,1.21,1.71,2.31,2.8,3.73,3.64
20090413,0.12,,0.18,0.37,0.57,0.89,1.27,1.81,2.39,2.88,3.78,3.69
20090409,0.13,,0.18,0.39,0.6,0.96,1.36,1.9,2.49,2.96,3.85,3.76
20090408,0.15,,0.18,0.39,0.59,0.93,1.34,1.83,2.43,2.86,3.74,3.66
20090407,0.17,,0.2,0.39,0.6,0.91,1.33,1.87,2.51,2.93,3.79,3.72
20090406,0.16,,0.2,0.4,0.6,0.94,1.37,1.9,2.55,2.95,3.82,3.73
20090403,0.16,,0.21,0.42,0.6,0.96,1.36,1.87,2.51,2.91,3.77,3.7
20090402,0.17,,0.22,0.41,0.59,0.88,1.25,1.74,2.35,2.77,3.63,3.57
20090401,0.18,,0.22,0.41,0.58,0.83,1.16,1.65,2.25,2.68,3.54,3.51
20090331,0.17,,0.21,0.43,0.57,0.81,1.15,1.67,2.28,2.71,3.61,3.56
20090330,0.05,,0.18,0.42,0.58,0.84,1.2,1.72,2.31,2.73,3.64,3.6
20090327,0.03,,0.14,0.39,0.58,0.9,1.27,1.79,2.36,2.78,3.66,3.62
20090326,0.02,,0.15,0.39,0.57,0.9,1.29,1.8,2.34,2.76,3.69,3.66
20090325,0.03,,0.19,0.41,0.6,0.96,1.35,1.84,2.36,2.81,3.76,3.73
20090324,0.05,,0.21,0.42,0.62,0.93,1.24,1.7,2.22,2.68,3.64,3.6
20090323,0.1,,0.22,0.4,0.6,0.93,1.25,1.69,2.2,2.68,3.7,3.69
20090320,0.09,,0.22,0.41,0.6,0.89,1.23,1.66,2.18,2.65,3.67,3.65
20090319,0.1,,0.2,0.4,0.6,0.87,1.21,1.64,2.17,2.61,3.64,3.62
20090318,0.15,,0.21,0.4,0.6,0.82,1.14,1.54,2.11,2.51,3.65,3.57
20090317,0.14,,0.24,0.45,0.69,1.05,1.45,2.0,2.64,3.02,3.99,3.83
20090316,0.11,,0.24,0.46,0.69,1.0,1.39,1.91,2.55,2.97,3.93,3.76
20090313,0.09,,0.2,0.42,0.67,0.98,1.36,1.87,2.48,2.89,3.84,3.66
20090312,0.11,,0.22,0.45,0.7,1.03,1.42,1.92,2.5,2.89,3.82,3.63
20090311,0.14,,0.23,0.46,0.71,1.03,1.45,1.96,2.56,2.95,3.88,3.67
20090310,0.14,,0.24,0.47,0.71,1.01,1.46,1.99,2.63,2.99,3.94,3.7
20090309,0.12,,0.23,0.47,0.69,0.96,1.38,1.9,2.53,2.89,3.83,3.59
20090306,0.09,,0.21,0.39,0.67,0.91,1.34,1.83,2.49,2.83,3.74,3.5
20090305,0.11,,0.2,0.4,0.66,0.9,1.3,1.82,2.49,2.83,3.76,3.51
20090304,0.15,,0.26,0.44,0.71,0.97,1.4,1.97,2.67,3.01,3.96,3.69
20090303,0.14,,0.27,0.44,0.68,0.91,1.31,1.87,2.58,2.93,3.92,3.67
20090302,0.17,,0.28,0.45,0.67,0.89,1.28,1.86,2.54,2.91,3.89,3.64
20090227,0.16,,0.26,0.45,0.72,1.0,1.4,1.99,2.69,3.02,3.98,3.71
20090226,0.18,,0.27,0.47,0.73,1.08,1.5,2.07,2.72,2.98,3.93,3.66
20090225,0.21,,0.3,0.52,0.75,1.09,1.49,2.06,2.42,2.95,3.88,3.59
20090224,0.22,,0.32,0.49,0.71,1.03,1.37,1.89,2.26,2.8,3.77,3.49
20090223,0.19,,0.29,0.5,0.69,0.96,1.34,1.84,2.22,2.78,3.79,3.53
20090220,0.19,,0.27,0.48,0.64,0.96,1.3,1.81,2.21,2.78,3.82,3.56
20090219,0.22,,0.3,0.51,0.67,1.01,1.38,1.89,2.28,2.85,3.92,3.68
20090218,0.23,,0.31,0.5,0.64,0.97,1.33,1.81,2.18,2.74,3.77,3.54
20090217,0.26,,0.32,0.48,0.61,0.87,1.22,1.65,2.05,2.64,3.7,3.47
20090213,0.23,,0.29,0.46,0.61,0.97,1.37,1.88,2.29,2.89,3.91,3.68
20090212,0.25,,0.29,0.43,0.58,0.89,1.28,1.73,2.14,2.75,3.71,3.47
20090211,0.22,,0.3,0.46,0.6,0.93,1.32,1.76,2.17,2.78,3.69,3.45
20090210,0.24,,0.31,0.44,0.6,0.92,1.31,1.79,2.23,2.9,3.77,3.54
20090209,0.22,,0.32,0.47,0.6,1.05,1.5,1.99,2.42,3.07,3.91,3.69
20090206,0.21,,0.28,0.44,0.57,0.99,1.44,1.97,2.4,3.05,3.94,3.7
20090205,0.21,,0.29,0.43,0.54,0.98,1.4,1.89,2.32,2.95,3.86,3.63
20090204,0.26,,0.3,0.4,0.53,0.98,1.42,1.91,2.32,2.95,3.88,3.65
20090203,0.28,,0.32,0.4,0.53,0.96,1.37,1.88,2.28,2.89,3.88,3.64
20090202,0.19,,0.27,0.39,0.51,0.89,1.27,1.75,2.16,2.76,3.75,3.47
20090130,0.15,,0.24,0.36,0.51,0.94,1.32,1.85,2.27,2.87,3.86,3.58
20090129,0.14,,0.23,0.35,0.51,0.95,1.34,1.87,2.28,2.87,3.85,3.57
20090128,0.08,,0.19,0.33,0.48,0.89,1.22,1.7,2.1,2.71,3.73,3.44
20090127,0.05,,0.13,0.32,0.47,0.87,1.15,1.59,1.99,2.59,3.57,3.26
20090126,0.02,,0.14,0.34,0.47,0.85,1.21,1.67,2.09,2.7,3.71,3.39
20090123,0.03,,0.11,0.3,0.46,0.83,1.16,1.64,2.05,2.65,3.65,3.32
20090122,0.03,,0.1,0.29,0.42,0.75,1.11,1.61,2.02,2.62,3.61,3.25
20090121,0.03,,0.11,0.3,0.43,0.78,1.12,1.6,1.99,2.56,3.51,3.15
20090120,0.04,,0.13,0.3,0.42,0.73,1.06,1.48,1.85,2.4,3.3,2.97
20090116,0.04,,0.12,0.29,0.43,0.73,1.05,1.47,1.83,2.36,3.22,2.89
20090115,0.03,,0.11,0.29,0.42,0.73,1.01,1.36,1.71,2.23,3.16,2.86
20090114,0.07,,0.12,0.28,0.42,0.73,1.03,1.36,1.71,2.24,3.17,2.89
20090113,0.02,,0.11,0.29,0.43,0.76,1.07,1.44,1.8,2.33,3.3,3.0
20090112,0.04,,0.12,0.29,0.43,0.74,1.09,1.45,1.81,2.34,3.3,2.99
20090109,0.03,,0.07,0.28,0.43,0.75,1.11,1.51,1.88,2.43,3.39,3.04
20090108,0.04,,0.09,0.28,0.44,0.83,1.16,1.6,1.95,2.47,3.4,3.04
20090107,0.03,,0.11,0.29,0.44,0.82,1.15,1.66,2.02,2.52,3.41,3.05
20090106,0.05,,0.14,0.31,0.45,0.8,1.1,1.68,2.07,2.51,3.41,3.04
20090105,0.05,,0.14,0.32,0.43,0.78,1.08,1.67,2.07,2.49,3.37,3.0
20090102,0.04,,0.08,0.28,0.4,0.88,1.14,1.72,2.07,2.46,3.22,2.83
20101231,0.07,,0.12,0.19,0.29,0.61,1.02,2.01,2.71,3.3,4.13,4.34
20101230,0.05,,0.12,0.2,0.29,0.66,1.07,2.06,2.76,3.38,4.21,4.43
20101229,0.05,,0.13,0.2,0.3,0.64,1.05,2.03,2.75,3.35,4.19,4.41
20101228,0.08,,0.15,0.21,0.31,0.75,1.17,2.18,2.89,3.5,4.33,4.53
20101227,0.06,,0.17,0.22,0.32,0.71,1.11,2.08,2.76,3.36,4.2,4.42
20101223,0.07,,0.14,0.19,0.3,0.67,1.1,2.09,2.8,3.41,4.26,4.47
20101222,0.07,,0.14,0.2,0.3,0.65,1.05,2.02,2.74,3.36,4.23,4.45
20101221,0.09,,0.14,0.19,0.3,0.63,1.02,1.99,2.71,3.35,4.21,4.44
20101220,0.04,,0.14,0.19,0.3,0.62,1.01,1.99,2.72,3.36,4.21,4.44
20101217,0.05,,0.11,0.18,0.3,0.61,0.99,1.97,2.69,3.33,4.19,4.41
20101216,0.08,,0.13,0.19,0.31,0.66,1.05,2.06,2.81,3.47,4.32,4.57
20101215,0.08,,0.14,0.2,0.3,0.68,1.08,2.11,2.88,3.53,4.37,4.59
20101214,0.09,,0.15,0.2,0.3,0.66,1.06,2.08,2.84,3.49,4.32,4.54
20101213,0.1,,0.15,0.19,0.29,0.61,0.98,1.91,2.64,3.29,4.15,4.39
20101210,0.09,,0.13,0.18,0.29,0.64,1.03,1.98,2.7,3.32,4.19,4.43
20101209,0.09,,0.14,0.18,0.3,0.64,0.99,1.9,2.62,3.23,4.15,4.41
20101208,0.08,,0.15,0.18,0.3,0.63,0.97,1.87,2.62,3.26,4.18,4.45
20101207,0.08,,0.14,0.19,0.28,0.54,0.87,1.74,2.51,3.15,4.11,4.39
20101206,0.14,,0.15,0.19,0.26,0.42,0.73,1.53,2.26,2.95,3.94,4.25
20101203,0.14,,0.14,0.19,0.26,0.49,0.8,1.64,2.36,3.03,4.01,4.32
20101202,0.16,,0.16,0.19,0.29,0.55,0.86,1.68,2.37,3.01,3.97,4.27
20101201,0.17,,0.16,0.2,0.28,0.53,0.84,1.64,2.33,2.97,3.95,4.24
20101130,0.18,,0.17,0.21,0.27,0.45,0.72,1.47,2.16,2.81,3.8,4.12
20101129,0.16,,0.18,0.21,0.28,0.52,0.77,1.51,2.19,2.84,3.83,4.16
20101126,0.16,,0.16,0.21,0.28,0.51,0.78,1.53,2.21,2.87,3.88,4.21
20101124,0.16,,0.16,0.2,0.28,0.53,0.81,1.56,2.24,2.93,3.96,4.29
20101123,0.15,,0.15,0.2,0.26,0.45,0.69,1.4,2.08,2.77,3.82,4.18
20101122,0.12,,0.15,0.2,0.26,0.49,0.72,1.44,2.11,2.8,3.85,4.2
20101119,0.12,,0.14,0.19,0.27,0.52,0.78,1.54,2.2,2.88,3.91,4.25
20101118,0.13,,0.15,0.19,0.26,0.52,0.77,1.51,2.2,2.9,3.95,4.29
20101117,0.13,,0.14,0.19,0.26,0.5,0.77,1.49,2.16,2.89,3.95,4.31
20101116,0.13,,0.15,0.19,0.27,0.51,0.79,1.49,2.13,2.85,3.9,4.26
20101115,0.12,,0.14,0.19,0.29,0.53,0.81,1.51,2.16,2.92,4.01,4.38
20101112,0.11,,0.13,0.17,0.27,0.51,0.73,1.35,1.98,2.76,3.88,4.26
20101110,0.12,,0.13,0.16,0.24,0.44,0.63,1.23,1.84,2.65,3.83,4.25
20101109,0.11,,0.13,0.16,0.24,0.46,0.66,1.27,1.91,2.72,3.83,4.25
20101108,0.12,,0.13,0.16,0.22,0.41,0.59,1.13,1.78,2.6,3.7,4.12
20101105,0.13,,0.13,0.16,0.22,0.38,0.51,1.1,1.77,2.58,3.69,4.12
20101104,0.13,,0.13,0.17,0.21,0.33,0.45,1.04,1.73,2.53,3.62,4.04
20101103,0.13,,0.13,0.16,0.22,0.34,0.49,1.11,1.85,2.67,3.71,4.09
20101102,0.13,,0.13,0.16,0.22,0.34,0.51,1.15,1.87,2.63,3.58,3.93
20101101,0.14,,0.13,0.16,0.22,0.34,0.5,1.17,1.9,2.66,3.66,4.01
20101029,0.14,,0.12,0.17,0.22,0.34,0.51,1.17,1.89,2.63,3.64,3.99
20101028,0.14,,0.13,0.18,0.23,0.37,0.56,1.23,1.97,2.69,3.7,4.05
20101027,0.14,,0.14,0.18,0.23,0.4,0.64,1.34,2.06,2.75,3.72,4.06
20101026,0.14,,0.14,0.18,0.23,0.4,0.59,1.27,1.98,2.67,3.66,4.0
20101025,0.13,,0.14,0.18,0.23,0.37,0.55,1.2,1.89,2.59,3.56,3.91
20101022,0.13,,0.13,0.18,0.21,0.35,0.54,1.17,1.88,2.59,3.59,3.94
20101021,0.13,,0.13,0.18,0.22,0.37,0.52,1.15,1.85,2.57,3.59,3.95
20101020,0.14,,0.14,0.17,0.22,0.35,0.52,1.11,1.79,2.51,3.53,3.89
20101019,0.14,,0.14,0.18,0.22,0.37,0.54,1.11,1.79,2.5,3.53,3.9
20101018,0.14,,0.15,0.18,0.23,0.38,0.55,1.14,1.81,2.52,3.57,3.93
20101015,0.14,,0.14,0.17,0.22,0.37,0.59,1.2,1.88,2.59,3.62,3.98
20101014,0.15,,0.14,0.17,0.22,0.38,0.6,1.18,1.83,2.52,3.54,3.91
20101013,0.14,,0.13,0.18,0.22,0.37,0.57,1.13,1.77,2.46,3.48,3.84
20101012,0.14,,0.13,0.17,0.21,0.37,0.59,1.14,1.77,2.44,3.44,3.8
20101011,,,,,,,,,,,,
20101008,0.14,,0.12,0.16,0.21,0.35,0.54,1.11,1.75,2.41,3.39,3.75
20101007,0.15,,0.13,0.17,0.23,0.36,0.54,1.14,1.76,2.41,3.38,3.72
20101006,0.14,,0.13,0.17,0.24,0.38,0.57,1.16,1.77,2.41,3.34,3.67
20101005,0.14,,0.12,0.18,0.25,0.41,0.6,1.21,1.83,2.5,3.41,3.74
20101004,0.15,,0.13,0.19,0.26,0.41,0.62,1.23,1.86,2.5,3.39,3.71
20101001,0.15,,0.16,0.19,0.26,0.42,0.63,1.26,1.9,2.54,3.4,3.71
20100930,0.14,,0.16,0.19,0.27,0.42,0.64,1.27,1.91,2.53,3.38,3.69
20100929,0.12,,0.16,0.2,0.27,0.44,0.67,1.28,1.91,2.52,3.38,3.69
20100928,0.08,,0.16,0.2,0.26,0.37,0.64,1.25,1.85,2.48,3.35,3.66
20100927,0.08,,0.16,0.19,0.26,0.44,0.66,1.31,1.92,2.54,3.4,3.7
20100924,0.09,,0.15,0.19,0.25,0.45,0.69,1.37,2.01,2.62,3.5,3.79
20100923,0.13,,0.16,0.2,0.25,0.45,0.67,1.34,1.96,2.56,3.43,3.73
20100922,0.12,,0.16,0.19,0.25,0.44,0.68,1.33,1.96,2.56,3.43,3.74
20100921,0.12,,0.17,0.2,0.26,0.43,0.68,1.34,1.99,2.61,3.49,3.79
20100920,0.12,,0.17,0.2,0.26,0.47,0.73,1.43,2.1,2.72,3.57,3.87
20100917,0.12,,0.16,0.2,0.26,0.48,0.75,1.46,2.14,2.75,3.6,3.9
20100916,0.12,,0.16,0.2,0.25,0.48,0.77,1.48,2.17,2.77,3.61,3.92
20100915,0.11,,0.15,0.2,0.26,0.5,0.77,1.46,2.13,2.74,3.55,3.87
20100914,0.11,,0.15,0.2,0.26,0.5,0.77,1.43,2.09,2.68,3.48,3.79
20100913,0.1,,0.15,0.19,0.26,0.53,0.82,1.51,2.15,2.74,3.52,3.83
20100910,0.1,,0.14,0.19,0.27,0.58,0.88,1.59,2.24,2.81,3.58,3.88
20100909,0.1,,0.14,0.19,0.26,0.57,0.87,1.57,2.2,2.77,3.54,3.84
20100908,0.1,,0.14,0.19,0.24,0.52,0.8,1.46,2.09,2.66,3.42,3.72
20100907,0.13,,0.14,0.18,0.25,0.49,0.77,1.41,2.04,2.61,3.37,3.67
20100903,0.15,,0.14,0.19,0.25,0.52,0.81,1.49,2.14,2.72,3.49,3.79
20100902,0.15,,0.14,0.18,0.25,0.5,0.76,1.43,2.06,2.63,3.41,3.72
20100901,0.16,,0.13,0.19,0.25,0.5,0.75,1.41,2.02,2.58,3.35,3.65
20100831,0.16,,0.14,0.19,0.25,0.47,0.72,1.33,1.92,2.47,3.23,3.52
20100830,0.16,,0.14,0.19,0.26,0.5,0.75,1.39,1.98,2.54,3.3,3.6
20100827,0.17,,0.15,0.19,0.27,0.56,0.83,1.49,2.09,2.66,3.41,3.69
20100826,0.17,,0.16,0.19,0.25,0.51,0.77,1.38,1.97,2.5,3.25,3.53
20100825,0.17,,0.16,0.19,0.26,0.53,0.77,1.4,2.0,2.54,3.31,3.59
20100824,0.17,,0.16,0.2,0.27,0.5,0.72,1.36,1.95,2.5,3.28,3.57
20100823,0.15,,0.16,0.19,0.25,0.49,0.76,1.43,2.04,2.6,3.37,3.65
20100820,0.15,,0.15,0.19,0.26,0.49,0.78,1.47,2.07,2.62,3.38,3.67
20100819,0.16,,0.16,0.19,0.25,0.49,0.74,1.41,2.02,2.58,3.37,3.66
20100818,0.16,,0.16,0.19,0.25,0.51,0.77,1.46,2.06,2.64,3.44,3.73
20100817,0.16,,0.17,0.19,0.26,0.52,0.78,1.44,2.06,2.64,3.47,3.77
20100816,0.15,,0.16,0.19,0.25,0.51,0.76,1.4,2.0,2.58,3.42,3.72
20100813,0.14,,0.15,0.19,0.26,0.54,0.81,1.47,2.07,2.68,3.56,3.87
20100812,0.15,,0.16,0.18,0.25,0.55,0.81,1.48,2.11,2.74,3.63,3.94
20100811,0.15,,0.15,0.19,0.25,0.54,0.78,1.44,2.08,2.72,3.62,3.93
20100810,0.15,,0.15,0.19,0.25,0.52,0.78,1.46,2.14,2.79,3.7,4.0
20100809,0.14,,0.15,0.19,0.26,0.54,0.81,1.54,2.21,2.86,3.73,4.01
20100806,0.14,,0.15,0.19,0.25,0.5,0.78,1.51,2.21,2.86,3.71,4.0
20100805,0.15,,0.15,0.19,0.27,0.53,0.81,1.57,2.28,2.94,3.78,4.05
20100804,0.15,,0.16,0.2,0.28,0.56,0.86,1.62,2.33,2.98,3.81,4.07
20100803,0.15,,0.16,0.2,0.27,0.53,0.8,1.55,2.27,2.94,3.78,4.04
20100802,0.14,,0.16,0.2,0.28,0.56,0.85,1.64,2.35,2.99,3.82,4.06
20100730,0.14,,0.15,0.2,0.29,0.55,0.84,1.6,2.3,2.94,3.74,3.98
20100729,0.15,,0.15,0.2,0.3,0.59,0.92,1.7,2.4,3.03,3.86,4.08
20100728,0.15,,0.15,0.2,0.3,0.61,0.95,1.75,2.43,3.03,3.86,4.07
20100727,0.16,,0.15,0.21,0.3,0.65,1.02,1.82,2.51,3.08,3.88,4.08
20100726,0.15,,0.16,0.2,0.29,0.62,0.97,1.76,2.45,3.03,3.82,4.03
20100723,0.15,,0.16,0.2,0.27,0.6,0.94,1.75,2.43,3.02,3.81,4.01
20100722,0.15,,0.16,0.2,0.27,0.6,0.92,1.69,2.38,2.96,3.75,3.95
20100721,0.16,,0.16,0.19,0.27,0.58,0.91,1.66,2.32,2.9,3.68,3.89
20100720,0.16,,0.16,0.19,0.27,0.61,0.94,1.71,2.39,2.98,3.78,3.99
20100719,0.15,,0.17,0.2,0.28,0.61,0.95,1.73,2.4,2.99,3.78,3.99
20100716,0.14,,0.15,0.19,0.28,0.61,0.94,1.7,2.37,2.96,3.74,3.95
20100715,0.16,,0.15,0.2,0.27,0.61,0.98,1.76,2.43,3.0,3.77,3.97
20100714,0.16,,0.15,0.19,0.27,0.62,1.02,1.82,2.49,3.07,3.84,4.03
20100713,0.16,,0.15,0.2,0.3,0.67,1.09,1.9,2.57,3.15,3.92,4.1
20100712,0.16,,0.16,0.2,0.3,0.65,1.06,1.85,2.51,3.08,3.86,4.05
20100709,0.16,,0.16,0.2,0.3,0.63,1.03,1.85,2.52,3.07,3.85,4.04
20100708,0.17,,0.15,0.19,0.3,0.63,1.01,1.8,2.48,3.04,3.81,4.0
20100707,0.17,,0.16,0.2,0.31,0.63,1.01,1.79,2.45,3.0,3.78,3.96
20100706,0.17,,0.17,0.21,0.32,0.62,1.0,1.76,2.4,2.95,3.71,3.89
20100702,0.16,,0.17,0.22,0.31,0.63,1.04,1.82,2.46,3.0,3.77,3.94
20100701,0.16,,0.17,0.22,0.32,0.63,1.01,1.8,2.43,2.96,3.71,3.88
20100630,0.17,,0.18,0.22,0.32,0.61,1.0,1.79,2.42,2.97,3.74,3.91
20100629,0.09,,0.15,0.22,0.31,0.61,0.99,1.78,2.43,2.97,3.76,3.94
20100628,0.07,,0.17,0.22,0.3,0.62,1.03,1.83,2.49,3.05,3.82,4.01
20100625,0.05,,0.13,0.2,0.29,0.65,1.07,1.9,2.57,3.12,3.89,4.07
20100624,0.07,,0.13,0.19,0.29,0.67,1.1,1.93,2.59,3.14,3.91,4.09
20100623,0.07,,0.13,0.19,0.3,0.66,1.11,1.93,2.58,3.13,3.87,4.05
20100622,0.08,,0.13,0.18,0.29,0.71,1.15,1.98,2.64,3.18,3.92,4.1
20100621,0.05,,0.12,0.17,0.29,0.74,1.21,2.05,2.72,3.26,3.99,4.17
20100618,0.04,,0.11,0.17,0.3,0.74,1.2,2.04,2.7,3.24,3.97,4.15
20100617,0.05,,0.09,0.16,0.28,0.72,1.18,2.01,2.67,3.21,3.95,4.13
20100616,0.06,,0.1,0.17,0.3,0.75,1.22,2.06,2.73,3.27,4.0,4.18
20100615,0.03,,0.09,0.16,0.31,0.79,1.26,2.1,2.77,3.32,4.06,4.23
20100614,0.02,,0.07,0.15,0.31,0.77,1.23,2.07,2.73,3.28,4.02,4.2
20100611,0.04,,0.08,0.16,0.3,0.75,1.21,2.03,2.68,3.24,3.97,4.15
20100610,0.06,,0.1,0.18,0.34,0.79,1.27,2.12,2.78,3.33,4.06,4.25
20100609,0.08,,0.1,0.17,0.33,0.74,1.19,1.99,2.64,3.2,3.94,4.12
20100608,0.1,,0.12,0.19,0.34,0.74,1.21,1.98,2.63,3.18,3.92,4.1
20100607,0.1,,0.12,0.21,0.35,0.74,1.17,1.95,2.62,3.17,3.93,4.11
20100604,0.12,,0.14,0.22,0.34,0.72,1.17,1.98,2.65,3.2,3.95,4.13
20100603,0.13,,0.14,0.22,0.38,0.82,1.31,2.17,2.84,3.39,4.12,4.29
20100602,0.13,,0.16,0.22,0.38,0.82,1.3,2.14,2.81,3.35,4.08,4.24
20100601,0.14,,0.16,0.23,0.35,0.78,1.26,2.09,2.74,3.29,4.03,4.19
20100528,0.15,,0.16,0.22,0.34,0.76,1.26,2.1,2.75,3.31,4.05,4.22
20100527,0.16,,0.17,0.23,0.37,0.87,1.35,2.18,2.81,3.34,4.08,4.24
20100526,0.16,,0.17,0.23,0.37,0.82,1.28,2.06,2.68,3.21,3.94,4.11
20100525,0.16,,0.17,0.22,0.36,0.81,1.21,2.01,2.63,3.18,3.91,4.07
20100524,0.16,,0.17,0.23,0.35,0.77,1.21,2.04,2.69,3.23,3.96,4.12
20100521,0.17,,0.17,0.24,0.35,0.76,1.19,2.02,2.67,3.2,3.91,4.07
20100520,0.17,,0.17,0.22,0.34,0.76,1.2,2.04,2.71,3.25,3.96,4.13
20100519,0.17,,0.17,0.23,0.35,0.8,1.26,2.13,2.82,3.36,4.07,4.24
20100518,0.17,,0.17,0.23,0.35,0.76,1.23,2.11,2.82,3.38,4.08,4.26
20100517,0.16,,0.16,0.23,0.36,0.81,1.3,2.2,2.9,3.47,4.17,4.35
20100514,0.15,,0.16,0.22,0.34,0.79,1.28,2.16,2.87,3.44,4.13,4.32
20100513,0.15,,0.16,0.22,0.4,0.87,1.37,2.27,2.98,3.55,4.26,4.47
20100512,0.16,,0.16,0.22,0.4,0.89,1.4,2.29,3.01,3.56,4.29,4.47
20100511,0.15,,0.16,0.23,0.38,0.85,1.37,2.26,2.97,3.56,4.24,4.42
20100510,0.13,,0.16,0.22,0.39,0.87,1.4,2.27,2.98,3.57,4.23,4.41
20100507,0.08,,0.13,0.21,0.38,0.83,1.32,2.17,2.87,3.45,4.11,4.28
20100506,0.06,,0.11,0.16,0.34,0.75,1.27,2.13,2.83,3.41,4.03,4.19
20100505,0.14,,0.15,0.22,0.39,0.88,1.43,2.31,3.0,3.58,4.23,4.39
20100504,0.15,,0.16,0.24,0.43,0.96,1.49,2.38,3.07,3.63,4.27,4.43
20100503,0.14,,0.17,0.25,0.43,1.0,1.56,2.47,3.16,3.72,4.37,4.53
20100430,0.14,,0.16,0.25,0.41,0.97,1.51,2.43,3.12,3.69,4.36,4.53
20100429,0.15,,0.17,0.23,0.42,1.01,1.58,2.49,3.19,3.76,4.42,4.6
20100428,0.14,,0.16,0.24,0.43,1.03,1.61,2.53,3.23,3.8,4.47,4.63
20100427,0.14,,0.16,0.24,0.42,1.03,1.55,2.46,3.14,3.71,4.4,4.56
20100426,0.14,,0.16,0.25,0.47,1.09,1.67,2.6,3.28,3.83,4.5,4.67
20100423,0.14,,0.16,0.26,0.46,1.1,1.68,2.61,3.3,3.84,4.51,4.67
20100422,0.15,,0.16,0.24,0.45,1.07,1.64,2.57,3.26,3.8,4.48,4.65
20100421,0.14,,0.15,0.23,0.44,1.03,1.6,2.52,3.2,3.77,4.45,4.61
20100420,0.14,,0.16,0.24,0.42,1.05,1.62,2.56,3.25,3.82,4.51,4.67
20100419,0.15,,0.16,0.23,0.43,1.01,1.59,2.54,3.25,3.83,4.54,4.7
20100416,0.15,,0.16,0.24,0.41,0.98,1.56,2.49,3.2,3.79,4.5,4.67
20100415,0.16,,0.16,0.23,0.43,1.04,1.62,2.57,3.28,3.86,4.56,4.72
20100414,0.15,,0.16,0.24,0.45,1.07,1.65,2.61,3.31,3.88,4.57,4.72
20100413,0.15,,0.16,0.24,0.45,1.07,1.65,2.58,3.27,3.84,4.52,4.68
20100412,0.15,,0.16,0.24,0.46,1.07,1.65,2.6,3.29,3.87,4.54,4.7
20100409,0.16,,0.16,0.25,0.46,1.08,1.68,2.65,3.34,3.9,4.58,4.74
20100408,0.16,,0.17,0.24,0.46,1.09,1.68,2.64,3.36,3.91,4.6,4.75
20100407,0.16,,0.17,0.25,0.47,1.06,1.66,2.62,3.33,3.89,4.58,4.74
20100406,0.17,,0.17,0.26,0.49,1.14,1.74,2.71,3.42,3.98,4.68,4.84
20100405,0.16,,0.18,0.27,0.48,1.18,1.77,2.75,3.46,4.01,4.69,4.85
20100402,0.15,,0.16,0.26,0.46,1.11,1.7,2.67,3.4,3.96,4.65,4.81
20100401,0.16,,0.16,0.24,0.42,1.05,1.63,2.59,3.32,3.89,4.58,4.74
20100331,0.15,,0.16,0.24,0.41,1.02,1.6,2.55,3.28,3.84,4.55,4.72
20100330,0.13,,0.16,0.24,0.44,1.06,1.65,2.6,3.32,3.88,4.59,4.75
20100329,0.11,,0.15,0.24,0.42,1.04,1.65,2.6,3.32,3.88,4.61,4.76
20100326,0.11,,0.14,0.25,0.43,1.04,1.64,2.59,3.31,3.86,4.6,4.75
20100325,0.12,,0.14,0.25,0.44,1.1,1.69,2.65,3.37,3.91,4.63,4.77
20100324,0.12,,0.14,0.23,0.44,1.08,1.67,2.62,3.28,3.84,4.56,4.72
20100323,0.11,,0.14,0.23,0.4,1.02,1.55,2.44,3.13,3.69,4.43,4.6
20100322,0.13,,0.15,0.24,0.41,1.01,1.54,2.43,3.12,3.67,4.41,4.57
20100319,0.13,,0.16,0.25,0.42,1.02,1.56,2.48,3.16,3.7,4.41,4.58
20100318,0.14,,0.16,0.26,0.41,0.98,1.52,2.44,3.14,3.68,4.43,4.59
20100317,0.13,,0.15,0.23,0.41,0.95,1.47,2.38,3.1,3.65,4.41,4.56
20100316,0.14,,0.16,0.24,0.41,0.93,1.47,2.37,3.1,3.66,4.43,4.59
20100315,0.12,,0.17,0.24,0.4,0.96,1.49,2.42,3.15,3.71,4.48,4.63
20100312,0.1,,0.15,0.24,0.41,0.97,1.5,2.42,3.15,3.71,4.47,4.62
20100311,0.12,,0.16,0.22,0.4,0.97,1.5,2.43,3.16,3.73,4.51,4.66
20100310,0.12,,0.15,0.21,0.39,0.92,1.45,2.39,3.14,3.73,4.53,4.69
20100309,0.12,,0.16,0.21,0.37,0.89,1.43,2.34,3.11,3.71,4.53,4.68
20100308,0.11,,0.16,0.21,0.39,0.9,1.43,2.36,3.13,3.72,4.52,4.68
20100305,0.11,,0.15,0.2,0.38,0.91,1.43,2.35,3.1,3.69,4.49,4.64
20100304,0.09,,0.14,0.19,0.35,0.86,1.38,2.28,3.03,3.61,4.4,4.56
20100303,0.09,,0.14,0.19,0.33,0.82,1.34,2.27,3.04,3.63,4.43,4.58
20100302,0.09,,0.14,0.19,0.32,0.8,1.33,2.27,3.04,3.62,4.42,4.57
20100301,0.09,,0.13,0.19,0.32,0.8,1.34,2.28,3.04,3.61,4.41,4.56
20100226,0.09,,0.13,0.19,0.32,0.81,1.36,2.3,3.05,3.61,4.4,4.55
20100225,0.09,,0.13,0.19,0.32,0.82,1.38,2.33,3.09,3.64,4.44,4.58
20100224,0.08,,0.12,0.19,0.34,0.87,1.42,2.4,3.14,3.7,4.49,4.63
20100223,0.08,,0.12,0.2,0.36,0.87,1.42,2.37,3.13,3.69,4.49,4.63
20100222,0.06,,0.11,0.19,0.37,0.91,1.48,2.47,3.25,3.8,4.6,4.73
20100219,0.06,,0.11,0.2,0.39,0.95,1.51,2.48,3.24,3.78,4.58,4.71
20100218,0.07,,0.1,0.18,0.37,0.9,1.47,2.46,3.23,3.79,4.61,4.74
20100217,0.07,,0.1,0.18,0.35,0.87,1.42,2.4,3.16,3.74,4.56,4.7
20100216,0.04,,0.1,0.18,0.34,0.82,1.36,2.32,3.08,3.66,4.49,4.63
20100212,0.04,,0.1,0.18,0.35,0.84,1.38,2.35,3.11,3.69,4.52,4.66
20100211,0.05,,0.11,0.18,0.38,0.91,1.43,2.39,3.15,3.73,4.54,4.69
20100210,0.06,,0.11,0.19,0.38,0.91,1.44,2.39,3.14,3.72,4.51,4.65
20100209,0.05,,0.12,0.18,0.34,0.84,1.37,2.32,3.08,3.67,4.44,4.58
20100208,0.04,,0.12,0.17,0.32,0.79,1.3,2.26,3.03,3.62,4.38,4.52
20100205,0.03,,0.1,0.17,0.31,0.77,1.28,2.23,3.0,3.59,4.36,4.51
20100204,0.04,,0.09,0.16,0.32,0.8,1.34,2.29,3.06,3.62,4.39,4.53
20100203,0.05,,0.1,0.17,0.35,0.88,1.44,2.4,3.16,3.73,4.49,4.62
20100202,0.04,,0.1,0.17,0.33,0.86,1.41,2.37,3.11,3.67,4.42,4.55
20100201,0.05,,0.1,0.17,0.33,0.86,1.41,2.38,3.12,3.68,4.43,4.56
20100129,0.02,,0.08,0.15,0.3,0.82,1.38,2.34,3.08,3.63,4.38,4.51
20100128,0.01,,0.08,0.15,0.31,0.87,1.44,2.41,3.15,3.68,4.44,4.57
20100127,0.01,,0.08,0.16,0.33,0.9,1.46,2.43,3.14,3.66,4.42,4.55
20100126,0.02,,0.07,0.14,0.32,0.87,1.4,2.38,3.11,3.65,4.43,4.56
20100125,0.02,,0.06,0.14,0.3,0.86,1.4,2.39,3.12,3.66,4.42,4.55
20100122,0.02,,0.06,0.14,0.3,0.84,1.39,2.37,3.09,3.62,4.38,4.5
20100121,0.02,,0.06,0.14,0.31,0.87,1.41,2.38,3.09,3.62,4.38,4.5
20100120,0.03,,0.05,0.14,0.31,0.92,1.46,2.45,3.16,3.68,4.43,4.54
20100119,0.03,,0.06,0.14,0.33,0.93,1.48,2.48,3.2,3.73,4.49,4.6
20100115,0.03,,0.06,0.15,0.33,0.89,1.44,2.44,3.17,3.7,4.48,4.58
20100114,0.02,,0.05,0.14,0.34,0.94,1.49,2.51,3.23,3.76,4.52,4.63
20100113,0.02,,0.06,0.15,0.37,0.97,1.54,2.55,3.28,3.8,4.6,4.71
20100112,0.02,,0.05,0.14,0.34,0.92,1.5,2.49,3.22,3.74,4.52,4.62
20100111,0.01,,0.04,0.13,0.35,0.95,1.55,2.58,3.32,3.85,4.64,4.74
20100108,0.02,,0.05,0.15,0.37,0.96,1.56,2.57,3.31,3.83,4.61,4.7
20100107,0.02,,0.05,0.16,0.4,1.03,1.62,2.62,3.33,3.85,4.62,4.69
20100106,0.03,,0.06,0.15,0.4,1.01,1.6,2.6,3.33,3.85,4.63,4.7
20100105,0.03,,0.07,0.17,0.41,1.01,1.57,2.56,3.28,3.77,4.54,4.59
20100104,0.05,,0.08,0.18,0.45,1.09,1.66,2.65,3.36,3.85,4.6,4.65
20111230,0.01,,0.02,0.06,0.12,0.25,0.36,0.83,1.35,1.89,2.57,2.89
20111229,0.0,,0.02,0.07,0.12,0.28,0.41,0.88,1.38,1.91,2.58,2.9
20111228,0.0,,0.01,0.05,0.12,0.28,0.42,0.91,1.41,1.93,2.59,2.91
20111227,0.01,,0.02,0.06,0.12,0.3,0.45,0.96,1.49,2.02,2.72,3.04
20111223,0.0,,0.01,0.04,0.12,0.28,0.45,0.97,1.49,2.03,2.73,3.05
20111222,0.0,,0.01,0.03,0.12,0.28,0.41,0.91,1.43,1.97,2.67,2.99
20111221,0.0,,0.01,0.04,0.13,0.28,0.4,0.91,1.44,1.98,2.67,3.0
20111220,0.0,,0.01,0.04,0.12,0.26,0.39,0.88,1.39,1.94,2.61,2.93
20111219,0.0,,0.01,0.04,0.11,0.24,0.36,0.82,1.3,1.82,2.48,2.79
20111216,0.0,,0.0,0.04,0.11,0.24,0.35,0.81,1.32,1.86,2.54,2.86
20111215,0.0,,0.0,0.05,0.12,0.26,0.37,0.86,1.38,1.92,2.6,2.92
20111214,0.0,,0.01,0.05,0.12,0.25,0.36,0.86,1.38,1.92,2.59,2.91
20111213,0.0,,0.01,0.06,0.11,0.24,0.35,0.85,1.4,1.96,2.66,2.98
20111212,0.0,,0.01,0.05,0.1,0.24,0.36,0.87,1.45,2.03,2.75,3.06
20111209,0.0,,0.01,0.05,0.11,0.22,0.37,0.89,1.48,2.07,2.79,3.1
20111208,0.0,,0.01,0.04,0.1,0.22,0.35,0.86,1.41,1.99,2.7,3.0
20111207,0.0,,0.02,0.05,0.11,0.24,0.36,0.89,1.46,2.02,2.74,3.04
20111206,0.0,,0.01,0.04,0.11,0.25,0.41,0.94,1.52,2.08,2.74,3.09
20111205,0.01,,0.01,0.05,0.11,0.27,0.4,0.93,1.49,2.04,2.73,3.02
20111202,0.02,,0.02,0.06,0.12,0.25,0.39,0.92,1.49,2.05,2.74,3.03
20111201,0.02,,0.01,0.05,0.12,0.27,0.41,0.97,1.55,2.11,2.82,3.12
20111130,0.02,,0.01,0.06,0.12,0.25,0.41,0.96,1.53,2.08,2.77,3.06
20111129,0.02,,0.02,0.05,0.14,0.27,0.4,0.93,1.48,2.0,2.66,2.96
20111128,0.02,,0.03,0.07,0.13,0.26,0.39,0.91,1.44,1.97,2.63,2.93
20111125,0.02,,0.02,0.07,0.13,0.28,0.41,0.93,1.45,1.97,2.62,2.92
20111123,0.02,,0.02,0.06,0.12,0.26,0.4,0.88,1.38,1.89,2.53,2.82
20111122,0.02,,0.02,0.06,0.11,0.26,0.4,0.91,1.42,1.94,2.6,2.91
20111121,0.02,,0.02,0.05,0.11,0.27,0.41,0.92,1.45,1.97,2.65,2.96
20111118,0.02,,0.01,0.04,0.12,0.29,0.43,0.94,1.48,2.01,2.69,2.99
20111117,0.01,,0.02,0.04,0.1,0.27,0.4,0.88,1.41,1.96,2.66,2.98
20111116,0.01,,0.01,0.04,0.11,0.26,0.4,0.9,1.44,2.01,2.73,3.05
20111115,0.01,,0.01,0.05,0.11,0.26,0.4,0.93,1.48,2.06,2.79,3.1
20111114,0.01,,0.01,0.04,0.09,0.24,0.39,0.91,1.46,2.04,2.77,3.09
20111110,0.01,,0.01,0.03,0.1,0.24,0.38,0.9,1.45,2.04,2.8,3.12
20111109,0.01,,0.01,0.04,0.1,0.24,0.37,0.88,1.41,2.0,2.73,3.03
20111108,0.01,,0.01,0.03,0.1,0.25,0.39,0.92,1.5,2.1,2.84,3.13
20111107,0.01,,0.01,0.04,0.09,0.25,0.38,0.88,1.44,2.04,2.77,3.05
20111104,0.01,,0.01,0.03,0.11,0.22,0.37,0.88,1.45,2.06,2.81,3.09
20111103,0.01,,0.01,0.04,0.11,0.24,0.39,0.91,1.48,2.09,2.83,3.1
20111102,0.01,,0.01,0.04,0.11,0.23,0.37,0.89,1.44,2.03,2.75,3.03
20111101,0.01,,0.01,0.05,0.13,0.23,0.38,0.9,1.45,2.01,2.73,2.99
20111031,0.02,,0.01,0.06,0.12,0.25,0.41,0.99,1.58,2.17,2.89,3.16
20111028,0.02,,0.01,0.06,0.13,0.28,0.5,1.13,1.74,2.34,3.09,3.36
20111027,0.02,,0.02,0.07,0.14,0.31,0.53,1.2,1.83,2.42,3.18,3.45
20111026,0.01,,0.02,0.06,0.13,0.28,0.48,1.09,1.68,2.23,2.95,3.22
20111025,0.01,,0.01,0.06,0.11,0.26,0.43,1.01,1.6,2.14,2.86,3.13
20111024,0.01,,0.02,0.06,0.11,0.3,0.47,1.1,1.7,2.25,3.0,3.27
20111021,0.01,,0.02,0.05,0.12,0.3,0.46,1.08,1.66,2.23,2.98,3.26
20111020,0.02,,0.03,0.06,0.12,0.28,0.46,1.07,1.64,2.2,2.92,3.19
20111019,0.01,,0.03,0.06,0.11,0.28,0.46,1.05,1.62,2.18,2.9,3.17
20111018,0.02,,0.04,0.07,0.12,0.28,0.47,1.07,1.64,2.19,2.91,3.17
20111017,0.02,,0.04,0.06,0.12,0.28,0.48,1.08,1.65,2.18,2.88,3.13
20111014,0.02,,0.02,0.06,0.11,0.28,0.5,1.12,1.71,2.26,2.97,3.22
20111013,0.02,,0.02,0.05,0.11,0.29,0.51,1.11,1.67,2.19,2.9,3.15
20111012,0.01,,0.02,0.06,0.09,0.29,0.54,1.17,1.72,2.24,2.94,3.19
20111011,0.01,,0.02,0.05,0.12,0.32,0.54,1.14,1.68,2.18,2.87,3.11
20111007,0.01,,0.01,0.04,0.11,0.3,0.5,1.08,1.61,2.1,2.78,3.02
20111006,0.01,,0.01,0.03,0.09,0.29,0.46,1.01,1.52,2.01,2.71,2.96
20111005,0.0,,0.0,0.03,0.1,0.25,0.43,0.96,1.45,1.92,2.62,2.87
20111004,0.01,,0.01,0.04,0.11,0.25,0.4,0.9,1.35,1.81,2.53,2.77
20111003,0.01,,0.02,0.06,0.12,0.24,0.39,0.87,1.33,1.8,2.51,2.76
20110930,0.02,,0.02,0.06,0.13,0.25,0.42,0.96,1.43,1.92,2.66,2.9
20110929,0.0,,0.02,0.05,0.11,0.27,0.43,0.98,1.48,1.99,2.76,3.03
20110928,0.0,,0.02,0.04,0.12,0.27,0.42,0.99,1.5,2.03,2.82,3.1
20110927,0.0,,0.01,0.04,0.1,0.25,0.42,0.97,1.49,2.0,2.79,3.08
20110926,0.0,,0.02,0.03,0.1,0.25,0.39,0.92,1.41,1.91,2.69,2.99
20110923,0.0,,0.01,0.02,0.1,0.23,0.37,0.89,1.35,1.84,2.59,2.89
20110922,0.0,,0.0,0.03,0.1,0.2,0.34,0.79,1.24,1.72,2.48,2.78
20110921,0.01,,0.01,0.04,0.11,0.21,0.37,0.88,1.36,1.88,2.69,3.03
20110920,0.0,,0.01,0.03,0.09,0.18,0.3,0.85,1.39,1.95,2.82,3.2
20110919,0.0,,0.01,0.04,0.08,0.16,0.29,0.85,1.4,1.97,2.84,3.22
20110916,0.01,,0.01,0.02,0.09,0.18,0.33,0.94,1.5,2.08,2.96,3.34
20110915,0.0,,0.01,0.03,0.1,0.21,0.35,0.95,1.51,2.09,2.97,3.36
20110914,0.0,,0.01,0.03,0.09,0.19,0.35,0.91,1.45,2.03,2.92,3.32
20110913,0.0,,0.01,0.05,0.1,0.21,0.35,0.89,1.42,2.0,2.92,3.32
20110912,0.01,,0.01,0.05,0.11,0.21,0.35,0.87,1.38,1.94,2.84,3.24
20110909,0.0,,0.01,0.05,0.11,0.17,0.31,0.81,1.34,1.93,2.86,3.26
20110908,0.01,,0.02,0.07,0.12,0.19,0.33,0.88,1.41,2.0,2.92,3.32
20110907,0.0,,0.02,0.06,0.11,0.21,0.34,0.92,1.45,2.05,2.96,3.36
20110906,0.02,,0.02,0.07,0.13,0.21,0.33,0.88,1.4,1.98,2.86,3.26
20110902,0.02,,0.02,0.05,0.1,0.2,0.33,0.88,1.41,2.02,2.92,3.32
20110901,0.02,,0.02,0.05,0.1,0.19,0.31,0.9,1.49,2.15,3.1,3.51
20110831,0.01,,0.02,0.05,0.1,0.2,0.33,0.96,1.56,2.23,3.19,3.6
20110830,0.01,,0.01,0.05,0.09,0.2,0.33,0.94,1.52,2.19,3.12,3.53
20110829,0.0,,0.02,0.05,0.09,0.2,0.35,0.99,1.6,2.28,3.22,3.63
20110826,0.0,,0.01,0.02,0.09,0.2,0.33,0.94,1.52,2.19,3.13,3.54
20110825,0.01,,0.01,0.03,0.1,0.22,0.37,0.98,1.57,2.23,3.17,3.6
20110824,0.02,,0.02,0.04,0.11,0.23,0.41,1.05,1.62,2.29,3.23,3.63
20110823,0.01,,0.01,0.04,0.1,0.22,0.38,0.95,1.5,2.15,3.06,3.47
20110822,0.01,,0.01,0.04,0.09,0.22,0.37,0.94,1.47,2.1,3.0,3.42
20110819,0.0,,0.02,0.04,0.1,0.2,0.34,0.9,1.43,2.07,2.97,3.39
20110818,0.01,,0.01,0.05,0.1,0.2,0.33,0.9,1.43,2.08,3.02,3.45
20110817,0.01,,0.01,0.06,0.12,0.19,0.33,0.92,1.48,2.17,3.14,3.57
20110816,0.02,,0.03,0.07,0.12,0.2,0.33,0.95,1.54,2.23,3.23,3.67
20110815,0.0,,0.02,0.08,0.12,0.19,0.34,0.99,1.6,2.29,3.29,3.75
20110812,0.01,,0.02,0.07,0.11,0.2,0.32,0.96,1.56,2.24,3.24,3.72
20110811,0.01,,0.03,0.08,0.1,0.19,0.34,1.02,1.65,2.34,3.34,3.82
20110810,0.02,,0.02,0.06,0.09,0.19,0.33,0.93,1.52,2.17,3.08,3.54
20110809,0.02,,0.03,0.06,0.11,0.19,0.33,0.91,1.53,2.2,3.17,3.56
20110808,0.02,,0.05,0.07,0.12,0.27,0.45,1.11,1.75,2.4,3.31,3.68
20110805,0.01,,0.01,0.05,0.11,0.28,0.49,1.23,1.91,2.58,3.49,3.82
20110804,0.01,,0.02,0.05,0.12,0.27,0.44,1.12,1.78,2.47,3.37,3.7
20110803,0.01,,0.02,0.08,0.16,0.33,0.52,1.25,1.94,2.64,3.55,3.89
20110802,0.05,,0.06,0.13,0.17,0.33,0.5,1.23,1.94,2.66,3.59,3.93
20110801,0.13,,0.1,0.16,0.22,0.38,0.55,1.32,2.05,2.77,3.72,4.07
20110729,0.16,,0.1,0.16,0.2,0.36,0.55,1.35,2.09,2.82,3.77,4.12
20110728,0.1,,0.07,0.13,0.21,0.42,0.68,1.52,2.26,2.98,3.93,4.26
20110727,0.08,,0.08,0.12,0.21,0.44,0.71,1.56,2.28,3.01,3.95,4.29
20110726,0.07,,0.07,0.11,0.21,0.41,0.66,1.51,2.25,2.99,3.94,4.28
20110725,0.05,,0.05,0.1,0.2,0.42,0.69,1.55,2.29,3.03,3.98,4.31
20110722,0.05,,0.05,0.09,0.2,0.4,0.66,1.53,2.26,2.99,3.93,4.26
20110721,0.04,,0.05,0.09,0.2,0.4,0.69,1.56,2.3,3.03,3.98,4.31
20110720,0.01,,0.02,0.08,0.19,0.4,0.64,1.49,2.22,2.96,3.92,4.25
20110719,0.02,,0.03,0.07,0.17,0.39,0.63,1.45,2.17,2.91,3.86,4.19
20110718,0.01,,0.02,0.06,0.15,0.37,0.62,1.45,2.18,2.94,3.95,4.29
20110715,0.02,,0.02,0.05,0.15,0.37,0.62,1.46,2.19,2.94,3.92,4.26
20110714,0.01,,0.01,0.05,0.15,0.38,0.66,1.51,2.24,2.98,3.92,4.25
20110713,0.01,,0.01,0.05,0.16,0.37,0.62,1.45,2.18,2.92,3.85,4.17
20110712,0.01,,0.03,0.07,0.18,0.37,0.63,1.47,2.2,2.92,3.86,4.19
20110711,0.02,,0.03,0.07,0.17,0.37,0.64,1.49,2.22,2.94,3.88,4.2
20110708,0.03,,0.03,0.07,0.17,0.4,0.7,1.57,2.32,3.03,3.97,4.27
20110707,0.03,,0.03,0.07,0.2,0.49,0.83,1.74,2.48,3.17,4.08,4.37
20110706,0.01,,0.01,0.06,0.19,0.43,0.75,1.66,2.41,3.12,4.05,4.35
20110705,0.01,,0.02,0.08,0.19,0.44,0.77,1.7,2.46,3.16,4.09,4.39
20110701,0.01,,0.02,0.1,0.2,0.5,0.85,1.8,2.54,3.22,4.12,4.4
20110630,0.01,,0.03,0.1,0.19,0.45,0.81,1.76,2.5,3.18,4.09,4.38
20110629,0.01,,0.02,0.11,0.19,0.47,0.79,1.7,2.44,3.14,4.08,4.39
20110628,0.01,,0.03,0.11,0.21,0.48,0.75,1.62,2.33,3.05,4.01,4.33
20110627,0.01,,0.02,0.1,0.18,0.41,0.64,1.47,2.19,2.95,3.94,4.28
20110624,0.01,,0.02,0.07,0.16,0.35,0.57,1.4,2.13,2.88,3.83,4.17
20110623,0.01,,0.01,0.07,0.15,0.35,0.62,1.48,2.19,2.93,3.84,4.17
20110622,0.01,,0.02,0.09,0.16,0.39,0.68,1.58,2.29,3.01,3.91,4.22
20110621,0.01,,0.03,0.1,0.18,0.4,0.69,1.57,2.27,2.99,3.9,4.21
20110620,0.02,,0.03,0.1,0.18,0.38,0.68,1.55,2.25,2.97,3.87,4.19
20110617,0.02,,0.04,0.1,0.17,0.38,0.68,1.53,2.23,2.94,3.86,4.19
20110616,0.02,,0.05,0.11,0.18,0.38,0.68,1.52,2.22,2.93,3.84,4.16
20110615,0.02,,0.05,0.11,0.19,0.38,0.68,1.55,2.26,2.98,3.89,4.19
20110614,0.03,,0.05,0.11,0.19,0.45,0.79,1.7,2.41,3.11,4.0,4.3
20110613,0.02,,0.05,0.11,0.18,0.4,0.72,1.59,2.3,3.0,3.89,4.2
20110610,0.02,,0.05,0.1,0.19,0.41,0.71,1.58,2.28,2.99,3.87,4.18
20110609,0.02,,0.05,0.1,0.19,0.43,0.73,1.6,2.3,3.01,3.91,4.22
20110608,0.01,,0.04,0.11,0.18,0.39,0.68,1.52,2.24,2.98,3.88,4.2
20110607,0.01,,0.05,0.11,0.18,0.39,0.74,1.59,2.29,3.01,3.94,4.27
20110606,0.03,,0.05,0.1,0.18,0.43,0.74,1.6,2.29,3.01,3.92,4.25
20110603,0.04,,0.04,0.1,0.18,0.42,0.75,1.6,2.28,2.99,3.9,4.22
20110602,0.04,,0.04,0.11,0.19,0.45,0.78,1.65,2.34,3.04,3.92,4.25
20110601,0.04,,0.05,0.11,0.18,0.44,0.74,1.6,2.28,2.96,3.83,4.15
20110531,0.04,,0.06,0.12,0.18,0.45,0.79,1.68,2.37,3.05,3.91,4.22
20110527,0.04,,0.05,0.11,0.18,0.48,0.81,1.71,2.39,3.07,3.94,4.24
20110526,0.04,,0.05,0.1,0.18,0.48,0.83,1.72,2.4,3.07,3.93,4.23
20110525,0.04,,0.06,0.1,0.18,0.54,0.9,1.81,2.47,3.13,3.99,4.28
20110524,0.04,,0.06,0.11,0.2,0.56,0.91,1.81,2.47,3.12,3.96,4.26
20110523,0.03,,0.06,0.1,0.2,0.55,0.91,1.8,2.47,3.13,3.97,4.27
20110520,0.03,,0.05,0.1,0.18,0.55,0.92,1.82,2.5,3.15,4.0,4.3
20110519,0.02,,0.05,0.1,0.19,0.55,0.94,1.85,2.53,3.17,4.01,4.3
20110518,0.03,,0.05,0.08,0.19,0.58,0.97,1.87,2.53,3.18,4.0,4.29
20110517,0.03,,0.04,0.07,0.19,0.55,0.91,1.8,2.47,3.12,3.94,4.23
20110516,0.02,,0.04,0.07,0.18,0.54,0.93,1.83,2.5,3.15,3.99,4.28
20110513,0.01,,0.03,0.08,0.19,0.57,0.96,1.86,2.53,3.18,4.03,4.32
20110512,0.01,,0.02,0.07,0.18,0.57,0.98,1.89,2.56,3.22,4.07,4.37
20110511,0.01,,0.03,0.07,0.18,0.56,0.96,1.87,2.53,3.19,4.04,4.31
20110510,0.02,,0.03,0.07,0.19,0.59,1.03,1.91,2.57,3.23,4.07,4.34
20110509,0.01,,0.03,0.07,0.17,0.57,0.94,1.84,2.51,3.17,4.03,4.3
20110506,0.02,,0.02,0.07,0.18,0.57,0.96,1.87,2.54,3.19,4.03,4.29
20110505,0.01,,0.02,0.07,0.2,0.58,0.97,1.88,2.54,3.18,4.0,4.26
20110504,0.02,,0.03,0.07,0.19,0.6,1.0,1.95,2.61,3.25,4.08,4.33
20110503,0.02,,0.03,0.09,0.2,0.61,1.01,1.96,2.64,3.28,4.11,4.36
20110502,0.02,,0.05,0.1,0.22,0.61,1.01,1.96,2.66,3.31,4.14,4.38
20110429,0.02,,0.04,0.11,0.22,0.61,1.01,1.97,2.66,3.32,4.15,4.4
20110428,0.02,,0.04,0.1,0.23,0.62,1.03,2.0,2.69,3.34,4.18,4.42
20110427,0.03,,0.06,0.11,0.22,0.65,1.09,2.06,2.74,3.39,4.21,4.45
20110426,0.02,,0.07,0.11,0.22,0.65,1.09,2.05,2.71,3.34,4.16,4.39
20110425,0.03,,0.07,0.12,0.23,0.67,1.13,2.1,2.76,3.39,4.22,4.46
20110421,0.03,,0.06,0.11,0.23,0.68,1.16,2.14,2.79,3.42,4.24,4.47
20110420,0.04,,0.06,0.11,0.24,0.69,1.17,2.15,2.81,3.43,4.24,4.47
20110419,0.04,,0.06,0.11,0.24,0.68,1.13,2.09,2.76,3.39,4.2,4.43
20110418,0.03,,0.07,0.11,0.24,0.69,1.14,2.09,2.77,3.4,4.22,4.45
20110415,0.04,,0.07,0.12,0.24,0.71,1.2,2.14,2.81,3.43,4.25,4.47
20110414,0.04,,0.07,0.13,0.25,0.77,1.27,2.23,2.88,3.51,4.32,4.53
20110413,0.03,,0.06,0.11,0.23,0.75,1.26,2.19,2.86,3.49,4.33,4.55
20110412,0.02,,0.05,0.11,0.24,0.77,1.28,2.22,2.89,3.52,4.35,4.58
20110411,0.02,,0.05,0.12,0.26,0.85,1.35,2.31,2.98,3.59,4.42,4.64
20110408,0.02,,0.04,0.12,0.27,0.83,1.34,2.31,2.99,3.59,4.41,4.63
20110407,0.03,,0.04,0.12,0.27,0.81,1.31,2.29,2.97,3.58,4.41,4.63
20110406,0.03,,0.06,0.14,0.29,0.85,1.36,2.32,2.98,3.56,4.37,4.58
20110405,0.05,,0.07,0.15,0.3,0.84,1.33,2.28,2.93,3.5,4.3,4.51
20110404,0.02,,0.06,0.13,0.24,0.77,1.24,2.2,2.86,3.45,4.27,4.49
20110401,0.03,,0.07,0.15,0.27,0.8,1.31,2.24,2.9,3.46,4.27,4.48
20110331,0.05,,0.09,0.17,0.3,0.8,1.29,2.24,2.9,3.47,4.29,4.51
20110330,0.03,,0.1,0.17,0.3,0.8,1.28,2.21,2.87,3.47,4.29,4.52
20110329,0.06,,0.1,0.17,0.31,0.81,1.31,2.25,2.92,3.5,4.31,4.54
20110328,0.04,,0.11,0.18,0.3,0.81,1.29,2.23,2.89,3.47,4.28,4.51
20110325,0.04,,0.09,0.18,0.3,0.79,1.26,2.2,2.87,3.46,4.28,4.51
20110324,0.04,,0.09,0.17,0.26,0.72,1.19,2.14,2.82,3.42,4.25,4.48
20110323,0.06,,0.09,0.15,0.24,0.69,1.13,2.07,2.75,3.36,4.2,4.44
20110322,0.07,,0.1,0.16,0.25,0.68,1.14,2.07,2.73,3.34,4.19,4.44
20110321,0.06,,0.1,0.16,0.25,0.67,1.12,2.04,2.72,3.34,4.2,4.45
20110318,0.06,,0.07,0.14,0.23,0.61,1.05,1.96,2.64,3.28,4.17,4.43
20110317,0.06,,0.08,0.14,0.24,0.6,1.02,1.91,2.59,3.25,4.15,4.42
20110316,0.06,,0.1,0.14,0.21,0.58,0.98,1.87,2.56,3.22,4.11,4.38
20110315,0.07,,0.1,0.14,0.23,0.63,1.08,2.0,2.68,3.33,4.21,4.47
20110314,0.05,,0.09,0.14,0.22,0.61,1.07,2.0,2.7,3.36,4.25,4.52
20110311,0.04,,0.08,0.13,0.24,0.64,1.12,2.06,2.76,3.4,4.29,4.54
20110310,0.04,,0.08,0.14,0.25,0.65,1.13,2.05,2.74,3.37,4.25,4.53
20110309,0.07,,0.1,0.15,0.26,0.7,1.21,2.16,2.86,3.48,4.35,4.6
20110308,0.07,,0.11,0.16,0.26,0.73,1.27,2.22,2.93,3.56,4.41,4.66
20110307,0.1,,0.11,0.16,0.25,0.7,1.22,2.19,2.9,3.51,4.36,4.61
20110304,0.11,,0.12,0.16,0.26,0.68,1.2,2.17,2.88,3.49,4.34,4.6
20110303,0.12,,0.13,0.16,0.29,0.79,1.32,2.3,3.0,3.58,4.4,4.64
20110302,0.12,,0.13,0.17,0.26,0.69,1.18,2.16,2.86,3.46,4.3,4.54
20110301,0.07,,0.14,0.16,0.25,0.66,1.15,2.11,2.81,3.41,4.24,4.48
20110228,0.13,,0.15,0.18,0.25,0.69,1.18,2.13,2.82,3.42,4.25,4.49
20110225,0.12,,0.13,0.16,0.27,0.72,1.22,2.16,2.84,3.42,4.26,4.51
20110224,0.13,,0.13,0.16,0.26,0.73,1.24,2.19,2.87,3.46,4.29,4.54
20110223,0.12,,0.12,0.16,0.27,0.74,1.25,2.21,2.89,3.49,4.34,4.59
20110222,0.1,,0.12,0.16,0.28,0.74,1.22,2.16,2.85,3.46,4.35,4.6
20110218,0.08,,0.1,0.15,0.28,0.78,1.32,2.3,2.99,3.59,4.46,4.7
20110217,0.08,,0.09,0.15,0.27,0.8,1.33,2.3,2.99,3.58,4.44,4.66
20110216,0.1,,0.12,0.16,0.29,0.86,1.4,2.37,3.04,3.62,4.46,4.67
20110215,0.11,,0.13,0.17,0.3,0.84,1.39,2.35,3.03,3.61,4.45,4.66
20110214,0.09,,0.13,0.17,0.3,0.87,1.41,2.37,3.04,3.62,4.46,4.67
20110211,0.08,,0.12,0.16,0.3,0.85,1.4,2.38,3.05,3.64,4.49,4.71
20110210,0.08,,0.12,0.16,0.3,0.85,1.4,2.4,3.1,3.7,4.55,4.75
20110209,0.11,,0.14,0.18,0.3,0.81,1.34,2.33,3.05,3.65,4.49,4.71
20110208,0.14,,0.15,0.18,0.31,0.86,1.4,2.39,3.12,3.75,4.56,4.76
20110207,0.13,,0.16,0.18,0.31,0.78,1.28,2.29,3.03,3.68,4.5,4.71
20110204,0.13,,0.15,0.18,0.31,0.77,1.25,2.27,3.01,3.68,4.51,4.73
20110203,0.14,,0.14,0.18,0.29,0.71,1.19,2.18,2.92,3.58,4.43,4.67
20110202,0.15,,0.16,0.18,0.28,0.67,1.12,2.1,2.84,3.52,4.39,4.64
20110201,0.16,,0.15,0.18,0.27,0.61,1.04,2.02,2.79,3.48,4.37,4.62
20110131,0.15,,0.15,0.17,0.26,0.58,0.98,1.95,2.71,3.42,4.33,4.58
20110128,0.13,,0.15,0.15,0.24,0.54,0.96,1.92,2.66,3.36,4.26,4.53
20110127,0.13,,0.15,0.17,0.25,0.59,1.0,1.98,2.75,3.42,4.31,4.57
20110126,0.15,,0.16,0.18,0.27,0.62,1.05,2.03,2.76,3.45,4.34,4.59
20110125,0.15,,0.16,0.18,0.27,0.62,1.0,1.96,2.68,3.35,4.23,4.48
20110124,0.15,,0.16,0.18,0.28,0.65,1.05,2.03,2.76,3.43,4.31,4.55
20110121,0.15,,0.16,0.19,0.27,0.63,1.05,2.04,2.77,3.44,4.33,4.57
20110120,0.15,,0.16,0.19,0.27,0.65,1.07,2.06,2.81,3.47,4.36,4.6
20110119,0.16,,0.16,0.19,0.27,0.6,0.98,1.95,2.69,3.37,4.27,4.53
20110118,0.15,,0.16,0.19,0.26,0.6,1.0,1.97,2.7,3.39,4.31,4.56
20110114,0.14,,0.15,0.18,0.27,0.59,1.0,1.95,2.66,3.35,4.27,4.53
20110113,0.15,,0.15,0.18,0.26,0.59,1.0,1.93,2.65,3.34,4.24,4.5
20110112,0.15,,0.15,0.18,0.26,0.61,1.03,1.99,2.71,3.4,4.28,4.52
20110111,0.15,,0.15,0.19,0.28,0.6,1.03,1.98,2.7,3.37,4.26,4.49
20110110,0.14,,0.15,0.18,0.29,0.59,0.99,1.93,2.65,3.32,4.23,4.47
20110107,0.13,,0.14,0.18,0.29,0.6,1.02,1.96,2.69,3.34,4.25,4.48
20110106,0.13,,0.15,0.18,0.3,0.68,1.11,2.09,2.8,3.44,4.31,4.53
20110105,0.13,,0.14,0.19,0.31,0.71,1.16,2.14,2.86,3.5,4.34,4.55
20110104,0.12,,0.14,0.19,0.28,0.63,1.04,2.01,2.72,3.36,4.21,4.44
20110103,0.11,,0.15,0.19,0.29,0.61,1.03,2.02,2.74,3.36,4.18,4.39
20121231,0.02,,0.05,0.11,0.16,0.25,0.36,0.72,1.18,1.78,2.54,2.95
20121228,0.0,,0.01,0.1,0.15,0.27,0.36,0.72,1.15,1.73,2.47,2.88
20121227,0.01,,0.08,0.12,0.15,0.26,0.37,0.72,1.15,1.74,2.48,2.89
20121226,0.05,,0.09,0.13,0.16,0.26,0.39,0.76,1.2,1.77,2.52,2.94
20121224,0.03,,0.06,0.11,0.16,0.26,0.38,0.77,1.22,1.79,2.53,2.94
20121221,0.02,,0.06,0.12,0.15,0.26,0.38,0.75,1.2,1.77,2.52,2.93
20121220,0.02,,0.06,0.1,0.15,0.28,0.39,0.77,1.24,1.81,2.57,2.98
20121219,0.03,,0.05,0.1,0.15,0.28,0.39,0.77,1.24,1.82,2.58,2.99
20121218,0.04,,0.06,0.12,0.16,0.28,0.39,0.78,1.25,1.84,2.59,3.0
20121217,0.01,,0.05,0.1,0.13,0.25,0.37,0.74,1.2,1.78,2.53,2.94
20121214,0.01,,0.04,0.09,0.13,0.24,0.34,0.7,1.15,1.72,2.46,2.87
20121213,0.02,,0.06,0.11,0.14,0.27,0.34,0.7,1.15,1.74,2.49,2.9
20121212,0.04,,0.07,0.1,0.14,0.25,0.32,0.66,1.11,1.72,2.48,2.9
20121211,0.04,,0.08,0.13,0.16,0.24,0.32,0.64,1.06,1.66,2.41,2.83
20121210,0.05,,0.09,0.14,0.18,0.24,0.33,0.62,1.04,1.63,2.38,2.8
20121207,0.06,,0.09,0.14,0.18,0.25,0.33,0.63,1.04,1.64,2.39,2.81
20121206,0.07,,0.1,0.14,0.18,0.25,0.32,0.6,1.0,1.59,2.33,2.76
20121205,0.07,,0.1,0.14,0.18,0.25,0.32,0.61,1.02,1.6,2.35,2.78
20121204,0.07,,0.1,0.15,0.18,0.25,0.34,0.63,1.04,1.62,2.36,2.78
20121203,0.13,,0.1,0.14,0.18,0.25,0.34,0.63,1.05,1.63,2.37,2.8
20121130,0.11,,0.08,0.13,0.18,0.25,0.34,0.61,1.04,1.62,2.37,2.81
20121129,0.16,,0.09,0.15,0.18,0.25,0.35,0.63,1.04,1.62,2.37,2.79
20121128,0.17,,0.1,0.14,0.18,0.27,0.35,0.64,1.05,1.63,2.36,2.79
20121127,0.17,,0.1,0.15,0.18,0.27,0.36,0.66,1.07,1.64,2.38,2.79
20121126,0.14,,0.1,0.15,0.17,0.27,0.36,0.68,1.09,1.66,2.39,2.8
20121123,0.16,,0.1,0.14,0.19,0.29,0.37,0.7,1.12,1.7,2.42,2.83
20121121,0.17,,0.1,0.14,0.17,0.27,0.37,0.69,1.11,1.69,2.42,2.83
20121120,0.15,,0.08,0.14,0.16,0.27,0.36,0.67,1.09,1.66,2.4,2.82
20121119,0.06,,0.09,0.14,0.16,0.25,0.33,0.64,1.04,1.61,2.34,2.76
20121116,0.07,,0.06,0.13,0.16,0.24,0.32,0.62,1.01,1.58,2.31,2.73
20121115,0.13,,0.08,0.14,0.17,0.24,0.32,0.62,1.02,1.58,2.3,2.72
20121114,0.15,,0.1,0.15,0.18,0.25,0.33,0.63,1.03,1.59,2.31,2.73
20121113,0.12,,0.11,0.15,0.18,0.27,0.33,0.63,1.02,1.59,2.31,2.72
20121109,0.13,,0.09,0.15,0.18,0.27,0.35,0.65,1.04,1.61,2.34,2.75
20121108,0.13,,0.1,0.15,0.2,0.27,0.35,0.65,1.04,1.62,2.35,2.77
20121107,0.12,,0.1,0.14,0.18,0.27,0.36,0.67,1.08,1.68,2.42,2.83
20121106,0.12,,0.1,0.15,0.19,0.3,0.41,0.75,1.19,1.78,2.52,2.92
20121105,0.09,,0.11,0.15,0.19,0.28,0.38,0.7,1.13,1.72,2.47,2.88
20121102,0.08,,0.09,0.15,0.19,0.28,0.38,0.73,1.16,1.75,2.51,2.91
20121101,0.06,,0.09,0.15,0.18,0.3,0.38,0.73,1.16,1.75,2.5,2.89
20121031,0.09,,0.11,0.16,0.18,0.3,0.38,0.72,1.14,1.72,2.46,2.85
20121029,0.13,,0.14,0.16,0.18,0.3,0.4,0.74,1.16,1.74,2.48,2.87
20121026,0.12,,0.12,0.15,0.19,0.3,0.41,0.76,1.2,1.78,2.53,2.92
20121025,0.13,,0.11,0.16,0.19,0.31,0.43,0.82,1.28,1.86,2.6,2.98
20121024,0.13,,0.11,0.16,0.18,0.29,0.4,0.76,1.21,1.8,2.55,2.93
20121023,0.11,,0.11,0.15,0.18,0.29,0.41,0.77,1.21,1.79,2.53,2.91
20121022,0.1,,0.1,0.15,0.19,0.32,0.42,0.79,1.25,1.83,2.57,2.95
20121019,0.11,,0.1,0.14,0.18,0.3,0.41,0.77,1.21,1.79,2.55,2.94
20121018,0.12,,0.1,0.15,0.18,0.29,0.41,0.79,1.26,1.86,2.63,3.02
20121017,0.13,,0.11,0.15,0.18,0.3,0.41,0.78,1.24,1.83,2.6,2.98
20121016,0.13,,0.09,0.15,0.18,0.27,0.36,0.7,1.15,1.75,2.51,2.91
20121015,0.1,,0.11,0.15,0.19,0.27,0.34,0.67,1.09,1.7,2.45,2.85
20121012,0.12,,0.11,0.15,0.18,0.27,0.34,0.67,1.09,1.69,2.44,2.83
20121011,0.12,,0.1,0.14,0.18,0.28,0.34,0.67,1.09,1.7,2.45,2.86
20121010,0.12,,0.1,0.15,0.18,0.27,0.35,0.66,1.09,1.72,2.48,2.89
20121009,0.11,,0.1,0.15,0.18,0.25,0.35,0.67,1.11,1.74,2.52,2.93
20121005,0.1,,0.11,0.15,0.18,0.27,0.34,0.67,1.12,1.75,2.55,2.96
20121004,0.1,,0.1,0.14,0.18,0.23,0.32,0.63,1.07,1.7,2.48,2.89
20121003,0.09,,0.09,0.14,0.16,0.23,0.31,0.61,1.02,1.64,2.42,2.82
20121002,0.09,,0.09,0.14,0.16,0.23,0.31,0.61,1.03,1.64,2.41,2.81
20121001,0.05,,0.09,0.14,0.17,0.25,0.31,0.62,1.04,1.64,2.41,2.81
20120928,0.06,,0.1,0.14,0.17,0.23,0.31,0.62,1.04,1.65,2.42,2.82
20120927,0.05,,0.09,0.14,0.16,0.25,0.34,0.64,1.05,1.66,2.43,2.83
20120926,0.05,,0.11,0.13,0.17,0.26,0.34,0.63,1.03,1.64,2.4,2.79
20120925,0.06,,0.11,0.15,0.18,0.27,0.35,0.66,1.08,1.7,2.47,2.86
20120924,0.03,,0.11,0.14,0.18,0.27,0.35,0.68,1.12,1.74,2.53,2.91
20120921,0.05,,0.11,0.14,0.18,0.27,0.36,0.68,1.14,1.77,2.57,2.95
20120920,0.06,,0.11,0.14,0.18,0.27,0.36,0.7,1.18,1.8,2.58,2.96
20120919,0.08,,0.11,0.14,0.18,0.27,0.35,0.7,1.18,1.79,2.58,2.97
20120918,0.08,,0.1,0.13,0.18,0.25,0.35,0.71,1.19,1.82,2.61,3.0
20120917,0.06,,0.11,0.13,0.18,0.25,0.36,0.73,1.22,1.85,2.64,3.03
20120914,0.08,,0.11,0.13,0.18,0.27,0.35,0.72,1.23,1.88,2.68,3.09
20120913,0.1,,0.1,0.13,0.17,0.24,0.32,0.65,1.12,1.75,2.53,2.95
20120912,0.09,,0.1,0.13,0.18,0.25,0.33,0.7,1.17,1.77,2.52,2.92
20120911,0.09,,0.1,0.14,0.18,0.25,0.33,0.67,1.12,1.7,2.44,2.84
20120910,0.09,,0.1,0.14,0.18,0.25,0.33,0.66,1.1,1.68,2.43,2.83
20120907,0.09,,0.11,0.14,0.18,0.25,0.33,0.64,1.09,1.67,2.42,2.81
20120906,0.1,,0.11,0.14,0.18,0.27,0.34,0.68,1.12,1.68,2.41,2.8
20120905,0.11,,0.11,0.14,0.17,0.25,0.32,0.62,1.04,1.6,2.32,2.7
20120904,0.1,,0.1,0.14,0.16,0.23,0.31,0.62,1.03,1.59,2.3,2.69
20120831,0.09,,0.09,0.14,0.16,0.22,0.3,0.59,1.01,1.57,2.29,2.68
20120830,0.12,,0.1,0.14,0.17,0.27,0.35,0.66,1.08,1.63,2.36,2.75
20120829,0.12,,0.12,0.14,0.18,0.27,0.36,0.69,1.11,1.66,2.38,2.77
20120828,0.12,,0.1,0.15,0.18,0.27,0.36,0.69,1.1,1.64,2.36,2.75
20120827,0.1,,0.11,0.14,0.18,0.28,0.37,0.7,1.11,1.65,2.38,2.76
20120824,0.1,,0.1,0.13,0.19,0.28,0.37,0.72,1.14,1.68,2.41,2.79
20120823,0.1,,0.11,0.13,0.19,0.26,0.36,0.71,1.13,1.68,2.41,2.79
20120822,0.1,,0.11,0.13,0.19,0.26,0.37,0.71,1.16,1.71,2.44,2.82
20120821,0.1,,0.11,0.14,0.2,0.31,0.42,0.8,1.25,1.8,2.53,2.9
20120820,0.09,,0.11,0.14,0.19,0.29,0.41,0.8,1.26,1.82,2.55,2.93
20120817,0.09,,0.09,0.14,0.2,0.29,0.42,0.81,1.27,1.81,2.55,2.93
20120816,0.1,,0.09,0.14,0.2,0.29,0.42,0.83,1.28,1.83,2.57,2.96
20120815,0.11,,0.09,0.14,0.19,0.27,0.42,0.8,1.25,1.8,2.53,2.9
20120814,0.11,,0.11,0.15,0.19,0.27,0.39,0.75,1.18,1.73,2.45,2.82
20120813,0.1,,0.11,0.15,0.19,0.27,0.36,0.71,1.12,1.65,2.37,2.74
20120810,0.1,,0.1,0.14,0.18,0.27,0.36,0.71,1.11,1.65,2.37,2.74
20120809,0.1,,0.11,0.15,0.2,0.29,0.38,0.74,1.15,1.69,2.4,2.78
20120808,0.09,,0.11,0.14,0.19,0.29,0.38,0.73,1.14,1.68,2.39,2.75
20120807,0.09,,0.11,0.14,0.19,0.27,0.37,0.71,1.13,1.66,2.37,2.72
20120806,0.05,,0.1,0.14,0.16,0.24,0.33,0.65,1.05,1.59,2.29,2.65
20120803,0.03,,0.09,0.14,0.16,0.24,0.33,0.67,1.07,1.6,2.3,2.65
20120802,0.04,,0.09,0.14,0.17,0.24,0.31,0.61,0.98,1.51,2.2,2.55
20120801,0.07,,0.1,0.14,0.17,0.24,0.32,0.63,1.03,1.56,2.25,2.6
20120731,0.07,,0.11,0.14,0.16,0.23,0.3,0.6,0.98,1.51,2.21,2.56
20120730,0.06,,0.11,0.15,0.18,0.23,0.31,0.61,0.99,1.53,2.22,2.58
20120727,0.07,,0.11,0.15,0.17,0.25,0.34,0.65,1.04,1.58,2.27,2.63
20120726,0.08,,0.11,0.15,0.18,0.23,0.31,0.58,0.94,1.45,2.13,2.49
20120725,0.08,,0.1,0.14,0.17,0.22,0.28,0.56,0.91,1.43,2.11,2.46
20120724,0.08,,0.1,0.15,0.18,0.22,0.28,0.57,0.91,1.44,2.11,2.47
20120723,0.07,,0.1,0.14,0.17,0.22,0.28,0.57,0.93,1.47,2.15,2.52
20120720,0.07,,0.09,0.14,0.17,0.22,0.29,0.59,0.95,1.49,2.17,2.55
20120719,0.06,,0.09,0.14,0.17,0.22,0.31,0.62,0.99,1.54,2.24,2.61
20120718,0.07,,0.09,0.14,0.18,0.22,0.3,0.6,0.97,1.52,2.21,2.59
20120717,0.08,,0.1,0.14,0.18,0.25,0.32,0.62,0.99,1.53,2.22,2.59
20120716,0.04,,0.1,0.14,0.18,0.24,0.31,0.6,0.97,1.5,2.18,2.56
20120713,0.08,,0.1,0.15,0.2,0.25,0.34,0.63,0.99,1.52,2.2,2.58
20120712,0.08,,0.1,0.15,0.2,0.25,0.35,0.63,0.98,1.5,2.18,2.57
20120711,0.07,,0.1,0.15,0.2,0.27,0.36,0.64,0.99,1.54,2.22,2.6
20120710,0.07,,0.09,0.15,0.2,0.27,0.37,0.63,0.98,1.53,2.22,2.6
20120709,0.06,,0.09,0.14,0.2,0.27,0.36,0.63,0.98,1.53,2.24,2.62
20120706,0.06,,0.08,0.15,0.2,0.27,0.37,0.64,1.01,1.57,2.28,2.66
20120705,0.07,,0.08,0.15,0.19,0.28,0.39,0.68,1.05,1.62,2.34,2.72
20120703,0.08,,0.09,0.15,0.21,0.3,0.39,0.69,1.08,1.65,2.36,2.74
20120702,0.06,,0.1,0.15,0.21,0.3,0.39,0.67,1.04,1.61,2.3,2.69
20120629,0.04,,0.09,0.16,0.21,0.33,0.41,0.72,1.11,1.67,2.38,2.76
20120628,0.02,,0.09,0.17,0.22,0.31,0.4,0.69,1.06,1.6,2.28,2.67
20120627,0.06,,0.09,0.17,0.21,0.31,0.42,0.73,1.1,1.65,2.32,2.7
20120626,0.07,,0.1,0.15,0.21,0.31,0.42,0.75,1.12,1.66,2.34,2.71
20120625,0.06,,0.1,0.16,0.19,0.31,0.39,0.72,1.1,1.63,2.31,2.69
20120622,0.05,,0.09,0.15,0.19,0.31,0.42,0.76,1.15,1.69,2.37,2.75
20120621,0.05,,0.09,0.15,0.19,0.32,0.41,0.73,1.1,1.63,2.3,2.68
20120620,0.06,,0.09,0.16,0.2,0.32,0.41,0.74,1.12,1.65,2.34,2.72
20120619,0.06,,0.09,0.14,0.18,0.3,0.39,0.71,1.09,1.64,2.33,2.73
20120618,0.06,,0.1,0.15,0.18,0.29,0.38,0.69,1.06,1.59,2.28,2.67
20120615,0.05,,0.09,0.15,0.18,0.29,0.37,0.68,1.06,1.6,2.3,2.7
20120614,0.08,,0.11,0.15,0.18,0.3,0.41,0.73,1.1,1.64,2.33,2.73
20120613,0.07,,0.1,0.15,0.18,0.3,0.4,0.71,1.06,1.61,2.3,2.7
20120612,0.06,,0.1,0.15,0.19,0.3,0.41,0.75,1.12,1.67,2.37,2.77
20120611,0.05,,0.09,0.15,0.18,0.27,0.37,0.69,1.05,1.6,2.3,2.71
20120608,0.04,,0.09,0.14,0.19,0.28,0.39,0.71,1.09,1.65,2.36,2.77
20120607,0.04,,0.09,0.14,0.18,0.27,0.37,0.72,1.1,1.66,2.35,2.75
20120606,0.05,,0.09,0.13,0.18,0.26,0.37,0.73,1.11,1.66,2.34,2.73
20120605,0.05,,0.08,0.14,0.18,0.25,0.34,0.68,1.04,1.57,2.23,2.63
20120604,0.04,,0.08,0.13,0.18,0.25,0.35,0.68,1.01,1.53,2.17,2.56
20120601,0.03,,0.07,0.12,0.17,0.25,0.34,0.62,0.93,1.47,2.13,2.53
20120531,0.03,,0.07,0.14,0.18,0.27,0.35,0.67,1.03,1.59,2.27,2.67
20120530,0.05,,0.07,0.13,0.19,0.27,0.38,0.69,1.06,1.63,2.32,2.72
20120529,0.06,,0.09,0.14,0.2,0.3,0.42,0.76,1.17,1.74,2.44,2.85
20120525,0.07,,0.09,0.14,0.2,0.3,0.41,0.76,1.17,1.75,2.44,2.85
20120524,0.08,,0.1,0.14,0.21,0.29,0.42,0.77,1.2,1.77,2.46,2.86
20120523,0.07,,0.09,0.13,0.2,0.28,0.4,0.74,1.15,1.73,2.41,2.81
20120522,0.07,,0.09,0.14,0.21,0.3,0.41,0.78,1.2,1.79,2.48,2.88
20120521,0.06,,0.09,0.14,0.21,0.3,0.41,0.75,1.18,1.75,2.42,2.8
20120518,0.06,,0.08,0.15,0.2,0.32,0.42,0.75,1.16,1.71,2.4,2.8
20120517,0.08,,0.1,0.16,0.2,0.32,0.4,0.74,1.16,1.7,2.39,2.8
20120516,0.08,,0.1,0.15,0.2,0.3,0.4,0.75,1.19,1.76,2.48,2.9
20120515,0.08,,0.09,0.15,0.19,0.29,0.38,0.74,1.19,1.76,2.5,2.91
20120514,0.07,,0.1,0.15,0.19,0.29,0.37,0.73,1.2,1.78,2.53,2.95
20120511,0.07,,0.1,0.15,0.18,0.27,0.36,0.75,1.24,1.84,2.59,3.02
20120510,0.08,,0.1,0.15,0.18,0.27,0.37,0.79,1.28,1.89,2.64,3.07
20120509,0.07,,0.09,0.15,0.18,0.27,0.36,0.77,1.26,1.87,2.63,3.03
20120508,0.08,,0.09,0.15,0.18,0.27,0.36,0.77,1.26,1.88,2.63,3.03
20120507,0.06,,0.1,0.15,0.18,0.27,0.37,0.79,1.29,1.92,2.67,3.07
20120504,0.05,,0.07,0.14,0.18,0.27,0.37,0.78,1.28,1.91,2.67,3.07
20120503,0.05,,0.09,0.15,0.19,0.28,0.4,0.82,1.34,1.96,2.72,3.12
20120502,0.06,,0.08,0.15,0.18,0.27,0.39,0.82,1.33,1.96,2.72,3.11
20120501,0.07,,0.09,0.15,0.19,0.27,0.39,0.84,1.35,1.98,2.76,3.16
20120430,0.07,,0.1,0.15,0.2,0.27,0.38,0.82,1.33,1.95,2.73,3.12
20120427,0.07,,0.09,0.14,0.19,0.26,0.39,0.82,1.34,1.96,2.73,3.12
20120426,0.09,,0.09,0.15,0.18,0.26,0.39,0.83,1.36,1.98,2.74,3.13
20120425,0.08,,0.09,0.14,0.18,0.26,0.39,0.86,1.38,2.01,2.76,3.15
20120424,0.07,,0.09,0.14,0.18,0.27,0.4,0.86,1.37,2.0,2.75,3.12
20120423,0.04,,0.08,0.13,0.17,0.27,0.39,0.83,1.34,1.96,2.71,3.08
20120420,0.04,,0.08,0.13,0.18,0.29,0.4,0.86,1.38,1.99,2.75,3.12
20120419,0.04,,0.07,0.12,0.17,0.27,0.4,0.84,1.37,1.98,2.74,3.12
20120418,0.05,,0.07,0.13,0.18,0.27,0.4,0.86,1.38,2.0,2.76,3.13
20120417,0.07,,0.08,0.13,0.18,0.27,0.42,0.88,1.4,2.03,2.79,3.15
20120416,0.07,,0.08,0.14,0.18,0.27,0.42,0.85,1.37,2.0,2.75,3.12
20120413,0.07,,0.09,0.13,0.17,0.27,0.41,0.86,1.39,2.02,2.77,3.14
20120412,0.08,,0.09,0.14,0.18,0.29,0.43,0.9,1.44,2.08,2.85,3.22
20120411,0.08,,0.09,0.14,0.18,0.3,0.43,0.89,1.41,2.05,2.82,3.18
20120410,0.08,,0.09,0.15,0.19,0.28,0.42,0.85,1.37,2.01,2.77,3.13
20120409,0.07,,0.09,0.15,0.19,0.32,0.46,0.9,1.42,2.06,2.82,3.18
20120406,0.06,,0.07,0.14,0.19,0.32,0.45,0.89,1.42,2.07,2.85,3.21
20120405,0.07,,0.08,0.14,0.19,0.35,0.5,1.01,1.56,2.19,2.97,3.32
20120404,0.08,,0.08,0.14,0.19,0.35,0.53,1.05,1.62,2.25,3.02,3.37
20120403,0.07,,0.08,0.15,0.2,0.36,0.56,1.1,1.68,2.3,3.07,3.41
20120402,0.05,,0.08,0.14,0.18,0.33,0.5,1.03,1.6,2.22,3.0,3.35
20120330,0.05,,0.07,0.15,0.19,0.33,0.51,1.04,1.61,2.23,3.0,3.35
20120329,0.02,,0.07,0.14,0.18,0.33,0.5,1.01,1.57,2.18,2.93,3.27
20120328,0.05,,0.09,0.14,0.18,0.34,0.51,1.05,1.6,2.21,2.97,3.31
20120327,0.07,,0.09,0.14,0.18,0.33,0.5,1.04,1.59,2.2,2.96,3.29
20120326,0.06,,0.09,0.15,0.19,0.36,0.54,1.09,1.65,2.26,3.0,3.33
20120323,0.06,,0.08,0.14,0.19,0.37,0.55,1.1,1.66,2.25,2.99,3.31
20120322,0.06,,0.08,0.14,0.19,0.37,0.56,1.13,1.69,2.29,3.04,3.37
20120321,0.09,,0.09,0.15,0.21,0.39,0.58,1.15,1.71,2.31,3.06,3.38
20120320,0.08,,0.1,0.15,0.22,0.41,0.62,1.22,1.78,2.38,3.13,3.46
20120319,0.07,,0.1,0.15,0.21,0.39,0.6,1.2,1.77,2.39,3.14,3.48
20120316,0.07,,0.09,0.15,0.21,0.37,0.57,1.13,1.7,2.31,3.08,3.41
20120315,0.08,,0.08,0.15,0.21,0.37,0.56,1.11,1.67,2.29,3.08,3.41
20120314,0.08,,0.09,0.15,0.21,0.4,0.6,1.13,1.69,2.29,3.08,3.43
20120313,0.06,,0.08,0.15,0.2,0.35,0.51,0.99,1.52,2.14,2.92,3.26
20120312,0.05,,0.09,0.15,0.18,0.33,0.47,0.92,1.43,2.04,2.82,3.17
20120309,0.06,,0.09,0.13,0.18,0.33,0.46,0.9,1.43,2.04,2.83,3.19
20120308,0.07,,0.08,0.14,0.18,0.32,0.44,0.89,1.41,2.03,2.82,3.18
20120307,0.06,,0.08,0.14,0.18,0.3,0.42,0.85,1.37,1.98,2.76,3.12
20120306,0.06,,0.08,0.13,0.17,0.3,0.4,0.83,1.35,1.96,2.73,3.08
20120305,0.07,,0.08,0.14,0.17,0.31,0.43,0.87,1.4,2.0,2.78,3.13
20120302,0.06,,0.07,0.12,0.17,0.28,0.41,0.84,1.38,1.99,2.77,3.11
20120301,0.07,,0.08,0.13,0.18,0.3,0.43,0.89,1.44,2.03,2.8,3.15
20120229,0.08,,0.08,0.13,0.18,0.3,0.43,0.87,1.39,1.98,2.73,3.08
20120228,0.1,,0.1,0.14,0.18,0.3,0.41,0.84,1.36,1.94,2.71,3.07
20120227,0.08,,0.12,0.14,0.17,0.3,0.4,0.84,1.35,1.92,2.69,3.04
20120224,0.08,,0.1,0.14,0.18,0.31,0.43,0.89,1.41,1.98,2.75,3.1
20120223,0.07,,0.09,0.14,0.17,0.31,0.43,0.88,1.4,1.99,2.77,3.13
20120222,0.07,,0.09,0.13,0.17,0.29,0.42,0.88,1.41,2.01,2.79,3.15
20120221,0.03,,0.08,0.13,0.17,0.31,0.44,0.92,1.47,2.05,2.84,3.2
20120217,0.03,,0.09,0.13,0.18,0.29,0.42,0.88,1.43,2.01,2.8,3.16
20120216,0.04,,0.1,0.13,0.17,0.29,0.42,0.87,1.41,1.99,2.78,3.14
20120215,0.09,,0.11,0.13,0.18,0.29,0.38,0.81,1.34,1.93,2.72,3.09
20120214,0.09,,0.12,0.15,0.18,0.29,0.4,0.81,1.34,1.92,2.7,3.06
20120213,0.06,,0.11,0.14,0.15,0.29,0.4,0.85,1.4,1.99,2.78,3.14
20120210,0.05,,0.09,0.12,0.15,0.27,0.36,0.81,1.36,1.96,2.75,3.11
20120209,0.06,,0.09,0.12,0.15,0.27,0.38,0.86,1.43,2.04,2.83,3.2
20120208,0.06,,0.09,0.11,0.15,0.27,0.35,0.82,1.39,2.01,2.78,3.14
20120207,0.06,,0.08,0.11,0.14,0.25,0.35,0.82,1.39,2.0,2.78,3.14
20120206,0.04,,0.08,0.1,0.14,0.24,0.32,0.76,1.32,1.93,2.71,3.08
20120203,0.06,,0.08,0.1,0.14,0.23,0.33,0.78,1.35,1.97,2.76,3.13
20120202,0.07,,0.08,0.1,0.14,0.23,0.31,0.71,1.25,1.86,2.64,3.01
20120201,0.05,,0.06,0.09,0.13,0.23,0.31,0.72,1.27,1.87,2.65,3.01
20120131,0.04,,0.06,0.08,0.13,0.22,0.3,0.71,1.24,1.83,2.59,2.94
20120130,0.05,,0.05,0.08,0.12,0.22,0.31,0.73,1.27,1.87,2.64,2.99
20120127,0.05,,0.06,0.08,0.12,0.22,0.32,0.75,1.31,1.93,2.71,3.07
20120126,0.04,,0.05,0.08,0.12,0.22,0.31,0.77,1.34,1.96,2.74,3.1
20120125,0.03,,0.04,0.07,0.12,0.22,0.34,0.81,1.4,2.01,2.78,3.13
20120124,0.02,,0.04,0.07,0.12,0.24,0.39,0.92,1.49,2.08,2.82,3.15
20120123,0.03,,0.04,0.07,0.12,0.26,0.39,0.93,1.51,2.09,2.82,3.15
20120120,0.03,,0.05,0.07,0.11,0.26,0.38,0.91,1.47,2.05,2.78,3.1
20120119,0.04,,0.05,0.07,0.11,0.26,0.36,0.87,1.43,2.01,2.72,3.05
20120118,0.02,,0.03,0.07,0.11,0.24,0.35,0.82,1.34,1.92,2.63,2.96
20120117,0.02,,0.03,0.06,0.11,0.21,0.33,0.79,1.31,1.87,2.57,2.89
20120113,0.02,,0.03,0.06,0.1,0.24,0.34,0.8,1.32,1.89,2.59,2.91
20120112,0.02,,0.03,0.06,0.11,0.22,0.35,0.84,1.37,1.94,2.65,2.97
20120111,0.01,,0.02,0.05,0.11,0.24,0.34,0.82,1.34,1.93,2.63,2.96
20120110,0.01,,0.02,0.05,0.11,0.24,0.37,0.86,1.41,2.0,2.71,3.04
20120109,0.01,,0.01,0.05,0.11,0.26,0.38,0.85,1.39,1.98,2.7,3.02
20120106,0.02,,0.02,0.05,0.12,0.25,0.4,0.86,1.4,1.98,2.7,3.02
20120105,0.01,,0.02,0.07,0.11,0.27,0.4,0.88,1.43,2.02,2.74,3.06
20120104,0.01,,0.02,0.06,0.12,0.25,0.4,0.89,1.43,2.0,2.71,3.03
20120103,0.01,,0.02,0.06,0.12,0.27,0.4,0.89,1.41,1.97,2.67,2.98
20131231,0.01,,0.07,0.1,0.13,0.38,0.78,1.75,2.45,3.04,3.72,3.96
20131230,0.01,,0.07,0.1,0.13,0.39,0.77,1.71,2.4,2.99,3.66,3.9
20131227,0.01,,0.07,0.09,0.12,0.4,0.79,1.74,2.44,3.02,3.7,3.94
20131226,0.0,,0.07,0.09,0.13,0.42,0.81,1.74,2.43,3.0,3.68,3.92
20131224,0.01,,0.07,0.09,0.14,0.38,0.8,1.73,2.43,2.99,3.66,3.9
20131223,0.01,,0.07,0.09,0.14,0.38,0.77,1.68,2.37,2.94,3.6,3.85
20131220,0.02,,0.07,0.09,0.13,0.37,0.74,1.66,2.33,2.89,3.57,3.82
20131219,0.01,,0.06,0.09,0.13,0.35,0.7,1.63,2.35,2.94,3.64,3.91
20131218,0.01,,0.07,0.1,0.13,0.32,0.64,1.55,2.26,2.89,3.63,3.9
20131217,0.02,,0.07,0.09,0.14,0.34,0.65,1.52,2.22,2.85,3.6,3.88
20131216,0.02,,0.07,0.09,0.13,0.34,0.68,1.55,2.26,2.89,3.63,3.9
20131213,0.02,,0.07,0.09,0.14,0.34,0.68,1.55,2.25,2.88,3.61,3.88
20131212,0.01,,0.07,0.09,0.14,0.34,0.67,1.55,2.26,2.89,3.63,3.91
20131211,0.02,,0.07,0.1,0.13,0.31,0.63,1.5,2.21,2.86,3.61,3.87
20131210,0.03,,0.07,0.1,0.14,0.3,0.62,1.46,2.17,2.81,3.56,3.83
20131209,0.04,,0.07,0.1,0.13,0.3,0.64,1.5,2.23,2.86,3.61,3.88
20131206,0.03,,0.06,0.1,0.13,0.3,0.64,1.51,2.23,2.88,3.63,3.9
20131205,0.02,,0.06,0.1,0.13,0.3,0.61,1.49,2.23,2.88,3.65,3.92
20131204,0.04,,0.06,0.1,0.14,0.3,0.6,1.45,2.19,2.84,3.63,3.9
20131203,0.04,,0.06,0.1,0.13,0.28,0.58,1.4,2.13,2.79,3.56,3.84
20131202,0.02,,0.05,0.1,0.13,0.3,0.59,1.43,2.16,2.81,3.58,3.86
20131129,0.05,,0.06,0.11,0.13,0.28,0.56,1.37,2.1,2.75,3.54,3.82
20131127,0.06,,0.07,0.11,0.13,0.28,0.55,1.36,2.08,2.74,3.52,3.81
20131126,0.07,,0.07,0.11,0.13,0.29,0.55,1.34,2.05,2.71,3.5,3.8
20131125,0.04,,0.08,0.11,0.14,0.3,0.57,1.37,2.08,2.74,3.53,3.83
20131122,0.02,,0.07,0.1,0.12,0.31,0.57,1.37,2.1,2.75,3.54,3.84
20131121,0.02,,0.07,0.1,0.12,0.29,0.55,1.38,2.12,2.79,3.59,3.89
20131120,0.06,,0.08,0.11,0.12,0.28,0.57,1.39,2.13,2.8,3.61,3.9
20131119,0.05,,0.08,0.1,0.14,0.29,0.58,1.37,2.06,2.71,3.5,3.8
20131118,0.05,,0.09,0.1,0.13,0.31,0.56,1.33,2.02,2.67,3.46,3.76
20131115,0.06,,0.08,0.1,0.13,0.31,0.58,1.36,2.06,2.71,3.5,3.8
20131114,0.06,,0.08,0.1,0.13,0.29,0.56,1.34,2.04,2.69,3.49,3.79
20131113,0.06,,0.08,0.1,0.13,0.32,0.61,1.41,2.1,2.75,3.54,3.83
20131112,0.05,,0.08,0.1,0.13,0.34,0.65,1.47,2.16,2.8,3.57,3.86
20131108,0.04,,0.06,0.09,0.12,0.32,0.62,1.42,2.12,2.77,3.55,3.84
20131107,0.04,,0.05,0.09,0.11,0.29,0.55,1.31,1.98,2.63,3.41,3.71
20131106,0.05,,0.05,0.09,0.11,0.3,0.58,1.34,2.02,2.67,3.46,3.77
20131105,0.06,,0.05,0.08,0.1,0.32,0.6,1.39,2.06,2.69,3.46,3.76
20131104,0.02,,0.05,0.09,0.09,0.32,0.6,1.36,2.01,2.63,3.4,3.7
20131101,0.03,,0.04,0.08,0.1,0.33,0.61,1.37,2.03,2.65,3.4,3.69
20131031,0.03,,0.04,0.08,0.1,0.31,0.57,1.31,1.95,2.57,3.33,3.63
20131030,0.05,,0.04,0.09,0.11,0.33,0.58,1.3,1.93,2.55,3.33,3.63
20131029,0.06,,0.04,0.08,0.11,0.31,0.59,1.29,1.9,2.53,3.31,3.62
20131028,0.02,,0.04,0.08,0.11,0.32,0.59,1.31,1.91,2.54,3.31,3.61
20131025,0.02,,0.04,0.08,0.11,0.32,0.59,1.3,1.9,2.53,3.3,3.6
20131024,0.02,,0.03,0.07,0.12,0.33,0.59,1.32,1.92,2.53,3.3,3.61
20131023,0.02,,0.04,0.07,0.11,0.31,0.6,1.3,1.9,2.51,3.29,3.59
20131022,0.04,,0.04,0.07,0.1,0.31,0.59,1.3,1.92,2.54,3.31,3.61
20131021,0.02,,0.04,0.07,0.11,0.33,0.63,1.38,2.01,2.63,3.39,3.68
20131018,0.01,,0.04,0.08,0.12,0.33,0.62,1.35,1.98,2.6,3.36,3.65
20131017,0.01,,0.05,0.08,0.13,0.33,0.61,1.35,1.98,2.61,3.36,3.66
20131016,0.14,,0.1,0.11,0.15,0.34,0.64,1.41,2.06,2.69,3.43,3.72
20131015,0.32,,0.14,0.16,0.16,0.37,0.68,1.45,2.11,2.75,3.5,3.78
20131011,0.25,,0.08,0.07,0.14,0.35,0.66,1.42,2.07,2.7,3.45,3.74
20131010,0.25,,0.05,0.07,0.14,0.35,0.68,1.44,2.09,2.71,3.46,3.75
20131009,0.26,,0.05,0.08,0.15,0.37,0.68,1.43,2.06,2.68,3.43,3.73
20131008,0.27,,0.05,0.09,0.15,0.4,0.7,1.43,2.05,2.66,3.41,3.7
20131007,0.13,,0.03,0.06,0.12,0.37,0.66,1.41,2.03,2.65,3.41,3.7
20131004,0.11,,0.03,0.04,0.11,0.33,0.66,1.41,2.05,2.66,3.43,3.73
20131003,0.12,,0.03,0.05,0.11,0.33,0.61,1.36,1.99,2.62,3.4,3.71
20131002,0.08,,0.02,0.05,0.11,0.31,0.62,1.38,2.01,2.63,3.41,3.7
20131001,0.1,,0.02,0.04,0.1,0.33,0.66,1.42,2.04,2.66,3.43,3.72
20130930,0.03,,0.02,0.04,0.1,0.33,0.63,1.39,2.02,2.64,3.41,3.69
20130927,0.03,,0.02,0.03,0.1,0.34,0.64,1.4,2.02,2.64,3.4,3.68
20130926,0.04,,0.0,0.03,0.09,0.34,0.67,1.43,2.05,2.66,3.41,3.69
20130925,0.02,,0.02,0.05,0.1,0.36,0.66,1.41,2.01,2.63,3.37,3.65
20130924,0.02,,0.02,0.05,0.1,0.35,0.67,1.44,2.05,2.67,3.4,3.67
20130923,0.01,,0.02,0.05,0.1,0.35,0.68,1.48,2.1,2.72,3.46,3.73
20130920,0.01,,0.01,0.05,0.11,0.34,0.69,1.5,2.13,2.75,3.5,3.77
20130919,0.0,,0.01,0.03,0.1,0.34,0.69,1.49,2.13,2.76,3.52,3.8
20130918,0.01,,0.01,0.04,0.11,0.34,0.67,1.43,2.05,2.69,3.46,3.75
20130917,0.01,,0.01,0.04,0.12,0.39,0.78,1.62,2.26,2.86,3.57,3.84
20130916,0.01,,0.02,0.04,0.13,0.41,0.8,1.65,2.27,2.88,3.61,3.87
20130913,0.01,,0.01,0.02,0.13,0.45,0.87,1.71,2.32,2.9,3.59,3.84
20130912,0.01,,0.01,0.02,0.13,0.45,0.87,1.72,2.34,2.92,3.6,3.85
20130911,0.01,,0.02,0.05,0.12,0.47,0.88,1.72,2.34,2.93,3.61,3.85
20130910,0.01,,0.02,0.04,0.13,0.5,0.92,1.78,2.4,2.96,3.65,3.88
20130909,0.02,,0.02,0.04,0.12,0.45,0.87,1.71,2.34,2.9,3.6,3.84
20130906,0.02,,0.02,0.05,0.14,0.46,0.91,1.77,2.38,2.94,3.62,3.87
20130905,0.03,,0.02,0.06,0.16,0.52,0.97,1.85,2.45,2.98,3.64,3.88
20130904,0.02,,0.02,0.05,0.14,0.46,0.89,1.74,2.36,2.9,3.56,3.8
20130903,0.03,,0.02,0.05,0.14,0.43,0.83,1.68,2.31,2.86,3.54,3.79
20130830,0.02,,0.03,0.05,0.13,0.39,0.79,1.62,2.24,2.78,3.46,3.7
20130829,0.03,,0.02,0.06,0.14,0.39,0.79,1.6,2.2,2.75,3.45,3.7
20130828,0.04,,0.03,0.07,0.14,0.4,0.79,1.62,2.22,2.78,3.5,3.75
20130827,0.04,,0.05,0.07,0.12,0.38,0.77,1.56,2.15,2.72,3.45,3.7
20130826,0.03,,0.04,0.07,0.13,0.41,0.79,1.61,2.23,2.79,3.52,3.77
20130823,0.02,,0.03,0.06,0.14,0.4,0.8,1.66,2.27,2.82,3.55,3.8
20130822,0.01,,0.03,0.06,0.14,0.42,0.82,1.71,2.34,2.9,3.63,3.88
20130821,0.02,,0.04,0.07,0.14,0.38,0.76,1.64,2.3,2.87,3.64,3.9
20130820,0.03,,0.04,0.07,0.13,0.36,0.73,1.57,2.22,2.82,3.59,3.86
20130819,0.03,,0.06,0.08,0.13,0.36,0.76,1.63,2.29,2.88,3.64,3.89
20130816,0.05,,0.05,0.08,0.13,0.36,0.73,1.6,2.25,2.84,3.61,3.86
20130815,0.05,,0.05,0.08,0.13,0.36,0.7,1.54,2.18,2.77,3.54,3.81
20130814,0.06,,0.05,0.07,0.12,0.34,0.67,1.48,2.12,2.71,3.48,3.75
20130813,0.06,,0.06,0.08,0.12,0.34,0.68,1.49,2.13,2.71,3.48,3.75
20130812,0.05,,0.06,0.08,0.12,0.32,0.62,1.39,2.01,2.61,3.39,3.67
20130809,0.05,,0.05,0.07,0.11,0.32,0.61,1.36,1.98,2.57,3.36,3.63
20130808,0.05,,0.05,0.07,0.12,0.3,0.61,1.36,1.98,2.58,3.37,3.65
20130807,0.05,,0.05,0.08,0.12,0.32,0.61,1.38,2.0,2.61,3.37,3.68
20130806,0.05,,0.04,0.08,0.12,0.32,0.62,1.39,2.04,2.67,3.42,3.73
20130805,0.03,,0.05,0.08,0.12,0.32,0.61,1.39,2.04,2.67,3.42,3.73
20130802,0.02,,0.04,0.07,0.11,0.3,0.59,1.36,2.01,2.63,3.39,3.69
20130801,0.02,,0.04,0.08,0.13,0.35,0.65,1.49,2.15,2.74,3.48,3.77
20130731,0.03,,0.04,0.08,0.11,0.31,0.61,1.38,2.0,2.6,3.34,3.64
20130730,0.03,,0.04,0.07,0.11,0.33,0.62,1.39,2.02,2.63,3.36,3.67
20130729,0.01,,0.03,0.07,0.11,0.33,0.61,1.37,2.0,2.61,3.35,3.66
20130726,0.02,,0.03,0.07,0.11,0.31,0.59,1.36,1.98,2.58,3.31,3.61
20130725,0.02,,0.02,0.06,0.12,0.32,0.62,1.38,2.0,2.61,3.34,3.65
20130724,0.02,,0.03,0.07,0.12,0.34,0.64,1.4,2.0,2.61,3.34,3.65
20130723,0.02,,0.02,0.07,0.12,0.33,0.6,1.33,1.92,2.53,3.27,3.58
20130722,0.01,,0.04,0.07,0.1,0.32,0.59,1.32,1.9,2.5,3.25,3.55
20130719,0.01,,0.03,0.07,0.11,0.32,0.59,1.31,1.9,2.5,3.25,3.56
20130718,0.01,,0.03,0.07,0.11,0.32,0.61,1.35,1.95,2.56,3.32,3.63
20130717,0.02,,0.03,0.08,0.11,0.32,0.6,1.33,1.91,2.52,3.27,3.57
20130716,0.02,,0.03,0.07,0.1,0.34,0.64,1.38,1.95,2.55,3.28,3.58
20130715,0.02,,0.04,0.07,0.11,0.34,0.66,1.4,1.97,2.57,3.3,3.61
20130712,0.02,,0.04,0.07,0.12,0.37,0.66,1.43,2.0,2.61,3.34,3.64
20130711,0.02,,0.04,0.07,0.13,0.34,0.65,1.4,1.99,2.6,3.33,3.64
20130710,0.03,,0.04,0.08,0.13,0.38,0.73,1.54,2.12,2.7,3.4,3.68
20130709,0.04,,0.04,0.08,0.14,0.37,0.71,1.5,2.08,2.65,3.36,3.64
20130708,0.02,,0.05,0.07,0.14,0.37,0.71,1.51,2.11,2.65,3.35,3.63
20130705,0.03,,0.04,0.08,0.15,0.4,0.77,1.6,2.19,2.73,3.41,3.68
20130703,0.03,,0.05,0.08,0.14,0.36,0.67,1.42,1.97,2.52,3.22,3.49
20130702,0.02,,0.03,0.08,0.14,0.34,0.64,1.38,1.92,2.48,3.18,3.47
20130701,0.01,,0.04,0.09,0.15,0.34,0.65,1.39,1.93,2.5,3.19,3.48
20130628,0.02,,0.04,0.1,0.15,0.36,0.66,1.41,1.96,2.52,3.22,3.52
20130627,0.02,,0.06,0.11,0.15,0.36,0.66,1.38,1.91,2.49,3.22,3.54
20130626,0.02,,0.06,0.11,0.16,0.39,0.69,1.45,1.98,2.55,3.27,3.58
20130625,0.03,,0.06,0.11,0.17,0.43,0.74,1.49,2.03,2.6,3.31,3.6
20130624,0.01,,0.06,0.11,0.16,0.42,0.73,1.48,2.02,2.57,3.27,3.56
20130621,0.02,,0.05,0.09,0.13,0.38,0.7,1.42,1.95,2.52,3.26,3.56
20130620,0.03,,0.05,0.09,0.14,0.33,0.62,1.31,1.84,2.41,3.18,3.49
20130619,0.04,,0.05,0.08,0.13,0.31,0.58,1.24,1.76,2.33,3.09,3.41
20130618,0.04,,0.05,0.08,0.13,0.27,0.48,1.07,1.58,2.2,3.0,3.34
20130617,0.05,,0.05,0.08,0.13,0.27,0.49,1.06,1.57,2.19,3.01,3.35
20130614,0.04,,0.05,0.08,0.13,0.29,0.49,1.04,1.53,2.14,2.95,3.28
20130613,0.04,,0.05,0.08,0.14,0.32,0.55,1.11,1.6,2.19,2.99,3.33
20130612,0.04,,0.05,0.08,0.14,0.34,0.57,1.15,1.64,2.25,3.04,3.37
20130611,0.05,,0.05,0.08,0.14,0.34,0.57,1.12,1.61,2.2,3.0,3.33
20130610,0.04,,0.05,0.08,0.14,0.32,0.55,1.13,1.62,2.22,3.03,3.36
20130607,0.04,,0.04,0.07,0.14,0.32,0.52,1.1,1.59,2.17,2.98,3.33
20130606,0.04,,0.05,0.08,0.14,0.3,0.48,1.01,1.49,2.08,2.89,3.23
20130605,0.04,,0.05,0.08,0.14,0.3,0.48,1.02,1.52,2.1,2.9,3.25
20130604,0.05,,0.04,0.08,0.14,0.32,0.48,1.05,1.55,2.14,2.95,3.3
20130603,0.03,,0.05,0.08,0.14,0.3,0.5,1.03,1.53,2.13,2.92,3.27
20130531,0.03,,0.04,0.07,0.14,0.3,0.52,1.05,1.55,2.16,2.95,3.3
20130530,0.02,,0.04,0.07,0.13,0.31,0.49,1.01,1.51,2.13,2.92,3.28
20130529,0.04,,0.05,0.08,0.14,0.3,0.49,1.02,1.51,2.13,2.91,3.27
20130528,0.02,,0.05,0.09,0.13,0.29,0.49,1.02,1.53,2.15,2.95,3.31
20130524,0.03,,0.04,0.07,0.12,0.26,0.41,0.9,1.39,2.01,2.8,3.18
20130523,0.03,,0.05,0.08,0.12,0.26,0.42,0.91,1.4,2.02,2.82,3.2
20130522,0.04,,0.04,0.08,0.11,0.26,0.41,0.91,1.4,2.03,2.83,3.21
20130521,0.04,,0.04,0.09,0.12,0.26,0.39,0.84,1.31,1.94,2.75,3.14
20130520,0.01,,0.05,0.09,0.12,0.26,0.4,0.85,1.33,1.97,2.79,3.18
20130517,0.01,,0.04,0.08,0.12,0.26,0.4,0.84,1.32,1.95,2.77,3.17
20130516,0.0,,0.03,0.08,0.12,0.23,0.37,0.79,1.25,1.87,2.69,3.09
20130515,0.01,,0.04,0.09,0.12,0.26,0.4,0.84,1.32,1.94,2.76,3.16
20130514,0.01,,0.05,0.09,0.12,0.26,0.41,0.85,1.33,1.96,2.77,3.17
20130513,0.02,,0.05,0.08,0.13,0.24,0.4,0.83,1.3,1.92,2.73,3.13
20130510,0.02,,0.04,0.08,0.11,0.26,0.38,0.82,1.28,1.9,2.7,3.1
20130509,0.02,,0.04,0.08,0.11,0.22,0.35,0.75,1.2,1.81,2.6,3.01
20130508,0.01,,0.04,0.08,0.11,0.22,0.35,0.75,1.2,1.81,2.61,2.99
20130507,0.01,,0.04,0.08,0.1,0.22,0.35,0.75,1.21,1.82,2.62,3.0
20130506,0.01,,0.04,0.08,0.11,0.22,0.34,0.74,1.19,1.8,2.6,2.98
20130503,0.02,,0.05,0.08,0.11,0.22,0.34,0.73,1.17,1.78,2.58,2.96
20130502,0.02,,0.05,0.08,0.11,0.2,0.3,0.65,1.07,1.66,2.44,2.82
20130501,0.03,,0.06,0.08,0.11,0.2,0.3,0.65,1.07,1.66,2.44,2.83
20130430,0.03,,0.05,0.09,0.11,0.22,0.32,0.68,1.11,1.7,2.49,2.88
20130429,0.03,,0.05,0.08,0.12,0.2,0.32,0.68,1.1,1.7,2.49,2.88
20130426,0.04,,0.05,0.09,0.12,0.22,0.32,0.68,1.1,1.7,2.47,2.87
20130425,0.04,,0.05,0.08,0.12,0.23,0.35,0.71,1.15,1.74,2.52,2.91
20130424,0.05,,0.06,0.09,0.13,0.23,0.34,0.7,1.13,1.73,2.5,2.89
20130423,0.04,,0.05,0.09,0.12,0.23,0.35,0.71,1.14,1.74,2.52,2.9
20130422,0.04,,0.05,0.09,0.12,0.24,0.35,0.7,1.13,1.72,2.5,2.88
20130419,0.04,,0.05,0.09,0.12,0.24,0.35,0.72,1.14,1.73,2.5,2.88
20130418,0.03,,0.05,0.09,0.12,0.24,0.35,0.71,1.13,1.72,2.49,2.87
20130417,0.05,,0.06,0.09,0.13,0.24,0.35,0.71,1.13,1.73,2.51,2.89
20130416,0.06,,0.06,0.09,0.13,0.24,0.33,0.71,1.15,1.75,2.53,2.91
20130415,0.04,,0.06,0.09,0.12,0.22,0.32,0.69,1.12,1.72,2.5,2.88
20130412,0.05,,0.06,0.09,0.11,0.22,0.33,0.7,1.14,1.75,2.54,2.92
20130411,0.06,,0.07,0.1,0.12,0.24,0.35,0.74,1.2,1.82,2.62,3.01
20130410,0.07,,0.07,0.1,0.12,0.24,0.36,0.74,1.21,1.84,2.63,3.01
20130409,0.06,,0.06,0.1,0.13,0.24,0.34,0.7,1.16,1.78,2.57,2.94
20130408,0.05,,0.07,0.1,0.13,0.24,0.34,0.71,1.15,1.76,2.54,2.91
20130405,0.05,,0.07,0.1,0.13,0.24,0.33,0.68,1.12,1.72,2.5,2.87
20130404,0.07,,0.07,0.1,0.13,0.22,0.33,0.69,1.15,1.78,2.6,2.99
20130403,0.06,,0.06,0.1,0.13,0.24,0.34,0.73,1.2,1.83,2.66,3.05
20130402,0.06,,0.07,0.11,0.14,0.25,0.36,0.78,1.26,1.88,2.72,3.1
20130401,0.06,,0.08,0.11,0.14,0.23,0.36,0.76,1.23,1.86,2.7,3.08
20130328,0.04,,0.07,0.11,0.14,0.25,0.36,0.77,1.24,1.87,2.71,3.1
20130327,0.06,,0.09,0.12,0.14,0.25,0.36,0.76,1.22,1.87,2.71,3.09
20130326,0.08,,0.07,0.11,0.14,0.25,0.38,0.79,1.27,1.92,2.75,3.13
20130325,0.06,,0.08,0.11,0.14,0.24,0.38,0.8,1.28,1.93,2.76,3.14
20130322,0.07,,0.07,0.11,0.14,0.26,0.39,0.8,1.29,1.93,2.75,3.13
20130321,0.08,,0.07,0.11,0.14,0.27,0.38,0.81,1.3,1.95,2.77,3.15
20130320,0.08,,0.07,0.11,0.15,0.26,0.38,0.81,1.32,1.96,2.8,3.19
20130319,0.08,,0.07,0.11,0.15,0.24,0.37,0.79,1.28,1.92,2.75,3.13
20130318,0.07,,0.07,0.11,0.15,0.26,0.38,0.81,1.31,1.96,2.79,3.18
20130315,0.07,,0.09,0.11,0.14,0.25,0.4,0.84,1.35,2.01,2.85,3.22
20130314,0.08,,0.1,0.12,0.15,0.27,0.42,0.88,1.4,2.04,2.87,3.25
20130313,0.09,,0.09,0.12,0.15,0.27,0.42,0.89,1.41,2.04,2.85,3.22
20130312,0.1,,0.1,0.12,0.15,0.27,0.41,0.88,1.4,2.03,2.85,3.22
20130311,0.09,,0.1,0.12,0.15,0.27,0.43,0.9,1.43,2.07,2.89,3.26
20130308,0.09,,0.1,0.11,0.15,0.27,0.42,0.9,1.43,2.06,2.89,3.25
20130307,0.1,,0.1,0.11,0.15,0.25,0.4,0.85,1.36,2.0,2.82,3.2
20130306,0.09,,0.1,0.12,0.15,0.25,0.38,0.81,1.31,1.95,2.77,3.15
20130305,0.09,,0.08,0.12,0.15,0.25,0.36,0.77,1.27,1.9,2.72,3.1
20130304,0.07,,0.11,0.12,0.16,0.24,0.35,0.76,1.25,1.88,2.7,3.08
20130301,0.07,,0.11,0.12,0.16,0.25,0.35,0.75,1.23,1.86,2.68,3.06
20130228,0.07,,0.11,0.13,0.17,0.25,0.36,0.77,1.26,1.89,2.71,3.1
20130227,0.11,,0.11,0.13,0.17,0.27,0.36,0.78,1.28,1.91,2.72,3.11
20130226,0.11,,0.14,0.14,0.17,0.25,0.37,0.78,1.25,1.88,2.69,3.08
20130225,0.09,,0.12,0.14,0.16,0.25,0.37,0.78,1.25,1.88,2.69,3.08
20130222,0.11,,0.13,0.14,0.16,0.27,0.4,0.84,1.34,1.97,2.77,3.15
20130221,0.12,,0.13,0.13,0.16,0.26,0.4,0.86,1.36,1.99,2.79,3.17
20130220,0.12,,0.12,0.13,0.17,0.27,0.42,0.88,1.38,2.02,2.82,3.2
20130219,0.09,,0.12,0.13,0.17,0.29,0.44,0.89,1.41,2.03,2.83,3.21
20130215,0.09,,0.1,0.13,0.17,0.29,0.42,0.87,1.38,2.01,2.8,3.18
20130214,0.1,,0.11,0.13,0.16,0.27,0.42,0.86,1.37,2.0,2.79,3.17
20130213,0.09,,0.1,0.12,0.15,0.29,0.44,0.92,1.43,2.05,2.86,3.23
20130212,0.08,,0.09,0.12,0.14,0.29,0.41,0.88,1.38,2.02,2.81,3.19
20130211,0.05,,0.09,0.12,0.15,0.27,0.4,0.85,1.35,1.99,2.78,3.16
20130208,0.03,,0.07,0.11,0.14,0.25,0.39,0.84,1.34,1.99,2.79,3.17
20130207,0.03,,0.07,0.11,0.15,0.25,0.39,0.83,1.34,1.99,2.78,3.17
20130206,0.06,,0.07,0.12,0.15,0.27,0.39,0.84,1.35,2.0,2.79,3.18
20130205,0.06,,0.07,0.11,0.15,0.27,0.41,0.88,1.39,2.04,2.83,3.21
20130204,0.03,,0.07,0.11,0.15,0.25,0.38,0.85,1.36,2.0,2.79,3.17
20130201,0.02,,0.06,0.11,0.15,0.27,0.4,0.88,1.4,2.04,2.83,3.21
20130131,0.04,,0.07,0.12,0.15,0.27,0.42,0.88,1.38,2.02,2.79,3.17
20130130,0.04,,0.07,0.11,0.15,0.27,0.42,0.88,1.39,2.03,2.8,3.19
20130129,0.03,,0.07,0.11,0.15,0.3,0.43,0.9,1.4,2.03,2.79,3.18
20130128,0.03,,0.07,0.11,0.16,0.29,0.45,0.89,1.38,2.0,2.76,3.15
20130125,0.06,,0.08,0.11,0.15,0.28,0.42,0.87,1.36,1.98,2.75,3.14
20130124,0.06,,0.08,0.1,0.15,0.23,0.37,0.78,1.26,1.88,2.64,3.04
20130123,0.06,,0.08,0.1,0.15,0.26,0.37,0.76,1.24,1.86,2.62,3.02
20130122,0.04,,0.08,0.1,0.14,0.26,0.38,0.76,1.25,1.86,2.62,3.02
20130118,0.04,,0.08,0.1,0.14,0.26,0.38,0.77,1.26,1.87,2.63,3.03
20130117,0.05,,0.07,0.11,0.14,0.28,0.39,0.79,1.29,1.89,2.66,3.06
20130116,0.07,,0.08,0.11,0.14,0.26,0.36,0.75,1.23,1.84,2.61,3.01
20130115,0.09,,0.09,0.11,0.14,0.26,0.36,0.75,1.24,1.86,2.62,3.02
20130114,0.05,,0.08,0.11,0.14,0.26,0.37,0.78,1.27,1.89,2.65,3.05
20130111,0.04,,0.07,0.1,0.14,0.26,0.37,0.78,1.28,1.89,2.65,3.05
20130110,0.05,,0.06,0.1,0.14,0.26,0.37,0.8,1.3,1.91,2.68,3.08
20130109,0.04,,0.06,0.09,0.13,0.24,0.37,0.77,1.27,1.88,2.65,3.06
20130108,0.06,,0.07,0.11,0.14,0.25,0.38,0.79,1.28,1.89,2.66,3.06
20130107,0.05,,0.07,0.11,0.15,0.27,0.41,0.82,1.31,1.92,2.7,3.1
20130104,0.06,,0.07,0.11,0.15,0.27,0.41,0.82,1.32,1.93,2.7,3.1
20130103,0.06,,0.08,0.12,0.15,0.27,0.4,0.81,1.31,1.92,2.7,3.12
20130102,0.07,,0.08,0.12,0.15,0.27,0.37,0.76,1.25,1.86,2.63,3.04
20141231,0.03,,0.04,0.12,0.25,0.67,1.1,1.65,1.97,2.17,2.47,2.75
20141230,0.03,,0.03,0.12,0.23,0.69,1.11,1.68,2.0,2.2,2.49,2.76
20141229,0.01,,0.03,0.12,0.25,0.72,1.14,1.72,2.02,2.22,2.51,2.78
20141226,0.01,,0.01,0.1,0.26,0.73,1.19,1.75,2.07,2.25,2.54,2.81
20141224,0.01,,0.01,0.14,0.26,0.73,1.18,1.76,2.09,2.27,2.56,2.83
20141223,0.02,,0.03,0.14,0.26,0.73,1.17,1.76,2.06,2.26,2.57,2.85
20141222,0.01,,0.05,0.16,0.28,0.71,1.13,1.67,1.98,2.17,2.47,2.75
20141219,0.01,,0.04,0.11,0.26,0.67,1.1,1.66,1.98,2.17,2.48,2.77
20141218,0.04,,0.04,0.12,0.25,0.67,1.1,1.68,2.01,2.22,2.54,2.82
20141217,0.03,,0.03,0.11,0.23,0.62,1.06,1.61,1.93,2.14,2.46,2.74
20141216,0.03,,0.03,0.11,0.21,0.58,0.99,1.53,1.85,2.07,2.4,2.69
20141215,0.02,,0.04,0.11,0.22,0.6,1.03,1.58,1.9,2.12,2.45,2.74
20141212,0.02,,0.02,0.09,0.19,0.56,0.98,1.53,1.86,2.1,2.45,2.75
20141211,0.02,,0.03,0.09,0.21,0.62,1.05,1.62,1.96,2.19,2.54,2.84
20141210,0.05,,0.03,0.1,0.21,0.59,1.01,1.58,1.92,2.18,2.54,2.83
20141209,0.05,,0.04,0.11,0.23,0.64,1.07,1.63,1.97,2.22,2.58,2.87
20141208,0.03,,0.03,0.1,0.18,0.64,1.1,1.67,2.02,2.26,2.62,2.9
20141205,0.02,,0.02,0.08,0.18,0.65,1.09,1.69,2.06,2.31,2.69,2.97
20141204,0.03,,0.02,0.08,0.14,0.55,0.97,1.59,1.98,2.25,2.66,2.94
20141203,0.03,,0.01,0.07,0.15,0.57,0.98,1.61,2.01,2.29,2.71,2.99
20141202,0.04,,0.03,0.08,0.14,0.55,0.96,1.59,2.0,2.28,2.72,3.0
20141201,0.01,,0.03,0.08,0.13,0.49,0.9,1.52,1.93,2.22,2.66,2.95
20141128,0.04,,0.02,0.07,0.13,0.47,0.88,1.49,1.89,2.18,2.62,2.89
20141126,0.06,,0.02,0.07,0.14,0.53,0.93,1.56,1.96,2.24,2.67,2.95
20141125,0.06,,0.02,0.07,0.14,0.51,0.94,1.58,1.98,2.27,2.69,2.97
20141124,0.04,,0.02,0.08,0.14,0.53,0.95,1.62,2.02,2.3,2.74,3.01
20141121,0.04,,0.01,0.07,0.14,0.53,0.96,1.63,2.03,2.31,2.75,3.02
20141120,0.04,,0.02,0.07,0.14,0.53,0.97,1.64,2.05,2.34,2.78,3.05
20141119,0.04,,0.01,0.07,0.15,0.54,0.99,1.66,2.07,2.36,2.8,3.08
20141118,0.04,,0.02,0.07,0.14,0.53,0.96,1.63,2.03,2.32,2.77,3.05
20141117,0.02,,0.03,0.07,0.15,0.54,0.96,1.64,2.04,2.34,2.79,3.06
20141114,0.04,,0.02,0.07,0.15,0.54,0.96,1.62,2.02,2.32,2.77,3.04
20141113,0.05,,0.02,0.08,0.15,0.53,0.97,1.64,2.05,2.35,2.8,3.08
20141112,0.05,,0.02,0.07,0.14,0.55,1.0,1.65,2.06,2.37,2.81,3.09
20141110,0.04,,0.02,0.07,0.13,0.55,1.0,1.65,2.07,2.38,2.81,3.09
20141107,0.04,,0.03,0.06,0.12,0.51,0.95,1.6,2.01,2.32,2.76,3.04
20141106,0.04,,0.03,0.06,0.12,0.54,1.01,1.67,2.09,2.39,2.83,3.09
20141105,0.04,,0.03,0.07,0.11,0.52,0.97,1.63,2.05,2.36,2.79,3.06
20141104,0.04,,0.03,0.06,0.11,0.52,0.97,1.63,2.05,2.35,2.78,3.05
20141103,0.03,,0.02,0.07,0.12,0.52,0.96,1.63,2.05,2.36,2.8,3.07
20141031,0.01,,0.01,0.05,0.11,0.5,0.95,1.62,2.05,2.35,2.81,3.07
20141030,0.01,,0.01,0.06,0.11,0.48,0.91,1.58,2.02,2.32,2.77,3.04
20141029,0.01,,0.03,0.07,0.11,0.48,0.93,1.61,2.03,2.34,2.79,3.06
20141028,0.02,,0.02,0.05,0.11,0.42,0.84,1.53,1.97,2.3,2.79,3.06
20141027,0.03,,0.02,0.06,0.11,0.41,0.81,1.51,1.94,2.27,2.75,3.04
20141024,0.02,,0.01,0.06,0.11,0.41,0.82,1.52,1.96,2.29,2.77,3.05
20141023,0.02,,0.01,0.06,0.11,0.41,0.83,1.52,1.95,2.29,2.77,3.05
20141022,0.04,,0.02,0.06,0.11,0.41,0.8,1.46,1.9,2.25,2.73,3.01
20141021,0.04,,0.02,0.06,0.1,0.38,0.77,1.44,1.88,2.23,2.72,3.0
20141020,0.03,,0.02,0.06,0.1,0.37,0.76,1.41,1.85,2.2,2.68,2.96
20141017,0.03,,0.02,0.05,0.11,0.39,0.79,1.44,1.88,2.22,2.7,2.98
20141016,0.04,,0.03,0.05,0.1,0.35,0.75,1.39,1.82,2.17,2.66,2.94
20141015,0.02,,0.02,0.05,0.1,0.34,0.73,1.37,1.8,2.15,2.64,2.92
20141014,0.03,,0.02,0.04,0.09,0.39,0.8,1.45,1.88,2.21,2.68,2.95
20141010,0.02,,0.01,0.04,0.1,0.45,0.89,1.55,1.99,2.31,2.77,3.03
20141009,0.02,,0.01,0.05,0.1,0.46,0.91,1.58,2.02,2.34,2.81,3.07
20141008,0.01,,0.01,0.05,0.1,0.46,0.9,1.57,2.02,2.35,2.82,3.07
20141007,0.02,,0.02,0.04,0.1,0.52,0.98,1.64,2.06,2.36,2.81,3.06
20141006,0.01,,0.02,0.05,0.11,0.54,1.02,1.7,2.13,2.43,2.88,3.12
20141003,0.01,,0.01,0.03,0.11,0.57,1.05,1.73,2.16,2.45,2.89,3.13
20141002,0.01,,0.01,0.03,0.1,0.53,1.01,1.7,2.14,2.44,2.9,3.15
20141001,0.01,,0.02,0.04,0.1,0.53,1.0,1.69,2.12,2.42,2.87,3.12
20140930,0.02,,0.02,0.03,0.13,0.58,1.07,1.78,2.22,2.52,2.98,3.21
20140929,0.01,,0.02,0.05,0.11,0.58,1.06,1.77,2.21,2.5,2.95,3.18
20140926,0.01,,0.01,0.03,0.11,0.59,1.08,1.8,2.24,2.54,2.99,3.22
20140925,0.0,,0.01,0.03,0.1,0.56,1.03,1.75,2.21,2.52,2.98,3.22
20140924,0.01,,0.02,0.03,0.11,0.59,1.08,1.82,2.26,2.57,3.04,3.28
20140923,0.01,,0.01,0.04,0.1,0.57,1.05,1.78,2.23,2.54,3.01,3.25
20140922,0.0,,0.01,0.04,0.1,0.58,1.06,1.8,2.26,2.57,3.04,3.28
20140919,0.01,,0.02,0.04,0.11,0.59,1.09,1.83,2.29,2.59,3.05,3.29
20140918,0.01,,0.02,0.04,0.12,0.59,1.1,1.85,2.32,2.63,3.12,3.36
20140917,0.01,,0.02,0.05,0.12,0.59,1.08,1.82,2.29,2.62,3.12,3.37
20140916,0.01,,0.02,0.04,0.13,0.55,1.04,1.78,2.26,2.6,3.11,3.36
20140915,0.01,,0.02,0.05,0.11,0.58,1.06,1.8,2.26,2.6,3.09,3.34
20140912,0.01,,0.02,0.05,0.11,0.58,1.07,1.83,2.29,2.62,3.1,3.35
20140911,0.01,,0.02,0.05,0.11,0.58,1.07,1.79,2.22,2.54,3.02,3.27
20140910,0.01,,0.02,0.05,0.11,0.58,1.07,1.79,2.22,2.54,3.01,3.26
20140909,0.01,,0.02,0.05,0.11,0.56,1.06,1.76,2.19,2.5,2.97,3.23
20140908,0.01,,0.02,0.05,0.1,0.54,1.02,1.72,2.16,2.48,2.97,3.23
20140905,0.02,,0.03,0.05,0.1,0.52,0.99,1.69,2.14,2.46,2.97,3.23
20140904,0.02,,0.03,0.05,0.1,0.54,1.01,1.71,2.14,2.45,2.95,3.21
20140903,0.02,,0.03,0.05,0.11,0.52,0.99,1.69,2.11,2.41,2.9,3.15
20140902,0.02,,0.03,0.05,0.1,0.53,0.99,1.69,2.11,2.42,2.91,3.17
20140829,0.02,,0.03,0.05,0.09,0.48,0.94,1.63,2.05,2.35,2.83,3.09
20140828,0.02,,0.03,0.05,0.11,0.5,0.95,1.63,2.04,2.34,2.82,3.08
20140827,0.02,,0.04,0.05,0.11,0.51,0.97,1.65,2.05,2.37,2.85,3.11
20140826,0.04,,0.03,0.05,0.12,0.52,0.98,1.68,2.08,2.39,2.89,3.15
20140825,0.02,,0.04,0.05,0.11,0.53,0.99,1.69,2.09,2.39,2.88,3.13
20140822,0.04,,0.03,0.06,0.1,0.53,0.98,1.68,2.1,2.4,2.9,3.16
20140821,0.03,,0.02,0.06,0.1,0.49,0.95,1.64,2.08,2.41,2.92,3.19
20140820,0.04,,0.04,0.06,0.12,0.49,0.94,1.65,2.09,2.43,2.95,3.22
20140819,0.04,,0.03,0.05,0.11,0.46,0.9,1.59,2.05,2.4,2.94,3.21
20140818,0.02,,0.03,0.05,0.1,0.44,0.89,1.58,2.04,2.39,2.92,3.2
20140815,0.03,,0.03,0.05,0.09,0.42,0.86,1.55,1.99,2.34,2.86,3.13
20140814,0.04,,0.04,0.06,0.1,0.42,0.87,1.58,2.04,2.4,2.93,3.2
20140813,0.04,,0.04,0.06,0.1,0.43,0.88,1.59,2.06,2.43,2.97,3.24
20140812,0.05,,0.03,0.05,0.1,0.45,0.92,1.63,2.1,2.46,3.0,3.27
20140811,0.03,,0.04,0.05,0.1,0.47,0.93,1.62,2.09,2.44,2.97,3.24
20140808,0.03,,0.03,0.05,0.1,0.45,0.91,1.62,2.09,2.44,2.97,3.23
20140807,0.03,,0.03,0.04,0.11,0.44,0.89,1.6,2.07,2.43,2.97,3.23
20140806,0.03,,0.03,0.05,0.11,0.48,0.93,1.66,2.13,2.49,3.01,3.27
20140805,0.03,,0.03,0.05,0.12,0.47,0.93,1.66,2.14,2.49,3.02,3.28
20140804,0.02,,0.04,0.06,0.12,0.47,0.93,1.66,2.15,2.51,3.04,3.3
20140801,0.01,,0.03,0.05,0.13,0.47,0.94,1.67,2.16,2.52,3.03,3.29
20140731,0.01,,0.03,0.05,0.12,0.53,1.02,1.76,2.24,2.58,3.07,3.32
20140730,0.03,,0.04,0.06,0.13,0.56,1.04,1.77,2.24,2.57,3.06,3.31
20140729,0.03,,0.02,0.06,0.12,0.54,1.0,1.7,2.14,2.47,2.97,3.22
20140728,0.03,,0.04,0.06,0.11,0.54,1.01,1.73,2.17,2.5,3.01,3.26
20140725,0.03,,0.03,0.06,0.11,0.53,0.98,1.69,2.14,2.48,2.99,3.24
20140724,0.04,,0.03,0.06,0.11,0.53,1.0,1.72,2.18,2.52,3.04,3.3
20140723,0.03,,0.03,0.05,0.11,0.5,0.96,1.67,2.12,2.48,3.0,3.26
20140722,0.03,,0.03,0.07,0.11,0.49,0.97,1.68,2.13,2.48,3.0,3.25
20140721,0.02,,0.03,0.06,0.11,0.51,0.99,1.7,2.14,2.49,3.01,3.26
20140718,0.03,,0.02,0.05,0.1,0.51,0.97,1.69,2.14,2.5,3.03,3.29
20140717,0.02,,0.02,0.06,0.1,0.47,0.94,1.65,2.11,2.47,3.01,3.27
20140716,0.02,,0.02,0.06,0.11,0.5,0.98,1.71,2.18,2.55,3.08,3.35
20140715,0.02,,0.02,0.06,0.11,0.49,0.97,1.7,2.18,2.56,3.1,3.37
20140714,0.02,,0.03,0.06,0.11,0.48,0.95,1.68,2.17,2.55,3.1,3.36
20140711,0.02,,0.02,0.07,0.11,0.48,0.92,1.65,2.13,2.53,3.07,3.34
20140710,0.02,,0.02,0.06,0.1,0.46,0.93,1.66,2.15,2.55,3.1,3.38
20140709,0.03,,0.03,0.06,0.11,0.51,0.97,1.68,2.17,2.57,3.1,3.37
20140708,0.02,,0.03,0.06,0.11,0.51,0.99,1.7,2.19,2.58,3.12,3.38
20140707,0.02,,0.04,0.06,0.12,0.52,1.0,1.74,2.24,2.63,3.17,3.44
20140703,0.01,,0.01,0.06,0.11,0.52,0.98,1.74,2.25,2.65,3.21,3.47
20140702,0.02,,0.02,0.06,0.12,0.49,0.95,1.71,2.22,2.64,3.2,3.46
20140701,0.03,,0.02,0.06,0.11,0.47,0.9,1.66,2.17,2.58,3.13,3.4
20140630,0.02,,0.04,0.07,0.11,0.47,0.88,1.62,2.13,2.53,3.08,3.34
20140627,0.02,,0.03,0.06,0.1,0.45,0.88,1.64,2.14,2.54,3.1,3.36
20140626,0.01,,0.04,0.06,0.11,0.46,0.9,1.64,2.14,2.53,3.08,3.35
20140625,0.01,,0.03,0.05,0.11,0.48,0.92,1.68,2.17,2.57,3.12,3.38
20140624,0.01,,0.03,0.06,0.12,0.49,0.95,1.7,2.19,2.59,3.14,3.41
20140623,0.02,,0.03,0.06,0.1,0.48,0.96,1.72,2.23,2.63,3.18,3.45
20140620,0.01,,0.02,0.04,0.09,0.5,0.94,1.71,2.22,2.63,3.18,3.44
20140619,0.01,,0.02,0.05,0.09,0.48,0.94,1.71,2.22,2.64,3.2,3.47
20140618,0.03,,0.03,0.06,0.1,0.48,0.95,1.71,2.21,2.61,3.16,3.43
20140617,0.03,,0.04,0.07,0.11,0.51,0.99,1.77,2.27,2.66,3.19,3.44
20140616,0.03,,0.04,0.07,0.11,0.49,0.95,1.71,2.21,2.61,3.14,3.4
20140613,0.02,,0.04,0.07,0.11,0.45,0.93,1.7,2.21,2.6,3.14,3.41
20140612,0.02,,0.04,0.07,0.1,0.42,0.88,1.66,2.17,2.58,3.14,3.41
20140611,0.03,,0.04,0.06,0.11,0.44,0.91,1.7,2.23,2.65,3.2,3.47
20140610,0.04,,0.04,0.06,0.11,0.45,0.93,1.71,2.24,2.64,3.2,3.47
20140609,0.03,,0.04,0.06,0.11,0.43,0.88,1.69,2.22,2.62,3.18,3.45
20140606,0.02,,0.04,0.06,0.11,0.41,0.86,1.66,2.19,2.6,3.17,3.44
20140605,0.03,,0.04,0.06,0.1,0.4,0.82,1.63,2.17,2.59,3.17,3.44
20140604,0.04,,0.04,0.06,0.1,0.41,0.85,1.65,2.2,2.61,3.18,3.45
20140603,0.04,,0.04,0.06,0.1,0.41,0.85,1.65,2.18,2.6,3.17,3.43
20140602,0.04,,0.04,0.06,0.1,0.39,0.83,1.6,2.12,2.54,3.1,3.38
20140530,0.05,,0.04,0.06,0.1,0.37,0.79,1.54,2.06,2.48,3.05,3.33
20140529,0.05,,0.04,0.05,0.1,0.37,0.77,1.52,2.03,2.45,3.03,3.31
20140528,0.04,,0.04,0.05,0.1,0.37,0.76,1.5,2.01,2.44,3.01,3.29
20140527,0.03,,0.04,0.06,0.09,0.39,0.79,1.56,2.08,2.52,3.09,3.37
20140523,0.04,,0.04,0.05,0.1,0.37,0.79,1.55,2.09,2.54,3.12,3.4
20140522,0.03,,0.03,0.05,0.09,0.37,0.8,1.57,2.1,2.56,3.15,3.43
20140521,0.04,,0.04,0.06,0.09,0.37,0.79,1.55,2.08,2.54,3.13,3.42
20140520,0.04,,0.03,0.06,0.09,0.35,0.77,1.53,2.06,2.52,3.1,3.38
20140519,0.01,,0.03,0.05,0.09,0.36,0.79,1.56,2.09,2.54,3.11,3.39
20140516,0.01,,0.03,0.05,0.09,0.38,0.8,1.56,2.08,2.52,3.07,3.34
20140515,0.01,,0.03,0.05,0.09,0.38,0.8,1.55,2.05,2.5,3.05,3.33
20140514,0.02,,0.03,0.05,0.1,0.39,0.81,1.57,2.1,2.54,3.09,3.37
20140513,0.03,,0.03,0.05,0.1,0.39,0.84,1.62,2.16,2.61,3.17,3.45
20140512,0.02,,0.03,0.05,0.09,0.41,0.87,1.67,2.21,2.66,3.21,3.49
20140509,0.02,,0.03,0.05,0.1,0.4,0.86,1.63,2.17,2.62,3.18,3.47
20140508,0.02,,0.03,0.05,0.1,0.4,0.86,1.63,2.16,2.61,3.17,3.45
20140507,0.03,,0.03,0.05,0.1,0.41,0.89,1.65,2.18,2.62,3.12,3.4
20140506,0.03,,0.03,0.05,0.1,0.43,0.92,1.68,2.2,2.61,3.13,3.38
20140505,0.01,,0.03,0.05,0.11,0.43,0.9,1.68,2.22,2.63,3.16,3.41
20140502,0.01,,0.02,0.05,0.1,0.42,0.89,1.67,2.2,2.6,3.12,3.37
20140501,0.02,,0.03,0.05,0.1,0.41,0.86,1.66,2.21,2.63,3.16,3.41
20140430,0.02,,0.03,0.05,0.11,0.42,0.87,1.69,2.25,2.67,3.22,3.47
20140429,0.02,,0.02,0.05,0.11,0.44,0.91,1.74,2.29,2.71,3.25,3.49
20140428,0.0,,0.03,0.05,0.1,0.44,0.9,1.73,2.29,2.7,3.23,3.47
20140425,0.01,,0.03,0.04,0.11,0.43,0.9,1.72,2.28,2.68,3.2,3.45
20140424,0.0,,0.01,0.04,0.1,0.43,0.91,1.74,2.3,2.7,3.22,3.46
20140423,0.02,,0.02,0.05,0.11,0.43,0.91,1.73,2.28,2.7,3.22,3.47
20140422,0.02,,0.03,0.06,0.11,0.45,0.93,1.76,2.31,2.73,3.25,3.5
20140421,0.02,,0.04,0.06,0.11,0.42,0.91,1.74,2.31,2.73,3.27,3.52
20140417,0.02,,0.03,0.05,0.11,0.43,0.91,1.75,2.31,2.73,3.27,3.52
20140416,0.03,,0.04,0.05,0.11,0.39,0.87,1.67,2.21,2.65,3.2,3.45
20140415,0.03,,0.04,0.05,0.11,0.39,0.84,1.63,2.18,2.64,3.2,3.46
20140414,0.03,,0.04,0.06,0.1,0.37,0.82,1.61,2.18,2.65,3.23,3.48
20140411,0.04,,0.04,0.06,0.09,0.37,0.8,1.58,2.16,2.63,3.22,3.48
20140410,0.03,,0.04,0.06,0.09,0.37,0.81,1.59,2.17,2.65,3.24,3.52
20140409,0.03,,0.04,0.05,0.1,0.37,0.85,1.65,2.24,2.71,3.31,3.57
20140408,0.04,,0.03,0.06,0.11,0.4,0.88,1.67,2.24,2.69,3.28,3.54
20140407,0.03,,0.03,0.06,0.11,0.41,0.87,1.68,2.27,2.71,3.3,3.56
20140404,0.03,,0.03,0.05,0.11,0.43,0.89,1.71,2.3,2.74,3.33,3.59
20140403,0.03,,0.02,0.05,0.11,0.46,0.95,1.79,2.38,2.8,3.38,3.62
20140402,0.02,,0.02,0.06,0.12,0.47,0.94,1.8,2.39,2.82,3.4,3.65
20140401,0.02,,0.04,0.06,0.13,0.44,0.91,1.74,2.32,2.77,3.35,3.6
20140331,0.03,,0.05,0.07,0.13,0.44,0.9,1.73,2.3,2.73,3.31,3.56
20140328,0.03,,0.04,0.06,0.13,0.45,0.93,1.74,2.31,2.73,3.29,3.55
20140327,0.02,,0.04,0.06,0.12,0.45,0.9,1.7,2.26,2.69,3.25,3.52
20140326,0.05,,0.05,0.07,0.12,0.45,0.89,1.7,2.27,2.71,3.29,3.55
20140325,0.05,,0.05,0.08,0.13,0.47,0.92,1.76,2.32,2.75,3.32,3.59
20140324,0.05,,0.06,0.08,0.14,0.47,0.93,1.76,2.31,2.74,3.31,3.57
20140321,0.05,,0.06,0.08,0.14,0.45,0.91,1.73,2.3,2.75,3.34,3.61
20140320,0.06,,0.06,0.09,0.14,0.45,0.9,1.73,2.31,2.79,3.4,3.67
20140319,0.07,,0.06,0.09,0.15,0.47,0.91,1.75,2.31,2.78,3.39,3.66
20140318,0.07,,0.05,0.07,0.13,0.36,0.75,1.56,2.16,2.68,3.33,3.62
20140317,0.05,,0.06,0.08,0.13,0.38,0.77,1.58,2.19,2.7,3.34,3.63
20140314,0.05,,0.05,0.08,0.12,0.36,0.74,1.55,2.14,2.65,3.3,3.59
20140313,0.06,,0.05,0.08,0.12,0.34,0.74,1.53,2.14,2.66,3.31,3.6
20140312,0.05,,0.05,0.08,0.12,0.37,0.78,1.59,2.2,2.73,3.38,3.66
20140311,0.06,,0.05,0.08,0.13,0.37,0.79,1.62,2.25,2.77,3.43,3.7
20140310,0.05,,0.05,0.08,0.12,0.37,0.79,1.64,2.26,2.79,3.45,3.73
20140307,0.06,,0.06,0.09,0.13,0.38,0.79,1.65,2.27,2.8,3.45,3.72
20140306,0.06,,0.05,0.08,0.12,0.37,0.73,1.57,2.2,2.74,3.4,3.68
20140305,0.06,,0.06,0.09,0.13,0.33,0.71,1.54,2.16,2.7,3.36,3.64
20140304,0.06,,0.05,0.08,0.12,0.33,0.71,1.54,2.17,2.7,3.36,3.64
20140303,0.04,,0.05,0.08,0.12,0.32,0.66,1.46,2.07,2.6,3.27,3.55
20140228,0.04,,0.05,0.08,0.12,0.33,0.69,1.51,2.13,2.66,3.31,3.59
20140227,0.04,,0.04,0.07,0.11,0.33,0.68,1.49,2.11,2.65,3.31,3.6
20140226,0.04,,0.05,0.08,0.11,0.33,0.68,1.5,2.12,2.67,3.34,3.63
20140225,0.04,,0.05,0.08,0.11,0.34,0.7,1.53,2.16,2.7,3.37,3.66
20140224,0.02,,0.05,0.08,0.11,0.35,0.72,1.57,2.2,2.75,3.42,3.7
20140221,0.02,,0.05,0.08,0.12,0.33,0.71,1.56,2.19,2.73,3.41,3.69
20140220,0.02,,0.05,0.08,0.12,0.34,0.72,1.57,2.2,2.76,3.44,3.73
20140219,0.04,,0.06,0.09,0.11,0.33,0.69,1.53,2.17,2.73,3.42,3.71
20140218,0.02,,0.05,0.08,0.12,0.31,0.67,1.5,2.14,2.71,3.4,3.68
20140214,0.01,,0.02,0.07,0.11,0.32,0.71,1.53,2.17,2.75,3.41,3.69
20140213,0.01,,0.03,0.08,0.12,0.32,0.7,1.51,2.16,2.73,3.4,3.7
20140212,0.01,,0.05,0.09,0.12,0.35,0.74,1.59,2.23,2.8,3.45,3.72
20140211,0.05,,0.05,0.1,0.12,0.35,0.71,1.54,2.19,2.75,3.42,3.69
20140210,0.07,,0.07,0.1,0.12,0.32,0.66,1.48,2.13,2.7,3.38,3.66
20140207,0.1,,0.08,0.09,0.12,0.3,0.66,1.47,2.13,2.71,3.39,3.67
20140206,0.07,,0.07,0.08,0.13,0.33,0.69,1.52,2.17,2.73,3.42,3.67
20140205,0.13,,0.07,0.07,0.12,0.32,0.66,1.5,2.14,2.7,3.4,3.66
20140204,0.12,,0.06,0.07,0.12,0.31,0.65,1.46,2.09,2.64,3.33,3.59
20140203,0.04,,0.05,0.07,0.11,0.3,0.64,1.44,2.07,2.61,3.29,3.55
20140131,0.03,,0.02,0.06,0.1,0.34,0.69,1.49,2.13,2.67,3.35,3.61
20140130,0.04,,0.02,0.06,0.1,0.36,0.72,1.55,2.19,2.72,3.4,3.65
20140129,0.04,,0.04,0.07,0.11,0.36,0.71,1.52,2.15,2.69,3.36,3.62
20140128,0.05,,0.05,0.07,0.11,0.38,0.75,1.59,2.22,2.77,3.43,3.68
20140127,0.04,,0.05,0.07,0.11,0.37,0.76,1.61,2.24,2.78,3.43,3.67
20140124,0.04,,0.04,0.06,0.11,0.37,0.75,1.58,2.2,2.75,3.4,3.64
20140123,0.01,,0.04,0.05,0.11,0.39,0.77,1.62,2.24,2.79,3.44,3.68
20140122,0.0,,0.04,0.07,0.11,0.44,0.85,1.72,2.34,2.87,3.52,3.75
20140121,0.01,,0.04,0.07,0.12,0.4,0.81,1.67,2.29,2.85,3.5,3.74
20140117,0.01,,0.05,0.07,0.11,0.4,0.79,1.64,2.27,2.84,3.5,3.75
20140116,0.01,,0.04,0.07,0.11,0.41,0.8,1.66,2.3,2.86,3.52,3.77
20140115,0.01,,0.04,0.06,0.13,0.41,0.81,1.68,2.33,2.9,3.55,3.81
20140114,0.0,,0.04,0.06,0.11,0.39,0.78,1.65,2.3,2.88,3.54,3.8
20140113,0.0,,0.03,0.06,0.11,0.39,0.74,1.6,2.25,2.84,3.52,3.77
20140110,0.01,,0.05,0.06,0.12,0.39,0.77,1.64,2.29,2.88,3.54,3.8
20140109,0.01,,0.04,0.06,0.13,0.44,0.86,1.75,2.41,2.97,3.62,3.88
20140108,0.0,,0.05,0.08,0.13,0.43,0.87,1.77,2.44,3.01,3.67,3.9
20140107,0.01,,0.04,0.08,0.13,0.4,0.8,1.69,2.37,2.96,3.64,3.88
20140106,0.01,,0.05,0.08,0.12,0.4,0.78,1.7,2.38,2.98,3.66,3.9
20140103,0.02,,0.07,0.1,0.13,0.41,0.8,1.73,2.42,3.01,3.69,3.93
20140102,0.01,,0.07,0.09,0.13,0.39,0.76,1.72,2.41,3.0,3.68,3.92
20151231,0.14,,0.16,0.49,0.65,1.06,1.31,1.76,2.09,2.27,2.67,3.01
20151230,0.08,,0.21,0.47,0.64,1.08,1.36,1.8,2.14,2.31,2.69,3.04
20151229,0.18,,0.23,0.5,0.67,1.09,1.38,1.81,2.12,2.32,2.69,3.04
20151228,0.13,,0.23,0.51,0.66,1.05,1.33,1.73,2.05,2.24,2.59,2.95
20151224,0.15,,0.2,0.49,0.64,1.03,1.33,1.73,2.06,2.25,2.61,2.96
20151223,0.19,,0.2,0.47,0.65,1.01,1.32,1.74,2.07,2.27,2.64,3.0
20151222,0.19,,0.21,0.47,0.66,0.99,1.31,1.71,2.04,2.24,2.6,2.96
20151221,0.14,,0.24,0.51,0.64,0.96,1.28,1.67,2.0,2.2,2.55,2.92
20151218,0.16,,0.19,0.47,0.67,0.97,1.27,1.67,2.0,2.19,2.54,2.9
20151217,0.18,,0.23,0.48,0.69,1.0,1.33,1.73,2.05,2.24,2.57,2.94
20151216,0.2,,0.27,0.51,0.7,1.02,1.35,1.75,2.11,2.3,2.65,3.02
20151215,0.21,,0.25,0.54,0.69,0.98,1.29,1.71,2.06,2.28,2.62,3.0
20151214,0.13,,0.26,0.54,0.68,0.97,1.25,1.66,2.02,2.23,2.59,2.96
20151211,0.15,,0.23,0.52,0.68,0.88,1.16,1.56,1.91,2.13,2.49,2.87
20151210,0.19,,0.24,0.55,0.71,0.95,1.25,1.68,2.03,2.24,2.6,2.98
20151209,0.19,,0.26,0.53,0.72,0.93,1.22,1.64,1.99,2.22,2.59,2.97
20151208,0.23,,0.27,0.58,0.76,0.94,1.25,1.68,2.02,2.24,2.61,2.97
20151207,0.21,,0.29,0.57,0.67,0.94,1.24,1.67,2.02,2.23,2.59,2.95
20151204,0.17,,0.23,0.49,0.6,0.96,1.25,1.71,2.06,2.28,2.65,3.01
20151203,0.18,,0.21,0.45,0.57,0.96,1.27,1.74,2.1,2.33,2.72,3.07
20151202,0.19,,0.21,0.42,0.52,0.94,1.23,1.63,1.97,2.18,2.55,2.91
20151201,0.19,,0.21,0.42,0.51,0.91,1.19,1.59,1.93,2.15,2.55,2.91
20151130,0.11,,0.22,0.42,0.51,0.94,1.24,1.65,1.99,2.21,2.63,2.98
20151127,0.13,,0.18,0.38,0.5,0.92,1.23,1.64,1.99,2.22,2.64,3.0
20151125,0.14,,0.19,0.39,0.52,0.93,1.25,1.66,2.01,2.23,2.64,3.0
20151124,0.13,,0.16,0.36,0.52,0.93,1.23,1.66,2.01,2.24,2.65,3.0
20151123,0.06,,0.14,0.35,0.5,0.94,1.26,1.7,2.03,2.25,2.66,3.0
20151120,0.05,,0.12,0.31,0.49,0.93,1.23,1.7,2.04,2.26,2.68,3.02
20151119,0.06,,0.11,0.31,0.49,0.91,1.21,1.68,2.02,2.24,2.66,3.0
20151118,0.07,,0.12,0.31,0.49,0.9,1.21,1.69,2.04,2.27,2.7,3.04
20151117,0.07,,0.14,0.34,0.5,0.86,1.18,1.66,2.02,2.25,2.69,3.04
20151116,0.05,,0.15,0.33,0.5,0.88,1.18,1.66,2.02,2.27,2.72,3.07
20151113,0.03,,0.14,0.31,0.5,0.86,1.2,1.67,2.05,2.28,2.72,3.06
20151112,0.08,,0.14,0.35,0.51,0.89,1.24,1.73,2.09,2.32,2.75,3.09
20151110,0.08,,0.13,0.34,0.51,0.87,1.22,1.72,2.08,2.32,2.76,3.1
20151109,0.06,,0.14,0.34,0.47,0.89,1.27,1.75,2.11,2.36,2.79,3.12
20151106,0.04,,0.08,0.32,0.47,0.9,1.23,1.73,2.09,2.34,2.76,3.09
20151105,0.04,,0.05,0.27,0.42,0.85,1.16,1.65,2.0,2.26,2.68,3.01
20151104,0.07,,0.05,0.27,0.4,0.84,1.16,1.64,1.99,2.25,2.66,3.0
20151103,0.07,,0.06,0.26,0.39,0.8,1.1,1.59,1.96,2.23,2.65,3.0
20151102,0.01,,0.08,0.27,0.37,0.77,1.08,1.57,1.93,2.2,2.6,2.95
20151030,0.01,,0.08,0.23,0.34,0.75,1.05,1.52,1.88,2.16,2.57,2.93
20151029,0.02,,0.07,0.21,0.33,0.75,1.05,1.53,1.9,2.19,2.6,2.96
20151028,0.03,,0.04,0.21,0.33,0.73,1.0,1.47,1.83,2.1,2.5,2.87
20151027,0.01,,0.03,0.18,0.29,0.65,0.92,1.38,1.75,2.05,2.48,2.86
20151026,0.01,,0.02,0.16,0.25,0.66,0.94,1.41,1.78,2.07,2.5,2.87
20151023,0.01,,0.01,0.13,0.24,0.66,0.94,1.43,1.81,2.09,2.54,2.9
20151022,0.02,,0.0,0.11,0.23,0.61,0.89,1.36,1.74,2.04,2.48,2.87
20151021,0.01,,0.01,0.12,0.23,0.64,0.91,1.37,1.74,2.04,2.48,2.87
20151020,0.08,,0.02,0.12,0.23,0.66,0.93,1.4,1.78,2.08,2.53,2.92
20151019,0.06,,0.02,0.12,0.23,0.61,0.89,1.35,1.73,2.04,2.48,2.89
20151016,0.03,,0.01,0.07,0.23,0.61,0.91,1.36,1.73,2.04,2.46,2.87
20151015,0.0,,0.01,0.08,0.22,0.61,0.9,1.34,1.72,2.04,2.46,2.87
20151014,0.0,,0.0,0.08,0.21,0.57,0.84,1.29,1.66,1.99,2.42,2.84
20151013,0.0,,0.01,0.08,0.27,0.64,0.92,1.36,1.74,2.06,2.49,2.89
20151009,0.01,,0.01,0.07,0.28,0.65,0.96,1.41,1.8,2.12,2.55,2.94
20151008,0.0,,0.0,0.07,0.27,0.65,0.93,1.4,1.79,2.12,2.56,2.96
20151007,0.0,,0.0,0.08,0.27,0.65,0.92,1.37,1.75,2.08,2.51,2.89
20151006,0.0,,0.0,0.07,0.26,0.61,0.9,1.34,1.72,2.05,2.5,2.88
20151005,0.0,,0.01,0.06,0.26,0.61,0.89,1.35,1.74,2.07,2.52,2.9
20151002,0.0,,0.0,0.06,0.25,0.58,0.85,1.29,1.67,1.99,2.44,2.82
20151001,0.0,,0.0,0.08,0.31,0.64,0.92,1.37,1.75,2.05,2.49,2.85
20150930,0.0,,0.0,0.08,0.33,0.64,0.92,1.37,1.75,2.06,2.51,2.87
20150929,0.0,,0.01,0.09,0.33,0.64,0.92,1.37,1.74,2.05,2.48,2.85
20150928,0.0,,0.01,0.1,0.34,0.67,0.97,1.42,1.8,2.1,2.51,2.87
20150925,0.0,,0.0,0.07,0.35,0.7,1.0,1.48,1.87,2.17,2.6,2.96
20150924,0.0,,0.01,0.09,0.32,0.67,0.97,1.44,1.84,2.13,2.55,2.91
20150923,0.0,,0.01,0.09,0.34,0.7,1.0,1.47,1.85,2.16,2.6,2.95
20150922,0.0,,0.0,0.1,0.35,0.69,0.97,1.44,1.83,2.14,2.6,2.94
20150921,0.0,,0.01,0.11,0.36,0.72,1.01,1.51,1.9,2.2,2.67,3.02
20150918,0.0,,0.0,0.1,0.35,0.69,0.97,1.45,1.83,2.13,2.58,2.93
20150917,0.0,,0.01,0.16,0.39,0.7,1.0,1.5,1.9,2.21,2.69,3.02
20150916,0.0,,0.06,0.24,0.46,0.82,1.13,1.62,2.01,2.3,2.75,3.08
20150915,0.0,,0.07,0.27,0.47,0.82,1.12,1.61,1.99,2.28,2.73,3.06
20150914,0.02,,0.07,0.26,0.4,0.73,1.03,1.51,1.88,2.18,2.62,2.95
20150911,0.04,,0.04,0.25,0.4,0.71,1.03,1.52,1.89,2.2,2.63,2.95
20150910,0.02,,0.02,0.25,0.39,0.75,1.06,1.55,1.93,2.23,2.66,2.98
20150909,0.02,,0.03,0.26,0.39,0.75,1.06,1.53,1.91,2.21,2.64,2.96
20150908,0.02,,0.06,0.27,0.39,0.74,1.05,1.53,1.92,2.2,2.66,2.97
20150904,0.02,,0.02,0.23,0.36,0.71,1.0,1.47,1.85,2.13,2.58,2.89
20150903,0.02,,0.02,0.24,0.36,0.71,1.0,1.49,1.9,2.18,2.64,2.95
20150902,0.01,,0.03,0.25,0.37,0.72,1.04,1.52,1.92,2.2,2.66,2.97
20150901,0.01,,0.03,0.26,0.39,0.7,1.03,1.49,1.89,2.17,2.62,2.93
20150831,0.0,,0.08,0.27,0.39,0.74,1.07,1.54,1.94,2.21,2.64,2.95
20150828,0.02,,0.06,0.25,0.38,0.72,1.04,1.52,1.92,2.19,2.61,2.92
20150827,0.02,,0.06,0.22,0.36,0.68,0.99,1.49,1.91,2.18,2.61,2.93
20150826,0.03,,0.06,0.2,0.35,0.67,0.98,1.49,1.9,2.18,2.64,2.94
20150825,0.04,,0.07,0.19,0.36,0.67,0.98,1.48,1.86,2.12,2.54,2.84
20150824,0.02,,0.06,0.2,0.33,0.59,0.9,1.39,1.75,2.01,2.42,2.73
20150821,0.02,,0.03,0.21,0.36,0.64,0.95,1.44,1.79,2.05,2.44,2.74
20150820,0.01,,0.02,0.22,0.39,0.69,1.0,1.5,1.84,2.09,2.45,2.76
20150819,0.05,,0.05,0.22,0.39,0.67,0.98,1.5,1.85,2.12,2.49,2.81
20150818,0.05,,0.07,0.25,0.42,0.74,1.07,1.6,1.95,2.2,2.56,2.87
20150817,0.03,,0.1,0.24,0.4,0.72,1.07,1.58,1.92,2.16,2.51,2.81
20150814,0.04,,0.09,0.25,0.41,0.73,1.08,1.61,1.96,2.2,2.54,2.84
20150813,0.06,,0.1,0.24,0.4,0.72,1.06,1.58,1.94,2.19,2.54,2.86
20150812,0.06,,0.1,0.22,0.37,0.67,1.01,1.52,1.88,2.14,2.52,2.84
20150811,0.06,,0.1,0.23,0.37,0.68,1.03,1.53,1.89,2.15,2.5,2.81
20150810,0.03,,0.12,0.24,0.4,0.73,1.09,1.62,1.98,2.24,2.58,2.89
20150807,0.03,,0.06,0.23,0.38,0.73,1.08,1.59,1.93,2.18,2.52,2.83
20150806,0.04,,0.04,0.2,0.35,0.71,1.08,1.62,1.98,2.23,2.59,2.9
20150805,0.05,,0.08,0.19,0.38,0.73,1.1,1.65,2.02,2.28,2.64,2.94
20150804,0.05,,0.08,0.18,0.37,0.74,1.08,1.6,1.97,2.23,2.59,2.9
20150803,0.03,,0.08,0.17,0.33,0.68,0.99,1.52,1.89,2.16,2.55,2.86
20150731,0.04,,0.08,0.14,0.33,0.67,1.0,1.54,1.93,2.2,2.61,2.92
20150730,0.05,,0.07,0.15,0.36,0.72,1.07,1.62,2.02,2.28,2.66,2.96
20150729,0.05,,0.06,0.14,0.33,0.7,1.05,1.62,2.02,2.29,2.69,2.99
20150728,0.05,,0.05,0.14,0.32,0.69,1.03,1.61,1.99,2.26,2.66,2.96
20150727,0.04,,0.05,0.15,0.32,0.68,1.0,1.58,1.96,2.23,2.64,2.93
20150724,0.04,,0.04,0.14,0.32,0.7,1.04,1.64,2.02,2.27,2.67,2.96
20150723,0.04,,0.03,0.13,0.33,0.71,1.06,1.65,2.03,2.28,2.67,2.98
20150722,0.04,,0.04,0.13,0.34,0.75,1.08,1.69,2.07,2.33,2.73,3.04
20150721,0.04,,0.03,0.13,0.34,0.71,1.07,1.69,2.08,2.35,2.77,3.08
20150720,0.03,,0.04,0.14,0.31,0.71,1.09,1.72,2.11,2.38,2.79,3.1
20150717,0.03,,0.03,0.11,0.29,0.68,1.05,1.67,2.07,2.34,2.77,3.08
20150716,0.03,,0.02,0.1,0.29,0.67,1.05,1.66,2.07,2.36,2.81,3.11
20150715,0.03,,0.02,0.11,0.28,0.64,1.0,1.63,2.05,2.36,2.83,3.13
20150714,0.03,,0.01,0.1,0.27,0.66,1.03,1.67,2.1,2.41,2.9,3.2
20150713,0.02,,0.02,0.1,0.28,0.69,1.06,1.71,2.14,2.44,2.92,3.21
20150710,0.01,,0.01,0.09,0.28,0.65,1.04,1.68,2.12,2.42,2.91,3.2
20150709,0.02,,0.03,0.08,0.25,0.6,0.95,1.58,2.01,2.32,2.8,3.11
20150708,0.02,,0.02,0.08,0.24,0.55,0.91,1.5,1.92,2.22,2.69,2.99
20150707,0.02,,0.02,0.08,0.25,0.58,0.96,1.55,1.98,2.27,2.74,3.04
20150706,0.01,,0.02,0.09,0.26,0.6,0.95,1.56,2.0,2.3,2.78,3.08
20150702,0.01,,0.01,0.1,0.26,0.64,1.01,1.64,2.09,2.4,2.9,3.19
20150701,0.01,,0.01,0.13,0.28,0.69,1.08,1.7,2.14,2.43,2.92,3.2
20150630,0.02,,0.01,0.11,0.28,0.64,1.01,1.63,2.07,2.35,2.83,3.11
20150629,0.0,,0.02,0.11,0.27,0.64,1.0,1.62,2.05,2.33,2.82,3.09
20150626,0.0,,0.01,0.08,0.29,0.72,1.09,1.75,2.2,2.49,2.98,3.25
20150625,0.0,,0.01,0.07,0.29,0.68,1.06,1.7,2.14,2.4,2.88,3.16
20150624,0.0,,0.01,0.08,0.3,0.68,1.06,1.69,2.12,2.38,2.87,3.16
20150623,0.0,,0.01,0.09,0.3,0.7,1.07,1.71,2.14,2.42,2.92,3.2
20150622,0.0,,0.01,0.08,0.27,0.68,1.06,1.68,2.1,2.37,2.87,3.16
20150619,0.0,,0.01,0.05,0.25,0.65,0.99,1.59,1.99,2.26,2.76,3.05
20150618,0.0,,0.01,0.08,0.26,0.66,1.03,1.65,2.08,2.35,2.86,3.14
20150617,0.0,,0.01,0.1,0.27,0.67,1.03,1.63,2.05,2.32,2.82,3.09
20150616,0.0,,0.01,0.11,0.28,0.71,1.08,1.68,2.07,2.32,2.79,3.06
20150615,0.0,,0.02,0.11,0.28,0.72,1.1,1.71,2.11,2.36,2.83,3.09
20150612,0.01,,0.02,0.1,0.28,0.74,1.12,1.75,2.15,2.39,2.84,3.1
20150611,0.01,,0.01,0.1,0.28,0.73,1.12,1.74,2.14,2.39,2.84,3.11
20150610,0.01,,0.02,0.1,0.28,0.75,1.15,1.8,2.22,2.5,2.96,3.22
20150609,0.01,,0.02,0.08,0.27,0.72,1.12,1.74,2.16,2.42,2.89,3.15
20150608,0.01,,0.02,0.09,0.27,0.7,1.09,1.72,2.13,2.39,2.86,3.11
20150605,0.02,,0.03,0.08,0.29,0.73,1.13,1.75,2.16,2.41,2.87,3.11
20150604,0.02,,0.02,0.08,0.27,0.66,1.04,1.65,2.05,2.31,2.78,3.03
20150603,0.02,,0.02,0.07,0.26,0.69,1.07,1.69,2.12,2.38,2.87,3.11
20150602,0.02,,0.01,0.07,0.26,0.64,1.02,1.61,2.01,2.27,2.77,3.02
20150601,0.02,,0.02,0.07,0.26,0.64,0.99,1.55,1.93,2.19,2.69,2.94
20150529,0.01,,0.01,0.06,0.26,0.61,0.94,1.49,1.86,2.12,2.63,2.88
20150528,0.01,,0.01,0.08,0.26,0.62,0.97,1.51,1.89,2.13,2.64,2.89
20150527,0.02,,0.01,0.09,0.27,0.64,1.0,1.53,1.9,2.14,2.63,2.88
20150526,0.01,,0.02,0.09,0.24,0.64,0.99,1.54,1.9,2.14,2.64,2.89
20150522,0.01,,0.02,0.08,0.23,0.64,1.01,1.57,1.96,2.21,2.73,2.99
20150521,0.02,,0.02,0.07,0.22,0.6,0.95,1.53,1.92,2.19,2.71,2.98
20150520,0.02,,0.02,0.08,0.23,0.6,0.98,1.57,1.98,2.26,2.79,3.06
20150519,0.02,,0.02,0.07,0.23,0.63,1.01,1.6,2.01,2.27,2.79,3.05
20150518,0.01,,0.02,0.08,0.22,0.58,0.95,1.54,1.95,2.23,2.75,3.02
20150515,0.02,,0.02,0.09,0.23,0.55,0.9,1.46,1.87,2.14,2.66,2.93
20150514,0.0,,0.01,0.08,0.23,0.56,0.91,1.51,1.94,2.23,2.76,3.03
20150513,0.02,,0.02,0.09,0.24,0.59,0.97,1.57,2.0,2.27,2.79,3.07
20150512,0.01,,0.03,0.09,0.25,0.61,1.0,1.58,2.0,2.28,2.75,3.02
20150511,0.02,,0.02,0.09,0.25,0.62,1.02,1.59,2.0,2.28,2.76,3.03
20150508,0.01,,0.01,0.08,0.23,0.59,0.96,1.5,1.89,2.16,2.63,2.9
20150507,0.01,,0.01,0.08,0.24,0.63,1.02,1.55,1.93,2.18,2.63,2.9
20150506,0.02,,0.02,0.08,0.25,0.65,1.03,1.58,1.97,2.25,2.72,2.98
20150505,0.01,,0.01,0.08,0.24,0.62,1.0,1.54,1.92,2.19,2.64,2.9
20150504,0.01,,0.02,0.08,0.25,0.6,0.96,1.51,1.9,2.16,2.62,2.88
20150501,0.0,,0.01,0.05,0.25,0.6,0.97,1.5,1.87,2.12,2.57,2.82
20150430,0.0,,0.01,0.06,0.24,0.58,0.91,1.43,1.79,2.05,2.49,2.75
20150429,0.0,,0.01,0.07,0.25,0.56,0.91,1.43,1.8,2.06,2.49,2.76
20150428,0.0,,0.02,0.09,0.24,0.56,0.9,1.39,1.75,2.0,2.42,2.68
20150427,0.01,,0.02,0.1,0.25,0.54,0.87,1.36,1.69,1.94,2.36,2.61
20150424,0.03,,0.03,0.1,0.24,0.54,0.84,1.34,1.68,1.93,2.36,2.62
20150423,0.01,,0.03,0.09,0.24,0.55,0.87,1.37,1.7,1.96,2.38,2.63
20150422,0.01,,0.03,0.1,0.23,0.57,0.91,1.41,1.75,1.99,2.42,2.66
20150421,0.02,,0.03,0.09,0.23,0.55,0.86,1.35,1.67,1.92,2.33,2.58
20150420,0.03,,0.03,0.1,0.24,0.55,0.86,1.33,1.65,1.9,2.31,2.56
20150417,0.03,,0.01,0.08,0.23,0.51,0.84,1.31,1.63,1.87,2.26,2.51
20150416,0.03,,0.02,0.08,0.22,0.5,0.81,1.31,1.64,1.9,2.31,2.56
20150415,0.02,,0.02,0.08,0.23,0.51,0.85,1.33,1.66,1.91,2.3,2.55
20150414,0.02,,0.02,0.1,0.23,0.53,0.85,1.34,1.67,1.9,2.29,2.54
20150413,0.02,,0.03,0.11,0.23,0.54,0.89,1.38,1.71,1.94,2.33,2.58
20150410,0.01,,0.02,0.09,0.24,0.57,0.91,1.41,1.73,1.96,2.33,2.58
20150409,0.02,,0.03,0.1,0.22,0.56,0.89,1.4,1.73,1.97,2.35,2.61
20150408,0.02,,0.03,0.1,0.22,0.54,0.86,1.35,1.68,1.92,2.28,2.53
20150407,0.02,,0.02,0.1,0.22,0.52,0.85,1.32,1.66,1.89,2.27,2.52
20150406,0.02,,0.03,0.1,0.21,0.51,0.83,1.31,1.67,1.92,2.31,2.57
20150403,0.04,,0.02,0.1,0.21,0.49,0.8,1.26,1.6,1.85,2.24,2.49
20150402,0.02,,0.02,0.1,0.25,0.55,0.87,1.35,1.69,1.92,2.29,2.53
20150401,0.02,,0.03,0.12,0.27,0.55,0.86,1.32,1.65,1.87,2.23,2.47
20150331,0.05,,0.03,0.14,0.26,0.56,0.89,1.37,1.71,1.94,2.31,2.54
20150330,0.02,,0.04,0.14,0.27,0.58,0.93,1.41,1.74,1.96,2.32,2.55
20150327,0.02,,0.04,0.12,0.27,0.58,0.92,1.42,1.74,1.95,2.29,2.53
20150326,0.02,,0.03,0.13,0.28,0.61,0.98,1.47,1.81,2.01,2.37,2.6
20150325,0.02,,0.04,0.11,0.25,0.59,0.94,1.41,1.73,1.93,2.28,2.5
20150324,0.03,,0.02,0.11,0.24,0.58,0.91,1.37,1.68,1.88,2.24,2.46
20150323,0.02,,0.03,0.11,0.24,0.6,0.93,1.41,1.71,1.92,2.29,2.51
20150320,0.0,,0.01,0.11,0.24,0.6,0.95,1.42,1.73,1.93,2.29,2.5
20150319,0.02,,0.03,0.12,0.26,0.63,0.99,1.48,1.79,1.98,2.33,2.54
20150318,0.02,,0.03,0.12,0.23,0.57,0.92,1.41,1.73,1.93,2.31,2.51
20150317,0.05,,0.05,0.15,0.27,0.7,1.07,1.56,1.87,2.06,2.4,2.61
20150316,0.02,,0.05,0.15,0.26,0.66,1.06,1.57,1.9,2.1,2.45,2.67
20150313,0.03,,0.03,0.11,0.24,0.68,1.07,1.6,1.93,2.13,2.48,2.7
20150312,0.03,,0.03,0.1,0.24,0.67,1.06,1.59,1.91,2.1,2.47,2.69
20150311,0.03,,0.03,0.1,0.25,0.7,1.09,1.6,1.92,2.11,2.47,2.69
20150310,0.03,,0.02,0.1,0.25,0.7,1.1,1.62,1.94,2.14,2.51,2.73
20150309,0.01,,0.02,0.1,0.27,0.7,1.13,1.66,1.99,2.2,2.58,2.8
20150306,0.02,,0.01,0.08,0.27,0.73,1.16,1.7,2.04,2.24,2.63,2.83
20150305,0.02,,0.02,0.08,0.25,0.65,1.05,1.57,1.9,2.11,2.49,2.71
20150304,0.01,,0.01,0.08,0.26,0.66,1.07,1.6,1.93,2.12,2.49,2.72
20150303,0.01,,0.02,0.08,0.26,0.68,1.09,1.61,1.94,2.12,2.49,2.71
20150302,0.02,,0.02,0.08,0.22,0.66,1.06,1.57,1.89,2.08,2.46,2.68
20150227,0.02,,0.02,0.07,0.22,0.63,1.01,1.5,1.82,2.0,2.38,2.6
20150226,0.02,,0.03,0.07,0.22,0.66,1.04,1.54,1.86,2.03,2.39,2.63
20150225,0.02,,0.02,0.07,0.21,0.61,0.98,1.47,1.78,1.96,2.35,2.56
20150224,0.02,,0.02,0.08,0.22,0.6,0.97,1.47,1.79,1.99,2.38,2.6
20150223,0.01,,0.02,0.08,0.22,0.64,1.03,1.56,1.88,2.06,2.44,2.66
20150220,0.02,,0.02,0.07,0.23,0.67,1.07,1.61,1.94,2.13,2.5,2.73
20150219,0.02,,0.02,0.07,0.23,0.67,1.05,1.58,1.92,2.11,2.5,2.73
20150218,0.02,,0.02,0.07,0.23,0.62,1.0,1.52,1.86,2.07,2.46,2.7
20150217,0.02,,0.02,0.07,0.25,0.7,1.1,1.62,1.95,2.14,2.49,2.73
20150213,0.02,,0.01,0.07,0.23,0.66,1.03,1.53,1.84,2.02,2.39,2.63
20150212,0.02,,0.02,0.07,0.23,0.61,1.02,1.5,1.81,1.99,2.33,2.58
20150211,0.02,,0.01,0.07,0.24,0.67,1.06,1.53,1.83,2.0,2.33,2.57
20150210,0.02,,0.01,0.08,0.25,0.67,1.05,1.52,1.82,2.01,2.33,2.58
20150209,0.02,,0.01,0.08,0.24,0.65,1.04,1.49,1.78,1.96,2.28,2.52
20150206,0.01,,0.02,0.07,0.26,0.65,1.03,1.48,1.77,1.95,2.28,2.51
20150205,0.02,,0.02,0.06,0.2,0.52,0.87,1.3,1.62,1.83,2.2,2.42
20150204,0.01,,0.01,0.06,0.2,0.52,0.86,1.29,1.61,1.81,2.17,2.39
20150203,0.02,,0.02,0.07,0.21,0.52,0.85,1.28,1.6,1.79,2.16,2.37
20150202,0.01,,0.02,0.07,0.17,0.49,0.78,1.19,1.49,1.68,2.07,2.25
20150130,0.01,,0.02,0.07,0.18,0.47,0.77,1.18,1.49,1.68,2.04,2.25
20150129,0.01,,0.03,0.07,0.17,0.51,0.84,1.28,1.59,1.77,2.11,2.33
20150128,0.02,,0.02,0.08,0.17,0.5,0.81,1.25,1.53,1.73,2.05,2.29
20150127,0.02,,0.02,0.08,0.17,0.54,0.87,1.34,1.62,1.83,2.15,2.4
20150126,0.02,,0.03,0.08,0.18,0.54,0.89,1.36,1.64,1.83,2.14,2.4
20150123,0.02,,0.02,0.07,0.17,0.52,0.86,1.33,1.62,1.81,2.12,2.38
20150122,0.02,,0.03,0.08,0.17,0.53,0.9,1.39,1.69,1.9,2.21,2.46
20150121,0.01,,0.03,0.08,0.17,0.53,0.87,1.35,1.66,1.87,2.2,2.44
20150120,0.01,,0.03,0.08,0.17,0.53,0.85,1.31,1.61,1.82,2.15,2.39
20150116,0.02,,0.03,0.07,0.17,0.49,0.8,1.29,1.6,1.83,2.17,2.44
20150115,0.03,,0.03,0.08,0.16,0.44,0.75,1.22,1.53,1.77,2.12,2.4
20150114,0.02,,0.04,0.09,0.18,0.51,0.83,1.33,1.62,1.86,2.2,2.47
20150113,0.02,,0.03,0.08,0.2,0.54,0.88,1.37,1.67,1.91,2.24,2.49
20150112,0.02,,0.03,0.09,0.19,0.56,0.91,1.39,1.69,1.92,2.23,2.49
20150109,0.02,,0.02,0.08,0.22,0.59,0.96,1.45,1.75,1.98,2.29,2.55
20150108,0.01,,0.03,0.08,0.23,0.62,1.0,1.5,1.81,2.03,2.33,2.59
20150107,0.02,,0.03,0.09,0.25,0.62,1.0,1.47,1.76,1.96,2.25,2.52
20150106,0.02,,0.03,0.1,0.25,0.65,1.02,1.5,1.78,1.97,2.25,2.52
20150105,0.02,,0.03,0.1,0.26,0.68,1.06,1.57,1.85,2.04,2.32,2.6
20150102,0.02,,0.02,0.11,0.25,0.66,1.07,1.61,1.92,2.12,2.41,2.69
20161230,0.44,,0.51,0.62,0.85,1.2,1.47,1.93,2.25,2.45,2.79,3.06
20161229,0.39,,0.47,0.62,0.85,1.22,1.49,1.96,2.3,2.49,2.82,3.08
20161228,0.48,,0.53,0.62,0.9,1.26,1.55,2.02,2.32,2.51,2.83,3.09
20161227,0.5,,0.51,0.66,0.89,1.28,1.58,2.07,2.37,2.57,2.88,3.14
20161223,0.42,,0.52,0.65,0.87,1.22,1.54,2.04,2.35,2.55,2.86,3.12
20161222,0.42,,0.51,0.65,0.87,1.22,1.54,2.04,2.36,2.55,2.86,3.12
20161221,0.46,,0.52,0.65,0.88,1.21,1.54,2.04,2.35,2.55,2.86,3.12
20161220,0.48,,0.52,0.66,0.9,1.25,1.56,2.06,2.38,2.57,2.88,3.15
20161219,0.45,,0.52,0.65,0.9,1.24,1.55,2.03,2.35,2.54,2.85,3.12
20161216,0.46,,0.51,0.65,0.91,1.28,1.59,2.07,2.41,2.6,2.91,3.19
20161215,0.48,,0.51,0.65,0.91,1.29,1.61,2.1,2.42,2.6,2.89,3.16
20161214,0.49,,0.55,0.66,0.92,1.27,1.57,2.02,2.34,2.54,2.86,3.14
20161213,0.47,,0.54,0.66,0.88,1.17,1.46,1.92,2.26,2.48,2.85,3.14
20161212,0.42,,0.51,0.64,0.85,1.15,1.44,1.9,2.26,2.49,2.86,3.16
20161209,0.41,,0.54,0.64,0.85,1.15,1.43,1.89,2.26,2.47,2.87,3.16
20161208,0.39,,0.51,0.62,0.84,1.12,1.4,1.83,2.2,2.4,2.81,3.1
20161207,0.38,,0.52,0.63,0.85,1.1,1.39,1.8,2.14,2.34,2.73,3.02
20161206,0.35,,0.49,0.63,0.83,1.12,1.41,1.84,2.18,2.39,2.77,3.08
20161205,0.34,,0.49,0.63,0.82,1.13,1.42,1.84,2.19,2.39,2.76,3.05
20161202,0.34,,0.49,0.61,0.8,1.11,1.4,1.84,2.2,2.4,2.78,3.08
20161201,0.32,,0.48,0.6,0.82,1.14,1.45,1.9,2.25,2.45,2.82,3.1
20161130,0.38,,0.48,0.62,0.8,1.11,1.4,1.83,2.18,2.37,2.73,3.02
20161129,0.34,,0.48,0.6,0.78,1.09,1.37,1.78,2.12,2.3,2.66,2.95
20161128,0.32,,0.48,0.6,0.79,1.11,1.38,1.8,2.13,2.32,2.68,2.99
20161125,0.34,,0.49,0.62,0.81,1.12,1.41,1.83,2.18,2.36,2.71,3.01
20161123,0.35,,0.51,0.63,0.8,1.12,1.4,1.83,2.17,2.36,2.71,3.02
20161122,0.34,,0.49,0.61,0.78,1.07,1.35,1.77,2.12,2.31,2.69,3.0
20161121,0.28,,0.46,0.6,0.78,1.08,1.36,1.79,2.13,2.33,2.69,3.0
20161118,0.28,,0.44,0.6,0.77,1.07,1.36,1.8,2.14,2.34,2.7,3.01
20161117,0.3,,0.44,0.61,0.77,1.04,1.31,1.73,2.08,2.29,2.69,3.01
20161116,0.32,,0.47,0.62,0.76,1.0,1.28,1.68,2.03,2.22,2.61,2.92
20161115,0.3,,0.51,0.61,0.78,1.02,1.28,1.68,2.03,2.23,2.64,2.97
20161114,0.32,,0.55,0.65,0.77,1.0,1.27,1.66,2.01,2.23,2.65,2.99
20161110,0.3,,0.48,0.59,0.72,0.92,1.17,1.56,1.92,2.15,2.58,2.94
20161109,0.3,,0.45,0.56,0.72,0.9,1.12,1.49,1.84,2.07,2.52,2.88
20161108,0.28,,0.43,0.56,0.71,0.87,1.04,1.34,1.65,1.88,2.29,2.63
20161107,0.28,,0.41,0.54,0.63,0.82,0.99,1.29,1.6,1.83,2.26,2.6
20161104,0.25,,0.38,0.52,0.62,0.8,0.95,1.24,1.55,1.79,2.22,2.56
20161103,0.24,,0.38,0.52,0.64,0.81,0.98,1.26,1.58,1.82,2.25,2.6
20161102,0.24,,0.37,0.51,0.64,0.81,0.98,1.26,1.57,1.81,2.22,2.56
20161101,0.24,,0.35,0.5,0.65,0.83,0.99,1.3,1.61,1.83,2.24,2.58
20161031,0.2,,0.34,0.51,0.66,0.86,1.0,1.31,1.62,1.84,2.25,2.58
20161028,0.18,,0.3,0.49,0.66,0.86,1.02,1.33,1.63,1.86,2.27,2.62
20161027,0.19,,0.3,0.49,0.68,0.87,1.04,1.33,1.64,1.85,2.26,2.6
20161026,0.25,,0.33,0.49,0.67,0.86,1.01,1.3,1.59,1.79,2.2,2.53
20161025,0.22,,0.34,0.49,0.66,0.86,1.0,1.29,1.56,1.77,2.17,2.5
20161024,0.23,,0.33,0.46,0.66,0.84,1.0,1.27,1.56,1.77,2.18,2.52
20161021,0.25,,0.34,0.47,0.66,0.84,0.98,1.25,1.53,1.74,2.15,2.48
20161020,0.25,,0.35,0.48,0.66,0.84,0.98,1.26,1.55,1.76,2.17,2.5
20161019,0.25,,0.35,0.48,0.65,0.81,0.96,1.24,1.54,1.76,2.18,2.51
20161018,0.26,,0.34,0.47,0.66,0.82,0.96,1.24,1.54,1.75,2.18,2.51
20161017,0.24,,0.34,0.47,0.65,0.81,0.98,1.26,1.56,1.77,2.19,2.52
20161014,0.26,,0.32,0.46,0.66,0.84,1.0,1.28,1.58,1.8,2.22,2.55
20161013,0.26,,0.3,0.45,0.66,0.85,1.0,1.27,1.56,1.75,2.15,2.48
20161012,0.26,,0.37,0.49,0.68,0.87,0.99,1.31,1.6,1.79,2.19,2.51
20161011,0.27,,0.35,0.48,0.69,0.87,1.03,1.3,1.58,1.77,2.17,2.5
20161007,0.26,,0.33,0.46,0.66,0.83,0.99,1.26,1.55,1.73,2.14,2.46
20161006,0.26,,0.33,0.46,0.65,0.86,1.0,1.28,1.58,1.75,2.14,2.46
20161005,0.26,,0.32,0.48,0.65,0.85,0.98,1.26,1.54,1.72,2.11,2.44
20161004,0.28,,0.33,0.48,0.64,0.82,0.95,1.22,1.51,1.69,2.08,2.4
20161003,0.25,,0.32,0.48,0.63,0.8,0.91,1.18,1.46,1.63,2.01,2.34
20160930,0.2,,0.29,0.45,0.59,0.77,0.88,1.14,1.42,1.6,1.99,2.32
20160929,0.12,,0.26,0.43,0.59,0.73,0.85,1.12,1.39,1.56,1.95,2.28
20160928,0.14,,0.27,0.44,0.6,0.75,0.87,1.13,1.41,1.57,1.96,2.29
20160927,0.16,,0.26,0.42,0.58,0.75,0.86,1.12,1.39,1.56,1.96,2.28
20160926,0.12,,0.25,0.42,0.58,0.76,0.87,1.13,1.41,1.59,2.0,2.32
20160923,0.09,,0.18,0.4,0.6,0.77,0.9,1.16,1.44,1.62,2.02,2.34
20160922,0.1,,0.18,0.39,0.6,0.79,0.91,1.18,1.46,1.63,2.02,2.34
20160921,0.12,,0.22,0.44,0.61,0.79,0.92,1.2,1.48,1.66,2.06,2.39
20160920,0.17,,0.3,0.49,0.61,0.79,0.93,1.2,1.5,1.69,2.09,2.43
20160919,0.16,,0.3,0.48,0.6,0.79,0.92,1.22,1.52,1.7,2.1,2.45
20160916,0.2,,0.3,0.5,0.61,0.77,0.91,1.21,1.51,1.7,2.1,2.44
20160915,0.2,,0.29,0.49,0.6,0.74,0.87,1.2,1.51,1.71,2.13,2.48
20160914,0.24,,0.33,0.52,0.62,0.77,0.9,1.21,1.52,1.7,2.1,2.44
20160913,0.25,,0.36,0.54,0.63,0.8,0.95,1.26,1.56,1.73,2.12,2.47
20160912,0.24,,0.37,0.53,0.57,0.79,0.92,1.21,1.5,1.68,2.05,2.4
20160909,0.24,,0.35,0.51,0.58,0.79,0.93,1.23,1.51,1.67,2.05,2.39
20160908,0.26,,0.35,0.5,0.57,0.78,0.91,1.19,1.46,1.61,1.98,2.32
20160907,0.25,,0.34,0.49,0.57,0.74,0.86,1.12,1.39,1.54,1.89,2.23
20160906,0.24,,0.32,0.45,0.56,0.74,0.86,1.13,1.4,1.55,1.9,2.24
20160902,0.25,,0.33,0.45,0.59,0.8,0.92,1.2,1.47,1.6,1.95,2.28
20160901,0.27,,0.33,0.47,0.6,0.78,0.91,1.18,1.44,1.57,1.9,2.23
20160831,0.26,,0.33,0.47,0.61,0.8,0.92,1.19,1.45,1.58,1.9,2.23
20160830,0.23,,0.33,0.47,0.61,0.8,0.92,1.18,1.44,1.57,1.91,2.23
20160829,0.25,,0.33,0.49,0.62,0.81,0.92,1.18,1.43,1.57,1.9,2.22
20160826,0.28,,0.34,0.47,0.62,0.84,0.96,1.23,1.49,1.62,1.96,2.29
20160825,0.28,,0.33,0.46,0.6,0.78,0.89,1.16,1.43,1.58,1.91,2.27
20160824,0.28,,0.31,0.46,0.59,0.76,0.87,1.13,1.4,1.56,1.89,2.24
20160823,0.28,,0.3,0.45,0.58,0.74,0.86,1.15,1.4,1.55,1.88,2.24
20160822,0.24,,0.29,0.45,0.58,0.76,0.86,1.15,1.4,1.55,1.88,2.24
20160819,0.27,,0.3,0.44,0.59,0.76,0.88,1.17,1.43,1.58,1.93,2.29
20160818,0.27,,0.3,0.44,0.58,0.71,0.81,1.12,1.38,1.53,1.89,2.26
20160817,0.27,,0.3,0.46,0.58,0.74,0.86,1.15,1.41,1.56,1.9,2.27
20160816,0.27,,0.27,0.45,0.57,0.76,0.87,1.16,1.42,1.57,1.92,2.29
20160815,0.26,,0.31,0.46,0.56,0.72,0.85,1.14,1.4,1.55,1.9,2.27
20160812,0.27,,0.29,0.43,0.56,0.71,0.82,1.1,1.36,1.51,1.85,2.23
20160811,0.27,,0.28,0.45,0.55,0.76,0.88,1.16,1.42,1.57,1.89,2.28
20160810,0.27,,0.28,0.43,0.55,0.69,0.8,1.07,1.34,1.5,1.83,2.23
20160809,0.27,,0.29,0.44,0.55,0.71,0.84,1.11,1.38,1.55,1.86,2.25
20160808,0.27,,0.31,0.45,0.57,0.74,0.86,1.15,1.42,1.59,1.91,2.3
20160805,0.23,,0.28,0.45,0.56,0.72,0.86,1.13,1.41,1.59,1.91,2.32
20160804,0.24,,0.26,0.41,0.51,0.64,0.76,1.03,1.31,1.51,1.84,2.25
20160803,0.26,,0.28,0.42,0.53,0.67,0.78,1.07,1.35,1.55,1.88,2.29
20160802,0.28,,0.29,0.41,0.5,0.67,0.79,1.07,1.36,1.55,1.88,2.29
20160801,0.2,,0.29,0.4,0.5,0.67,0.78,1.06,1.33,1.51,1.84,2.24
20160729,0.19,,0.28,0.38,0.5,0.67,0.76,1.03,1.29,1.46,1.78,2.18
20160728,0.19,,0.25,0.39,0.53,0.72,0.82,1.09,1.35,1.52,1.83,2.23
20160727,0.25,,0.31,0.4,0.53,0.73,0.83,1.1,1.35,1.52,1.84,2.23
20160726,0.24,,0.31,0.43,0.55,0.75,0.87,1.15,1.4,1.57,1.89,2.28
20160725,0.28,,0.32,0.44,0.55,0.72,0.87,1.15,1.41,1.58,1.9,2.29
20160722,0.29,,0.33,0.44,0.55,0.71,0.84,1.13,1.4,1.57,1.9,2.29
20160721,0.28,,0.32,0.44,0.54,0.7,0.82,1.11,1.38,1.57,1.9,2.29
20160720,0.28,,0.32,0.44,0.56,0.73,0.86,1.15,1.41,1.59,1.91,2.3
20160719,0.29,,0.31,0.44,0.56,0.7,0.84,1.12,1.38,1.56,1.88,2.27
20160718,0.26,,0.32,0.44,0.52,0.68,0.85,1.14,1.4,1.59,1.9,2.3
20160715,0.27,,0.32,0.42,0.52,0.71,0.87,1.15,1.42,1.6,1.9,2.3
20160714,0.29,,0.32,0.41,0.53,0.68,0.82,1.1,1.36,1.53,1.84,2.25
20160713,0.29,,0.31,0.4,0.51,0.68,0.8,1.07,1.32,1.48,1.77,2.18
20160712,0.29,,0.29,0.4,0.52,0.69,0.81,1.1,1.35,1.53,1.82,2.24
20160711,0.28,,0.31,0.4,0.5,0.66,0.77,1.03,1.27,1.43,1.73,2.14
20160708,0.26,,0.28,0.36,0.48,0.61,0.71,0.95,1.19,1.37,1.69,2.11
20160707,0.27,,0.29,0.37,0.47,0.58,0.69,0.97,1.21,1.4,1.72,2.14
20160706,0.26,,0.27,0.36,0.46,0.58,0.69,0.95,1.2,1.38,1.72,2.14
20160705,0.27,,0.28,0.35,0.44,0.56,0.66,0.94,1.19,1.37,1.72,2.14
20160701,0.24,,0.28,0.37,0.45,0.59,0.71,1.0,1.27,1.46,1.81,2.24
20160630,0.2,,0.26,0.36,0.45,0.58,0.71,1.01,1.29,1.49,1.86,2.3
20160629,0.18,,0.26,0.35,0.46,0.62,0.74,1.03,1.3,1.5,1.86,2.3
20160628,0.25,,0.26,0.35,0.45,0.61,0.71,1.0,1.26,1.46,1.83,2.27
20160627,0.22,,0.27,0.35,0.45,0.61,0.7,1.0,1.26,1.46,1.83,2.28
20160624,0.24,,0.27,0.38,0.48,0.64,0.76,1.08,1.35,1.57,1.96,2.42
20160623,0.27,,0.31,0.43,0.58,0.78,0.92,1.25,1.54,1.74,2.12,2.55
20160622,0.25,,0.27,0.4,0.56,0.75,0.88,1.2,1.49,1.69,2.06,2.5
20160621,0.25,,0.27,0.41,0.57,0.76,0.89,1.22,1.49,1.71,2.07,2.5
20160620,0.23,,0.28,0.41,0.56,0.74,0.87,1.17,1.45,1.67,2.03,2.47
20160617,0.22,,0.27,0.37,0.51,0.7,0.83,1.13,1.41,1.62,1.99,2.43
20160616,0.23,,0.27,0.36,0.53,0.7,0.81,1.1,1.37,1.57,1.96,2.39
20160615,0.23,,0.26,0.37,0.52,0.69,0.81,1.1,1.38,1.6,1.99,2.43
20160614,0.24,,0.27,0.41,0.55,0.74,0.85,1.15,1.42,1.62,2.0,2.43
20160613,0.23,,0.27,0.4,0.55,0.73,0.84,1.14,1.42,1.62,2.01,2.43
20160610,0.18,,0.26,0.42,0.57,0.73,0.87,1.17,1.44,1.64,2.02,2.44
20160609,0.21,,0.26,0.43,0.59,0.77,0.91,1.22,1.49,1.68,2.05,2.48
20160608,0.2,,0.24,0.43,0.6,0.78,0.93,1.23,1.51,1.71,2.08,2.51
20160607,0.2,,0.28,0.43,0.59,0.78,0.94,1.23,1.51,1.72,2.1,2.54
20160606,0.19,,0.28,0.43,0.6,0.8,0.94,1.25,1.53,1.73,2.12,2.55
20160603,0.19,,0.3,0.43,0.6,0.78,0.92,1.23,1.5,1.71,2.09,2.52
20160602,0.19,,0.29,0.48,0.68,0.89,1.03,1.36,1.63,1.81,2.17,2.58
20160601,0.27,,0.3,0.49,0.7,0.91,1.07,1.39,1.67,1.85,2.22,2.63
20160531,0.27,,0.34,0.49,0.68,0.87,1.03,1.37,1.66,1.84,2.23,2.64
20160527,0.23,,0.32,0.47,0.68,0.9,1.06,1.39,1.67,1.85,2.25,2.65
20160526,0.17,,0.31,0.46,0.65,0.87,1.03,1.35,1.65,1.83,2.24,2.64
20160525,0.24,,0.33,0.47,0.67,0.92,1.08,1.4,1.69,1.87,2.27,2.67
20160524,0.28,,0.35,0.48,0.69,0.92,1.08,1.41,1.68,1.86,2.25,2.65
20160523,0.26,,0.35,0.48,0.69,0.91,1.05,1.38,1.65,1.84,2.23,2.63
20160520,0.26,,0.33,0.46,0.67,0.89,1.05,1.38,1.65,1.85,2.24,2.63
20160519,0.25,,0.31,0.43,0.64,0.89,1.06,1.38,1.67,1.85,2.24,2.64
20160518,0.25,,0.3,0.43,0.63,0.9,1.08,1.41,1.69,1.87,2.27,2.67
20160517,0.25,,0.28,0.4,0.58,0.82,0.97,1.29,1.57,1.76,2.18,2.59
20160516,0.21,,0.28,0.38,0.57,0.79,0.94,1.26,1.55,1.75,2.18,2.59
20160513,0.25,,0.29,0.38,0.55,0.76,0.91,1.22,1.51,1.71,2.14,2.55
20160512,0.25,,0.27,0.37,0.54,0.76,0.92,1.24,1.54,1.75,2.18,2.6
20160511,0.25,,0.26,0.37,0.53,0.74,0.87,1.2,1.51,1.73,2.15,2.58
20160510,0.25,,0.24,0.36,0.52,0.72,0.88,1.2,1.52,1.77,2.18,2.61
20160509,0.21,,0.24,0.38,0.51,0.72,0.86,1.2,1.51,1.77,2.18,2.61
20160506,0.2,,0.19,0.39,0.51,0.74,0.9,1.23,1.55,1.79,2.2,2.62
20160505,0.2,,0.2,0.39,0.51,0.72,0.87,1.2,1.52,1.76,2.17,2.6
20160504,0.18,,0.19,0.39,0.52,0.75,0.89,1.23,1.55,1.79,2.22,2.64
20160503,0.18,,0.21,0.4,0.53,0.75,0.92,1.25,1.57,1.81,2.24,2.66
20160502,0.11,,0.22,0.41,0.55,0.8,0.96,1.32,1.64,1.88,2.31,2.71
20160429,0.16,,0.22,0.4,0.56,0.77,0.92,1.28,1.6,1.83,2.26,2.66
20160428,0.17,,0.22,0.39,0.56,0.78,0.93,1.28,1.6,1.84,2.27,2.68
20160427,0.18,,0.24,0.4,0.58,0.83,0.99,1.33,1.64,1.87,2.3,2.71
20160426,0.19,,0.24,0.43,0.61,0.86,1.04,1.4,1.72,1.94,2.35,2.76
20160425,0.17,,0.25,0.4,0.57,0.85,1.01,1.38,1.69,1.91,2.32,2.72
20160422,0.19,,0.23,0.38,0.56,0.84,1.01,1.37,1.67,1.89,2.3,2.7
20160421,0.19,,0.23,0.37,0.56,0.82,0.98,1.35,1.65,1.88,2.29,2.69
20160420,0.18,,0.23,0.36,0.54,0.8,0.97,1.32,1.63,1.85,2.25,2.66
20160419,0.18,,0.21,0.36,0.53,0.77,0.92,1.26,1.57,1.79,2.19,2.6
20160418,0.16,,0.22,0.35,0.52,0.75,0.9,1.24,1.54,1.78,2.17,2.58
20160415,0.19,,0.22,0.37,0.53,0.74,0.87,1.22,1.52,1.76,2.14,2.56
20160414,0.21,,0.22,0.37,0.55,0.77,0.92,1.26,1.57,1.8,2.18,2.61
20160413,0.21,,0.23,0.36,0.55,0.75,0.9,1.22,1.53,1.77,2.16,2.58
20160412,0.21,,0.22,0.34,0.54,0.74,0.9,1.22,1.54,1.79,2.18,2.61
20160411,0.19,,0.23,0.34,0.53,0.7,0.85,1.16,1.48,1.73,2.14,2.56
20160408,0.2,,0.23,0.34,0.54,0.7,0.84,1.16,1.47,1.72,2.13,2.55
20160407,0.2,,0.23,0.36,0.52,0.7,0.83,1.14,1.46,1.7,2.1,2.52
20160406,0.19,,0.23,0.36,0.55,0.73,0.88,1.2,1.52,1.76,2.17,2.58
20160405,0.19,,0.23,0.36,0.56,0.72,0.85,1.17,1.49,1.73,2.13,2.54
20160404,0.18,,0.23,0.38,0.59,0.75,0.88,1.22,1.53,1.78,2.19,2.6
20160401,0.2,,0.23,0.4,0.62,0.76,0.9,1.24,1.56,1.79,2.2,2.62
20160331,0.18,,0.21,0.39,0.59,0.73,0.87,1.21,1.54,1.78,2.2,2.61
20160330,0.14,,0.2,0.39,0.61,0.76,0.91,1.26,1.6,1.83,2.24,2.65
20160329,0.18,,0.23,0.45,0.63,0.78,0.94,1.29,1.59,1.81,2.2,2.6
20160328,0.19,,0.29,0.49,0.65,0.89,1.04,1.37,1.68,1.89,2.26,2.66
20160324,0.24,,0.3,0.46,0.63,0.89,1.05,1.39,1.7,1.91,2.28,2.67
20160323,0.27,,0.3,0.46,0.64,0.87,1.03,1.37,1.67,1.88,2.25,2.65
20160322,0.28,,0.3,0.46,0.64,0.91,1.08,1.42,1.74,1.94,2.32,2.72
20160321,0.26,,0.31,0.46,0.63,0.87,1.05,1.38,1.7,1.92,2.31,2.72
20160318,0.27,,0.3,0.44,0.62,0.84,1.0,1.34,1.66,1.88,2.26,2.68
20160317,0.29,,0.29,0.47,0.64,0.87,1.04,1.39,1.7,1.91,2.28,2.69
20160316,0.28,,0.31,0.47,0.66,0.87,1.05,1.41,1.72,1.94,2.32,2.73
20160315,0.29,,0.34,0.52,0.71,0.98,1.16,1.5,1.78,1.97,2.33,2.73
20160314,0.28,,0.34,0.52,0.7,0.97,1.15,1.49,1.78,1.97,2.33,2.74
20160311,0.27,,0.33,0.51,0.7,0.97,1.16,1.49,1.79,1.98,2.34,2.75
20160310,0.27,,0.32,0.5,0.69,0.93,1.11,1.45,1.75,1.93,2.29,2.7
20160309,0.27,,0.3,0.47,0.68,0.9,1.07,1.39,1.69,1.9,2.27,2.68
20160308,0.27,,0.29,0.48,0.68,0.88,1.04,1.34,1.64,1.83,2.22,2.63
20160307,0.27,,0.32,0.49,0.67,0.91,1.08,1.42,1.72,1.91,2.3,2.71
20160304,0.25,,0.29,0.47,0.67,0.88,1.04,1.38,1.69,1.88,2.29,2.7
20160303,0.25,,0.28,0.46,0.65,0.85,0.99,1.33,1.63,1.83,2.23,2.65
20160302,0.28,,0.36,0.48,0.67,0.85,1.0,1.34,1.65,1.84,2.27,2.69
20160301,0.29,,0.33,0.5,0.68,0.85,0.98,1.31,1.62,1.83,2.28,2.7
20160229,0.23,,0.33,0.49,0.62,0.78,0.91,1.22,1.52,1.74,2.19,2.61
20160226,0.26,,0.33,0.47,0.6,0.8,0.93,1.23,1.55,1.76,2.2,2.63
20160225,0.27,,0.32,0.46,0.56,0.72,0.85,1.16,1.47,1.71,2.14,2.58
20160224,0.28,,0.33,0.46,0.55,0.75,0.9,1.21,1.52,1.75,2.16,2.61
20160223,0.28,,0.32,0.47,0.55,0.76,0.9,1.23,1.51,1.74,2.16,2.6
20160222,0.28,,0.33,0.46,0.55,0.78,0.92,1.25,1.54,1.77,2.18,2.62
20160219,0.26,,0.31,0.46,0.53,0.76,0.91,1.24,1.53,1.76,2.17,2.61
20160218,0.28,,0.3,0.45,0.53,0.71,0.88,1.21,1.51,1.75,2.17,2.62
20160217,0.28,,0.3,0.43,0.53,0.74,0.93,1.26,1.57,1.81,2.24,2.68
20160216,0.23,,0.3,0.42,0.51,0.74,0.91,1.23,1.53,1.78,2.19,2.64
20160212,0.26,,0.3,0.39,0.51,0.71,0.89,1.2,1.5,1.74,2.15,2.6
20160211,0.27,,0.28,0.39,0.47,0.64,0.81,1.11,1.39,1.63,2.06,2.5
20160210,0.27,,0.31,0.42,0.52,0.71,0.85,1.15,1.46,1.71,2.13,2.53
20160209,0.27,,0.3,0.43,0.52,0.69,0.85,1.15,1.47,1.74,2.16,2.55
20160208,0.21,,0.32,0.42,0.51,0.66,0.83,1.16,1.48,1.75,2.17,2.56
20160205,0.23,,0.3,0.45,0.55,0.74,0.91,1.25,1.58,1.86,2.27,2.68
20160204,0.24,,0.29,0.43,0.52,0.7,0.9,1.25,1.6,1.87,2.29,2.7
20160203,0.27,,0.33,0.46,0.54,0.72,0.91,1.27,1.61,1.88,2.3,2.7
20160202,0.26,,0.34,0.47,0.54,0.75,0.93,1.28,1.61,1.87,2.27,2.67
20160201,0.19,,0.35,0.47,0.47,0.81,1.01,1.38,1.72,1.97,2.38,2.77
20160129,0.22,,0.33,0.43,0.47,0.76,0.97,1.33,1.67,1.94,2.36,2.75
20160128,0.26,,0.35,0.45,0.47,0.83,1.05,1.4,1.75,2.0,2.41,2.79
20160127,0.28,,0.32,0.43,0.47,0.84,1.07,1.43,1.76,2.02,2.42,2.8
20160126,0.29,,0.31,0.45,0.47,0.85,1.07,1.45,1.76,2.01,2.41,2.79
20160125,0.25,,0.31,0.42,0.47,0.88,1.1,1.47,1.79,2.03,2.42,2.8
20160122,0.26,,0.31,0.41,0.47,0.88,1.11,1.49,1.81,2.07,2.46,2.83
20160121,0.27,,0.28,0.38,0.44,0.84,1.06,1.44,1.77,2.02,2.42,2.79
20160120,0.26,,0.26,0.35,0.43,0.85,1.06,1.44,1.76,2.01,2.41,2.77
20160119,0.21,,0.26,0.37,0.48,0.88,1.11,1.49,1.82,2.06,2.45,2.82
20160115,0.19,,0.24,0.37,0.49,0.85,1.08,1.46,1.79,2.03,2.44,2.81
20160114,0.22,,0.25,0.43,0.55,0.9,1.14,1.52,1.87,2.1,2.51,2.9
20160113,0.22,,0.22,0.46,0.6,0.91,1.15,1.51,1.85,2.08,2.47,2.85
20160112,0.22,,0.21,0.47,0.62,0.93,1.18,1.55,1.88,2.12,2.51,2.89
20160111,0.19,,0.21,0.48,0.63,0.94,1.2,1.58,1.94,2.17,2.59,2.96
20160108,0.2,,0.2,0.45,0.64,0.94,1.2,1.57,1.91,2.13,2.55,2.91
20160107,0.2,,0.2,0.46,0.66,0.96,1.22,1.61,1.94,2.16,2.56,2.92
20160106,0.21,,0.21,0.47,0.67,0.99,1.26,1.65,1.98,2.18,2.59,2.94
20160105,0.2,,0.2,0.49,0.68,1.04,1.32,1.73,2.06,2.25,2.67,3.01
20160104,0.17,,0.22,0.49,0.61,1.02,1.31,1.73,2.06,2.24,2.64,2.98
20171229,1.28,,1.39,1.53,1.76,1.89,1.98,2.2,2.33,2.4,2.58,2.74
20171228,1.19,,1.39,1.54,1.76,1.91,2.0,2.23,2.36,2.43,2.6,2.75
20171227,1.18,,1.44,1.53,1.75,1.89,1.99,2.22,2.34,2.42,2.59,2.75
20171226,1.24,,1.47,1.52,1.75,1.92,2.02,2.25,2.38,2.47,2.66,2.82
20171222,1.15,,1.33,1.54,1.73,1.91,2.01,2.26,2.4,2.48,2.68,2.83
20171221,1.21,,1.35,1.54,1.73,1.89,2.01,2.26,2.39,2.48,2.68,2.84
20171220,1.22,,1.38,1.51,1.72,1.87,1.98,2.24,2.4,2.49,2.71,2.88
20171219,1.25,,1.37,1.51,1.71,1.87,1.97,2.23,2.37,2.46,2.66,2.82
20171218,1.26,,1.38,1.51,1.7,1.84,1.94,2.17,2.3,2.39,2.57,2.74
20171215,1.24,,1.31,1.48,1.71,1.84,1.95,2.16,2.28,2.35,2.52,2.68
20171214,1.21,,1.32,1.48,1.7,1.82,1.92,2.14,2.27,2.35,2.53,2.71
20171213,1.22,,1.3,1.47,1.68,1.79,1.9,2.12,2.26,2.36,2.56,2.74
20171212,1.26,,1.34,1.49,1.7,1.83,1.95,2.18,2.32,2.4,2.6,2.79
20171211,1.18,,1.33,1.47,1.69,1.82,1.95,2.16,2.3,2.39,2.59,2.77
20171208,1.14,,1.28,1.45,1.65,1.8,1.92,2.14,2.29,2.38,2.59,2.77
20171207,1.16,,1.29,1.47,1.67,1.8,1.92,2.14,2.29,2.37,2.58,2.76
20171206,1.18,,1.3,1.48,1.68,1.78,1.92,2.11,2.25,2.33,2.53,2.71
20171205,1.21,,1.3,1.48,1.64,1.83,1.94,2.15,2.28,2.36,2.55,2.73
20171204,1.16,,1.29,1.45,1.66,1.8,1.93,2.15,2.29,2.37,2.58,2.77
20171201,1.14,,1.27,1.45,1.62,1.78,1.9,2.13,2.28,2.37,2.58,2.76
20171130,1.14,,1.27,1.44,1.62,1.78,1.9,2.14,2.31,2.42,2.65,2.83
20171129,1.17,,1.29,1.45,1.61,1.78,1.86,2.09,2.27,2.37,2.62,2.81
20171128,1.16,,1.3,1.46,1.61,1.75,1.85,2.07,2.24,2.34,2.58,2.77
20171127,1.15,,1.27,1.41,1.62,1.74,1.84,2.06,2.21,2.32,2.57,2.76
20171124,1.14,,1.29,1.45,1.61,1.75,1.85,2.07,2.23,2.34,2.58,2.76
20171122,1.16,,1.29,1.45,1.61,1.74,1.84,2.05,2.22,2.32,2.57,2.75
20171121,1.15,,1.3,1.45,1.62,1.77,1.88,2.11,2.27,2.36,2.58,2.76
20171120,1.09,,1.3,1.46,1.62,1.77,1.86,2.09,2.26,2.37,2.6,2.78
20171117,1.08,,1.29,1.42,1.6,1.73,1.83,2.06,2.23,2.35,2.59,2.78
20171116,1.08,,1.27,1.42,1.59,1.72,1.83,2.07,2.25,2.37,2.62,2.81
20171115,1.08,,1.25,1.39,1.55,1.68,1.79,2.04,2.21,2.33,2.58,2.77
20171114,1.06,,1.26,1.4,1.55,1.68,1.81,2.06,2.26,2.38,2.64,2.84
20171113,1.07,,1.24,1.37,1.55,1.7,1.82,2.08,2.27,2.4,2.67,2.87
20171110,1.06,,1.23,1.37,1.54,1.67,1.79,2.06,2.27,2.4,2.67,2.88
20171109,1.07,,1.24,1.36,1.53,1.63,1.75,2.01,2.2,2.33,2.59,2.81
20171108,1.05,,1.23,1.35,1.53,1.65,1.77,2.01,2.19,2.32,2.57,2.79
20171107,1.05,,1.22,1.33,1.49,1.63,1.75,1.99,2.17,2.32,2.56,2.77
20171106,1.03,,1.19,1.3,1.5,1.61,1.73,1.99,2.17,2.32,2.58,2.8
20171103,1.02,,1.18,1.31,1.49,1.63,1.74,1.99,2.19,2.34,2.59,2.82
20171102,1.02,,1.17,1.29,1.46,1.61,1.73,2.0,2.21,2.35,2.61,2.83
20171101,1.06,,1.18,1.3,1.46,1.61,1.74,2.01,2.22,2.37,2.63,2.85
20171031,0.99,,1.15,1.28,1.43,1.6,1.73,2.01,2.23,2.38,2.66,2.88
20171030,0.97,,1.12,1.24,1.42,1.58,1.71,2.0,2.22,2.37,2.66,2.88
20171027,0.98,,1.1,1.28,1.42,1.59,1.73,2.03,2.26,2.42,2.71,2.93
20171026,0.99,,1.11,1.29,1.43,1.63,1.76,2.07,2.3,2.46,2.74,2.96
20171025,1.01,,1.12,1.27,1.43,1.61,1.74,2.06,2.28,2.44,2.72,2.95
20171024,1.0,,1.12,1.27,1.43,1.6,1.73,2.05,2.26,2.42,2.7,2.92
20171023,1.0,,1.09,1.25,1.42,1.58,1.7,2.01,2.22,2.38,2.66,2.89
20171020,0.99,,1.11,1.27,1.43,1.6,1.72,2.03,2.24,2.39,2.67,2.89
20171019,0.99,,1.1,1.25,1.41,1.58,1.69,1.98,2.18,2.33,2.6,2.83
20171018,0.99,,1.09,1.24,1.42,1.59,1.7,1.99,2.19,2.34,2.62,2.85
20171017,0.99,,1.09,1.25,1.41,1.54,1.69,1.97,2.15,2.3,2.58,2.8
20171016,0.97,,1.1,1.24,1.42,1.54,1.68,1.95,2.15,2.3,2.58,2.82
20171013,0.97,,1.09,1.26,1.39,1.51,1.64,1.91,2.12,2.28,2.58,2.81
20171012,0.99,,1.09,1.27,1.41,1.51,1.66,1.95,2.16,2.33,2.62,2.86
20171011,1.04,,1.1,1.25,1.4,1.51,1.66,1.95,2.17,2.35,2.64,2.88
20171010,1.03,,1.08,1.26,1.42,1.51,1.64,1.95,2.18,2.35,2.65,2.88
20171006,1.03,,1.07,1.22,1.35,1.54,1.66,1.97,2.2,2.37,2.68,2.91
20171005,1.02,,1.07,1.21,1.35,1.49,1.63,1.94,2.17,2.35,2.65,2.89
20171004,1.0,,1.08,1.21,1.33,1.47,1.62,1.92,2.15,2.33,2.64,2.87
20171003,1.01,,1.07,1.21,1.32,1.47,1.62,1.92,2.15,2.33,2.63,2.87
20171002,0.95,,1.01,1.22,1.31,1.49,1.63,1.94,2.17,2.34,2.64,2.87
20170929,0.96,,1.06,1.2,1.31,1.47,1.62,1.92,2.16,2.33,2.63,2.86
20170928,0.97,,1.06,1.18,1.31,1.45,1.59,1.89,2.13,2.31,2.63,2.87
20170927,0.99,,1.07,1.2,1.33,1.47,1.6,1.91,2.14,2.31,2.62,2.86
20170926,0.96,,1.06,1.19,1.31,1.45,1.57,1.87,2.08,2.24,2.54,2.78
20170925,0.97,,1.05,1.19,1.3,1.44,1.56,1.85,2.07,2.22,2.53,2.76
20170922,0.97,,1.03,1.19,1.3,1.46,1.58,1.88,2.1,2.26,2.57,2.8
20170921,0.99,,1.04,1.19,1.31,1.45,1.59,1.89,2.11,2.27,2.57,2.8
20170920,0.98,,1.04,1.2,1.32,1.45,1.6,1.89,2.12,2.28,2.59,2.82
20170919,0.97,,1.04,1.19,1.31,1.4,1.55,1.84,2.07,2.24,2.57,2.81
20170918,0.96,,1.05,1.18,1.3,1.4,1.54,1.83,2.06,2.23,2.56,2.8
20170915,0.98,,1.05,1.17,1.3,1.39,1.53,1.81,2.04,2.2,2.52,2.77
20170914,0.99,,1.05,1.17,1.28,1.37,1.5,1.79,2.01,2.2,2.52,2.77
20170913,0.99,,1.04,1.16,1.27,1.35,1.48,1.78,2.01,2.2,2.53,2.79
20170912,0.99,,1.03,1.16,1.27,1.33,1.46,1.75,1.99,2.17,2.52,2.78
20170911,0.97,,1.05,1.16,1.24,1.32,1.44,1.71,1.96,2.14,2.49,2.75
20170908,0.96,,1.04,1.14,1.22,1.27,1.39,1.64,1.89,2.06,2.41,2.67
20170907,0.98,,1.05,1.15,1.21,1.27,1.38,1.63,1.88,2.05,2.4,2.66
20170906,1.04,,1.07,1.17,1.24,1.3,1.42,1.69,1.93,2.1,2.46,2.72
20170905,1.3,,1.03,1.13,1.23,1.3,1.4,1.65,1.9,2.07,2.43,2.69
20170901,0.96,,1.02,1.1,1.24,1.35,1.46,1.73,1.99,2.16,2.51,2.77
20170831,0.95,,1.01,1.08,1.23,1.33,1.44,1.7,1.95,2.12,2.47,2.73
20170830,0.96,,1.03,1.11,1.23,1.33,1.44,1.72,1.97,2.15,2.49,2.75
20170829,0.96,,1.03,1.13,1.23,1.33,1.43,1.7,1.96,2.13,2.48,2.74
20170828,0.99,,0.98,1.12,1.24,1.33,1.46,1.74,1.99,2.16,2.51,2.76
20170825,0.99,,1.03,1.11,1.23,1.35,1.47,1.77,2.0,2.17,2.51,2.75
20170824,0.98,,1.02,1.11,1.23,1.33,1.47,1.78,2.01,2.19,2.53,2.77
20170823,0.98,,1.0,1.11,1.22,1.32,1.45,1.76,1.99,2.17,2.51,2.75
20170822,0.93,,1.0,1.13,1.24,1.33,1.48,1.8,2.04,2.22,2.55,2.79
20170821,0.95,,1.0,1.11,1.23,1.32,1.46,1.76,2.0,2.18,2.52,2.77
20170818,0.97,,1.02,1.13,1.24,1.33,1.47,1.77,2.01,2.19,2.54,2.78
20170817,0.95,,1.0,1.11,1.24,1.32,1.46,1.76,2.01,2.19,2.54,2.78
20170816,0.97,,1.02,1.13,1.24,1.33,1.49,1.79,2.04,2.23,2.58,2.81
20170815,0.97,,1.04,1.16,1.23,1.35,1.51,1.83,2.09,2.27,2.6,2.84
20170814,0.95,,1.02,1.13,1.23,1.33,1.48,1.77,2.04,2.22,2.57,2.81
20170811,0.99,,1.03,1.14,1.21,1.3,1.43,1.74,2.0,2.19,2.55,2.79
20170810,1.02,,1.05,1.14,1.22,1.33,1.49,1.78,2.03,2.2,2.55,2.79
20170809,1.01,,1.06,1.15,1.21,1.33,1.5,1.81,2.06,2.24,2.59,2.82
20170808,1.0,,1.06,1.16,1.24,1.36,1.53,1.84,2.1,2.29,2.63,2.86
20170807,0.99,,1.02,1.14,1.22,1.36,1.52,1.81,2.07,2.26,2.6,2.84
20170804,1.0,,1.08,1.14,1.23,1.36,1.51,1.82,2.08,2.27,2.61,2.84
20170803,1.0,,1.08,1.13,1.22,1.34,1.49,1.79,2.05,2.24,2.56,2.81
20170802,1.02,,1.08,1.15,1.24,1.36,1.52,1.82,2.08,2.27,2.6,2.85
20170801,1.0,,1.08,1.15,1.22,1.34,1.5,1.8,2.07,2.26,2.61,2.86
20170731,1.0,,1.07,1.13,1.23,1.34,1.51,1.84,2.11,2.3,2.66,2.89
20170728,1.0,,1.08,1.13,1.22,1.34,1.51,1.83,2.1,2.3,2.65,2.89
20170727,1.01,,1.11,1.13,1.22,1.36,1.52,1.84,2.12,2.32,2.68,2.93
20170726,1.02,,1.13,1.14,1.23,1.36,1.5,1.83,2.09,2.29,2.65,2.89
20170725,0.96,,1.18,1.15,1.24,1.4,1.56,1.9,2.15,2.33,2.67,2.91
20170724,1.0,,1.17,1.12,1.23,1.37,1.53,1.83,2.07,2.26,2.59,2.83
20170721,1.0,,1.16,1.1,1.22,1.36,1.5,1.81,2.05,2.24,2.57,2.81
20170720,1.0,,1.15,1.12,1.22,1.37,1.51,1.82,2.08,2.27,2.6,2.83
20170719,0.99,,1.11,1.12,1.23,1.37,1.52,1.83,2.09,2.27,2.61,2.85
20170718,0.95,,1.07,1.11,1.19,1.36,1.52,1.82,2.08,2.27,2.61,2.85
20170717,0.95,,1.07,1.1,1.22,1.36,1.53,1.86,2.12,2.31,2.65,2.89
20170714,0.93,,1.04,1.12,1.22,1.35,1.54,1.87,2.13,2.33,2.67,2.91
20170713,0.95,,1.05,1.14,1.23,1.37,1.55,1.89,2.16,2.35,2.69,2.92
20170712,0.94,,1.05,1.13,1.21,1.35,1.53,1.88,2.14,2.33,2.65,2.89
20170711,0.97,,1.05,1.14,1.2,1.37,1.57,1.92,2.18,2.37,2.69,2.92
20170710,0.95,,1.04,1.13,1.23,1.4,1.59,1.93,2.2,2.38,2.7,2.93
20170707,0.94,,1.05,1.14,1.22,1.4,1.6,1.95,2.22,2.39,2.71,2.93
20170706,0.95,,1.04,1.14,1.23,1.4,1.6,1.94,2.21,2.37,2.68,2.9
20170705,0.97,,1.05,1.15,1.24,1.41,1.59,1.92,2.17,2.33,2.63,2.85
20170703,0.96,,1.06,1.13,1.24,1.41,1.6,1.93,2.19,2.35,2.65,2.86
20170630,0.84,,1.03,1.14,1.24,1.38,1.55,1.89,2.14,2.31,2.61,2.84
20170629,0.88,,1.04,1.14,1.23,1.38,1.53,1.85,2.1,2.27,2.59,2.82
20170628,0.89,,1.02,1.12,1.21,1.34,1.51,1.81,2.05,2.22,2.55,2.77
20170627,0.89,,1.0,1.13,1.22,1.38,1.53,1.83,2.04,2.21,2.52,2.75
20170626,0.81,,0.99,1.1,1.2,1.36,1.48,1.77,1.97,2.14,2.46,2.7
20170623,0.76,,0.97,1.1,1.21,1.34,1.48,1.77,1.98,2.15,2.48,2.71
20170622,0.8,,0.96,1.1,1.22,1.34,1.48,1.76,1.98,2.15,2.47,2.72
20170621,0.85,,0.99,1.12,1.22,1.36,1.5,1.78,2.0,2.16,2.48,2.73
20170620,0.88,,1.01,1.14,1.22,1.36,1.5,1.77,1.99,2.16,2.49,2.74
20170619,0.85,,1.02,1.13,1.22,1.36,1.52,1.8,2.02,2.19,2.53,2.79
20170616,0.85,,1.03,1.13,1.21,1.32,1.48,1.75,1.97,2.16,2.52,2.78
20170615,0.86,,1.02,1.13,1.21,1.35,1.49,1.76,1.98,2.16,2.52,2.78
20170614,0.9,,1.01,1.12,1.2,1.35,1.48,1.74,1.96,2.15,2.53,2.79
20170613,0.89,,1.0,1.12,1.22,1.38,1.51,1.79,2.02,2.21,2.6,2.87
20170612,0.82,,0.98,1.09,1.19,1.35,1.5,1.78,2.02,2.21,2.59,2.86
20170609,0.8,,1.01,1.13,1.2,1.35,1.5,1.77,2.02,2.21,2.59,2.86
20170608,0.8,,1.01,1.11,1.19,1.33,1.47,1.75,2.0,2.19,2.57,2.85
20170607,0.84,,1.0,1.09,1.17,1.32,1.45,1.74,1.99,2.18,2.56,2.84
20170606,0.83,,0.97,1.08,1.16,1.3,1.42,1.71,1.95,2.14,2.53,2.81
20170605,0.83,,0.96,1.06,1.16,1.32,1.45,1.74,1.99,2.18,2.56,2.84
20170602,0.82,,0.98,1.06,1.16,1.28,1.42,1.71,1.96,2.15,2.53,2.8
20170601,0.82,,0.98,1.07,1.16,1.28,1.45,1.76,2.02,2.21,2.6,2.87
20170531,0.86,,0.98,1.08,1.17,1.28,1.44,1.75,2.02,2.21,2.6,2.87
20170530,0.77,,0.93,1.07,1.16,1.28,1.44,1.76,2.02,2.21,2.61,2.88
20170526,0.75,,0.94,1.08,1.17,1.3,1.46,1.79,2.06,2.25,2.65,2.92
20170525,0.72,,0.94,1.08,1.16,1.3,1.46,1.78,2.06,2.25,2.65,2.92
20170524,0.76,,0.93,1.07,1.18,1.29,1.46,1.79,2.07,2.26,2.65,2.92
20170523,0.76,,0.92,1.08,1.14,1.31,1.49,1.84,2.1,2.29,2.68,2.95
20170522,0.7,,0.93,1.05,1.12,1.29,1.45,1.8,2.06,2.25,2.64,2.91
20170519,0.71,,0.92,1.03,1.1,1.28,1.45,1.79,2.05,2.23,2.63,2.9
20170518,0.73,,0.93,1.02,1.09,1.27,1.44,1.78,2.04,2.23,2.64,2.9
20170517,0.72,,0.9,1.0,1.08,1.26,1.42,1.76,2.03,2.22,2.65,2.91
20170516,0.72,,0.9,1.04,1.11,1.29,1.48,1.86,2.13,2.33,2.74,2.99
20170515,0.73,,0.9,1.02,1.11,1.31,1.49,1.86,2.14,2.34,2.76,3.0
20170512,0.69,,0.88,1.03,1.11,1.29,1.49,1.85,2.13,2.33,2.74,2.98
20170511,0.68,,0.89,1.04,1.13,1.35,1.55,1.93,2.2,2.39,2.78,3.03
20170510,0.71,,0.9,1.04,1.13,1.35,1.56,1.94,2.22,2.41,2.79,3.03
20170509,0.74,,0.91,1.04,1.14,1.37,1.57,1.94,2.22,2.42,2.79,3.04
20170508,0.73,,0.91,1.02,1.12,1.33,1.53,1.91,2.19,2.39,2.76,3.02
20170505,0.71,,0.9,1.01,1.1,1.32,1.52,1.89,2.17,2.36,2.73,2.99
20170504,0.71,,0.86,1.0,1.11,1.32,1.51,1.88,2.17,2.36,2.73,3.0
20170503,0.73,,0.85,1.0,1.1,1.3,1.5,1.86,2.14,2.33,2.7,2.97
20170502,0.72,,0.82,0.99,1.08,1.27,1.45,1.81,2.09,2.29,2.68,2.97
20170501,0.67,,0.83,0.98,1.09,1.28,1.48,1.84,2.13,2.33,2.71,3.0
20170428,0.68,,0.8,0.99,1.07,1.28,1.45,1.81,2.1,2.29,2.67,2.96
20170427,0.7,,0.81,0.98,1.06,1.25,1.44,1.81,2.1,2.3,2.68,2.96
20170426,0.74,,0.83,0.99,1.07,1.28,1.46,1.84,2.12,2.32,2.69,2.97
20170425,0.73,,0.82,0.98,1.09,1.29,1.49,1.87,2.15,2.35,2.71,2.99
20170424,0.74,,0.81,0.96,1.03,1.25,1.44,1.81,2.09,2.28,2.65,2.93
20170421,0.72,,0.79,0.92,0.99,1.2,1.4,1.77,2.05,2.24,2.61,2.89
20170420,0.73,,0.79,0.93,1.01,1.21,1.41,1.78,2.06,2.24,2.61,2.89
20170419,0.75,,0.81,0.94,1.02,1.19,1.38,1.74,2.02,2.21,2.59,2.87
20170418,0.76,,0.82,0.94,1.02,1.18,1.35,1.71,1.98,2.18,2.56,2.84
20170417,0.76,,0.83,0.94,1.04,1.21,1.42,1.79,2.07,2.26,2.65,2.92
20170413,0.76,,0.81,0.94,1.03,1.21,1.4,1.77,2.05,2.24,2.62,2.89
20170412,0.77,,0.81,0.95,1.04,1.24,1.44,1.81,2.09,2.28,2.65,2.92
20170411,0.74,,0.82,0.94,1.05,1.24,1.45,1.84,2.11,2.32,2.67,2.93
20170410,0.77,,0.82,0.97,1.07,1.29,1.52,1.91,2.18,2.37,2.72,2.99
20170407,0.77,,0.82,0.95,1.08,1.29,1.52,1.92,2.2,2.38,2.74,3.0
20170406,0.78,,0.79,0.94,1.05,1.24,1.45,1.87,2.15,2.34,2.72,2.99
20170405,0.77,,0.8,0.93,1.03,1.24,1.44,1.85,2.14,2.34,2.71,2.98
20170404,0.77,,0.79,0.92,1.03,1.25,1.47,1.88,2.16,2.36,2.72,2.99
20170403,0.73,,0.79,0.92,1.02,1.24,1.47,1.88,2.16,2.35,2.71,2.98
20170331,0.74,,0.76,0.91,1.03,1.27,1.5,1.93,2.22,2.4,2.76,3.02
20170330,0.75,,0.78,0.91,1.03,1.28,1.55,1.96,2.25,2.42,2.78,3.03
20170329,0.76,,0.78,0.92,1.04,1.26,1.53,1.93,2.21,2.39,2.74,2.99
20170328,0.75,,0.78,0.92,1.03,1.3,1.56,1.97,2.25,2.42,2.77,3.02
20170327,0.73,,0.78,0.91,1.0,1.27,1.51,1.93,2.2,2.38,2.73,2.98
20170324,0.73,,0.78,0.89,1.0,1.26,1.52,1.93,2.22,2.4,2.74,3.0
20170323,0.73,,0.76,0.9,0.99,1.26,1.52,1.95,2.23,2.41,2.76,3.02
20170322,0.74,,0.77,0.9,0.99,1.27,1.52,1.95,2.22,2.4,2.76,3.02
20170321,0.76,,0.77,0.91,1.0,1.27,1.54,1.96,2.24,2.43,2.79,3.04
20170320,0.7,,0.76,0.89,1.01,1.3,1.57,2.0,2.28,2.47,2.83,3.08
20170317,0.71,,0.73,0.87,1.0,1.33,1.6,2.03,2.31,2.5,2.86,3.11
20170316,0.68,,0.73,0.89,1.01,1.35,1.63,2.05,2.34,2.53,2.89,3.14
20170315,0.71,,0.73,0.89,1.02,1.33,1.59,2.02,2.31,2.51,2.87,3.11
20170314,0.77,,0.78,0.93,1.06,1.4,1.68,2.13,2.42,2.6,2.94,3.17
20170313,0.69,,0.79,0.93,1.06,1.4,1.69,2.14,2.43,2.62,2.97,3.2
20170310,0.6,,0.75,0.89,1.03,1.36,1.66,2.11,2.4,2.58,2.94,3.16
20170309,0.5,,0.73,0.88,1.04,1.37,1.67,2.13,2.43,2.6,2.94,3.19
20170308,0.54,,0.73,0.86,1.03,1.36,1.65,2.08,2.38,2.57,2.89,3.15
20170307,0.55,,0.76,0.87,1.02,1.32,1.62,2.05,2.34,2.52,2.85,3.11
20170306,0.56,,0.74,0.83,0.97,1.31,1.6,2.02,2.32,2.49,2.84,3.1
20170303,0.56,,0.71,0.84,0.98,1.32,1.59,2.02,2.32,2.49,2.83,3.08
20170302,0.52,,0.67,0.84,0.98,1.32,1.6,2.03,2.32,2.49,2.84,3.09
20170301,0.46,,0.63,0.79,0.92,1.29,1.57,1.99,2.29,2.46,2.81,3.06
20170228,0.4,,0.53,0.69,0.88,1.22,1.49,1.89,2.19,2.36,2.7,2.97
20170227,0.44,,0.5,0.68,0.81,1.2,1.46,1.87,2.18,2.36,2.72,2.98
20170224,0.4,,0.52,0.65,0.8,1.12,1.38,1.8,2.12,2.31,2.69,2.95
20170223,0.39,,0.51,0.66,0.81,1.18,1.44,1.87,2.2,2.38,2.75,3.02
20170222,0.47,,0.52,0.68,0.82,1.22,1.49,1.92,2.23,2.42,2.78,3.04
20170221,0.49,,0.53,0.69,0.83,1.22,1.5,1.93,2.24,2.43,2.78,3.04
20170217,0.5,,0.53,0.66,0.82,1.21,1.48,1.92,2.23,2.42,2.78,3.03
20170216,0.51,,0.53,0.66,0.82,1.22,1.5,1.95,2.26,2.45,2.8,3.05
20170215,0.53,,0.54,0.67,0.86,1.27,1.57,2.01,2.33,2.51,2.84,3.09
20170214,0.51,,0.54,0.66,0.84,1.25,1.53,1.98,2.29,2.47,2.81,3.07
20170213,0.5,,0.52,0.63,0.82,1.2,1.48,1.92,2.24,2.43,2.77,3.03
20170210,0.51,,0.55,0.64,0.81,1.2,1.47,1.89,2.22,2.41,2.75,3.01
20170209,0.51,,0.54,0.64,0.8,1.2,1.46,1.88,2.2,2.4,2.74,3.02
20170208,0.52,,0.54,0.63,0.79,1.15,1.4,1.81,2.14,2.34,2.68,2.96
20170207,0.51,,0.53,0.63,0.8,1.16,1.43,1.85,2.17,2.4,2.74,3.02
20170206,0.48,,0.53,0.62,0.79,1.16,1.43,1.86,2.19,2.42,2.76,3.05
20170203,0.49,,0.51,0.63,0.82,1.21,1.49,1.93,2.27,2.49,2.82,3.11
20170202,0.5,,0.52,0.64,0.84,1.21,1.48,1.92,2.27,2.48,2.8,3.09
20170201,0.5,,0.51,0.65,0.83,1.22,1.49,1.93,2.27,2.48,2.8,3.08
20170131,0.5,,0.52,0.64,0.84,1.19,1.46,1.9,2.24,2.45,2.78,3.05
20170130,0.49,,0.51,0.63,0.81,1.22,1.48,1.94,2.28,2.49,2.82,3.08
20170127,0.49,,0.52,0.63,0.82,1.22,1.48,1.94,2.28,2.49,2.8,3.06
20170126,0.49,,0.51,0.62,0.82,1.21,1.49,1.95,2.3,2.51,2.82,3.08
20170125,0.48,,0.5,0.61,0.82,1.23,1.52,1.99,2.33,2.53,2.84,3.1
20170124,0.5,,0.51,0.62,0.81,1.21,1.49,1.94,2.27,2.47,2.78,3.05
20170123,0.46,,0.51,0.59,0.79,1.16,1.43,1.88,2.19,2.41,2.72,2.99
20170120,0.46,,0.5,0.62,0.82,1.2,1.5,1.95,2.28,2.48,2.79,3.05
20170119,0.47,,0.52,0.62,0.83,1.25,1.53,1.97,2.28,2.47,2.77,3.04
20170118,0.48,,0.53,0.63,0.82,1.23,1.51,1.93,2.24,2.42,2.74,3.0
20170117,0.52,,0.55,0.62,0.8,1.17,1.42,1.84,2.14,2.33,2.66,2.93
20170113,0.52,,0.53,0.61,0.82,1.21,1.48,1.9,2.2,2.4,2.71,2.99
20170112,0.52,,0.52,0.59,0.81,1.18,1.45,1.87,2.17,2.36,2.68,3.01
20170111,0.51,,0.52,0.6,0.82,1.2,1.47,1.89,2.18,2.38,2.68,2.96
20170110,0.51,,0.52,0.6,0.82,1.19,1.47,1.89,2.18,2.38,2.69,2.97
20170109,0.5,,0.5,0.6,0.82,1.21,1.47,1.89,2.18,2.38,2.69,2.97
20170106,0.5,,0.53,0.61,0.85,1.22,1.5,1.92,2.23,2.42,2.73,3.0
20170105,0.51,,0.52,0.62,0.83,1.17,1.43,1.86,2.18,2.37,2.69,2.96
20170104,0.49,,0.53,0.63,0.87,1.24,1.5,1.94,2.26,2.46,2.78,3.05
20170103,0.52,,0.53,0.65,0.89,1.22,1.5,1.94,2.26,2.45,2.78,3.04
20181231,2.44,2.45,2.45,2.56,2.63,2.48,2.46,2.51,2.59,2.69,2.87,3.02
20181228,2.39,2.47,2.4,2.48,2.57,2.52,2.5,2.56,2.63,2.72,2.89,3.04
20181227,2.43,2.46,2.41,2.49,2.58,2.56,2.55,2.6,2.68,2.77,2.92,3.05
20181226,2.41,2.43,2.44,2.54,2.61,2.61,2.6,2.67,2.74,2.81,2.94,3.06
20181224,2.42,2.43,2.45,2.52,2.61,2.55,2.56,2.58,2.66,2.74,2.88,3.0
20181221,2.41,2.42,2.39,2.54,2.62,2.63,2.61,2.64,2.72,2.79,2.92,3.03
20181220,2.42,2.42,2.39,2.55,2.64,2.67,2.65,2.65,2.72,2.79,2.92,3.02
20181219,2.35,2.39,2.4,2.54,2.62,2.63,2.61,2.62,2.69,2.77,2.89,3.0
20181218,2.35,2.39,2.39,2.53,2.64,2.65,2.64,2.65,2.74,2.82,2.96,3.07
20181217,2.36,2.39,2.4,2.54,2.66,2.7,2.68,2.69,2.77,2.86,3.0,3.11
20181214,2.36,2.41,2.42,2.56,2.68,2.73,2.72,2.73,2.81,2.89,3.03,3.14
20181213,2.36,2.4,2.43,2.56,2.69,2.75,2.76,2.75,2.83,2.91,3.05,3.16
20181212,2.3,2.38,2.43,2.56,2.7,2.77,2.78,2.77,2.84,2.91,3.04,3.15
20181211,2.28,2.36,2.41,2.55,2.7,2.78,2.78,2.75,2.81,2.89,3.02,3.13
20181210,2.32,2.39,2.41,2.54,2.69,2.72,2.73,2.71,2.77,2.85,3.0,3.13
20181207,2.32,2.4,2.4,2.54,2.68,2.72,2.72,2.7,2.77,2.85,3.01,3.14
20181206,2.36,2.42,2.41,2.56,2.7,2.75,2.76,2.75,2.8,2.87,3.01,3.14
20181204,2.37,2.42,2.42,2.58,2.71,2.8,2.81,2.79,2.84,2.91,3.05,3.16
20181203,2.3,2.35,2.38,2.56,2.72,2.83,2.84,2.83,2.9,2.98,3.15,3.27
20181130,2.31,2.33,2.37,2.52,2.7,2.8,2.83,2.84,2.92,3.01,3.19,3.3
20181129,2.31,2.34,2.37,2.52,2.69,2.81,2.83,2.85,2.94,3.03,3.21,3.33
20181128,2.31,2.37,2.4,2.53,2.69,2.81,2.84,2.87,2.97,3.06,3.23,3.34
20181127,2.31,2.37,2.41,2.53,2.7,2.83,2.86,2.89,2.98,3.06,3.22,3.32
20181126,2.24,2.35,2.41,2.54,2.7,2.84,2.86,2.9,2.98,3.07,3.22,3.32
20181123,2.25,2.35,2.41,2.52,2.67,2.81,2.83,2.88,2.97,3.05,3.21,3.31
20181121,2.25,2.34,2.41,2.52,2.67,2.81,2.84,2.89,2.98,3.06,3.22,3.31
20181120,2.23,2.35,2.39,2.51,2.67,2.79,2.83,2.88,2.97,3.06,3.22,3.31
20181119,2.23,2.32,2.38,2.52,2.66,2.79,2.82,2.87,2.97,3.06,3.22,3.32
20181116,2.21,2.31,2.36,2.5,2.68,2.81,2.85,2.9,2.99,3.08,3.23,3.33
20181115,2.2,2.32,2.37,2.51,2.7,2.86,2.91,2.94,3.02,3.11,3.27,3.36
20181114,2.24,2.33,2.38,2.52,2.71,2.86,2.92,2.95,3.04,3.12,3.26,3.35
20181113,2.24,2.32,2.38,2.53,2.72,2.89,2.95,2.99,3.07,3.14,3.28,3.36
20181109,2.21,2.3,2.36,2.52,2.73,2.94,3.01,3.05,3.13,3.19,3.32,3.4
20181108,2.21,2.29,2.35,2.52,2.74,2.98,3.05,3.09,3.17,3.24,3.36,3.43
20181107,2.23,2.29,2.37,2.51,2.74,2.96,3.03,3.07,3.15,3.22,3.35,3.43
20181106,2.23,2.29,2.35,2.52,2.72,2.93,3.01,3.05,3.14,3.22,3.35,3.43
20181105,2.2,2.29,2.36,2.51,2.71,2.91,2.99,3.03,3.12,3.2,3.34,3.43
20181102,2.19,2.28,2.33,2.5,2.7,2.91,2.98,3.04,3.13,3.22,3.37,3.46
20181101,2.21,2.28,2.32,2.49,2.67,2.84,2.91,2.96,3.06,3.14,3.29,3.38
20181031,2.2,2.26,2.34,2.49,2.69,2.87,2.93,2.98,3.07,3.15,3.3,3.39
20181030,2.21,2.26,2.33,2.48,2.66,2.84,2.9,2.94,3.03,3.12,3.26,3.36
20181029,2.17,2.21,2.34,2.49,2.64,2.81,2.86,2.91,3.0,3.08,3.23,3.33
20181026,2.16,2.21,2.33,2.47,2.63,2.81,2.85,2.91,3.0,3.08,3.23,3.32
20181025,2.19,2.24,2.34,2.47,2.66,2.86,2.92,2.98,3.07,3.14,3.27,3.35
20181024,2.2,2.23,2.34,2.47,2.64,2.84,2.89,2.94,3.02,3.1,3.24,3.33
20181023,2.21,2.23,2.33,2.48,2.67,2.89,2.95,3.01,3.1,3.17,3.29,3.37
20181022,2.18,2.25,2.34,2.49,2.68,2.92,2.99,3.05,3.13,3.2,3.31,3.38
20181019,2.19,2.23,2.31,2.48,2.67,2.92,2.99,3.05,3.14,3.2,3.31,3.38
20181018,2.19,2.23,2.32,2.47,2.67,2.87,2.95,3.03,3.11,3.17,3.28,3.36
20181017,2.2,2.23,2.31,2.47,2.66,2.89,2.97,3.04,3.13,3.19,3.29,3.35
20181016,2.19,2.22,2.3,2.46,2.66,2.87,2.95,3.02,3.1,3.16,3.26,3.32
20181015,2.17,,2.31,2.47,2.67,2.85,2.94,3.01,3.1,3.16,3.27,3.34
20181012,2.14,,2.28,2.44,2.66,2.85,2.93,3.0,3.09,3.15,3.25,3.32
20181011,2.14,,2.27,2.44,2.66,2.85,2.94,3.0,3.09,3.14,3.25,3.32
20181010,2.18,,2.27,2.45,2.67,2.88,2.97,3.05,3.15,3.22,3.33,3.39
20181009,2.17,,2.25,2.46,2.65,2.88,2.98,3.05,3.15,3.21,3.3,3.37
20181005,2.15,,2.23,2.41,2.64,2.88,2.99,3.07,3.18,3.23,3.34,3.4
20181004,2.16,,2.22,2.42,2.63,2.87,2.97,3.05,3.14,3.19,3.29,3.35
20181003,2.15,,2.23,2.41,2.62,2.85,2.94,3.02,3.1,3.15,3.24,3.3
20181002,2.14,,2.23,2.41,2.61,2.82,2.88,2.94,3.01,3.05,3.14,3.2
20181001,2.13,,2.23,2.4,2.6,2.82,2.9,2.96,3.04,3.09,3.18,3.24
20180928,2.12,,2.19,2.36,2.59,2.81,2.88,2.94,3.01,3.05,3.13,3.19
20180927,2.1,,2.18,2.37,2.58,2.83,2.89,2.96,3.02,3.06,3.13,3.19
20180926,2.11,,2.2,2.37,2.58,2.83,2.89,2.96,3.02,3.06,3.14,3.19
20180925,2.12,,2.21,2.38,2.59,2.83,2.91,2.99,3.06,3.1,3.17,3.23
20180924,2.07,,2.22,2.38,2.6,2.83,2.89,2.96,3.04,3.08,3.15,3.21
20180921,2.05,,2.18,2.38,2.58,2.81,2.89,2.95,3.03,3.07,3.14,3.2
20180920,2.03,,2.17,2.37,2.58,2.81,2.89,2.96,3.03,3.07,3.15,3.21
20180919,2.03,,2.16,2.36,2.58,2.81,2.89,2.96,3.04,3.08,3.16,3.23
20180918,2.05,,2.17,2.36,2.58,2.81,2.88,2.94,3.01,3.05,3.14,3.2
20180917,2.02,,2.16,2.35,2.57,2.78,2.85,2.89,2.96,2.99,3.07,3.13
20180914,2.02,,2.16,2.33,2.56,2.78,2.85,2.9,2.96,2.99,3.07,3.13
20180913,2.01,,2.15,2.33,2.55,2.76,2.83,2.87,2.93,2.97,3.04,3.11
20180912,2.01,,2.16,2.33,2.56,2.74,2.82,2.87,2.93,2.97,3.04,3.11
20180911,2.02,,2.15,2.31,2.55,2.76,2.83,2.87,2.94,2.98,3.06,3.13
20180910,1.98,,2.14,2.32,2.54,2.73,2.78,2.83,2.89,2.94,3.02,3.09
20180907,1.98,,2.14,2.3,2.53,2.71,2.78,2.82,2.89,2.94,3.03,3.11
20180906,1.98,,2.13,2.3,2.5,2.64,2.71,2.76,2.83,2.88,2.98,3.06
20180905,2.0,,2.14,2.3,2.49,2.66,2.72,2.77,2.85,2.9,3.0,3.08
20180904,2.0,,2.13,2.29,2.49,2.66,2.73,2.78,2.85,2.9,2.99,3.07
20180831,1.95,,2.11,2.28,2.46,2.62,2.7,2.74,2.81,2.86,2.95,3.02
20180830,1.97,,2.11,2.28,2.47,2.64,2.72,2.75,2.82,2.86,2.93,3.0
20180829,1.97,,2.13,2.28,2.48,2.67,2.75,2.78,2.85,2.89,2.96,3.02
20180828,1.96,,2.13,2.28,2.47,2.67,2.73,2.77,2.84,2.88,2.96,3.03
20180827,1.96,,2.12,2.25,2.47,2.67,2.7,2.74,2.81,2.85,2.92,3.0
20180824,1.95,,2.09,2.25,2.44,2.63,2.68,2.72,2.78,2.82,2.89,2.97
20180823,1.94,,2.08,2.23,2.43,2.61,2.66,2.72,2.78,2.82,2.9,2.97
20180822,1.95,,2.09,2.24,2.43,2.6,2.65,2.7,2.77,2.82,2.91,2.99
20180821,1.94,,2.08,2.25,2.45,2.61,2.67,2.73,2.8,2.85,2.93,3.0
20180820,1.93,,2.06,2.25,2.43,2.6,2.65,2.7,2.77,2.82,2.91,2.99
20180817,1.95,,2.05,2.24,2.44,2.61,2.68,2.75,2.82,2.87,2.95,3.03
20180816,1.96,,2.07,2.24,2.45,2.63,2.7,2.75,2.82,2.87,2.95,3.03
20180815,1.96,,2.07,2.23,2.45,2.61,2.68,2.73,2.81,2.86,2.95,3.03
20180814,1.96,,2.08,2.25,2.44,2.63,2.71,2.77,2.84,2.89,2.98,3.06
20180813,1.93,,2.06,2.22,2.42,2.61,2.68,2.75,2.82,2.88,2.97,3.05
20180810,1.92,,2.05,2.23,2.42,2.61,2.68,2.75,2.82,2.87,2.96,3.03
20180809,1.91,,2.06,2.25,2.44,2.64,2.74,2.8,2.89,2.93,3.01,3.08
20180808,1.93,,2.06,2.24,2.44,2.68,2.77,2.83,2.92,2.96,3.05,3.12
20180807,1.96,,2.06,2.23,2.45,2.68,2.76,2.84,2.92,2.98,3.06,3.12
20180806,1.92,,2.05,2.23,2.44,2.64,2.73,2.8,2.89,2.94,3.02,3.08
20180803,1.9,,2.01,2.23,2.43,2.63,2.74,2.82,2.91,2.95,3.03,3.09
20180802,1.89,,2.02,2.22,2.45,2.66,2.76,2.85,2.93,2.98,3.06,3.12
20180801,1.93,,2.03,2.22,2.45,2.67,2.78,2.87,2.96,3.0,3.07,3.13
20180731,1.94,,2.03,2.21,2.44,2.67,2.77,2.85,2.92,2.96,3.03,3.08
20180730,1.91,,2.04,2.21,2.43,2.66,2.77,2.85,2.94,2.98,3.05,3.11
20180727,1.9,,2.0,2.2,2.43,2.67,2.76,2.84,2.92,2.96,3.03,3.09
20180726,1.89,,1.99,2.19,2.41,2.69,2.78,2.86,2.95,2.98,3.05,3.1
20180725,1.9,,2.01,2.2,2.42,2.66,2.74,2.82,2.9,2.94,3.0,3.06
20180724,1.92,,2.02,2.19,2.42,2.63,2.74,2.83,2.91,2.95,3.02,3.08
20180723,1.88,,1.99,2.19,2.42,2.64,2.72,2.83,2.92,2.96,3.04,3.1
20180720,1.86,,1.99,2.16,2.41,2.6,2.68,2.77,2.85,2.89,2.96,3.03
20180719,1.89,,2.0,2.16,2.4,2.6,2.67,2.74,2.81,2.84,2.9,2.96
20180718,1.9,,2.0,2.17,2.43,2.6,2.69,2.77,2.84,2.88,2.93,2.99
20180717,1.93,,2.02,2.19,2.39,2.62,2.69,2.76,2.83,2.86,2.91,2.97
20180716,1.9,,2.01,2.19,2.39,2.59,2.67,2.75,2.82,2.85,2.9,2.96
20180713,1.87,,1.98,2.16,2.37,2.59,2.66,2.73,2.8,2.83,2.87,2.94
20180712,1.89,,1.98,2.17,2.39,2.6,2.68,2.75,2.83,2.85,2.89,2.95
20180711,1.89,,1.97,2.14,2.36,2.58,2.67,2.74,2.82,2.85,2.89,2.95
20180710,1.88,,1.99,2.15,2.36,2.59,2.69,2.77,2.83,2.87,2.91,2.97
20180709,1.87,,1.98,2.15,2.34,2.57,2.66,2.75,2.82,2.86,2.9,2.96
20180706,1.86,,1.97,2.13,2.34,2.53,2.64,2.71,2.78,2.82,2.87,2.94
20180705,1.87,,1.96,2.11,2.32,2.55,2.65,2.74,2.8,2.84,2.88,2.95
20180703,1.91,,1.98,2.12,2.33,2.53,2.63,2.72,2.79,2.83,2.89,2.96
20180702,1.9,,1.98,2.14,2.34,2.57,2.65,2.75,2.83,2.87,2.92,2.99
20180629,1.77,,1.93,2.11,2.33,2.52,2.63,2.73,2.81,2.85,2.91,2.98
20180628,1.76,,1.93,2.11,2.33,2.52,2.6,2.73,2.81,2.84,2.91,2.97
20180627,1.79,,1.93,2.1,2.33,2.52,2.59,2.71,2.79,2.83,2.9,2.97
20180626,1.79,,1.93,2.14,2.33,2.53,2.63,2.75,2.84,2.88,2.95,3.03
20180625,1.8,,1.93,2.13,2.34,2.54,2.63,2.75,2.83,2.87,2.95,3.02
20180622,1.83,,1.93,2.11,2.33,2.56,2.65,2.77,2.86,2.9,2.97,3.04
20180621,1.85,,1.94,2.12,2.34,2.56,2.65,2.77,2.86,2.9,2.97,3.04
20180620,1.85,,1.94,2.14,2.36,2.56,2.67,2.8,2.89,2.93,2.99,3.06
20180619,1.85,,1.94,2.13,2.34,2.54,2.64,2.77,2.84,2.89,2.95,3.02
20180618,1.84,,1.94,2.13,2.35,2.56,2.67,2.8,2.89,2.92,2.98,3.05
20180615,1.82,,1.94,2.07,2.35,2.55,2.68,2.81,2.89,2.93,2.98,3.05
20180614,1.81,,1.94,2.07,2.35,2.59,2.69,2.81,2.9,2.94,2.99,3.05
20180613,1.82,,1.94,2.09,2.35,2.59,2.71,2.85,2.95,2.98,3.04,3.1
20180612,1.81,,1.92,2.1,2.31,2.54,2.67,2.81,2.91,2.96,3.02,3.09
20180611,1.82,,1.94,2.11,2.32,2.52,2.66,2.8,2.91,2.96,3.02,3.1
20180608,1.78,,1.93,2.12,2.3,2.5,2.63,2.77,2.88,2.93,3.0,3.08
20180607,1.78,,1.94,2.12,2.31,2.5,2.63,2.77,2.88,2.93,3.0,3.08
20180606,1.81,,1.95,2.13,2.32,2.52,2.65,2.81,2.93,2.97,3.05,3.13
20180605,1.82,,1.94,2.13,2.32,2.49,2.62,2.76,2.87,2.92,2.99,3.07
20180604,1.77,,1.94,2.13,2.3,2.52,2.64,2.78,2.89,2.94,3.0,3.08
20180601,1.74,,1.92,2.1,2.28,2.47,2.61,2.74,2.85,2.89,2.96,3.04
20180531,1.76,,1.93,2.08,2.23,2.4,2.54,2.68,2.78,2.83,2.91,3.0
20180530,1.77,,1.94,2.08,2.23,2.42,2.53,2.67,2.79,2.84,2.93,3.01
20180529,1.77,,1.93,2.06,2.17,2.32,2.43,2.58,2.71,2.77,2.87,2.96
20180525,1.7,,1.9,2.07,2.27,2.48,2.6,2.76,2.88,2.93,3.01,3.09
20180524,1.74,,1.91,2.09,2.28,2.5,2.65,2.82,2.93,2.98,3.06,3.13
20180523,1.76,,1.92,2.11,2.29,2.53,2.67,2.83,2.95,3.01,3.09,3.17
20180522,1.73,,1.93,2.13,2.34,2.59,2.73,2.9,3.02,3.06,3.14,3.21
20180521,1.71,,1.93,2.14,2.35,2.58,2.73,2.9,3.02,3.06,3.13,3.2
20180518,1.68,,1.91,2.09,2.32,2.55,2.71,2.9,3.02,3.06,3.14,3.2
20180517,1.7,,1.92,2.1,2.32,2.57,2.75,2.94,3.07,3.11,3.19,3.25
20180516,1.69,,1.92,2.09,2.32,2.58,2.76,2.94,3.05,3.09,3.16,3.21
20180515,1.69,,1.92,2.09,2.31,2.58,2.75,2.92,3.04,3.08,3.14,3.2
20180514,1.7,,1.93,2.09,2.28,2.55,2.7,2.85,2.96,3.0,3.06,3.13
20180511,1.68,,1.92,2.06,2.28,2.54,2.69,2.84,2.94,2.97,3.03,3.1
20180510,1.69,,1.9,2.05,2.27,2.54,2.69,2.83,2.94,2.97,3.04,3.12
20180509,1.68,,1.88,2.05,2.27,2.54,2.68,2.84,2.96,3.0,3.07,3.16
20180508,1.69,,1.87,2.05,2.26,2.51,2.66,2.81,2.93,2.97,3.04,3.13
20180507,1.69,,1.86,2.05,2.25,2.49,2.64,2.78,2.9,2.95,3.02,3.12
20180504,1.67,,1.84,2.03,2.24,2.51,2.63,2.78,2.9,2.95,3.02,3.12
20180503,1.68,,1.84,2.02,2.24,2.49,2.62,2.78,2.9,2.94,3.02,3.12
20180502,1.69,,1.84,2.03,2.24,2.49,2.64,2.8,2.92,2.97,3.04,3.14
20180501,1.68,,1.85,2.05,2.26,2.5,2.66,2.82,2.93,2.97,3.03,3.13
20180430,1.65,,1.87,2.04,2.24,2.49,2.62,2.79,2.91,2.95,3.01,3.11
20180427,1.62,,1.82,2.02,2.24,2.49,2.62,2.8,2.92,2.96,3.03,3.13
20180426,1.62,,1.82,2.02,2.25,2.49,2.63,2.82,2.95,3.0,3.08,3.18
20180425,1.65,,1.85,2.03,2.26,2.49,2.64,2.84,2.97,3.03,3.12,3.21
20180424,1.7,,1.87,2.05,2.25,2.48,2.63,2.83,2.95,3.0,3.08,3.18
20180423,1.69,,1.87,2.04,2.25,2.49,2.64,2.83,2.94,2.98,3.05,3.15
20180420,1.65,,1.81,2.01,2.22,2.46,2.62,2.8,2.91,2.96,3.04,3.14
20180419,1.67,,1.82,2.01,2.21,2.44,2.58,2.77,2.87,2.92,3.01,3.11
20180418,1.67,,1.81,2.01,2.17,2.42,2.57,2.73,2.83,2.87,2.95,3.06
20180417,1.68,,1.8,2.02,2.16,2.41,2.52,2.68,2.77,2.82,2.89,3.0
20180416,1.64,,1.79,1.98,2.12,2.39,2.52,2.69,2.78,2.83,2.91,3.03
20180413,1.64,,1.76,1.97,2.12,2.37,2.51,2.67,2.77,2.82,2.91,3.03
20180412,1.65,,1.75,1.95,2.11,2.34,2.49,2.67,2.78,2.83,2.92,3.05
20180411,1.64,,1.73,1.95,2.09,2.32,2.45,2.62,2.72,2.79,2.87,2.99
20180410,1.63,,1.74,1.93,2.09,2.32,2.45,2.62,2.74,2.8,2.89,3.02
20180409,1.67,,1.76,1.93,2.08,2.29,2.43,2.6,2.72,2.78,2.89,3.02
20180406,1.68,,1.73,1.91,2.06,2.27,2.4,2.58,2.7,2.77,2.89,3.01
20180405,1.67,,1.72,1.93,2.07,2.3,2.45,2.64,2.76,2.83,2.95,3.07
20180404,1.67,,1.71,1.9,2.07,2.28,2.42,2.61,2.73,2.79,2.91,3.03
20180403,1.7,,1.75,1.92,2.09,2.28,2.41,2.6,2.73,2.79,2.9,3.02
20180402,1.68,,1.77,1.92,2.08,2.25,2.37,2.55,2.67,2.73,2.85,2.97
20180329,1.63,,1.73,1.93,2.09,2.27,2.39,2.56,2.68,2.74,2.85,2.97
20180328,1.65,,1.73,1.95,2.12,2.28,2.41,2.59,2.72,2.77,2.89,3.01
20180327,1.69,,1.77,1.93,2.1,2.26,2.39,2.58,2.7,2.78,2.9,3.03
20180326,1.71,,1.79,1.94,2.06,2.33,2.44,2.64,2.78,2.85,2.96,3.08
20180323,1.69,,1.74,1.92,2.04,2.28,2.41,2.61,2.74,2.82,2.94,3.06
20180322,1.67,,1.72,1.95,2.05,2.29,2.43,2.63,2.76,2.83,2.94,3.06
20180321,1.71,,1.74,1.95,2.06,2.31,2.46,2.69,2.82,2.89,3.01,3.12
20180320,1.76,,1.81,1.97,2.08,2.34,2.49,2.69,2.82,2.89,3.01,3.12
20180319,1.7,,1.8,1.99,2.08,2.31,2.45,2.65,2.78,2.85,2.97,3.09
20180316,1.71,,1.78,1.96,2.08,2.31,2.44,2.65,2.78,2.85,2.96,3.08
20180315,1.7,,1.77,1.95,2.07,2.29,2.42,2.62,2.76,2.82,2.94,3.05
20180314,1.71,,1.76,1.94,2.05,2.26,2.41,2.61,2.75,2.81,2.94,3.05
20180313,1.64,,1.73,1.9,2.03,2.26,2.41,2.62,2.77,2.84,2.98,3.1
20180312,1.6,,1.71,1.89,2.05,2.27,2.43,2.64,2.79,2.87,3.0,3.13
20180309,1.57,,1.67,1.89,2.03,2.27,2.45,2.65,2.82,2.9,3.04,3.16
20180308,1.57,,1.67,1.89,2.05,2.25,2.42,2.63,2.79,2.86,3.01,3.13
20180307,1.57,,1.68,1.87,2.05,2.25,2.42,2.65,2.81,2.89,3.04,3.15
20180306,1.56,,1.68,1.87,2.06,2.25,2.42,2.65,2.81,2.88,3.03,3.14
20180305,1.53,,1.7,1.86,2.06,2.24,2.41,2.65,2.81,2.88,3.04,3.16
20180302,1.5,,1.65,1.86,2.06,2.25,2.4,2.63,2.79,2.86,3.02,3.14
20180301,1.5,,1.63,1.85,2.05,2.22,2.36,2.58,2.74,2.81,2.97,3.09
20180228,1.5,,1.65,1.86,2.07,2.25,2.42,2.65,2.8,2.87,3.02,3.13
20180227,1.49,,1.66,1.87,2.08,2.27,2.43,2.67,2.83,2.9,3.06,3.17
20180226,1.39,,1.66,1.87,2.03,2.22,2.37,2.6,2.77,2.86,3.03,3.15
20180223,1.38,,1.64,1.85,2.02,2.25,2.39,2.62,2.79,2.88,3.04,3.16
20180222,1.34,,1.63,1.84,2.02,2.25,2.42,2.66,2.84,2.92,3.09,3.21
20180221,1.4,,1.64,1.85,2.03,2.26,2.44,2.69,2.86,2.94,3.11,3.22
20180220,1.39,,1.66,1.87,2.01,2.25,2.4,2.65,2.81,2.88,3.04,3.15
20180216,1.35,,1.62,1.83,2.0,2.21,2.38,2.63,2.81,2.87,3.02,3.13
20180215,1.3,,1.58,1.82,1.99,2.19,2.4,2.65,2.83,2.9,3.04,3.15
20180214,1.32,,1.58,1.81,1.98,2.17,2.4,2.65,2.84,2.91,3.07,3.18
20180213,1.34,,1.59,1.8,1.95,2.1,2.3,2.54,2.74,2.83,2.99,3.11
20180212,1.35,,1.62,1.82,1.93,2.09,2.3,2.56,2.77,2.86,3.02,3.14
20180209,1.31,,1.55,1.73,1.89,2.05,2.26,2.52,2.72,2.83,3.02,3.14
20180208,1.32,,1.55,1.73,1.91,2.13,2.32,2.57,2.76,2.85,3.03,3.14
20180207,1.36,,1.55,1.73,1.91,2.15,2.33,2.57,2.75,2.84,3.01,3.12
20180206,1.48,,1.52,1.69,1.87,2.1,2.3,2.52,2.7,2.79,2.94,3.06
20180205,1.4,,1.51,1.67,1.85,2.08,2.25,2.5,2.68,2.77,2.92,3.04
20180202,1.4,,1.48,1.65,1.88,2.15,2.33,2.58,2.76,2.84,2.97,3.08
20180201,1.41,,1.48,1.64,1.89,2.16,2.33,2.56,2.72,2.78,2.9,3.01
20180131,1.43,,1.46,1.66,1.9,2.14,2.29,2.52,2.66,2.72,2.83,2.95
20180130,1.49,,1.44,1.66,1.88,2.13,2.27,2.51,2.65,2.73,2.86,2.98
20180129,1.28,,1.44,1.66,1.8,2.11,2.26,2.49,2.63,2.7,2.82,2.94
20180126,1.24,,1.41,1.64,1.8,2.13,2.24,2.47,2.6,2.66,2.79,2.91
20180125,1.23,,1.42,1.64,1.8,2.08,2.2,2.41,2.55,2.63,2.76,2.89
20180124,1.25,,1.43,1.63,1.79,2.08,2.2,2.43,2.57,2.65,2.8,2.93
20180123,1.26,,1.44,1.63,1.78,2.06,2.18,2.43,2.55,2.63,2.77,2.9
20180122,1.27,,1.44,1.65,1.79,2.08,2.21,2.46,2.59,2.66,2.79,2.93
20180119,1.28,,1.44,1.62,1.79,2.06,2.2,2.45,2.57,2.64,2.78,2.91
20180118,1.29,,1.45,1.63,1.79,2.05,2.17,2.43,2.55,2.62,2.77,2.9
20180117,1.31,,1.44,1.63,1.79,2.05,2.15,2.39,2.51,2.57,2.71,2.84
20180116,1.33,,1.45,1.63,1.79,2.03,2.12,2.36,2.48,2.54,2.69,2.83
20180112,1.31,,1.43,1.59,1.78,1.99,2.12,2.35,2.48,2.55,2.71,2.85
20180111,1.32,,1.43,1.58,1.77,1.98,2.09,2.32,2.46,2.54,2.72,2.91
20180110,1.31,,1.42,1.59,1.78,1.98,2.08,2.32,2.47,2.55,2.73,2.88
20180109,1.27,,1.44,1.6,1.78,1.98,2.09,2.33,2.46,2.55,2.72,2.88
20180108,1.3,,1.45,1.6,1.79,1.96,2.07,2.29,2.41,2.49,2.65,2.81
20180105,1.27,,1.39,1.58,1.8,1.96,2.06,2.29,2.4,2.47,2.64,2.81
20180104,1.28,,1.41,1.6,1.82,1.96,2.05,2.27,2.38,2.46,2.62,2.79
20180103,1.29,,1.41,1.59,1.81,1.94,2.02,2.25,2.37,2.44,2.62,2.78
20180102,1.29,,1.44,1.61,1.83,1.92,2.01,2.25,2.38,2.46,2.64,2.81
20191231,1.48,1.51,1.55,1.6,1.59,1.58,1.62,1.69,1.83,1.92,2.25,2.39
20191230,1.51,1.53,1.57,1.6,1.57,1.58,1.59,1.68,1.81,1.9,2.21,2.34
20191227,1.56,1.56,1.57,1.59,1.51,1.59,1.6,1.68,1.8,1.88,2.18,2.32
20191226,1.59,1.6,1.58,1.61,1.53,1.64,1.65,1.72,1.85,1.9,2.19,2.33
20191224,1.55,1.58,1.58,1.61,1.53,1.62,1.64,1.72,1.83,1.9,2.2,2.33
20191223,1.57,1.57,1.59,1.6,1.53,1.64,1.67,1.75,1.86,1.93,2.22,2.35
20191220,1.57,1.59,1.58,1.58,1.52,1.63,1.67,1.73,1.84,1.92,2.21,2.34
20191219,1.54,1.58,1.57,1.57,1.52,1.62,1.65,1.73,1.84,1.92,2.21,2.35
20191218,1.56,1.57,1.56,1.58,1.54,1.63,1.67,1.74,1.86,1.92,2.22,2.35
20191217,1.56,1.56,1.56,1.58,1.53,1.63,1.66,1.71,1.82,1.89,2.18,2.31
20191216,1.57,1.57,1.57,1.58,1.54,1.65,1.67,1.72,1.82,1.89,2.17,2.3
20191213,1.55,1.57,1.57,1.56,1.54,1.61,1.62,1.66,1.76,1.82,2.11,2.26
20191212,1.57,1.57,1.56,1.57,1.55,1.66,1.69,1.73,1.84,1.9,2.18,2.32
20191211,1.54,1.56,1.57,1.58,1.55,1.61,1.62,1.64,1.74,1.79,2.08,2.23
20191210,1.53,1.55,1.56,1.57,1.56,1.65,1.67,1.68,1.78,1.85,2.12,2.26
20191209,1.54,1.54,1.54,1.58,1.56,1.63,1.63,1.67,1.77,1.83,2.13,2.27
20191206,1.52,1.55,1.53,1.56,1.57,1.61,1.64,1.67,1.78,1.84,2.14,2.29
20191205,1.52,1.56,1.54,1.55,1.56,1.58,1.6,1.62,1.73,1.8,2.11,2.24
20191204,1.59,1.54,1.55,1.56,1.56,1.58,1.58,1.6,1.71,1.77,2.08,2.22
20191203,1.56,1.54,1.57,1.57,1.57,1.53,1.54,1.54,1.65,1.72,2.03,2.17
20191202,1.6,1.58,1.6,1.62,1.6,1.61,1.63,1.65,1.77,1.83,2.15,2.28
20191129,1.62,1.6,1.59,1.63,1.6,1.61,1.61,1.62,1.73,1.78,2.07,2.21
20191127,1.65,1.6,1.62,1.63,1.6,1.63,1.61,1.63,1.71,1.77,2.06,2.19
20191126,1.63,1.61,1.6,1.62,1.59,1.58,1.58,1.58,1.68,1.74,2.04,2.18
20191125,1.6,1.6,1.61,1.61,1.58,1.61,1.6,1.62,1.71,1.76,2.07,2.21
20191122,1.58,1.59,1.58,1.59,1.56,1.61,1.6,1.62,1.71,1.77,2.08,2.22
20191121,1.57,1.57,1.58,1.59,1.55,1.6,1.59,1.62,1.71,1.77,2.09,2.24
20191120,1.57,1.56,1.57,1.58,1.54,1.56,1.55,1.58,1.66,1.73,2.05,2.2
20191119,1.58,1.57,1.57,1.58,1.54,1.6,1.59,1.63,1.71,1.79,2.11,2.26
20191118,1.59,1.57,1.57,1.58,1.54,1.6,1.59,1.63,1.73,1.81,2.14,2.3
20191115,1.59,1.56,1.57,1.59,1.54,1.61,1.61,1.65,1.75,1.84,2.16,2.31
20191114,1.59,1.57,1.57,1.58,1.55,1.58,1.59,1.63,1.73,1.82,2.15,2.31
20191113,1.56,1.57,1.57,1.59,1.57,1.63,1.65,1.69,1.79,1.88,2.2,2.36
20191112,1.56,1.56,1.59,1.59,1.58,1.66,1.69,1.73,1.84,1.92,2.24,2.39
20191108,1.56,1.56,1.55,1.58,1.58,1.68,1.7,1.74,1.86,1.94,2.27,2.43
20191107,1.57,1.57,1.56,1.58,1.58,1.68,1.7,1.74,1.84,1.92,2.24,2.4
20191106,1.55,1.56,1.56,1.57,1.58,1.61,1.6,1.63,1.73,1.81,2.13,2.3
20191105,1.56,1.57,1.56,1.58,1.62,1.63,1.63,1.66,1.77,1.86,2.17,2.34
20191104,1.58,1.57,1.53,1.57,1.56,1.6,1.59,1.6,1.69,1.79,2.1,2.27
20191101,1.58,1.58,1.52,1.55,1.53,1.56,1.55,1.55,1.63,1.73,2.03,2.21
20191031,1.59,1.59,1.54,1.57,1.53,1.52,1.52,1.51,1.6,1.69,2.0,2.17
20191030,1.61,1.6,1.62,1.62,1.59,1.61,1.6,1.61,1.69,1.78,2.08,2.26
20191029,1.66,1.67,1.63,1.64,1.59,1.64,1.65,1.66,1.74,1.84,2.15,2.33
20191028,1.74,1.71,1.65,1.65,1.6,1.64,1.65,1.66,1.75,1.85,2.16,2.34
20191025,1.73,1.72,1.66,1.66,1.6,1.63,1.62,1.62,1.71,1.8,2.1,2.29
20191024,1.75,1.73,1.67,1.65,1.59,1.58,1.58,1.58,1.67,1.77,2.08,2.26
20191023,1.74,1.69,1.65,1.64,1.58,1.58,1.58,1.58,1.67,1.77,2.06,2.25
20191022,1.75,1.69,1.65,1.64,1.59,1.6,1.59,1.6,1.68,1.78,2.07,2.26
20191021,1.76,1.7,1.67,1.65,1.59,1.62,1.59,1.61,1.7,1.8,2.1,2.28
20191018,1.75,1.69,1.66,1.63,1.58,1.58,1.56,1.56,1.66,1.76,2.06,2.25
20191017,1.74,1.7,1.66,1.63,1.59,1.6,1.57,1.57,1.66,1.76,2.05,2.24
20191016,1.71,1.68,1.66,1.64,1.59,1.58,1.57,1.57,1.65,1.75,2.05,2.23
20191015,1.74,1.72,1.67,1.67,1.65,1.61,1.6,1.59,1.68,1.77,2.06,2.23
20191011,1.76,1.74,1.68,1.68,1.67,1.63,1.6,1.59,1.68,1.76,2.04,2.22
20191010,1.74,1.71,1.68,1.68,1.63,1.53,1.49,1.48,1.57,1.67,1.96,2.16
20191009,1.69,1.7,1.69,1.69,1.59,1.47,1.43,1.4,1.5,1.59,1.88,2.08
20191008,1.69,1.72,1.72,1.69,1.62,1.42,1.38,1.36,1.45,1.54,1.84,2.04
20191007,1.76,1.76,1.75,1.73,1.64,1.46,1.41,1.38,1.47,1.56,1.85,2.05
20191004,1.73,1.74,1.71,1.65,1.58,1.4,1.35,1.34,1.43,1.52,1.81,2.01
20191003,1.78,1.75,1.7,1.66,1.58,1.39,1.34,1.34,1.45,1.54,1.85,2.04
20191002,1.75,1.75,1.79,1.75,1.67,1.48,1.43,1.43,1.53,1.6,1.9,2.09
20191001,1.79,1.77,1.82,1.81,1.73,1.56,1.51,1.51,1.59,1.65,1.93,2.11
20190930,1.91,1.87,1.88,1.83,1.75,1.63,1.56,1.55,1.62,1.68,1.94,2.12
20190927,1.9,1.86,1.8,1.85,1.74,1.63,1.58,1.56,1.62,1.69,1.95,2.13
20190926,1.91,1.9,1.83,1.88,1.79,1.66,1.61,1.59,1.65,1.7,1.96,2.15
20190925,1.8,1.86,1.89,1.9,1.82,1.68,1.61,1.6,1.66,1.73,1.99,2.18
20190924,1.9,1.9,1.92,1.91,1.78,1.6,1.53,1.52,1.58,1.64,1.91,2.09
20190923,1.94,1.94,1.94,1.93,1.81,1.68,1.61,1.59,1.65,1.72,1.98,2.16
20190920,1.95,1.94,1.91,1.91,1.84,1.69,1.63,1.61,1.68,1.74,1.99,2.17
20190919,2.01,1.99,1.93,1.92,1.88,1.74,1.68,1.66,1.73,1.79,2.04,2.22
20190918,1.94,1.93,1.95,1.91,1.87,1.77,1.72,1.68,1.76,1.8,2.06,2.25
20190917,2.1,2.06,1.99,1.93,1.87,1.72,1.68,1.66,1.75,1.81,2.08,2.27
20190916,2.08,2.02,1.99,1.93,1.86,1.74,1.71,1.69,1.77,1.84,2.11,2.31
20190913,1.99,1.98,1.96,1.92,1.88,1.79,1.76,1.75,1.83,1.9,2.17,2.37
20190912,1.99,1.97,1.95,1.9,1.82,1.72,1.67,1.65,1.72,1.79,2.06,2.22
20190911,2.01,1.97,1.96,1.88,1.79,1.68,1.62,1.6,1.68,1.75,2.02,2.22
20190910,2.04,1.99,1.95,1.89,1.81,1.67,1.61,1.58,1.66,1.72,2.0,2.19
20190909,2.04,1.99,1.96,1.87,1.74,1.58,1.52,1.49,1.57,1.63,1.91,2.11
20190906,2.05,2.0,1.96,1.88,1.73,1.53,1.46,1.42,1.5,1.55,1.83,2.02
20190905,2.05,2.01,1.97,1.88,1.73,1.55,1.47,1.43,1.51,1.57,1.86,2.06
20190904,2.05,2.02,1.97,1.87,1.69,1.43,1.36,1.32,1.4,1.47,1.77,1.97
20190903,2.06,2.01,1.98,1.88,1.72,1.47,1.38,1.35,1.42,1.47,1.77,1.95
20190830,2.1,2.04,1.99,1.89,1.76,1.5,1.42,1.39,1.45,1.5,1.78,1.96
20190829,2.1,2.03,1.99,1.89,1.75,1.53,1.44,1.4,1.46,1.5,1.78,1.97
20190828,2.07,2.04,1.99,1.89,1.74,1.5,1.42,1.37,1.42,1.47,1.76,1.94
20190827,2.07,2.03,1.98,1.94,1.77,1.53,1.43,1.4,1.44,1.49,1.77,1.97
20190826,2.09,2.03,2.01,1.9,1.75,1.54,1.47,1.43,1.49,1.54,1.84,2.04
20190823,2.07,2.02,1.97,1.87,1.73,1.51,1.43,1.4,1.46,1.52,1.82,2.02
20190822,2.1,2.02,2.0,1.91,1.79,1.61,1.53,1.5,1.56,1.62,1.9,2.11
20190821,2.03,1.98,1.97,1.9,1.77,1.56,1.5,1.47,1.54,1.59,1.87,2.07
20190820,2.05,1.96,1.94,1.89,1.72,1.5,1.44,1.42,1.49,1.55,1.84,2.04
20190819,2.06,1.96,1.94,1.9,1.75,1.53,1.49,1.47,1.54,1.6,1.88,2.08
20190816,2.05,1.95,1.87,1.85,1.71,1.48,1.44,1.42,1.49,1.55,1.82,2.01
20190815,2.08,1.97,1.91,1.86,1.72,1.48,1.44,1.42,1.47,1.52,1.8,1.98
20190814,1.98,1.98,1.96,1.92,1.79,1.58,1.53,1.51,1.55,1.59,1.84,2.03
20190813,2.05,2.04,2.0,1.96,1.86,1.66,1.6,1.57,1.62,1.68,1.94,2.15
20190812,2.09,2.06,2.0,1.94,1.75,1.58,1.51,1.49,1.56,1.65,1.92,2.14
20190809,2.05,2.06,2.0,1.95,1.78,1.63,1.58,1.57,1.65,1.74,2.03,2.26
20190808,2.09,2.07,2.02,1.96,1.79,1.62,1.54,1.54,1.62,1.72,2.02,2.25
20190807,2.02,2.04,2.02,1.95,1.75,1.59,1.51,1.52,1.6,1.71,2.01,2.22
20190806,2.05,2.08,2.05,2.0,1.8,1.6,1.54,1.53,1.62,1.73,2.03,2.25
20190805,2.07,2.08,2.05,1.99,1.78,1.59,1.55,1.55,1.63,1.75,2.07,2.3
20190802,2.11,2.12,2.06,2.02,1.85,1.72,1.67,1.66,1.75,1.86,2.16,2.39
20190801,2.11,2.14,2.07,2.04,1.88,1.73,1.67,1.68,1.77,1.9,2.21,2.44
20190731,2.01,2.07,2.08,2.1,2.0,1.89,1.84,1.84,1.92,2.02,2.31,2.53
20190730,2.07,2.1,2.08,2.07,1.97,1.85,1.82,1.84,1.93,2.06,2.36,2.58
20190729,2.12,2.16,2.12,2.1,1.98,1.85,1.81,1.84,1.93,2.06,2.37,2.59
20190726,2.13,2.15,2.12,2.1,2.0,1.86,1.83,1.85,1.95,2.08,2.38,2.59
20190725,2.16,2.17,2.1,2.08,1.99,1.86,1.83,1.85,1.95,2.08,2.38,2.6
20190724,2.1,2.14,2.1,2.08,1.98,1.83,1.79,1.82,1.93,2.05,2.36,2.58
20190723,2.12,2.15,2.06,2.09,1.97,1.83,1.79,1.83,1.94,2.08,2.38,2.61
20190722,2.13,2.16,2.09,2.08,1.95,1.8,1.77,1.8,1.92,2.05,2.36,2.58
20190719,2.11,2.16,2.06,2.03,1.94,1.8,1.77,1.8,1.91,2.05,2.35,2.57
20190718,2.11,2.12,2.05,2.01,1.9,1.77,1.74,1.78,1.89,2.04,2.34,2.56
20190717,2.13,2.14,2.14,2.04,1.95,1.83,1.8,1.83,1.94,2.06,2.35,2.57
20190716,2.16,2.17,2.15,2.06,2.0,1.87,1.84,1.88,2.0,2.13,2.42,2.63
20190715,2.17,2.19,2.16,2.06,1.95,1.83,1.8,1.84,1.96,2.09,2.39,2.61
20190712,2.16,2.18,2.14,2.07,1.96,1.84,1.81,1.86,1.98,2.12,2.42,2.64
20190711,2.17,2.17,2.17,2.08,1.97,1.85,1.84,1.88,1.99,2.13,2.42,2.65
20190710,2.18,2.18,2.2,2.07,1.93,1.82,1.79,1.82,1.93,2.07,2.36,2.57
20190709,2.22,2.24,2.26,2.15,2.0,1.92,1.88,1.88,1.96,2.07,2.34,2.54
20190708,2.23,2.24,2.26,2.14,1.99,1.88,1.84,1.86,1.94,2.05,2.32,2.53
20190705,2.26,2.22,2.23,2.14,1.98,1.87,1.82,1.84,1.93,2.04,2.34,2.54
20190703,2.25,2.2,2.21,2.08,1.91,1.77,1.71,1.74,1.83,1.96,2.25,2.47
20190702,2.21,2.17,2.2,2.09,1.91,1.77,1.71,1.75,1.85,1.98,2.29,2.51
20190701,2.17,2.16,2.21,2.1,1.94,1.78,1.74,1.79,1.9,2.03,2.34,2.55
20190628,2.18,2.15,2.12,2.09,1.92,1.75,1.71,1.76,1.87,2.0,2.31,2.52
20190627,2.19,2.15,2.14,2.12,1.93,1.74,1.71,1.76,1.88,2.01,2.31,2.52
20190626,2.11,2.12,2.15,2.12,1.96,1.77,1.74,1.8,1.92,2.05,2.35,2.57
20190625,2.11,2.12,2.12,2.1,1.93,1.71,1.67,1.73,1.86,2.0,2.31,2.53
20190624,2.12,2.13,2.13,2.1,1.92,1.72,1.69,1.75,1.88,2.02,2.33,2.55
20190621,2.16,2.16,2.11,2.05,1.95,1.77,1.74,1.8,1.93,2.07,2.37,2.59
20190620,2.17,2.15,2.14,2.04,1.91,1.72,1.69,1.74,1.87,2.01,2.31,2.53
20190619,2.14,2.18,2.18,2.11,1.96,1.74,1.7,1.77,1.89,2.03,2.32,2.54
20190618,2.18,2.2,2.22,2.2,2.04,1.86,1.8,1.83,1.93,2.06,2.34,2.55
20190617,2.22,2.21,2.23,2.2,2.03,1.86,1.8,1.85,1.96,2.09,2.37,2.58
20190614,2.23,2.21,2.2,2.18,2.0,1.84,1.79,1.85,1.96,2.09,2.38,2.59
20190613,2.24,2.23,2.19,2.18,2.0,1.83,1.78,1.84,1.96,2.1,2.39,2.61
20190612,2.19,2.22,2.24,2.2,2.02,1.88,1.83,1.88,2.0,2.13,2.41,2.62
20190611,2.27,2.26,2.27,2.21,2.05,1.93,1.87,1.92,2.03,2.15,2.42,2.62
20190610,2.3,2.31,2.29,2.21,2.03,1.9,1.87,1.91,2.03,2.15,2.42,2.62
20190607,2.3,2.32,2.28,2.15,1.97,1.85,1.82,1.85,1.97,2.09,2.36,2.57
20190606,2.32,2.35,2.33,2.22,2.02,1.88,1.85,1.88,2.01,2.12,2.42,2.62
20190605,2.31,2.35,2.35,2.25,2.04,1.83,1.81,1.86,2.0,2.12,2.42,2.63
20190604,2.34,2.36,2.35,2.29,2.11,1.88,1.84,1.89,2.01,2.12,2.41,2.6
20190603,2.36,2.36,2.35,2.31,2.11,1.82,1.79,1.83,1.95,2.07,2.34,2.53
20190531,2.35,2.38,2.35,2.35,2.21,1.95,1.9,1.93,2.03,2.14,2.39,2.58
20190530,2.37,2.38,2.38,2.4,2.29,2.06,2.0,2.03,2.12,2.22,2.46,2.65
20190529,2.35,2.36,2.37,2.38,2.3,2.09,2.04,2.05,2.16,2.25,2.5,2.69
20190528,2.35,2.36,2.37,2.38,2.31,2.12,2.06,2.06,2.16,2.26,2.52,2.7
20190524,2.37,2.38,2.35,2.39,2.33,2.16,2.1,2.12,2.22,2.32,2.57,2.75
20190523,2.38,2.38,2.37,2.4,2.32,2.12,2.08,2.11,2.2,2.31,2.56,2.75
20190522,2.36,2.37,2.38,2.41,2.37,2.23,2.17,2.19,2.28,2.39,2.64,2.82
20190521,2.37,2.38,2.39,2.42,2.36,2.26,2.2,2.23,2.33,2.43,2.67,2.84
20190520,2.39,2.39,2.39,2.42,2.34,2.21,2.17,2.21,2.3,2.41,2.65,2.83
20190517,2.39,2.4,2.39,2.42,2.33,2.2,2.15,2.17,2.27,2.39,2.63,2.82
20190516,2.4,2.41,2.4,2.43,2.33,2.2,2.15,2.18,2.28,2.4,2.65,2.84
20190515,2.4,2.41,2.42,2.43,2.3,2.16,2.12,2.15,2.25,2.37,2.63,2.82
20190514,2.41,2.42,2.41,2.43,2.32,2.2,2.17,2.2,2.3,2.42,2.67,2.86
20190513,2.41,2.42,2.41,2.42,2.32,2.18,2.15,2.18,2.28,2.4,2.65,2.83
20190510,2.42,2.43,2.43,2.45,2.36,2.26,2.23,2.26,2.37,2.47,2.7,2.89
20190509,2.43,2.43,2.43,2.46,2.36,2.26,2.22,2.25,2.34,2.45,2.69,2.87
20190508,2.42,2.43,2.43,2.45,2.37,2.3,2.26,2.28,2.38,2.49,2.71,2.89
20190507,2.44,2.44,2.43,2.46,2.37,2.28,2.24,2.25,2.35,2.45,2.68,2.86
20190506,2.43,2.44,2.44,2.46,2.39,2.31,2.27,2.3,2.4,2.51,2.73,2.91
20190503,2.42,2.44,2.43,2.46,2.41,2.33,2.3,2.33,2.43,2.54,2.75,2.93
20190502,2.44,2.46,2.47,2.46,2.41,2.35,2.32,2.34,2.44,2.55,2.77,2.94
20190501,2.42,2.41,2.43,2.44,2.39,2.31,2.28,2.31,2.41,2.52,2.74,2.92
20190430,2.43,2.44,2.43,2.46,2.39,2.27,2.24,2.28,2.39,2.51,2.75,2.93
20190429,2.45,2.45,2.44,2.47,2.42,2.3,2.27,2.32,2.42,2.54,2.78,2.96
20190426,2.42,2.43,2.42,2.46,2.41,2.28,2.25,2.29,2.39,2.51,2.74,2.92
20190425,2.43,2.44,2.43,2.46,2.42,2.33,2.29,2.33,2.42,2.54,2.76,2.94
20190424,2.42,2.43,2.44,2.46,2.42,2.32,2.28,2.32,2.41,2.53,2.76,2.94
20190423,2.43,2.44,2.45,2.46,2.43,2.36,2.34,2.36,2.46,2.57,2.81,2.98
20190422,2.44,2.44,2.44,2.47,2.46,2.38,2.36,2.39,2.49,2.59,2.82,2.99
20190418,2.44,2.44,2.42,2.47,2.44,2.38,2.36,2.38,2.46,2.57,2.78,2.96
20190417,2.43,2.44,2.44,2.47,2.44,2.4,2.37,2.4,2.49,2.59,2.81,2.99
20190416,2.43,2.44,2.43,2.47,2.45,2.41,2.38,2.41,2.5,2.6,2.81,2.99
20190415,2.42,2.43,2.43,2.46,2.43,2.4,2.36,2.37,2.46,2.55,2.77,2.96
20190412,2.41,2.43,2.44,2.47,2.44,2.4,2.36,2.38,2.47,2.56,2.78,2.97
20190411,2.42,2.43,2.43,2.46,2.44,2.35,2.3,2.31,2.4,2.51,2.74,2.94
20190410,2.4,2.41,2.43,2.46,2.41,2.31,2.27,2.28,2.37,2.48,2.71,2.9
20190409,2.42,2.43,2.42,2.46,2.42,2.35,2.31,2.31,2.4,2.51,2.73,2.92
20190408,2.43,2.44,2.43,2.48,2.43,2.36,2.31,2.33,2.42,2.52,2.74,2.93
20190405,2.42,2.43,2.44,2.46,2.43,2.35,2.3,2.31,2.4,2.5,2.72,2.91
20190404,2.43,2.43,2.44,2.46,2.41,2.33,2.29,2.32,2.41,2.51,2.74,2.92
20190403,2.42,2.43,2.44,2.45,2.41,2.33,2.29,2.32,2.42,2.52,2.75,2.93
20190402,2.43,2.42,2.42,2.45,2.41,2.3,2.26,2.28,2.38,2.48,2.7,2.88
20190401,2.42,2.43,2.43,2.46,2.41,2.33,2.29,2.31,2.4,2.49,2.71,2.89
20190329,2.43,2.44,2.4,2.44,2.4,2.27,2.21,2.23,2.31,2.41,2.63,2.81
20190328,2.44,2.45,2.43,2.44,2.4,2.23,2.18,2.2,2.29,2.39,2.62,2.81
20190327,2.45,2.43,2.44,2.46,2.4,2.22,2.16,2.18,2.28,2.39,2.63,2.83
20190326,2.46,2.44,2.46,2.49,2.44,2.24,2.18,2.18,2.29,2.41,2.67,2.86
20190325,2.47,2.47,2.46,2.49,2.41,2.26,2.19,2.21,2.32,2.43,2.68,2.87
20190322,2.49,2.48,2.46,2.48,2.45,2.31,2.24,2.24,2.34,2.44,2.69,2.88
20190321,2.51,2.47,2.49,2.5,2.48,2.41,2.34,2.34,2.44,2.54,2.78,2.96
20190320,2.45,2.45,2.48,2.49,2.47,2.4,2.34,2.34,2.44,2.54,2.79,2.98
20190319,2.46,2.47,2.46,2.52,2.5,2.46,2.42,2.42,2.51,2.61,2.84,3.02
20190318,2.47,2.46,2.44,2.51,2.52,2.45,2.41,2.42,2.51,2.6,2.83,3.01
20190315,2.46,2.46,2.45,2.52,2.52,2.43,2.39,2.4,2.49,2.59,2.83,3.02
20190314,2.48,2.46,2.45,2.52,2.52,2.46,2.42,2.43,2.53,2.63,2.86,3.04
20190313,2.43,2.44,2.45,2.53,2.53,2.45,2.41,2.42,2.51,2.61,2.82,3.02
20190312,2.44,2.46,2.46,2.53,2.52,2.45,2.41,2.41,2.5,2.61,2.82,3.0
20190311,2.44,2.45,2.46,2.54,2.53,2.47,2.45,2.44,2.53,2.64,2.86,3.03
20190308,2.45,2.46,2.46,2.52,2.53,2.45,2.43,2.42,2.51,2.62,2.83,3.0
20190307,2.45,2.46,2.45,2.52,2.52,2.47,2.44,2.44,2.54,2.64,2.86,3.03
20190306,2.43,2.44,2.47,2.53,2.54,2.52,2.49,2.49,2.59,2.69,2.9,3.06
20190305,2.44,2.45,2.46,2.53,2.54,2.55,2.52,2.53,2.63,2.72,2.93,3.08
20190304,2.45,2.46,2.46,2.54,2.54,2.55,2.52,2.53,2.63,2.72,2.93,3.09
20190301,2.44,2.46,2.44,2.52,2.55,2.55,2.54,2.56,2.67,2.76,2.97,3.13
20190228,2.44,2.47,2.45,2.5,2.54,2.52,2.5,2.52,2.63,2.73,2.94,3.09
20190227,2.43,2.44,2.45,2.52,2.54,2.5,2.48,2.49,2.59,2.69,2.91,3.07
20190226,2.43,2.44,2.45,2.51,2.55,2.48,2.44,2.45,2.54,2.64,2.84,3.01
20190225,2.44,2.46,2.47,2.51,2.56,2.51,2.48,2.48,2.57,2.67,2.87,3.03
20190222,2.43,2.45,2.46,2.51,2.55,2.48,2.46,2.47,2.55,2.65,2.86,3.02
20190221,2.43,2.44,2.45,2.51,2.55,2.53,2.49,2.51,2.59,2.69,2.89,3.05
20190220,2.41,2.42,2.45,2.51,2.54,2.5,2.47,2.47,2.55,2.65,2.84,3.0
20190219,2.44,2.42,2.45,2.52,2.54,2.5,2.47,2.47,2.55,2.65,2.84,2.99
20190215,2.43,2.43,2.43,2.5,2.55,2.52,2.5,2.49,2.57,2.66,2.84,3.0
20190214,2.45,2.43,2.43,2.51,2.53,2.5,2.48,2.48,2.56,2.66,2.85,3.01
20190213,2.42,2.42,2.44,2.51,2.55,2.53,2.52,2.53,2.61,2.71,2.89,3.04
20190212,2.42,2.43,2.43,2.5,2.55,2.5,2.48,2.49,2.58,2.68,2.87,3.02
20190211,2.44,2.44,2.45,2.51,2.55,2.48,2.47,2.47,2.56,2.65,2.85,3.0
20190208,2.43,2.43,2.43,2.49,2.54,2.45,2.43,2.44,2.53,2.63,2.82,2.97
20190207,2.43,2.43,2.42,2.49,2.55,2.48,2.46,2.46,2.54,2.65,2.85,3.0
20190206,2.4,2.41,2.42,2.5,2.56,2.52,2.5,2.5,2.59,2.7,2.88,3.03
20190205,2.39,2.4,2.42,2.5,2.56,2.53,2.5,2.51,2.6,2.71,2.89,3.03
20190204,2.41,2.41,2.42,2.49,2.57,2.53,2.52,2.53,2.62,2.73,2.92,3.06
20190201,2.41,2.42,2.4,2.46,2.56,2.52,2.5,2.51,2.59,2.7,2.88,3.03
20190131,2.42,2.43,2.41,2.46,2.55,2.45,2.43,2.43,2.51,2.63,2.83,2.99
20190130,2.4,2.39,2.42,2.5,2.57,2.52,2.49,2.49,2.58,2.7,2.9,3.06
20190129,2.39,2.41,2.42,2.51,2.6,2.56,2.54,2.55,2.61,2.72,2.9,3.04
20190128,2.39,2.41,2.42,2.51,2.6,2.6,2.58,2.58,2.65,2.75,2.92,3.06
20190125,2.36,2.41,2.39,2.51,2.6,2.6,2.58,2.59,2.66,2.76,2.92,3.06
20190124,2.38,2.41,2.37,2.5,2.58,2.56,2.54,2.55,2.62,2.72,2.89,3.04
20190123,2.37,2.38,2.41,2.51,2.59,2.58,2.57,2.59,2.66,2.76,2.93,3.07
20190122,2.38,2.4,2.43,2.51,2.59,2.58,2.55,2.57,2.65,2.74,2.91,3.06
20190118,2.4,2.4,2.41,2.5,2.6,2.62,2.6,2.62,2.7,2.79,2.95,3.09
20190117,2.41,2.41,2.42,2.5,2.57,2.56,2.55,2.58,2.66,2.75,2.93,3.07
20190116,2.41,2.4,2.43,2.49,2.57,2.55,2.53,2.54,2.62,2.73,2.92,3.07
20190115,2.41,2.43,2.45,2.52,2.57,2.53,2.51,2.53,2.61,2.72,2.92,3.08
20190114,2.42,2.43,2.45,2.52,2.57,2.53,2.51,2.53,2.6,2.71,2.91,3.06
20190111,2.41,2.43,2.43,2.5,2.58,2.55,2.51,2.52,2.6,2.71,2.9,3.04
20190110,2.42,2.42,2.43,2.51,2.59,2.56,2.54,2.56,2.63,2.74,2.92,3.06
20190109,2.4,2.42,2.45,2.52,2.59,2.56,2.54,2.57,2.64,2.74,2.9,3.03
20190108,2.4,2.42,2.46,2.54,2.6,2.58,2.57,2.58,2.63,2.73,2.88,3.0
20190107,2.42,2.42,2.45,2.54,2.58,2.53,2.51,2.53,2.6,2.7,2.86,2.99
20190104,2.4,2.42,2.42,2.51,2.57,2.5,2.47,2.49,2.56,2.67,2.83,2.98
20190103,2.42,2.42,2.41,2.47,2.5,2.39,2.35,2.37,2.44,2.56,2.75,2.92
20190102,2.4,2.4,2.42,2.51,2.6,2.5,2.47,2.49,2.56,2.66,2.83,2.97
20201231,0.08,0.08,0.09,0.09,0.1,0.13,0.17,0.36,0.65,0.93,1.45,1.65
20201230,0.06,0.06,0.08,0.09,0.12,0.12,0.17,0.37,0.66,0.93,1.46,1.66
20201229,0.08,0.09,0.1,0.12,0.11,0.12,0.17,0.37,0.66,0.94,1.47,1.67
20201228,0.09,0.1,0.11,0.11,0.11,0.13,0.17,0.38,0.65,0.94,1.46,1.67
20201224,0.09,0.09,0.09,0.09,0.1,0.13,0.17,0.37,0.66,0.94,1.46,1.66
20201223,0.07,0.08,0.09,0.09,0.09,0.13,0.18,0.38,0.67,0.96,1.49,1.7
20201222,0.07,0.09,0.09,0.09,0.09,0.13,0.17,0.37,0.64,0.93,1.45,1.65
20201221,0.08,0.09,0.09,0.09,0.09,0.13,0.18,0.39,0.66,0.95,1.48,1.68
20201218,0.08,0.08,0.08,0.09,0.09,0.13,0.19,0.39,0.67,0.95,1.49,1.7
20201217,0.08,0.09,0.08,0.09,0.09,0.13,0.19,0.38,0.66,0.94,1.47,1.68
20201216,0.08,0.08,0.09,0.09,0.09,0.13,0.18,0.37,0.64,0.92,1.46,1.66
20201215,0.07,0.08,0.08,0.08,0.09,0.11,0.18,0.37,0.64,0.92,1.45,1.65
20201214,0.07,0.08,0.09,0.08,0.1,0.13,0.17,0.37,0.63,0.9,1.43,1.63
20201211,0.08,0.08,0.08,0.08,0.1,0.11,0.18,0.37,0.63,0.9,1.42,1.63
20201210,0.07,0.08,0.08,0.09,0.1,0.14,0.2,0.39,0.65,0.92,1.44,1.65
20201209,0.07,0.07,0.08,0.09,0.1,0.16,0.21,0.41,0.68,0.95,1.48,1.69
20201208,0.08,0.08,0.09,0.09,0.1,0.14,0.2,0.39,0.65,0.92,1.46,1.67
20201207,0.09,0.08,0.08,0.1,0.1,0.14,0.2,0.4,0.67,0.94,1.49,1.69
20201204,0.07,0.07,0.09,0.1,0.11,0.16,0.21,0.42,0.7,0.97,1.53,1.73
20201203,0.08,0.08,0.08,0.09,0.1,0.16,0.21,0.4,0.67,0.92,1.46,1.67
20201202,0.07,0.08,0.09,0.1,0.11,0.16,0.22,0.42,0.69,0.95,1.5,1.7
20201201,0.07,0.07,0.09,0.1,0.12,0.17,0.22,0.42,0.68,0.92,1.46,1.66
20201130,0.08,0.08,0.08,0.09,0.11,0.16,0.19,0.36,0.62,0.84,1.37,1.58
20201127,0.09,0.09,0.09,0.1,0.11,0.16,0.2,0.37,0.61,0.84,1.36,1.57
20201125,0.07,0.07,0.09,0.09,0.11,0.17,0.21,0.39,0.65,0.88,1.41,1.62
20201124,0.08,0.08,0.09,0.1,0.11,0.16,0.22,0.39,0.65,0.88,1.4,1.6
20201123,0.08,0.08,0.08,0.08,0.1,0.16,0.22,0.39,0.64,0.86,1.36,1.56
20201120,0.09,0.09,0.07,0.1,0.11,0.16,0.21,0.38,0.62,0.83,1.33,1.53
20201119,0.08,0.08,0.07,0.1,0.11,0.18,0.22,0.39,0.63,0.86,1.38,1.58
20201118,0.07,0.09,0.09,0.1,0.11,0.16,0.22,0.4,0.64,0.88,1.42,1.62
20201117,0.08,0.08,0.09,0.1,0.12,0.18,0.22,0.39,0.63,0.87,1.4,1.62
20201116,0.09,0.1,0.09,0.12,0.12,0.19,0.24,0.41,0.66,0.91,1.44,1.66
20201113,0.1,0.09,0.09,0.1,0.12,0.17,0.23,0.41,0.65,0.89,1.43,1.65
20201112,0.1,0.11,0.1,0.1,0.13,0.17,0.23,0.4,0.64,0.88,1.42,1.64
20201110,0.09,0.09,0.1,0.11,0.12,0.19,0.26,0.46,0.72,0.98,1.53,1.75
20201109,0.1,0.1,0.11,0.11,0.12,0.17,0.25,0.44,0.7,0.96,1.51,1.73
20201106,0.1,0.1,0.1,0.11,0.12,0.16,0.21,0.36,0.59,0.83,1.37,1.6
20201105,0.09,0.1,0.1,0.1,0.12,0.14,0.18,0.33,0.56,0.79,1.32,1.54
20201104,0.08,0.09,0.1,0.1,0.12,0.14,0.18,0.33,0.55,0.78,1.33,1.55
20201103,0.09,0.1,0.1,0.12,0.14,0.17,0.21,0.39,0.65,0.9,1.44,1.66
20201102,0.09,0.09,0.09,0.11,0.13,0.16,0.2,0.38,0.63,0.87,1.41,1.63
20201030,0.08,0.09,0.09,0.11,0.13,0.14,0.19,0.38,0.64,0.88,1.43,1.65
20201029,0.08,0.1,0.09,0.1,0.12,0.16,0.2,0.38,0.61,0.85,1.39,1.62
20201028,0.07,0.09,0.1,0.11,0.12,0.16,0.19,0.34,0.56,0.79,1.34,1.56
20201027,0.08,0.09,0.1,0.11,0.12,0.16,0.19,0.34,0.56,0.79,1.34,1.57
20201026,0.08,0.09,0.11,0.12,0.12,0.16,0.18,0.35,0.58,0.81,1.37,1.59
20201023,0.08,0.09,0.1,0.11,0.12,0.18,0.21,0.37,0.61,0.85,1.41,1.64
20201022,0.09,0.09,0.09,0.11,0.13,0.16,0.21,0.38,0.62,0.87,1.43,1.67
20201021,0.08,0.09,0.1,0.12,0.13,0.14,0.2,0.36,0.58,0.83,1.4,1.62
20201020,0.08,0.09,0.1,0.12,0.13,0.14,0.19,0.34,0.57,0.81,1.37,1.6
20201019,0.09,0.1,0.11,0.11,0.13,0.16,0.19,0.34,0.54,0.78,1.32,1.55
20201016,0.09,0.1,0.11,0.12,0.12,0.14,0.18,0.32,0.53,0.76,1.3,1.52
20201015,0.1,0.1,0.11,0.12,0.12,0.14,0.18,0.32,0.52,0.74,1.29,1.52
20201014,0.1,0.1,0.12,0.12,0.13,0.14,0.18,0.3,0.51,0.73,1.28,1.5
20201013,0.09,0.09,0.11,0.12,0.13,0.16,0.18,0.31,0.52,0.74,1.29,1.52
20201009,0.1,0.11,0.1,0.12,0.15,0.16,0.2,0.34,0.55,0.79,1.34,1.58
20201008,0.09,0.09,0.09,0.12,0.13,0.13,0.18,0.33,0.54,0.78,1.34,1.57
20201007,0.08,0.09,0.1,0.12,0.13,0.16,0.21,0.35,0.56,0.81,1.37,1.6
20201006,0.08,0.09,0.1,0.11,0.14,0.14,0.17,0.32,0.53,0.76,1.33,1.56
20201005,0.09,0.1,0.1,0.11,0.12,0.14,0.19,0.33,0.55,0.78,1.34,1.57
20201002,0.1,0.09,0.09,0.11,0.12,0.13,0.16,0.28,0.48,0.7,1.25,1.48
20201001,0.09,0.09,0.09,0.1,0.12,0.14,0.16,0.27,0.46,0.68,1.23,1.45
20200930,0.08,0.08,0.1,0.11,0.12,0.13,0.16,0.28,0.47,0.69,1.23,1.46
20200929,0.07,0.08,0.09,0.11,0.12,0.11,0.13,0.24,0.44,0.66,1.19,1.41
20200928,0.09,0.1,0.11,0.11,0.12,0.14,0.16,0.26,0.46,0.67,1.2,1.42
20200925,0.08,0.09,0.1,0.11,0.12,0.12,0.15,0.26,0.45,0.66,1.19,1.4
20200924,0.08,0.09,0.1,0.11,0.12,0.14,0.16,0.27,0.46,0.67,1.19,1.4
20200923,0.08,0.09,0.11,0.11,0.13,0.14,0.15,0.28,0.46,0.68,1.21,1.42
20200922,0.08,0.09,0.1,0.11,0.12,0.13,0.15,0.27,0.46,0.68,1.21,1.42
20200921,0.09,0.1,0.1,0.11,0.12,0.14,0.16,0.27,0.46,0.68,1.22,1.43
20200918,0.09,0.1,0.1,0.12,0.13,0.14,0.16,0.29,0.48,0.7,1.24,1.45
20200917,0.09,0.09,0.09,0.11,0.12,0.13,0.16,0.28,0.47,0.69,1.22,1.43
20200916,0.08,0.11,0.12,0.12,0.12,0.14,0.16,0.28,0.47,0.69,1.23,1.45
20200915,0.09,0.1,0.11,0.12,0.13,0.14,0.16,0.27,0.46,0.68,1.21,1.43
20200914,0.1,0.11,0.11,0.13,0.14,0.14,0.16,0.27,0.46,0.68,1.21,1.42
20200911,0.1,0.11,0.11,0.12,0.13,0.13,0.16,0.26,0.45,0.67,1.21,1.42
20200910,0.1,0.11,0.12,0.12,0.15,0.14,0.17,0.26,0.46,0.68,1.22,1.43
20200909,0.1,0.11,0.12,0.14,0.14,0.14,0.17,0.28,0.48,0.71,1.25,1.45
20200908,0.1,0.1,0.13,0.14,0.15,0.14,0.17,0.28,0.47,0.69,1.22,1.43
20200904,0.09,0.1,0.11,0.12,0.13,0.14,0.18,0.3,0.5,0.72,1.25,1.46
20200903,0.1,0.11,0.11,0.12,0.12,0.13,0.15,0.24,0.43,0.63,1.13,1.34
20200902,0.1,0.1,0.12,0.12,0.13,0.14,0.16,0.26,0.45,0.66,1.16,1.38
20200901,0.09,0.11,0.12,0.13,0.12,0.13,0.14,0.26,0.46,0.68,1.2,1.43
20200831,0.08,0.1,0.11,0.13,0.12,0.14,0.15,0.28,0.5,0.72,1.26,1.49
20200828,0.09,0.09,0.1,0.11,0.12,0.14,0.16,0.28,0.51,0.74,1.29,1.52
20200827,0.09,0.1,0.11,0.11,0.13,0.16,0.19,0.31,0.53,0.74,1.28,1.5
20200826,0.08,0.1,0.11,0.12,0.12,0.16,0.18,0.28,0.5,0.69,1.2,1.41
20200825,0.08,0.1,0.11,0.12,0.13,0.15,0.18,0.3,0.49,0.69,1.18,1.39
20200824,0.09,0.1,0.12,0.12,0.14,0.14,0.18,0.28,0.47,0.65,1.14,1.35
20200821,0.07,0.09,0.1,0.12,0.13,0.16,0.16,0.27,0.46,0.64,1.13,1.35
20200819,0.07,0.09,0.11,0.12,0.13,0.14,0.17,0.29,0.48,0.68,1.2,1.42
20200818,0.08,0.09,0.09,0.13,0.13,0.14,0.17,0.27,0.47,0.67,1.16,1.4
20200817,0.09,0.1,0.1,0.12,0.13,0.14,0.18,0.29,0.49,0.69,1.19,1.43
20200814,0.09,0.1,0.1,0.12,0.13,0.14,0.18,0.29,0.51,0.71,1.21,1.45
20200813,0.08,0.1,0.1,0.12,0.14,0.16,0.19,0.32,0.52,0.71,1.2,1.42
20200812,0.08,0.1,0.11,0.12,0.13,0.16,0.19,0.3,0.5,0.69,1.15,1.37
20200811,0.08,0.1,0.11,0.12,0.15,0.16,0.18,0.27,0.46,0.64,1.1,1.32
20200810,0.09,0.11,0.11,0.13,0.13,0.14,0.15,0.24,0.42,0.59,1.04,1.25
20200807,0.08,0.09,0.1,0.12,0.14,0.13,0.14,0.23,0.41,0.57,1.01,1.23
20200806,0.07,0.11,0.1,0.11,0.14,0.11,0.13,0.21,0.39,0.55,0.98,1.2
20200805,0.08,0.09,0.1,0.12,0.12,0.11,0.13,0.22,0.39,0.55,1.0,1.22
20200804,0.09,0.09,0.09,0.11,0.14,0.11,0.1,0.19,0.36,0.52,0.96,1.19
20200803,0.09,0.09,0.1,0.11,0.12,0.11,0.13,0.22,0.4,0.56,1.01,1.23
20200731,0.09,0.09,0.09,0.1,0.11,0.11,0.11,0.21,0.39,0.55,0.98,1.2
20200730,0.1,0.1,0.09,0.11,0.11,0.11,0.14,0.23,0.4,0.55,0.98,1.2
20200729,0.09,0.1,0.11,0.12,0.13,0.12,0.15,0.25,0.43,0.58,1.03,1.24
20200728,0.09,0.11,0.11,0.12,0.14,0.14,0.16,0.26,0.44,0.59,1.01,1.22
20200727,0.1,0.1,0.11,0.14,0.14,0.15,0.18,0.3,0.46,0.62,1.05,1.25
20200724,0.1,0.11,0.11,0.14,0.16,0.14,0.17,0.27,0.44,0.59,1.03,1.23
20200723,0.09,0.11,0.12,0.13,0.14,0.16,0.16,0.27,0.44,0.59,1.03,1.24
20200722,0.09,0.12,0.13,0.14,0.14,0.14,0.17,0.27,0.45,0.6,1.08,1.29
20200721,0.09,0.11,0.13,0.13,0.15,0.14,0.17,0.27,0.45,0.61,1.09,1.31
20200720,0.11,0.12,0.13,0.14,0.14,0.16,0.18,0.29,0.47,0.62,1.1,1.32
20200717,0.11,0.11,0.11,0.13,0.14,0.14,0.18,0.29,0.47,0.64,1.11,1.33
20200716,0.12,0.11,0.11,0.13,0.14,0.16,0.17,0.28,0.46,0.62,1.09,1.31
20200715,0.12,0.13,0.16,0.15,0.15,0.16,0.18,0.28,0.47,0.64,1.11,1.33
20200714,0.11,0.14,0.15,0.14,0.17,0.14,0.19,0.28,0.47,0.63,1.09,1.3
20200713,0.11,0.12,0.14,0.15,0.16,0.16,0.19,0.3,0.48,0.64,1.11,1.33
20200710,0.1,0.12,0.13,0.15,0.15,0.16,0.19,0.3,0.49,0.65,1.12,1.33
20200709,0.11,0.12,0.13,0.16,0.15,0.16,0.18,0.28,0.46,0.62,1.09,1.32
20200708,0.11,0.13,0.15,0.17,0.15,0.16,0.19,0.3,0.49,0.67,1.16,1.39
20200707,0.12,0.14,0.15,0.17,0.15,0.16,0.19,0.29,0.48,0.65,1.15,1.38
20200706,0.12,0.14,0.15,0.16,0.16,0.16,0.19,0.31,0.51,0.69,1.21,1.45
20200702,0.13,0.14,0.14,0.16,0.16,0.16,0.19,0.29,0.5,0.68,1.2,1.43
20200701,0.12,0.12,0.14,0.17,0.16,0.17,0.19,0.31,0.52,0.69,1.2,1.43
20200630,0.13,0.14,0.16,0.18,0.16,0.16,0.18,0.29,0.49,0.66,1.18,1.41
20200629,0.11,0.14,0.14,0.18,0.16,0.16,0.18,0.28,0.47,0.64,1.16,1.39
20200626,0.12,0.15,0.14,0.17,0.17,0.17,0.19,0.3,0.49,0.64,1.15,1.37
20200625,0.13,0.14,0.16,0.17,0.17,0.17,0.21,0.32,0.53,0.68,1.2,1.43
20200624,0.11,0.14,0.15,0.17,0.17,0.19,0.21,0.33,0.52,0.69,1.21,1.44
20200623,0.12,0.14,0.16,0.17,0.18,0.18,0.22,0.33,0.54,0.72,1.25,1.49
20200622,0.14,0.15,0.16,0.18,0.17,0.19,0.22,0.34,0.54,0.71,1.23,1.46
20200619,0.13,0.14,0.15,0.17,0.18,0.19,0.22,0.33,0.53,0.7,1.23,1.47
20200618,0.13,0.14,0.16,0.17,0.19,0.19,0.22,0.34,0.54,0.71,1.24,1.47
20200617,0.13,0.15,0.17,0.18,0.19,0.19,0.23,0.34,0.55,0.74,1.3,1.52
20200616,0.14,0.15,0.17,0.19,0.18,0.21,0.23,0.34,0.56,0.75,1.31,1.54
20200615,0.15,0.16,0.18,0.19,0.17,0.19,0.22,0.33,0.54,0.71,1.24,1.45
20200612,0.14,0.15,0.16,0.18,0.18,0.19,0.22,0.33,0.54,0.71,1.24,1.45
20200611,0.14,0.16,0.17,0.18,0.19,0.19,0.22,0.32,0.51,0.66,1.19,1.41
20200610,0.13,0.16,0.17,0.19,0.18,0.17,0.22,0.33,0.56,0.75,1.31,1.53
20200609,0.14,0.17,0.19,0.19,0.19,0.2,0.25,0.4,0.65,0.84,1.37,1.59
20200608,0.15,0.15,0.17,0.19,0.19,0.22,0.29,0.45,0.69,0.88,1.43,1.65
20200605,0.13,0.14,0.15,0.18,0.18,0.22,0.29,0.47,0.71,0.91,1.46,1.68
20200604,0.13,0.15,0.15,0.18,0.17,0.19,0.26,0.4,0.63,0.82,1.38,1.61
20200603,0.12,0.14,0.16,0.19,0.17,0.19,0.26,0.38,0.59,0.77,1.32,1.56
20200602,0.12,0.13,0.15,0.18,0.17,0.17,0.2,0.32,0.52,0.68,1.24,1.48
20200601,0.12,0.14,0.14,0.18,0.17,0.14,0.2,0.31,0.5,0.66,1.22,1.46
20200529,0.13,0.14,0.14,0.18,0.17,0.16,0.19,0.3,0.5,0.65,1.18,1.41
20200528,0.14,0.15,0.15,0.18,0.17,0.17,0.22,0.34,0.54,0.7,1.23,1.47
20200527,0.11,0.14,0.15,0.17,0.18,0.19,0.22,0.34,0.52,0.68,1.19,1.44
20200526,0.1,0.12,0.14,0.17,0.17,0.18,0.22,0.35,0.53,0.69,1.19,1.43
20200522,0.09,0.11,0.12,0.16,0.17,0.17,0.21,0.34,0.51,0.66,1.12,1.37
20200521,0.09,0.11,0.12,0.14,0.16,0.17,0.21,0.35,0.53,0.68,1.16,1.4
20200520,0.08,0.11,0.12,0.14,0.16,0.16,0.21,0.34,0.53,0.68,1.19,1.4
20200519,0.09,0.11,0.13,0.15,0.16,0.17,0.22,0.35,0.54,0.7,1.15,1.43
20200518,0.1,0.11,0.13,0.15,0.17,0.18,0.24,0.38,0.57,0.73,1.17,1.44
20200515,0.09,0.09,0.12,0.15,0.15,0.16,0.19,0.31,0.49,0.64,1.05,1.32
20200514,0.09,0.1,0.12,0.15,0.15,0.16,0.2,0.31,0.48,0.63,1.03,1.3
20200513,0.1,0.1,0.13,0.15,0.15,0.16,0.2,0.31,0.5,0.64,1.07,1.35
20200512,0.1,0.11,0.13,0.16,0.16,0.17,0.22,0.34,0.53,0.69,1.11,1.38
20200511,0.09,0.11,0.12,0.16,0.16,0.17,0.24,0.36,0.56,0.73,1.16,1.43
20200508,0.1,0.11,0.12,0.15,0.15,0.16,0.21,0.33,0.53,0.69,1.12,1.39
20200507,0.1,0.11,0.11,0.14,0.15,0.13,0.19,0.29,0.49,0.63,1.05,1.31
20200506,0.08,0.1,0.12,0.16,0.16,0.17,0.24,0.37,0.57,0.72,1.16,1.41
20200505,0.09,0.11,0.13,0.15,0.16,0.19,0.24,0.36,0.53,0.66,1.07,1.32
20200504,0.1,0.1,0.13,0.14,0.16,0.19,0.24,0.36,0.52,0.64,1.05,1.29
20200501,0.1,0.11,0.12,0.12,0.17,0.2,0.25,0.36,0.53,0.64,1.04,1.27
20200430,0.1,0.1,0.09,0.11,0.16,0.2,0.24,0.36,0.53,0.64,1.05,1.28
20200429,0.1,0.09,0.1,0.12,0.18,0.2,0.24,0.36,0.52,0.63,1.02,1.24
20200428,0.08,0.09,0.11,0.13,0.16,0.2,0.26,0.37,0.52,0.62,1.0,1.2
20200427,0.09,0.13,0.12,0.15,0.17,0.24,0.29,0.41,0.56,0.67,1.06,1.25
20200424,0.1,0.11,0.12,0.14,0.18,0.22,0.26,0.36,0.51,0.6,0.98,1.17
20200423,0.09,0.12,0.11,0.14,0.17,0.22,0.26,0.37,0.51,0.61,0.99,1.18
20200422,0.09,0.09,0.12,0.14,0.16,0.22,0.26,0.37,0.52,0.63,1.03,1.22
20200421,0.08,0.08,0.11,0.14,0.17,0.2,0.24,0.34,0.48,0.58,0.98,1.17
20200420,0.1,0.1,0.12,0.15,0.15,0.2,0.26,0.35,0.51,0.63,1.04,1.23
20200417,0.12,0.12,0.12,0.16,0.16,0.2,0.26,0.36,0.53,0.65,1.08,1.27
20200416,0.14,0.15,0.14,0.18,0.17,0.2,0.25,0.35,0.5,0.61,1.01,1.21
20200415,0.14,0.15,0.14,0.19,0.19,0.2,0.24,0.34,0.49,0.63,1.06,1.27
20200414,0.17,0.19,0.2,0.24,0.25,0.23,0.29,0.42,0.61,0.76,1.19,1.41
20200413,0.17,0.29,0.26,0.27,0.27,0.25,0.31,0.44,0.63,0.76,1.19,1.39
20200409,0.2,0.27,0.25,0.24,0.25,0.23,0.29,0.41,0.6,0.73,1.15,1.35
20200408,0.14,0.17,0.22,0.24,0.23,0.27,0.34,0.47,0.65,0.77,1.18,1.37
20200407,0.1,0.13,0.14,0.2,0.2,0.28,0.36,0.48,0.64,0.75,1.13,1.32
20200406,0.09,0.13,0.15,0.17,0.2,0.27,0.35,0.44,0.58,0.67,1.08,1.27
20200403,0.09,0.11,0.1,0.15,0.15,0.23,0.3,0.39,0.52,0.62,1.05,1.24
20200402,0.09,0.1,0.09,0.15,0.14,0.23,0.29,0.39,0.53,0.63,1.04,1.26
20200401,0.03,0.07,0.09,0.14,0.16,0.23,0.28,0.37,0.51,0.62,1.04,1.27
20200331,0.05,0.12,0.11,0.15,0.17,0.23,0.29,0.37,0.55,0.7,1.15,1.35
20200330,0.04,0.07,0.12,0.12,0.14,0.23,0.29,0.39,0.57,0.7,1.1,1.31
20200327,0.01,0.03,0.03,0.02,0.11,0.25,0.3,0.41,0.6,0.72,1.09,1.29
20200326,0.01,0.01,0.0,0.04,0.13,0.3,0.36,0.51,0.72,0.83,1.2,1.42
20200325,0.0,0.0,0.0,0.07,0.19,0.34,0.41,0.56,0.77,0.88,1.23,1.45
20200324,0.01,0.01,0.01,0.09,0.25,0.38,0.44,0.52,0.75,0.84,1.19,1.39
20200323,0.01,0.04,0.02,0.08,0.17,0.28,0.31,0.38,0.63,0.76,1.12,1.33
20200320,0.04,0.05,0.05,0.05,0.15,0.37,0.41,0.52,0.82,0.92,1.35,1.55
20200319,0.04,0.04,0.04,0.06,0.2,0.44,0.53,0.66,1.0,1.12,1.56,1.78
20200318,0.04,0.03,0.02,0.08,0.21,0.54,0.66,0.79,1.08,1.18,1.6,1.77
20200317,0.12,0.18,0.19,0.24,0.3,0.47,0.54,0.66,0.91,1.02,1.45,1.63
20200316,0.25,0.25,0.24,0.29,0.29,0.36,0.43,0.49,0.67,0.73,1.1,1.34
20200313,0.33,0.3,0.28,0.38,0.38,0.49,0.58,0.7,0.89,0.94,1.31,1.56
20200312,0.41,0.33,0.33,0.37,0.39,0.5,0.58,0.66,0.82,0.88,1.27,1.49
20200311,0.42,0.42,0.42,0.4,0.4,0.5,0.58,0.66,0.78,0.82,1.13,1.3
20200310,0.57,0.55,0.44,0.43,0.43,0.5,0.58,0.63,0.73,0.76,1.16,1.28
20200309,0.57,0.52,0.33,0.27,0.31,0.38,0.4,0.46,0.56,0.54,0.87,0.99
20200306,0.79,0.64,0.45,0.41,0.39,0.49,0.53,0.58,0.69,0.74,1.09,1.25
20200305,0.92,0.83,0.62,0.53,0.48,0.59,0.61,0.67,0.81,0.92,1.34,1.56
20200304,1.0,0.87,0.72,0.68,0.59,0.67,0.68,0.75,0.9,1.02,1.45,1.67
20200303,1.11,1.05,0.95,0.83,0.73,0.71,0.72,0.77,0.91,1.02,1.44,1.64
20200302,1.41,1.27,1.13,0.95,0.89,0.84,0.85,0.88,1.01,1.1,1.46,1.66
20200228,1.45,1.37,1.27,1.11,0.97,0.86,0.85,0.89,1.03,1.13,1.46,1.65
20200227,1.56,1.53,1.45,1.33,1.18,1.11,1.08,1.11,1.22,1.3,1.61,1.79
20200226,1.59,1.56,1.53,1.42,1.26,1.16,1.14,1.14,1.25,1.33,1.64,1.81
20200225,1.59,1.58,1.53,1.47,1.3,1.2,1.16,1.16,1.25,1.33,1.63,1.8
20200224,1.6,1.59,1.53,1.49,1.35,1.26,1.21,1.21,1.3,1.38,1.68,1.84
20200221,1.6,1.6,1.56,1.53,1.43,1.34,1.3,1.3,1.39,1.46,1.75,1.9
20200220,1.61,1.6,1.58,1.55,1.46,1.39,1.35,1.37,1.45,1.52,1.81,1.97
20200219,1.61,1.61,1.58,1.56,1.47,1.42,1.39,1.41,1.5,1.56,1.86,2.01
20200218,1.61,1.6,1.58,1.56,1.47,1.41,1.37,1.39,1.48,1.55,1.85,2.0
20200214,1.6,1.6,1.58,1.56,1.49,1.42,1.4,1.42,1.51,1.59,1.89,2.04
20200213,1.59,1.59,1.59,1.56,1.48,1.44,1.42,1.43,1.53,1.61,1.91,2.07
20200212,1.57,1.59,1.58,1.56,1.49,1.44,1.42,1.45,1.55,1.62,1.93,2.09
20200211,1.57,1.58,1.57,1.55,1.48,1.41,1.39,1.4,1.5,1.59,1.89,2.05
20200210,1.58,1.58,1.58,1.58,1.45,1.37,1.36,1.38,1.47,1.56,1.87,2.03
20200207,1.57,1.58,1.56,1.57,1.49,1.41,1.39,1.41,1.51,1.59,1.89,2.05
20200206,1.59,1.59,1.57,1.58,1.51,1.44,1.43,1.45,1.56,1.65,1.94,2.11
20200205,1.55,1.56,1.57,1.57,1.49,1.44,1.43,1.46,1.57,1.66,1.97,2.14
20200204,1.55,1.57,1.57,1.57,1.48,1.41,1.4,1.42,1.52,1.61,1.91,2.08
20200203,1.56,1.57,1.57,1.56,1.46,1.36,1.34,1.35,1.45,1.54,1.84,2.01
20200131,1.56,1.57,1.55,1.54,1.45,1.33,1.3,1.32,1.42,1.51,1.83,1.99
20200130,1.59,1.58,1.57,1.57,1.48,1.41,1.37,1.39,1.49,1.57,1.88,2.04
20200129,1.52,1.55,1.56,1.57,1.51,1.42,1.39,1.41,1.51,1.6,1.89,2.05
20200128,1.53,1.57,1.57,1.58,1.53,1.45,1.45,1.47,1.56,1.65,1.95,2.1
20200127,1.53,1.55,1.55,1.57,1.53,1.44,1.41,1.44,1.52,1.61,1.91,2.05
20200124,1.54,1.55,1.54,1.55,1.55,1.49,1.48,1.51,1.61,1.7,2.0,2.14
20200123,1.55,1.57,1.55,1.56,1.55,1.51,1.51,1.55,1.65,1.74,2.03,2.18
20200122,1.52,1.53,1.55,1.56,1.55,1.53,1.52,1.57,1.68,1.77,2.07,2.22
20200121,1.52,1.54,1.56,1.57,1.54,1.53,1.53,1.57,1.69,1.78,2.1,2.23
20200117,1.54,1.56,1.56,1.57,1.56,1.58,1.56,1.63,1.74,1.84,2.16,2.29
20200116,1.54,1.56,1.55,1.56,1.54,1.58,1.58,1.63,1.73,1.81,2.11,2.26
20200115,1.53,1.56,1.57,1.58,1.54,1.56,1.56,1.6,1.71,1.79,2.09,2.23
20200114,1.53,1.56,1.57,1.57,1.53,1.58,1.59,1.63,1.74,1.82,2.12,2.27
20200113,1.54,1.56,1.57,1.57,1.53,1.58,1.6,1.65,1.76,1.85,2.16,2.3
20200110,1.52,1.55,1.54,1.55,1.53,1.56,1.59,1.63,1.74,1.83,2.14,2.28
20200109,1.53,1.55,1.54,1.56,1.54,1.58,1.59,1.65,1.77,1.85,2.17,2.38
20200108,1.5,1.53,1.54,1.56,1.55,1.58,1.61,1.67,1.78,1.87,2.21,2.35
20200107,1.52,1.53,1.54,1.56,1.53,1.54,1.55,1.62,1.74,1.83,2.16,2.31
20200106,1.54,1.54,1.56,1.56,1.54,1.54,1.56,1.61,1.72,1.81,2.13,2.28
20200103,1.52,1.55,1.52,1.55,1.55,1.53,1.54,1.59,1.71,1.8,2.11,2.26
20200102,1.53,1.55,1.54,1.57,1.56,1.58,1.59,1.67,1.79,1.88,2.19,2.33
20211231,0.06,0.05,0.06,0.19,0.39,0.73,0.97,1.26,1.44,1.52,1.94,1.9
20211230,0.06,0.06,0.05,0.19,0.38,0.73,0.98,1.27,1.44,1.52,1.97,1.93
20211229,0.01,0.02,0.05,0.19,0.38,0.75,0.99,1.29,1.47,1.55,2.0,1.96
20211228,0.03,0.04,0.06,0.2,0.39,0.74,0.99,1.27,1.41,1.49,1.94,1.9
20211227,0.04,0.05,0.06,0.21,0.33,0.76,0.98,1.26,1.41,1.48,1.92,1.88
20211223,0.04,0.05,0.07,0.18,0.31,0.71,0.97,1.25,1.42,1.5,1.94,1.91
20211222,0.03,0.04,0.08,0.16,0.28,0.68,0.96,1.23,1.39,1.46,1.89,1.86
20211221,0.03,0.04,0.07,0.16,0.29,0.7,0.96,1.24,1.4,1.48,1.92,1.89
20211220,0.03,0.05,0.07,0.16,0.27,0.65,0.91,1.17,1.34,1.43,1.9,1.85
20211217,0.03,0.04,0.05,0.13,0.27,0.66,0.93,1.18,1.34,1.41,1.87,1.82
20211216,0.04,0.06,0.05,0.13,0.26,0.64,0.92,1.19,1.36,1.44,1.91,1.87
20211215,0.03,0.05,0.05,0.13,0.29,0.69,1.0,1.26,1.42,1.47,1.91,1.86
20211214,0.02,0.05,0.05,0.13,0.26,0.67,0.98,1.23,1.39,1.44,1.87,1.82
20211213,0.01,0.05,0.05,0.11,0.27,0.66,0.95,1.21,1.37,1.42,1.86,1.81
20211210,0.03,0.06,0.06,0.13,0.27,0.67,0.98,1.25,1.42,1.48,1.91,1.88
20211209,0.03,0.06,0.06,0.12,0.28,0.7,0.99,1.26,1.42,1.49,1.91,1.87
20211208,0.04,0.05,0.07,0.13,0.29,0.68,0.99,1.27,1.44,1.52,1.93,1.87
20211207,0.05,0.06,0.06,0.15,0.31,0.7,0.99,1.26,1.43,1.48,1.88,1.8
20211206,0.05,0.05,0.05,0.12,0.28,0.65,0.91,1.21,1.38,1.43,1.84,1.75
20211203,0.04,0.05,0.06,0.09,0.26,0.6,0.86,1.13,1.29,1.35,1.77,1.69
20211202,0.05,0.05,0.05,0.09,0.27,0.63,0.9,1.21,1.38,1.44,1.87,1.76
20211201,0.09,0.04,0.06,0.1,0.25,0.56,0.85,1.15,1.35,1.43,1.84,1.77
20211130,0.11,0.05,0.05,0.1,0.24,0.52,0.81,1.14,1.36,1.43,1.85,1.78
20211129,0.07,0.04,0.06,0.1,0.21,0.51,0.83,1.18,1.42,1.52,1.93,1.87
20211126,0.11,0.04,0.06,0.1,0.2,0.5,0.81,1.16,1.4,1.48,1.89,1.83
20211124,0.14,0.05,0.06,0.1,0.24,0.64,0.97,1.34,1.58,1.64,2.03,1.96
20211123,0.06,0.04,0.06,0.07,0.21,0.6,0.95,1.33,1.58,1.67,2.08,2.02
20211122,0.07,0.03,0.05,0.07,0.2,0.63,0.95,1.33,1.55,1.63,2.03,1.98
20211119,0.11,0.04,0.05,0.06,0.18,0.52,0.86,1.22,1.45,1.54,1.95,1.91
20211118,0.12,0.05,0.05,0.06,0.18,0.52,0.84,1.22,1.47,1.59,2.01,1.97
20211117,0.06,0.05,0.05,0.06,0.18,0.52,0.85,1.24,1.49,1.6,2.04,2.0
20211116,0.06,0.06,0.05,0.07,0.17,0.54,0.87,1.27,1.52,1.63,2.06,2.02
20211115,0.06,0.06,0.05,0.06,0.18,0.53,0.87,1.26,1.51,1.63,2.05,2.01
20211112,0.05,0.05,0.05,0.07,0.17,0.53,0.85,1.24,1.47,1.58,1.99,1.95
20211110,0.06,0.06,0.05,0.07,0.17,0.51,0.83,1.23,1.45,1.56,1.96,1.92
20211109,0.04,0.05,0.04,0.06,0.14,0.41,0.71,1.08,1.32,1.46,1.86,1.83
20211108,0.04,0.06,0.06,0.07,0.16,0.45,0.75,1.13,1.38,1.51,1.91,1.89
20211105,0.05,0.06,0.05,0.07,0.14,0.39,0.66,1.04,1.3,1.45,1.88,1.87
20211104,0.05,0.05,0.04,0.07,0.14,0.41,0.69,1.1,1.37,1.53,1.96,1.96
20211103,0.05,0.07,0.05,0.07,0.17,0.47,0.77,1.19,1.46,1.6,2.01,2.0
20211102,0.05,0.06,0.05,0.07,0.15,0.46,0.73,1.15,1.42,1.56,1.97,1.96
20211101,0.05,0.09,0.05,0.06,0.15,0.5,0.79,1.2,1.46,1.58,2.01,1.98
20211029,0.06,0.08,0.05,0.07,0.15,0.48,0.75,1.18,1.44,1.55,1.98,1.93
20211028,0.06,0.1,0.06,0.06,0.15,0.5,0.77,1.18,1.44,1.57,1.98,1.96
20211027,0.06,0.07,0.06,0.07,0.12,0.5,0.77,1.16,1.41,1.54,1.93,1.95
20211026,0.06,0.08,0.06,0.06,0.14,0.47,0.77,1.2,1.46,1.63,2.03,2.05
20211025,0.07,0.1,0.06,0.06,0.14,0.47,0.76,1.19,1.47,1.64,2.07,2.09
20211022,0.05,0.09,0.06,0.07,0.13,0.48,0.79,1.22,1.49,1.66,2.06,2.08
20211021,0.06,0.08,0.06,0.06,0.12,0.45,0.78,1.23,1.52,1.68,2.1,2.13
20211020,0.06,0.07,0.05,0.06,0.1,0.4,0.7,1.16,1.46,1.65,2.09,2.12
20211019,0.06,0.09,0.05,0.06,0.11,0.41,0.71,1.17,1.47,1.65,2.07,2.09
20211018,0.05,0.09,0.06,0.06,0.11,0.44,0.72,1.16,1.43,1.59,1.99,2.01
20211015,0.04,0.08,0.05,0.06,0.12,0.41,0.7,1.13,1.42,1.59,2.02,2.05
20211014,0.05,0.08,0.05,0.06,0.1,0.36,0.62,1.05,1.34,1.52,1.97,2.02
20211013,0.03,0.06,0.05,0.06,0.11,0.37,0.66,1.09,1.38,1.56,2.0,2.05
20211012,0.03,0.07,0.06,0.06,0.1,0.35,0.64,1.08,1.39,1.59,2.05,2.1
20211008,0.02,0.07,0.05,0.07,0.09,0.32,0.59,1.05,1.39,1.61,2.11,2.16
20211007,0.03,0.09,0.05,0.06,0.1,0.32,0.57,1.02,1.36,1.58,2.08,2.13
20211006,0.06,0.04,0.04,0.06,0.1,0.3,0.55,0.99,1.32,1.53,2.02,2.08
20211005,0.1,0.04,0.04,0.06,0.09,0.28,0.54,0.98,1.32,1.54,2.04,2.1
20211004,0.09,0.04,0.04,0.06,0.09,0.27,0.52,0.95,1.27,1.49,1.99,2.05
20211001,0.08,0.04,0.04,0.05,0.09,0.27,0.49,0.93,1.26,1.48,1.99,2.04
20210930,0.07,0.05,0.04,0.05,0.09,0.28,0.53,0.98,1.32,1.52,2.02,2.08
20210929,0.05,0.04,0.04,0.05,0.09,0.3,0.55,1.01,1.34,1.55,2.04,2.09
20210928,0.07,0.04,0.04,0.06,0.09,0.31,0.55,1.02,1.34,1.54,2.02,2.07
20210927,0.06,0.03,0.04,0.05,0.09,0.31,0.56,0.98,1.3,1.48,1.95,1.99
20210924,0.06,0.04,0.03,0.05,0.08,0.29,0.55,0.97,1.27,1.47,1.94,1.99
20210923,0.05,0.04,0.03,0.04,0.08,0.27,0.53,0.94,1.22,1.41,1.87,1.92
20210922,0.04,0.04,0.03,0.05,0.08,0.25,0.48,0.86,1.13,1.32,1.78,1.84
20210921,0.05,0.04,0.03,0.04,0.07,0.22,0.46,0.84,1.13,1.33,1.81,1.86
20210920,0.06,0.05,0.04,0.05,0.07,0.23,0.45,0.83,1.12,1.31,1.79,1.85
20210917,0.06,0.06,0.04,0.05,0.07,0.23,0.47,0.88,1.17,1.37,1.85,1.91
20210916,0.06,0.06,0.04,0.05,0.07,0.23,0.46,0.84,1.13,1.34,1.83,1.88
20210915,0.04,0.06,0.04,0.05,0.07,0.21,0.43,0.81,1.1,1.31,1.8,1.87
20210914,0.05,0.06,0.04,0.05,0.07,0.21,0.43,0.79,1.07,1.28,1.78,1.85
20210913,0.06,0.08,0.06,0.06,0.07,0.21,0.44,0.81,1.11,1.33,1.83,1.91
20210910,0.06,0.06,0.05,0.06,0.08,0.23,0.45,0.82,1.12,1.35,1.86,1.94
20210909,0.07,0.06,0.04,0.05,0.07,0.23,0.43,0.79,1.08,1.3,1.83,1.9
20210908,0.05,0.06,0.05,0.06,0.08,0.22,0.43,0.81,1.11,1.35,1.88,1.95
20210907,0.04,0.07,0.05,0.06,0.08,0.22,0.45,0.82,1.14,1.38,1.91,1.99
20210903,0.04,0.07,0.05,0.05,0.08,0.21,0.42,0.78,1.09,1.33,1.87,1.94
20210902,0.05,0.07,0.05,0.06,0.07,0.2,0.42,0.78,1.07,1.29,1.83,1.9
20210901,0.04,0.06,0.05,0.06,0.07,0.2,0.42,0.78,1.08,1.31,1.84,1.92
20210831,0.03,0.05,0.04,0.06,0.07,0.2,0.4,0.77,1.08,1.3,1.85,1.92
20210830,0.04,0.07,0.05,0.05,0.08,0.2,0.4,0.77,1.07,1.29,1.82,1.9
20210827,0.04,0.06,0.05,0.05,0.07,0.22,0.41,0.79,1.09,1.31,1.84,1.91
20210826,0.04,0.06,0.05,0.06,0.07,0.25,0.46,0.84,1.13,1.34,1.87,1.94
20210825,0.04,0.05,0.06,0.06,0.07,0.23,0.47,0.84,1.13,1.35,1.88,1.96
20210824,0.03,0.05,0.05,0.05,0.06,0.24,0.44,0.8,1.08,1.29,1.83,1.91
20210823,0.04,0.05,0.05,0.06,0.07,0.23,0.43,0.78,1.05,1.25,1.79,1.87
20210820,0.04,0.05,0.05,0.05,0.06,0.23,0.44,0.8,1.06,1.26,1.79,1.87
20210819,0.04,0.05,0.06,0.05,0.06,0.22,0.44,0.78,1.04,1.24,1.8,1.88
20210818,0.03,0.05,0.07,0.05,0.07,0.23,0.43,0.79,1.06,1.27,1.84,1.91
20210817,0.03,0.05,0.07,0.06,0.07,0.23,0.43,0.77,1.05,1.26,1.82,1.92
20210816,0.04,0.05,0.06,0.05,0.08,0.21,0.42,0.75,1.04,1.26,1.82,1.92
20210813,0.04,0.05,0.06,0.05,0.08,0.23,0.44,0.79,1.08,1.29,1.85,1.94
20210812,0.05,0.06,0.06,0.06,0.09,0.23,0.46,0.83,1.13,1.36,1.92,2.03
20210811,0.05,0.05,0.05,0.06,0.08,0.23,0.45,0.81,1.11,1.35,1.9,1.99
20210810,0.05,0.05,0.05,0.05,0.08,0.24,0.47,0.82,1.12,1.36,1.9,1.99
20210809,0.04,0.05,0.06,0.06,0.08,0.23,0.43,0.79,1.09,1.33,1.87,1.96
20210806,0.04,0.05,0.06,0.06,0.09,0.21,0.42,0.77,1.07,1.31,1.85,1.94
20210805,0.05,0.05,0.05,0.06,0.08,0.21,0.38,0.72,1.01,1.23,1.77,1.86
20210804,0.05,0.05,0.05,0.05,0.07,0.17,0.34,0.67,0.96,1.19,1.74,1.83
20210803,0.05,0.05,0.05,0.06,0.07,0.17,0.33,0.65,0.95,1.19,1.76,1.85
20210802,0.05,0.05,0.05,0.06,0.07,0.17,0.33,0.66,0.96,1.2,1.77,1.86
20210730,0.05,0.05,0.06,0.05,0.07,0.19,0.35,0.69,1.0,1.24,1.81,1.89
20210729,0.05,0.05,0.06,0.05,0.08,0.2,0.37,0.73,1.04,1.28,1.84,1.91
20210728,0.04,0.05,0.05,0.05,0.07,0.2,0.38,0.72,1.01,1.26,1.83,1.9
20210727,0.04,0.05,0.05,0.05,0.07,0.2,0.37,0.71,1.01,1.25,1.81,1.89
20210726,0.05,0.05,0.05,0.06,0.08,0.22,0.38,0.73,1.04,1.29,1.85,1.93
20210723,0.05,0.05,0.05,0.05,0.07,0.22,0.38,0.72,1.04,1.3,1.85,1.92
20210722,0.04,0.04,0.05,0.05,0.07,0.2,0.37,0.71,1.02,1.27,1.82,1.9
20210721,0.04,0.04,0.05,0.05,0.07,0.22,0.39,0.74,1.05,1.3,1.87,1.94
20210720,0.05,0.05,0.05,0.06,0.08,0.2,0.37,0.69,0.98,1.23,1.79,1.88
20210719,0.05,0.05,0.05,0.06,0.07,0.21,0.38,0.7,0.97,1.19,1.74,1.81
20210716,0.05,0.05,0.05,0.05,0.08,0.25,0.43,0.79,1.08,1.31,1.86,1.93
20210715,0.05,0.05,0.05,0.05,0.07,0.23,0.43,0.78,1.07,1.31,1.85,1.92
20210714,0.06,0.05,0.06,0.05,0.08,0.23,0.44,0.8,1.11,1.37,1.91,1.98
20210713,0.05,0.05,0.05,0.06,0.08,0.26,0.47,0.85,1.16,1.42,1.96,2.04
20210712,0.05,0.05,0.05,0.06,0.08,0.23,0.43,0.81,1.13,1.38,1.93,2.0
20210709,0.06,0.05,0.06,0.05,0.08,0.23,0.41,0.79,1.12,1.37,1.91,1.99
20210708,0.06,0.05,0.06,0.06,0.07,0.19,0.37,0.74,1.06,1.3,1.84,1.91
20210707,0.05,0.05,0.05,0.05,0.08,0.22,0.41,0.79,1.09,1.33,1.87,1.94
20210706,0.05,0.05,0.05,0.06,0.07,0.22,0.42,0.81,1.13,1.37,1.92,2.0
20210702,0.05,0.05,0.05,0.05,0.08,0.24,0.45,0.86,1.19,1.44,1.98,2.05
20210701,0.05,0.05,0.05,0.05,0.09,0.25,0.47,0.89,1.24,1.48,2.01,2.07
20210630,0.05,0.05,0.05,0.06,0.07,0.25,0.46,0.87,1.21,1.45,2.0,2.06
20210629,0.04,0.04,0.04,0.06,0.08,0.27,0.47,0.89,1.24,1.49,2.03,2.1
20210625,0.05,0.05,0.06,0.06,0.09,0.28,0.48,0.92,1.29,1.54,2.09,2.16
20210624,0.05,0.05,0.05,0.05,0.08,0.26,0.48,0.9,1.26,1.49,2.03,2.1
20210623,0.04,0.04,0.05,0.05,0.08,0.26,0.47,0.9,1.25,1.5,2.04,2.11
20210622,0.04,0.05,0.04,0.06,0.09,0.25,0.44,0.87,1.23,1.48,2.03,2.1
20210621,0.04,0.04,0.05,0.06,0.09,0.27,0.48,0.9,1.25,1.5,2.05,2.11
20210618,0.05,0.05,0.05,0.06,0.09,0.26,0.47,0.89,1.22,1.45,1.97,2.01
20210617,0.05,0.04,0.04,0.06,0.08,0.23,0.43,0.9,1.27,1.52,2.05,2.11
20210616,0.04,0.04,0.04,0.06,0.08,0.21,0.41,0.89,1.29,1.57,2.13,2.2
20210615,0.02,0.02,0.03,0.05,0.08,0.16,0.34,0.79,1.21,1.51,2.12,2.2
20210614,0.01,0.02,0.03,0.05,0.05,0.16,0.33,0.8,1.2,1.51,2.12,2.19
20210611,0.01,0.02,0.03,0.04,0.05,0.16,0.31,0.76,1.16,1.47,2.08,2.15
20210610,0.01,0.02,0.03,0.04,0.05,0.14,0.3,0.73,1.14,1.45,2.07,2.15
20210609,0.01,0.02,0.03,0.04,0.05,0.16,0.31,0.75,1.17,1.5,2.1,2.17
20210608,0.01,0.02,0.02,0.04,0.05,0.14,0.32,0.77,1.2,1.53,2.13,2.21
20210607,0.01,0.02,0.02,0.04,0.05,0.16,0.33,0.79,1.24,1.57,2.17,2.25
20210604,0.01,0.02,0.02,0.04,0.05,0.14,0.32,0.78,1.23,1.56,2.16,2.24
20210603,0.0,0.01,0.02,0.04,0.04,0.16,0.34,0.84,1.3,1.63,2.22,2.3
20210602,0.01,0.01,0.02,0.04,0.05,0.13,0.3,0.8,1.26,1.59,2.21,2.28
20210601,0.01,0.01,0.02,0.04,0.04,0.16,0.31,0.81,1.28,1.62,2.22,2.3
20210528,0.01,0.01,0.01,0.03,0.05,0.14,0.3,0.79,1.24,1.58,2.18,2.26
20210527,0.0,0.01,0.02,0.04,0.04,0.14,0.31,0.81,1.28,1.61,2.2,2.29
20210526,0.0,0.0,0.02,0.04,0.04,0.14,0.31,0.8,1.24,1.58,2.17,2.27
20210525,0.01,0.01,0.02,0.04,0.04,0.15,0.3,0.79,1.23,1.56,2.16,2.26
20210524,0.01,0.01,0.02,0.03,0.04,0.15,0.32,0.82,1.28,1.61,2.22,2.31
20210521,0.0,0.01,0.01,0.02,0.04,0.17,0.34,0.84,1.29,1.63,2.24,2.33
20210520,0.01,0.01,0.01,0.03,0.05,0.15,0.34,0.83,1.29,1.63,2.25,2.34
20210519,0.0,0.01,0.01,0.03,0.05,0.16,0.35,0.87,1.34,1.68,2.3,2.38
20210518,0.0,0.01,0.02,0.03,0.06,0.16,0.34,0.83,1.29,1.64,2.27,2.37
20210517,0.0,0.01,0.02,0.04,0.06,0.16,0.34,0.84,1.3,1.64,2.27,2.36
20210514,0.01,0.01,0.01,0.03,0.06,0.16,0.33,0.82,1.29,1.63,2.25,2.35
20210513,0.0,0.01,0.02,0.03,0.05,0.16,0.33,0.84,1.31,1.66,2.28,2.39
20210512,0.01,0.02,0.02,0.04,0.05,0.16,0.35,0.87,1.34,1.69,2.29,2.4
20210511,0.01,0.01,0.01,0.04,0.05,0.16,0.31,0.8,1.28,1.64,2.23,2.35
20210510,0.02,0.01,0.02,0.04,0.05,0.16,0.32,0.8,1.27,1.63,2.2,2.32
20210507,0.01,0.01,0.02,0.04,0.05,0.14,0.29,0.77,1.24,1.6,2.17,2.28
20210506,0.01,0.02,0.02,0.04,0.05,0.16,0.32,0.81,1.25,1.58,2.14,2.24
20210505,0.01,0.01,0.02,0.04,0.06,0.16,0.32,0.8,1.25,1.59,2.14,2.25
20210504,0.01,0.01,0.02,0.04,0.06,0.16,0.33,0.82,1.28,1.61,2.16,2.27
20210503,0.02,0.02,0.04,0.04,0.06,0.16,0.33,0.84,1.29,1.63,2.18,2.3
20210430,0.01,0.02,0.01,0.03,0.05,0.16,0.35,0.86,1.32,1.65,2.19,2.3
20210429,0.01,0.01,0.01,0.04,0.05,0.16,0.35,0.86,1.32,1.65,2.2,2.31
20210428,0.01,0.01,0.01,0.04,0.05,0.17,0.35,0.86,1.31,1.63,2.19,2.29
20210427,0.01,0.02,0.01,0.04,0.06,0.17,0.36,0.88,1.32,1.63,2.18,2.29
20210426,0.02,0.02,0.03,0.04,0.06,0.18,0.35,0.85,1.27,1.58,2.13,2.24
20210423,0.01,0.02,0.03,0.03,0.07,0.16,0.34,0.83,1.26,1.58,2.14,2.25
20210422,0.02,0.02,0.03,0.04,0.06,0.16,0.32,0.81,1.24,1.57,2.13,2.24
20210421,0.0,0.02,0.03,0.04,0.07,0.15,0.32,0.81,1.24,1.57,2.16,2.26
20210420,0.01,0.02,0.03,0.04,0.07,0.15,0.31,0.81,1.25,1.58,2.16,2.27
20210419,0.01,0.02,0.02,0.04,0.08,0.16,0.34,0.85,1.28,1.61,2.18,2.29
20210416,0.02,0.02,0.02,0.04,0.06,0.16,0.34,0.84,1.26,1.59,2.15,2.26
20210415,0.02,0.01,0.02,0.04,0.06,0.16,0.32,0.81,1.24,1.56,2.13,2.23
20210414,0.02,0.02,0.02,0.04,0.06,0.16,0.35,0.87,1.31,1.64,2.22,2.32
20210413,0.03,0.02,0.03,0.05,0.06,0.16,0.35,0.85,1.29,1.64,2.21,2.32
20210412,0.02,0.02,0.02,0.04,0.06,0.18,0.38,0.89,1.35,1.69,2.24,2.34
20210409,0.02,0.01,0.02,0.03,0.06,0.16,0.35,0.87,1.33,1.67,2.23,2.34
20210408,0.02,0.02,0.01,0.04,0.05,0.14,0.33,0.85,1.3,1.64,2.22,2.32
20210407,0.01,0.02,0.02,0.04,0.06,0.16,0.34,0.87,1.34,1.68,2.26,2.35
20210406,0.02,0.02,0.02,0.04,0.06,0.16,0.35,0.88,1.34,1.67,2.24,2.32
20210405,0.03,0.02,0.03,0.04,0.06,0.17,0.37,0.94,1.4,1.73,2.28,2.36
20210402,0.02,0.02,0.02,0.04,0.07,0.19,0.39,0.97,1.42,1.72,2.27,2.35
20210401,0.02,0.02,0.02,0.04,0.06,0.17,0.35,0.9,1.37,1.69,2.24,2.34
20210331,0.01,0.01,0.03,0.05,0.07,0.16,0.35,0.92,1.4,1.74,2.31,2.41
20210330,0.01,0.01,0.02,0.04,0.06,0.16,0.33,0.9,1.39,1.73,2.29,2.38
20210329,0.02,0.03,0.03,0.04,0.06,0.14,0.32,0.89,1.37,1.73,2.32,2.43
20210326,0.02,0.02,0.02,0.04,0.06,0.14,0.31,0.85,1.32,1.67,2.27,2.37
20210325,0.02,0.03,0.02,0.04,0.07,0.14,0.3,0.82,1.29,1.63,2.24,2.34
20210324,0.02,0.02,0.02,0.04,0.07,0.14,0.31,0.83,1.27,1.62,2.21,2.31
20210323,0.02,0.02,0.01,0.04,0.08,0.15,0.31,0.83,1.29,1.63,2.24,2.34
20210322,0.02,0.02,0.03,0.05,0.06,0.15,0.32,0.87,1.34,1.69,2.29,2.38
20210319,0.01,0.01,0.01,0.03,0.07,0.16,0.33,0.9,1.38,1.74,2.36,2.45
20210318,0.01,0.01,0.01,0.03,0.08,0.16,0.33,0.86,1.35,1.71,2.36,2.45
20210317,0.01,0.02,0.02,0.05,0.07,0.13,0.29,0.8,1.27,1.63,2.32,2.42
20210316,0.01,0.02,0.02,0.06,0.07,0.15,0.33,0.83,1.28,1.62,2.3,2.38
20210315,0.02,0.02,0.04,0.06,0.08,0.14,0.33,0.84,1.28,1.62,2.27,2.37
20210312,0.03,0.03,0.04,0.06,0.09,0.14,0.34,0.85,1.3,1.64,2.31,2.4
20210311,0.04,0.04,0.04,0.05,0.08,0.14,0.31,0.78,1.2,1.54,2.18,2.29
20210310,0.03,0.03,0.04,0.06,0.08,0.16,0.32,0.8,1.2,1.53,2.15,2.24
20210309,0.04,0.04,0.05,0.07,0.1,0.17,0.35,0.83,1.23,1.55,2.16,2.26
20210308,0.04,0.04,0.05,0.06,0.09,0.17,0.34,0.86,1.28,1.59,2.2,2.31
20210305,0.04,0.04,0.04,0.07,0.08,0.14,0.32,0.79,1.23,1.56,2.18,2.28
20210304,0.03,0.05,0.04,0.07,0.08,0.14,0.32,0.77,1.21,1.54,2.18,2.3
20210303,0.04,0.04,0.05,0.07,0.08,0.14,0.29,0.73,1.14,1.47,2.12,2.25
20210302,0.04,0.04,0.04,0.06,0.08,0.13,0.26,0.67,1.08,1.42,2.09,2.21
20210301,0.03,0.03,0.05,0.07,0.08,0.13,0.27,0.71,1.12,1.45,2.11,2.23
20210226,0.04,0.04,0.04,0.05,0.08,0.14,0.3,0.75,1.15,1.44,2.08,2.17
20210225,0.04,0.03,0.04,0.06,0.09,0.17,0.34,0.81,1.23,1.54,2.25,2.33
20210224,0.03,0.03,0.03,0.05,0.08,0.12,0.24,0.62,1.02,1.38,2.07,2.24
20210223,0.03,0.02,0.04,0.05,0.08,0.11,0.22,0.59,1.0,1.37,2.03,2.21
20210222,0.03,0.02,0.03,0.04,0.06,0.11,0.22,0.61,1.0,1.37,2.02,2.19
20210219,0.03,0.03,0.04,0.06,0.07,0.11,0.22,0.59,0.98,1.34,1.98,2.14
20210218,0.03,0.03,0.03,0.04,0.06,0.11,0.21,0.56,0.94,1.29,1.91,2.08
20210217,0.03,0.04,0.04,0.06,0.07,0.11,0.21,0.57,0.94,1.29,1.92,2.06
20210216,0.03,0.04,0.04,0.06,0.08,0.13,0.23,0.57,0.94,1.3,1.92,2.08
20210212,0.03,0.04,0.04,0.05,0.06,0.11,0.2,0.5,0.85,1.2,1.83,2.01
20210211,0.05,0.05,0.05,0.06,0.07,0.11,0.19,0.46,0.81,1.16,1.77,1.94
20210210,0.05,0.04,0.05,0.06,0.07,0.11,0.19,0.46,0.8,1.15,1.75,1.92
20210209,0.04,0.04,0.04,0.06,0.07,0.11,0.19,0.48,0.83,1.18,1.78,1.95
20210208,0.04,0.03,0.05,0.05,0.07,0.11,0.2,0.48,0.83,1.19,1.78,1.96
20210205,0.02,0.03,0.03,0.05,0.06,0.09,0.19,0.47,0.83,1.19,1.79,1.97
20210204,0.03,0.04,0.04,0.06,0.07,0.11,0.18,0.46,0.81,1.15,1.75,1.93
20210203,0.03,0.04,0.04,0.06,0.08,0.11,0.19,0.46,0.81,1.15,1.73,1.92
20210202,0.04,0.05,0.07,0.08,0.08,0.11,0.18,0.45,0.79,1.12,1.69,1.87
20210201,0.06,0.07,0.07,0.08,0.08,0.11,0.17,0.42,0.76,1.09,1.66,1.84
20210129,0.07,0.07,0.06,0.07,0.1,0.11,0.19,0.45,0.79,1.11,1.68,1.87
20210128,0.05,0.06,0.07,0.08,0.08,0.12,0.18,0.42,0.75,1.07,1.63,1.81
20210127,0.05,0.06,0.08,0.09,0.09,0.12,0.18,0.41,0.72,1.04,1.6,1.79
20210126,0.05,0.07,0.07,0.09,0.09,0.11,0.18,0.42,0.74,1.05,1.61,1.8
20210125,0.07,0.08,0.09,0.09,0.1,0.13,0.17,0.42,0.73,1.05,1.61,1.8
20210122,0.07,0.08,0.08,0.1,0.1,0.13,0.19,0.44,0.77,1.1,1.66,1.85
20210121,0.07,0.09,0.09,0.09,0.1,0.13,0.19,0.45,0.79,1.12,1.68,1.87
20210120,0.08,0.08,0.08,0.1,0.1,0.13,0.19,0.45,0.78,1.1,1.65,1.84
20210119,0.07,0.09,0.09,0.11,0.1,0.14,0.21,0.45,0.78,1.1,1.65,1.84
20210115,0.08,0.09,0.09,0.1,0.1,0.13,0.2,0.46,0.78,1.11,1.66,1.85
20210114,0.09,0.09,0.09,0.09,0.1,0.16,0.23,0.49,0.82,1.15,1.69,1.88
20210113,0.09,0.08,0.09,0.1,0.12,0.14,0.22,0.48,0.8,1.1,1.63,1.82
20210112,0.09,0.08,0.09,0.09,0.11,0.14,0.23,0.5,0.83,1.15,1.68,1.88
20210111,0.09,0.08,0.08,0.1,0.1,0.14,0.22,0.5,0.84,1.15,1.68,1.88
20210108,0.08,0.08,0.08,0.09,0.1,0.14,0.24,0.49,0.81,1.13,1.67,1.87
20210107,0.09,0.09,0.09,0.09,0.11,0.14,0.22,0.46,0.78,1.08,1.64,1.85
20210106,0.09,0.09,0.09,0.09,0.11,0.14,0.2,0.43,0.74,1.04,1.6,1.81
20210105,0.08,0.09,0.09,0.09,0.1,0.13,0.17,0.38,0.66,0.96,1.49,1.7
20210104,0.09,0.09,0.09,0.09,0.1,0.11,0.16,0.36,0.64,0.93,1.46,1.66
20221230,4.12,4.41,4.42,4.76,4.73,4.41,4.22,3.99,3.96,3.88,4.14,3.97
20221229,4.04,4.39,4.45,4.73,4.71,4.34,4.16,3.94,3.91,3.83,4.09,3.92
20221228,3.86,4.33,4.46,4.75,4.71,4.31,4.18,3.97,3.97,3.88,4.13,3.98
20221227,3.87,4.32,4.46,4.76,4.75,4.32,4.17,3.94,3.93,3.84,4.1,3.93
20221223,3.8,4.2,4.34,4.67,4.66,4.31,4.09,3.86,3.83,3.75,3.99,3.82
20221222,3.8,4.2,4.35,4.66,4.64,4.24,4.02,3.79,3.77,3.67,3.91,3.73
20221221,3.9,4.23,4.33,4.67,4.6,4.21,4.0,3.78,3.77,3.68,3.93,3.74
20221220,3.89,4.23,4.35,4.7,4.64,4.25,4.03,3.79,3.78,3.69,3.94,3.74
20221219,3.95,4.24,4.37,4.71,4.64,4.25,3.99,3.7,3.67,3.57,3.82,3.62
20221216,3.94,4.22,4.31,4.68,4.61,4.17,3.91,3.61,3.58,3.48,3.73,3.53
20221215,3.95,4.24,4.34,4.7,4.65,4.23,3.96,3.62,3.56,3.44,3.69,3.48
20221214,3.91,4.14,4.33,4.68,4.64,4.23,3.94,3.64,3.59,3.49,3.74,3.52
20221213,3.89,4.16,4.35,4.7,4.64,4.22,3.96,3.66,3.6,3.51,3.74,3.53
20221212,3.86,4.18,4.38,4.78,4.75,4.39,4.1,3.8,3.73,3.61,3.84,3.57
20221209,3.81,4.13,4.31,4.72,4.72,4.33,4.07,3.75,3.69,3.57,3.82,3.56
20221208,3.75,4.11,4.28,4.71,4.71,4.31,4.04,3.71,3.63,3.48,3.71,3.44
20221207,3.79,4.1,4.29,4.72,4.67,4.26,3.97,3.62,3.54,3.42,3.66,3.42
20221206,3.87,4.19,4.37,4.74,4.73,4.34,4.07,3.73,3.64,3.51,3.77,3.52
20221205,3.93,4.25,4.36,4.73,4.77,4.41,4.13,3.8,3.72,3.6,3.84,3.62
20221202,3.91,4.25,4.34,4.65,4.69,4.28,3.99,3.67,3.61,3.51,3.79,3.56
20221201,4.04,4.24,4.33,4.65,4.66,4.25,3.98,3.68,3.62,3.53,3.85,3.64
20221130,4.07,4.25,4.37,4.7,4.74,4.38,4.13,3.82,3.76,3.68,4.0,3.8
20221129,4.08,4.26,4.38,4.72,4.78,4.48,4.24,3.92,3.85,3.75,4.02,3.81
20221128,4.11,4.29,4.41,4.72,4.76,4.46,4.22,3.88,3.8,3.69,3.97,3.74
20221125,4.16,4.33,4.41,4.67,4.76,4.42,4.2,3.85,3.78,3.68,3.97,3.74
20221123,4.12,4.29,4.4,4.67,4.75,4.46,4.23,3.88,3.81,3.71,3.97,3.74
20221122,3.97,4.26,4.4,4.68,4.79,4.47,4.27,3.93,3.86,3.76,4.05,3.83
20221121,3.97,4.24,4.41,4.65,4.75,4.48,4.32,3.97,3.94,3.83,4.14,3.91
20221118,3.93,4.23,4.34,4.61,4.74,4.51,4.28,3.99,3.92,3.82,4.13,3.92
20221117,3.93,4.2,4.32,4.57,4.68,4.43,4.22,3.93,3.87,3.77,4.1,3.89
20221116,3.81,4.15,4.32,4.54,4.62,4.35,4.13,3.83,3.77,3.67,4.03,3.85
20221115,3.77,4.1,4.31,4.54,4.6,4.37,4.17,3.93,3.88,3.8,4.2,3.98
20221114,3.72,4.05,4.34,4.55,4.63,4.4,4.24,4.0,3.95,3.88,4.28,4.07
20221110,3.71,4.0,4.28,4.52,4.59,4.34,4.17,3.95,3.89,3.82,4.24,4.03
20221109,3.65,4.05,4.29,4.59,4.75,4.61,4.49,4.27,4.2,4.12,4.5,4.31
20221108,3.66,4.04,4.28,4.6,4.77,4.67,4.55,4.31,4.22,4.14,4.47,4.28
20221107,3.78,4.04,4.29,4.62,4.8,4.72,4.63,4.39,4.31,4.22,4.55,4.34
20221104,3.73,4.0,4.21,4.55,4.76,4.66,4.58,4.33,4.26,4.17,4.49,4.27
20221103,3.75,4.04,4.25,4.57,4.78,4.71,4.63,4.36,4.26,4.14,4.42,4.18
20221102,3.7,4.01,4.22,4.57,4.76,4.61,4.54,4.3,4.2,4.1,4.41,4.15
20221101,3.72,4.0,4.23,4.58,4.75,4.54,4.48,4.27,4.18,4.07,4.37,4.14
20221031,3.73,4.0,4.22,4.57,4.66,4.51,4.45,4.27,4.18,4.1,4.44,4.22
20221028,3.75,3.95,4.18,4.51,4.55,4.41,4.38,4.19,4.1,4.02,4.38,4.15
20221027,3.76,3.95,4.13,4.44,4.5,4.3,4.29,4.09,4.01,3.96,4.32,4.12
20221026,3.54,3.85,4.11,4.47,4.54,4.39,4.41,4.2,4.12,4.04,4.38,4.19
20221025,3.56,3.81,4.14,4.5,4.6,4.42,4.45,4.25,4.17,4.1,4.45,4.26
20221024,3.57,3.83,4.16,4.52,4.61,4.5,4.52,4.36,4.31,4.25,4.59,4.4
20221021,3.55,3.78,4.09,4.43,4.58,4.49,4.52,4.34,4.28,4.21,4.54,4.33
20221020,3.58,3.83,4.09,4.48,4.66,4.62,4.66,4.45,4.36,4.24,4.47,4.24
20221019,3.31,3.72,4.07,4.45,4.6,4.55,4.56,4.35,4.26,4.14,4.38,4.15
20221018,3.25,3.7,4.04,4.39,4.5,4.43,4.43,4.21,4.12,4.01,4.27,4.04
20221017,3.3,3.66,3.97,4.38,4.5,4.45,4.45,4.24,4.15,4.02,4.29,4.04
20221014,3.3,3.61,3.81,4.31,4.5,4.48,4.47,4.25,4.15,4.0,4.26,3.99
20221013,3.35,3.6,3.79,4.3,4.46,4.47,4.44,4.21,4.11,3.97,4.25,3.97
20221012,3.07,3.45,3.7,4.16,4.28,4.28,4.29,4.12,4.03,3.91,4.18,3.9
20221011,3.07,3.43,3.67,4.17,4.28,4.3,4.31,4.14,4.06,3.93,4.19,3.92
20221007,3.03,3.34,3.45,4.09,4.24,4.3,4.33,4.14,4.03,3.89,4.13,3.86
20221006,3.05,3.34,3.46,4.04,4.19,4.23,4.24,4.05,3.95,3.83,4.08,3.81
20221005,2.89,3.22,3.46,4.0,4.14,4.15,4.17,3.96,3.87,3.76,4.05,3.78
20221004,2.91,3.23,3.45,3.98,4.15,4.1,4.08,3.84,3.73,3.62,3.95,3.7
20221003,2.87,3.26,3.46,3.97,4.01,4.12,4.12,3.9,3.79,3.67,4.0,3.73
20220930,2.79,3.2,3.33,3.92,4.05,4.22,4.25,4.06,3.97,3.83,4.08,3.79
20220929,2.78,3.2,3.36,3.87,3.98,4.16,4.19,3.98,3.89,3.76,4.0,3.71
20220928,2.63,3.14,3.4,3.87,3.99,4.07,4.12,3.92,3.83,3.72,3.98,3.7
20220927,2.71,3.14,3.35,3.91,4.16,4.3,4.39,4.21,4.14,3.97,4.15,3.87
20220926,2.73,3.14,3.39,3.95,4.17,4.27,4.37,4.15,4.06,3.88,4.01,3.72
20220923,2.67,3.07,3.24,3.85,4.15,4.2,4.21,3.96,3.85,3.69,3.87,3.61
20220922,2.73,3.09,3.29,3.87,4.08,4.11,4.12,3.91,3.84,3.7,3.9,3.65
20220921,2.59,3.06,3.31,3.86,4.08,4.02,3.98,3.74,3.65,3.51,3.73,3.5
20220920,2.57,3.05,3.35,3.86,4.03,3.96,3.94,3.75,3.69,3.57,3.83,3.59
20220919,2.62,3.02,3.37,3.87,4.05,3.95,3.9,3.69,3.62,3.49,3.77,3.52
20220916,2.68,3.01,3.2,3.77,3.96,3.85,3.81,3.62,3.56,3.45,3.79,3.52
20220915,2.76,3.03,3.22,3.78,4.0,3.87,3.85,3.66,3.59,3.45,3.75,3.48
20220914,2.54,2.95,3.24,3.76,3.95,3.78,3.79,3.6,3.52,3.41,3.73,3.47
20220913,2.55,2.95,3.28,3.75,3.92,3.75,3.75,3.58,3.53,3.42,3.75,3.51
20220912,2.62,2.93,3.17,3.56,3.7,3.58,3.6,3.47,3.45,3.37,3.76,3.53
20220909,2.57,2.88,3.08,3.52,3.67,3.56,3.61,3.45,3.42,3.33,3.71,3.47
20220908,2.57,2.86,3.06,3.44,3.6,3.48,3.54,3.39,3.37,3.29,3.69,3.45
20220907,2.3,2.8,3.07,3.42,3.6,3.45,3.5,3.37,3.35,3.27,3.67,3.42
20220906,2.44,2.82,3.04,3.4,3.61,3.5,3.55,3.43,3.41,3.33,3.74,3.49
20220902,2.49,2.79,2.94,3.33,3.47,3.4,3.44,3.3,3.29,3.2,3.61,3.35
20220901,2.53,2.8,2.97,3.34,3.51,3.51,3.54,3.39,3.36,3.26,3.64,3.37
20220831,2.4,2.72,2.96,3.32,3.5,3.45,3.46,3.3,3.25,3.15,3.53,3.27
20220830,2.43,2.73,2.97,3.31,3.48,3.46,3.47,3.27,3.22,3.11,3.49,3.23
20220829,2.45,2.75,2.97,3.32,3.43,3.42,3.45,3.27,3.21,3.12,3.5,3.25
20220826,2.39,2.69,2.89,3.26,3.36,3.37,3.4,3.2,3.14,3.04,3.44,3.21
20220825,2.42,2.7,2.88,3.25,3.33,3.35,3.37,3.15,3.11,3.03,3.47,3.25
20220824,2.29,2.62,2.82,3.28,3.35,3.36,3.4,3.2,3.2,3.11,3.55,3.32
20220823,2.28,2.6,2.8,3.21,3.29,3.29,3.35,3.18,3.14,3.05,3.49,3.26
20220822,2.27,2.6,2.82,3.23,3.32,3.32,3.36,3.17,3.12,3.03,3.48,3.24
20220819,2.23,2.6,2.74,3.16,3.26,3.25,3.28,3.11,3.06,2.98,3.44,3.22
20220818,2.23,2.56,2.71,3.12,3.24,3.22,3.23,3.02,2.97,2.88,3.35,3.14
20220817,2.22,2.51,2.68,3.15,3.27,3.28,3.27,3.04,2.99,2.89,3.37,3.15
20220816,2.26,2.51,2.7,3.12,3.26,3.25,3.19,2.95,2.9,2.82,3.31,3.11
20220815,2.27,2.53,2.72,3.13,3.23,3.2,3.14,2.91,2.86,2.79,3.31,3.1
20220812,2.23,2.5,2.63,3.13,3.26,3.25,3.18,2.97,2.92,2.84,3.34,3.12
20220811,2.24,2.51,2.62,3.08,3.25,3.23,3.16,2.98,2.94,2.87,3.38,3.15
20220810,2.24,2.43,2.65,3.13,3.26,3.23,3.13,2.93,2.86,2.78,3.27,3.04
20220809,2.23,2.43,2.67,3.16,3.33,3.28,3.2,2.97,2.89,2.8,3.24,3.01
20220808,2.23,2.43,2.65,3.15,3.3,3.21,3.14,2.91,2.85,2.77,3.22,3.0
20220805,2.21,2.39,2.58,3.1,3.29,3.24,3.18,2.97,2.91,2.83,3.27,3.06
20220804,2.19,2.36,2.5,2.98,3.11,3.03,2.95,2.76,2.73,2.68,3.15,2.97
20220803,2.2,2.29,2.52,3.0,3.14,3.1,3.04,2.86,2.81,2.73,3.17,2.96
20220802,2.22,2.33,2.56,3.0,3.09,3.06,3.02,2.85,2.82,2.75,3.22,3.0
20220801,2.22,2.33,2.56,2.96,2.98,2.9,2.82,2.66,2.64,2.6,3.12,2.92
20220729,2.22,2.28,2.41,2.91,2.98,2.89,2.83,2.7,2.7,2.67,3.2,3.0
20220728,2.2,2.3,2.42,2.9,2.93,2.85,2.81,2.69,2.69,2.68,3.23,3.02
20220727,2.14,2.3,2.44,2.93,3.0,2.96,2.93,2.82,2.83,2.78,3.26,3.03
20220726,2.17,2.35,2.55,3.01,3.06,3.02,3.01,2.89,2.88,2.81,3.27,3.03
20220725,2.14,2.31,2.62,3.06,3.07,3.0,2.98,2.89,2.89,2.81,3.28,3.04
20220722,2.15,2.29,2.49,2.97,3.01,2.98,2.93,2.87,2.85,2.77,3.23,3.0
20220721,2.15,2.3,2.48,3.0,3.11,3.1,3.07,3.0,2.99,2.91,3.33,3.08
20220720,1.92,2.29,2.51,3.04,3.18,3.25,3.25,3.18,3.15,3.04,3.43,3.17
20220719,1.93,2.29,2.52,3.06,3.18,3.23,3.22,3.14,3.11,3.01,3.42,3.17
20220718,1.96,2.28,2.5,3.02,3.13,3.15,3.15,3.06,3.05,2.96,3.39,3.14
20220715,1.98,2.26,2.37,2.94,3.12,3.13,3.14,3.05,3.03,2.93,3.34,3.1
20220714,1.99,2.32,2.4,2.93,3.16,3.15,3.16,3.06,3.05,2.96,3.36,3.11
20220713,1.78,2.2,2.39,2.96,3.21,3.13,3.14,3.02,3.0,2.91,3.35,3.08
20220712,1.63,2.01,2.22,2.78,3.07,3.03,3.07,3.01,3.01,2.96,3.37,3.13
20220711,1.58,1.95,2.18,2.79,2.97,3.07,3.09,3.05,3.06,2.99,3.43,3.18
20220708,1.57,1.92,1.98,2.68,2.96,3.12,3.14,3.13,3.16,3.09,3.53,3.27
20220707,1.55,1.9,1.95,2.64,2.87,3.03,3.05,3.05,3.07,3.01,3.45,3.2
20220706,1.36,1.7,1.9,2.62,2.82,2.97,2.99,2.96,2.99,2.93,3.42,3.14
20220705,1.33,1.71,1.9,2.59,2.77,2.82,2.82,2.82,2.87,2.82,3.31,3.05
20220701,1.27,1.68,1.73,2.52,2.79,2.84,2.85,2.88,2.92,2.88,3.35,3.11
20220630,1.28,1.68,1.72,2.51,2.8,2.92,2.99,3.01,3.04,2.98,3.38,3.14
20220629,1.12,1.53,1.78,2.55,2.88,3.06,3.13,3.15,3.17,3.1,3.46,3.22
20220628,1.12,1.59,1.79,2.55,2.88,3.1,3.21,3.25,3.27,3.2,3.55,3.3
20220627,1.16,1.57,1.79,2.56,2.89,3.08,3.21,3.24,3.27,3.2,3.56,3.31
20220624,1.19,1.6,1.73,2.51,2.83,3.04,3.13,3.18,3.19,3.13,3.51,3.26
20220623,1.12,1.54,1.65,2.44,2.78,3.01,3.12,3.14,3.16,3.09,3.45,3.21
20220622,0.98,1.42,1.61,2.4,2.79,3.06,3.2,3.22,3.24,3.16,3.49,3.25
20220621,1.08,1.48,1.7,2.46,2.92,3.21,3.35,3.38,3.39,3.31,3.63,3.39
20220617,1.15,1.5,1.63,2.25,2.86,3.17,3.35,3.34,3.34,3.25,3.55,3.3
20220616,1.19,1.47,1.59,2.24,2.88,3.14,3.33,3.35,3.36,3.28,3.59,3.35
20220615,1.21,1.56,1.74,2.32,2.93,3.2,3.35,3.38,3.39,3.33,3.64,3.39
20220614,1.19,1.55,1.83,2.43,3.15,3.45,3.6,3.61,3.6,3.49,3.72,3.45
20220613,1.13,1.45,1.73,2.25,2.89,3.4,3.56,3.56,3.53,3.43,3.68,3.42
20220610,1.1,1.25,1.39,1.98,2.58,3.06,3.21,3.25,3.24,3.15,3.45,3.2
20220609,1.05,1.17,1.3,1.81,2.35,2.83,2.99,3.07,3.08,3.04,3.4,3.18
20220608,0.89,1.1,1.28,1.77,2.29,2.78,2.94,3.03,3.06,3.03,3.4,3.18
20220607,0.87,1.08,1.26,1.75,2.26,2.75,2.91,2.99,3.02,2.98,3.35,3.13
20220606,0.88,1.07,1.26,1.74,2.23,2.73,2.94,3.03,3.07,3.04,3.41,3.19
20220603,0.87,1.05,1.21,1.68,2.18,2.66,2.87,2.95,2.99,2.96,3.33,3.11
20220602,0.85,1.05,1.17,1.64,2.15,2.65,2.83,2.92,2.95,2.92,3.3,3.09
20220601,0.77,0.9,1.15,1.63,2.16,2.66,2.84,2.94,2.98,2.94,3.31,3.09
20220531,0.73,0.89,1.16,1.64,2.08,2.53,2.71,2.81,2.87,2.85,3.28,3.07
20220527,0.69,0.91,1.08,1.54,2.01,2.47,2.64,2.71,2.76,2.74,3.16,2.97
20220526,0.71,0.9,1.07,1.52,1.99,2.46,2.63,2.7,2.75,2.75,3.18,2.99
20220525,0.58,0.88,1.06,1.52,2.01,2.48,2.63,2.71,2.76,2.75,3.14,2.97
20220524,0.55,0.88,1.06,1.53,2.02,2.5,2.66,2.76,2.8,2.76,3.16,2.98
20220523,0.55,0.9,1.07,1.57,2.09,2.65,2.8,2.88,2.9,2.86,3.26,3.08
20220520,0.63,0.87,1.03,1.51,2.07,2.6,2.73,2.8,2.82,2.78,3.17,2.99
20220519,0.65,0.91,1.05,1.52,2.11,2.63,2.78,2.84,2.87,2.84,3.24,3.05
20220518,0.56,0.85,1.03,1.56,2.16,2.68,2.84,2.89,2.91,2.89,3.24,3.07
20220517,0.61,0.85,1.06,1.57,2.16,2.71,2.89,2.96,3.0,2.98,3.36,3.17
20220516,0.64,0.85,1.07,1.54,2.07,2.58,2.75,2.83,2.89,2.88,3.3,3.09
20220513,0.67,0.79,1.03,1.47,2.04,2.61,2.79,2.89,2.95,2.93,3.32,3.1
20220512,0.61,0.77,0.96,1.44,1.96,2.56,2.73,2.81,2.86,2.84,3.22,3.0
20220511,0.59,0.77,0.91,1.43,1.99,2.66,2.81,2.89,2.94,2.91,3.25,3.05
20220510,0.57,0.75,0.89,1.44,2.01,2.62,2.81,2.91,2.99,2.99,3.31,3.12
20220509,0.51,0.73,0.92,1.43,1.99,2.61,2.81,2.95,3.04,3.05,3.38,3.19
20220506,0.48,0.72,0.85,1.41,2.08,2.72,2.94,3.06,3.13,3.12,3.43,3.23
20220505,0.49,0.71,0.85,1.37,2.08,2.71,2.91,3.01,3.07,3.05,3.35,3.15
20220504,0.49,0.74,0.89,1.44,2.07,2.66,2.85,2.93,2.97,2.93,3.21,3.01
20220503,0.48,0.77,0.91,1.45,2.16,2.78,2.95,3.01,3.03,2.97,3.21,3.03
20220502,0.41,0.71,0.9,1.49,2.1,2.73,2.93,3.01,3.04,2.99,3.26,3.07
20220429,0.37,0.73,0.85,1.41,2.1,2.7,2.87,2.92,2.94,2.89,3.14,2.96
20220428,0.37,0.71,0.82,1.38,2.04,2.63,2.8,2.86,2.88,2.85,3.1,2.92
20220427,0.37,0.63,0.82,1.39,1.97,2.58,2.75,2.81,2.84,2.82,3.08,2.91
20220426,0.38,0.61,0.83,1.4,1.99,2.54,2.72,2.79,2.8,2.77,3.03,2.86
20220425,0.4,0.61,0.91,1.42,2.03,2.63,2.79,2.84,2.85,2.81,3.06,2.88
20220422,0.46,0.64,0.83,1.34,2.06,2.72,2.88,2.94,2.95,2.9,3.14,2.95
20220421,0.5,0.65,0.83,1.32,2.01,2.68,2.87,2.96,2.96,2.9,3.12,2.94
20220420,0.35,0.56,0.82,1.29,1.93,2.6,2.79,2.87,2.88,2.85,3.08,2.9
20220419,0.37,0.58,0.81,1.28,1.94,2.61,2.81,2.91,2.95,2.93,3.19,3.01
20220418,0.38,0.6,0.81,1.27,1.84,2.46,2.68,2.79,2.85,2.85,3.12,2.95
20220414,0.37,0.57,0.79,1.25,1.84,2.47,2.67,2.79,2.84,2.83,3.09,2.92
20220413,0.26,0.52,0.75,1.2,1.78,2.37,2.57,2.66,2.71,2.7,2.97,2.81
20220412,0.21,0.52,0.74,1.2,1.77,2.39,2.58,2.66,2.73,2.72,2.99,2.82
20220411,0.22,0.54,0.77,1.23,1.85,2.5,2.73,2.79,2.84,2.79,3.02,2.84
20220408,0.2,0.49,0.7,1.19,1.81,2.53,2.73,2.76,2.79,2.72,2.94,2.76
20220407,0.21,0.5,0.68,1.15,1.78,2.47,2.66,2.7,2.73,2.66,2.87,2.69
20220406,0.21,0.44,0.67,1.15,1.79,2.5,2.67,2.7,2.69,2.61,2.81,2.63
20220405,0.18,0.42,0.65,1.13,1.77,2.51,2.69,2.69,2.65,2.54,2.74,2.57
20220404,0.18,0.42,0.66,1.14,1.72,2.43,2.61,2.56,2.52,2.42,2.64,2.48
20220401,0.15,0.37,0.53,1.09,1.72,2.44,2.61,2.55,2.5,2.39,2.6,2.44
20220331,0.17,0.35,0.52,1.06,1.63,2.28,2.45,2.42,2.4,2.32,2.59,2.44
20220330,0.16,0.33,0.55,1.04,1.64,2.31,2.49,2.44,2.43,2.35,2.63,2.48
20220329,0.18,0.34,0.55,1.06,1.67,2.35,2.54,2.49,2.5,2.41,2.68,2.53
20220328,0.19,0.36,0.59,1.08,1.69,2.35,2.55,2.54,2.55,2.46,2.72,2.57
20220325,0.17,0.32,0.55,1.01,1.67,2.3,2.51,2.55,2.56,2.48,2.74,2.6
20220324,0.16,0.31,0.52,0.96,1.55,2.13,2.35,2.37,2.39,2.34,2.63,2.51
20220323,0.15,0.27,0.5,0.93,1.52,2.13,2.32,2.34,2.37,2.32,2.65,2.52
20220322,0.2,0.3,0.51,0.96,1.59,2.18,2.38,2.39,2.42,2.38,2.71,2.6
20220321,0.22,0.33,0.54,0.95,1.4,2.14,2.34,2.33,2.36,2.32,2.67,2.55
20220318,0.19,0.28,0.42,0.83,1.29,1.97,2.15,2.14,2.17,2.14,2.53,2.42
20220317,0.2,0.3,0.4,0.81,1.3,1.94,2.14,2.17,2.22,2.2,2.6,2.5
20220316,0.24,0.3,0.44,0.86,1.35,1.95,2.14,2.18,2.22,2.19,2.56,2.46
20220315,0.22,0.31,0.46,0.86,1.28,1.85,2.04,2.1,2.16,2.15,2.57,2.49
20220314,0.23,0.32,0.45,0.86,1.28,1.87,2.04,2.1,2.16,2.14,2.56,2.47
20220311,0.17,0.28,0.4,0.78,1.22,1.75,1.91,1.96,2.01,2.0,2.45,2.36
20220310,0.19,0.28,0.39,0.75,1.19,1.72,1.88,1.92,1.98,1.98,2.45,2.38
20220309,0.18,0.26,0.38,0.75,1.15,1.68,1.83,1.87,1.92,1.94,2.38,2.29
20220308,0.16,0.24,0.36,0.72,1.12,1.63,1.78,1.8,1.85,1.86,2.34,2.24
20220307,0.17,0.23,0.38,0.75,1.07,1.55,1.68,1.71,1.77,1.78,2.29,2.19
20220304,0.15,0.21,0.34,0.69,1.05,1.5,1.62,1.65,1.7,1.74,2.23,2.16
20220303,0.19,0.25,0.38,0.69,1.08,1.53,1.69,1.74,1.82,1.86,2.32,2.24
20220302,0.13,0.24,0.34,0.68,1.06,1.5,1.67,1.74,1.83,1.86,2.32,2.24
20220301,0.11,0.21,0.32,0.6,0.91,1.31,1.47,1.56,1.67,1.72,2.19,2.11
20220228,0.06,0.2,0.35,0.69,1.01,1.44,1.62,1.71,1.81,1.83,2.25,2.17
20220225,0.03,0.2,0.33,0.71,1.13,1.55,1.76,1.86,1.96,1.97,2.37,2.29
20220224,0.05,0.18,0.32,0.65,1.08,1.54,1.73,1.84,1.94,1.96,2.36,2.28
20220223,0.02,0.2,0.34,0.74,1.16,1.58,1.78,1.89,1.98,1.99,2.36,2.29
20220222,0.03,0.2,0.37,0.73,1.17,1.56,1.74,1.85,1.93,1.94,2.31,2.24
20220218,0.03,0.19,0.35,0.65,1.03,1.47,1.68,1.82,1.9,1.92,2.3,2.24
20220217,0.06,0.23,0.36,0.65,1.05,1.49,1.7,1.85,1.94,1.97,2.35,2.31
20220216,0.03,0.17,0.38,0.67,1.09,1.52,1.75,1.9,2.0,2.03,2.39,2.34
20220215,0.02,0.19,0.4,0.72,1.11,1.58,1.8,1.94,2.03,2.05,2.42,2.37
20220214,0.03,0.25,0.43,0.76,1.13,1.58,1.8,1.9,1.98,1.98,2.35,2.29
20220211,0.03,0.22,0.36,0.71,1.07,1.5,1.71,1.84,1.92,1.92,2.3,2.24
20220210,0.05,0.31,0.4,0.74,1.14,1.61,1.82,1.96,2.03,2.03,2.37,2.3
20220209,0.04,0.15,0.26,0.57,0.91,1.36,1.61,1.82,1.92,1.94,2.31,2.25
20220208,0.03,0.14,0.25,0.59,0.91,1.35,1.59,1.81,1.93,1.96,2.31,2.25
20220207,0.03,0.14,0.27,0.58,0.88,1.3,1.54,1.76,1.88,1.92,2.28,2.22
20220204,0.05,0.12,0.23,0.56,0.89,1.31,1.55,1.78,1.9,1.93,2.29,2.23
20220203,0.03,0.15,0.2,0.48,0.78,1.19,1.42,1.66,1.78,1.82,2.2,2.14
20220202,0.04,0.1,0.19,0.45,0.76,1.16,1.38,1.6,1.74,1.78,2.17,2.11
20220201,0.04,0.1,0.19,0.48,0.78,1.18,1.39,1.63,1.76,1.81,2.19,2.12
20220131,0.03,0.13,0.22,0.49,0.78,1.18,1.39,1.62,1.75,1.79,2.17,2.11
20220128,0.04,0.1,0.19,0.43,0.75,1.15,1.38,1.61,1.74,1.78,2.14,2.07
20220127,0.04,0.14,0.2,0.43,0.75,1.18,1.43,1.66,1.78,1.81,2.17,2.09
20220126,0.06,0.11,0.19,0.4,0.7,1.13,1.39,1.66,1.81,1.85,2.22,2.16
20220125,0.05,0.09,0.19,0.39,0.65,1.02,1.28,1.56,1.73,1.78,2.18,2.12
20220124,0.05,0.09,0.19,0.39,0.58,0.99,1.25,1.53,1.69,1.75,2.15,2.1
20220121,0.05,0.08,0.17,0.35,0.58,1.01,1.28,1.54,1.7,1.75,2.13,2.07
20220120,0.05,0.09,0.17,0.36,0.6,1.08,1.34,1.62,1.77,1.83,2.19,2.14
20220119,0.05,0.06,0.17,0.36,0.57,1.04,1.33,1.62,1.78,1.83,2.2,2.14
20220118,0.05,0.06,0.16,0.37,0.58,1.06,1.35,1.65,1.82,1.87,2.24,2.18
20220114,0.05,0.05,0.13,0.3,0.51,0.99,1.26,1.55,1.72,1.78,2.18,2.12
20220113,0.05,0.05,0.12,0.28,0.47,0.91,1.18,1.47,1.64,1.7,2.1,2.05
20220112,0.04,0.06,0.12,0.27,0.48,0.92,1.21,1.5,1.67,1.74,2.13,2.08
20220111,0.04,0.05,0.11,0.28,0.46,0.9,1.22,1.51,1.69,1.75,2.13,2.08
20220110,0.05,0.06,0.13,0.28,0.46,0.92,1.21,1.53,1.71,1.78,2.15,2.11
20220107,0.05,0.05,0.1,0.24,0.43,0.87,1.17,1.5,1.69,1.76,2.15,2.11
20220106,0.04,0.05,0.1,0.23,0.45,0.88,1.15,1.47,1.66,1.73,2.12,2.09
20220105,0.05,0.06,0.09,0.22,0.41,0.83,1.1,1.43,1.62,1.71,2.12,2.09
20220104,0.06,0.05,0.08,0.22,0.38,0.77,1.02,1.37,1.57,1.66,2.1,2.07
20220103,0.05,0.06,0.08,0.22,0.4,0.78,1.04,1.37,1.55,1.63,2.05,2.01
20231229,5.6,5.59,5.4,5.26,4.79,4.23,4.01,3.84,3.88,3.88,4.2,4.03
20231228,5.57,5.55,5.45,5.28,4.82,4.26,4.02,3.83,3.84,3.84,4.14,3.98
20231227,5.55,5.53,5.44,5.26,4.79,4.2,3.97,3.78,3.81,3.79,4.1,3.95
20231226,5.53,5.52,5.45,5.28,4.83,4.26,4.05,3.89,3.91,3.89,4.2,4.04
20231222,5.54,5.52,5.44,5.31,4.82,4.31,4.04,3.87,3.92,3.9,4.21,4.05
20231221,5.54,5.53,5.42,5.31,4.84,4.33,4.06,3.87,3.91,3.89,4.19,4.03
20231220,5.5,5.49,5.44,5.33,4.88,4.34,4.06,3.86,3.88,3.86,4.17,3.98
20231219,5.51,5.51,5.43,5.35,4.93,4.41,4.15,3.94,3.96,3.93,4.23,4.03
20231218,5.52,5.52,5.46,5.36,4.95,4.43,4.15,3.94,3.97,3.95,4.23,4.05
20231215,5.54,5.54,5.44,5.33,4.95,4.44,4.13,3.91,3.94,3.91,4.19,4.0
20231214,5.54,5.54,5.43,5.31,4.9,4.37,4.09,3.9,3.93,3.92,4.21,4.03
20231213,5.52,5.52,5.44,5.33,4.94,4.46,4.18,4.0,4.04,4.04,4.36,4.19
20231212,5.53,5.53,5.46,5.41,5.14,4.73,4.42,4.23,4.24,4.2,4.48,4.3
20231211,5.55,5.54,5.47,5.4,5.14,4.71,4.42,4.25,4.27,4.23,4.51,4.32
20231208,5.54,5.53,5.44,5.39,5.13,4.71,4.45,4.24,4.28,4.23,4.49,4.31
20231207,5.53,5.54,5.44,5.36,5.05,4.58,4.31,4.11,4.16,4.14,4.42,4.25
20231206,5.54,5.5,5.45,5.38,5.07,4.6,4.33,4.12,4.16,4.12,4.4,4.22
20231205,5.54,5.51,5.45,5.37,5.06,4.57,4.33,4.14,4.2,4.18,4.48,4.3
20231204,5.55,5.53,5.46,5.41,5.1,4.64,4.4,4.23,4.3,4.28,4.61,4.43
20231201,5.55,5.53,5.43,5.33,5.05,4.56,4.31,4.14,4.22,4.22,4.58,4.4
20231130,5.56,5.54,5.45,5.38,5.16,4.73,4.48,4.31,4.38,4.37,4.72,4.54
20231129,5.53,5.52,5.45,5.38,5.12,4.64,4.4,4.22,4.28,4.27,4.62,4.44
20231128,5.53,5.53,5.47,5.42,5.21,4.73,4.49,4.29,4.36,4.34,4.7,4.52
20231127,5.54,5.54,5.49,5.45,5.24,4.84,4.6,4.38,4.43,4.39,4.72,4.53
20231124,5.55,5.56,5.54,5.45,5.27,4.92,4.67,4.49,4.51,4.47,4.79,4.6
20231122,5.54,5.55,5.54,5.42,5.26,4.89,4.62,4.44,4.46,4.42,4.73,4.55
20231121,5.52,5.54,5.53,5.42,5.24,4.86,4.6,4.41,4.44,4.41,4.75,4.57
20231120,5.53,5.55,5.54,5.43,5.25,4.89,4.62,4.44,4.46,4.42,4.74,4.57
20231117,5.52,5.54,5.5,5.39,5.24,4.88,4.64,4.45,4.47,4.44,4.8,4.59
20231116,5.53,5.55,5.51,5.38,5.23,4.83,4.59,4.43,4.47,4.45,4.82,4.63
20231115,5.52,5.54,5.53,5.41,5.27,4.9,4.68,4.52,4.56,4.53,4.87,4.68
20231114,5.52,5.55,5.52,5.41,5.24,4.8,4.56,4.42,4.45,4.44,4.8,4.61
20231113,5.53,5.55,5.55,5.48,5.37,5.02,4.8,4.66,4.69,4.63,4.95,4.75
20231110,5.53,5.55,5.53,5.46,5.38,5.04,4.8,4.65,4.68,4.61,4.93,4.73
20231109,5.53,5.56,5.54,5.46,5.39,5.03,4.77,4.65,4.68,4.62,4.97,4.77
20231108,5.52,5.54,5.54,5.46,5.34,4.93,4.65,4.51,4.54,4.49,4.82,4.64
20231107,5.53,5.56,5.55,5.47,5.33,4.91,4.64,4.53,4.58,4.58,4.91,4.75
20231106,5.53,5.56,5.56,5.47,5.33,4.93,4.72,4.6,4.66,4.67,5.0,4.84
20231103,5.53,5.56,5.53,5.45,5.29,4.83,4.62,4.49,4.55,4.57,4.93,4.77
20231102,5.52,5.56,5.54,5.5,5.38,4.98,4.78,4.65,4.68,4.67,4.99,4.82
20231101,5.56,5.55,5.57,5.51,5.37,4.95,4.76,4.67,4.75,4.77,5.13,4.96
20231031,5.56,5.57,5.59,5.54,5.44,5.07,4.9,4.82,4.89,4.88,5.21,5.04
20231030,5.56,5.57,5.6,5.53,5.41,5.03,4.87,4.8,4.88,4.88,5.21,5.04
20231027,5.57,5.57,5.59,5.55,5.39,4.99,4.84,4.76,4.83,4.84,5.19,5.03
20231026,5.57,5.57,5.59,5.55,5.39,5.02,4.89,4.79,4.86,4.86,5.19,5.01
20231025,5.56,5.57,5.59,5.57,5.43,5.08,4.98,4.89,4.98,4.95,5.27,5.09
20231024,5.57,5.57,5.58,5.57,5.41,5.02,4.91,4.82,4.86,4.83,5.15,4.96
20231023,5.57,5.57,5.58,5.56,5.42,5.05,4.89,4.81,4.87,4.86,5.19,5.01
20231020,5.56,5.56,5.58,5.54,5.41,5.07,4.93,4.86,4.93,4.93,5.27,5.09
20231019,5.58,5.57,5.6,5.56,5.44,5.14,5.01,4.95,5.0,4.98,5.3,5.11
20231018,5.57,5.56,5.61,5.58,5.47,5.19,5.03,4.92,4.95,4.91,5.2,5.0
20231017,5.58,5.58,5.62,5.6,5.48,5.19,5.01,4.86,4.88,4.83,5.14,4.94
20231016,5.57,5.58,5.61,5.58,5.42,5.09,4.87,4.72,4.74,4.71,5.06,4.87
20231013,5.6,5.58,5.62,5.57,5.41,5.04,4.8,4.65,4.66,4.63,4.97,4.78
20231012,5.61,5.59,5.63,5.58,5.43,5.06,4.82,4.69,4.73,4.7,5.05,4.86
20231011,5.58,5.59,5.61,5.56,5.38,4.99,4.73,4.59,4.61,4.58,4.92,4.73
20231010,5.6,5.61,5.61,5.57,5.37,4.96,4.74,4.62,4.66,4.66,5.03,4.85
20231006,5.59,5.6,5.63,5.59,5.43,5.08,4.87,4.75,4.79,4.78,5.13,4.95
20231005,5.57,5.59,5.61,5.56,5.39,5.03,4.82,4.68,4.73,4.72,5.06,4.89
20231004,5.56,5.58,5.61,5.57,5.42,5.05,4.85,4.72,4.75,4.73,5.05,4.87
20231003,5.55,5.6,5.62,5.58,5.49,5.15,4.95,4.8,4.84,4.81,5.13,4.95
20231002,5.56,5.6,5.62,5.58,5.49,5.12,4.88,4.72,4.73,4.69,5.0,4.81
20230929,5.55,5.6,5.55,5.53,5.46,5.03,4.8,4.6,4.61,4.59,4.92,4.73
20230928,5.56,5.61,5.56,5.53,5.46,5.04,4.83,4.62,4.63,4.59,4.9,4.71
20230927,5.54,5.59,5.58,5.53,5.49,5.1,4.89,4.67,4.69,4.61,4.91,4.73
20230926,5.54,5.58,5.58,5.53,5.45,5.04,4.84,4.62,4.62,4.56,4.86,4.7
20230925,5.54,5.58,5.58,5.52,5.45,5.09,4.83,4.62,4.61,4.55,4.84,4.67
20230922,5.52,5.58,5.56,5.52,5.46,5.1,4.8,4.57,4.53,4.44,4.7,4.53
20230921,5.52,5.57,5.57,5.52,5.46,5.12,4.85,4.61,4.57,4.49,4.74,4.56
20230920,5.53,5.57,5.56,5.51,5.47,5.12,4.82,4.52,4.46,4.35,4.57,4.4
20230919,5.53,5.56,5.54,5.51,5.45,5.08,4.79,4.51,4.47,4.37,4.6,4.43
20230918,5.53,5.56,5.55,5.51,5.44,5.05,4.74,4.46,4.41,4.32,4.57,4.4
20230915,5.51,5.56,5.56,5.49,5.43,5.02,4.72,4.45,4.41,4.33,4.59,4.42
20230914,5.52,5.57,5.55,5.5,5.42,5.0,4.68,4.42,4.38,4.29,4.57,4.39
20230913,5.53,5.56,5.55,5.51,5.42,4.96,4.64,4.39,4.34,4.25,4.52,4.34
20230912,5.52,5.56,5.56,5.53,5.42,4.98,4.66,4.41,4.36,4.27,4.54,4.35
20230911,5.52,5.56,5.55,5.51,5.4,4.97,4.64,4.4,4.37,4.29,4.56,4.37
20230908,5.52,5.56,5.55,5.49,5.42,4.98,4.68,4.39,4.35,4.26,4.52,4.33
20230907,5.52,5.56,5.53,5.5,5.4,4.94,4.66,4.38,4.35,4.27,4.55,4.36
20230906,5.52,5.55,5.55,5.52,5.44,5.01,4.73,4.44,4.39,4.3,4.56,4.37
20230905,5.51,5.56,5.55,5.51,5.42,4.94,4.65,4.37,4.35,4.27,4.56,4.38
20230901,5.51,5.55,5.53,5.47,5.36,4.87,4.57,4.29,4.27,4.18,4.48,4.29
20230831,5.52,5.55,5.56,5.48,5.37,4.85,4.54,4.23,4.19,4.09,4.39,4.2
20230830,5.55,5.53,5.56,5.51,5.39,4.9,4.57,4.27,4.22,4.12,4.42,4.23
20230829,5.54,5.53,5.56,5.52,5.37,4.87,4.56,4.26,4.21,4.12,4.42,4.23
20230828,5.56,5.53,5.58,5.56,5.44,4.98,4.69,4.38,4.32,4.2,4.48,4.29
20230825,5.56,5.53,5.61,5.61,5.44,5.03,4.72,4.44,4.37,4.25,4.5,4.3
20230824,5.55,5.53,5.58,5.59,5.39,4.98,4.69,4.39,4.34,4.23,4.49,4.3
20230823,5.54,5.53,5.57,5.55,5.35,4.95,4.64,4.36,4.3,4.19,4.46,4.27
20230822,5.54,5.53,5.57,5.57,5.39,5.02,4.75,4.49,4.44,4.34,4.61,4.42
20230821,5.55,5.53,5.57,5.58,5.37,4.97,4.7,4.46,4.42,4.34,4.64,4.45
20230818,5.53,5.52,5.55,5.52,5.35,4.92,4.63,4.38,4.34,4.26,4.55,4.38
20230817,5.55,5.52,5.56,5.53,5.36,4.94,4.67,4.42,4.38,4.3,4.58,4.41
20230816,5.52,5.53,5.56,5.54,5.37,4.97,4.68,4.42,4.37,4.28,4.55,4.38
20230815,5.53,5.52,5.56,5.55,5.36,4.92,4.64,4.36,4.31,4.21,4.49,4.32
20230814,5.55,5.52,5.56,5.56,5.37,4.96,4.64,4.36,4.29,4.19,4.46,4.29
20230811,5.54,5.51,5.54,5.52,5.36,4.89,4.56,4.31,4.26,4.16,4.45,4.27
20230810,5.55,5.52,5.54,5.52,5.33,4.82,4.47,4.21,4.17,4.09,4.41,4.24
20230809,5.51,5.52,5.55,5.54,5.35,4.79,4.41,4.12,4.07,4.0,4.33,4.18
20230808,5.54,5.53,5.57,5.53,5.35,4.74,4.36,4.1,4.06,4.02,4.35,4.2
20230807,5.54,5.51,5.56,5.53,5.3,4.76,4.44,4.16,4.13,4.09,4.42,4.27
20230804,5.54,5.51,5.54,5.5,5.33,4.78,4.45,4.15,4.1,4.05,4.36,4.21
20230803,5.54,5.52,5.54,5.52,5.37,4.9,4.58,4.3,4.26,4.2,4.49,4.32
20230802,5.48,5.53,5.53,5.52,5.36,4.88,4.54,4.24,4.17,4.08,4.35,4.17
20230801,5.49,5.54,5.54,5.54,5.38,4.92,4.57,4.24,4.15,4.05,4.3,4.11
20230731,5.48,5.54,5.55,5.53,5.37,4.88,4.51,4.18,4.08,3.97,4.22,4.02
20230728,5.47,5.54,5.52,5.54,5.37,4.87,4.52,4.18,4.08,3.96,4.22,4.03
20230727,5.47,5.55,5.51,5.56,5.4,4.91,4.58,4.24,4.13,4.01,4.26,4.06
20230726,5.46,5.53,5.51,5.55,5.37,4.82,4.47,4.09,3.99,3.86,4.12,3.94
20230725,5.46,5.54,5.51,5.57,5.38,4.85,4.53,4.15,4.05,3.91,4.14,3.95
20230724,5.44,5.54,5.51,5.55,5.38,4.81,4.48,4.13,4.0,3.86,4.11,3.92
20230721,5.43,5.54,5.5,5.53,5.35,4.82,4.44,4.09,3.97,3.84,4.1,3.91
20230720,5.44,5.53,5.49,5.52,5.35,4.8,4.43,4.08,3.98,3.85,4.1,3.91
20230719,5.37,5.51,5.49,5.51,5.32,4.74,4.34,3.98,3.87,3.75,4.01,3.84
20230718,5.37,5.5,5.49,5.51,5.32,4.74,4.35,4.0,3.9,3.8,4.08,3.91
20230717,5.37,5.51,5.49,5.52,5.33,4.74,4.34,4.02,3.91,3.81,4.1,3.94
20230714,5.37,5.49,5.49,5.52,5.34,4.74,4.35,4.04,3.94,3.83,4.11,3.93
20230713,5.37,5.5,5.47,5.49,5.27,4.59,4.21,3.93,3.85,3.76,4.07,3.9
20230712,5.36,5.49,5.47,5.53,5.35,4.72,4.36,4.07,3.97,3.86,4.14,3.96
20230711,5.35,5.48,5.49,5.55,5.44,4.88,4.52,4.24,4.13,3.99,4.22,4.03
20230710,5.34,5.47,5.48,5.54,5.38,4.85,4.54,4.25,4.14,4.01,4.24,4.05
20230707,5.32,5.47,5.46,5.53,5.41,4.94,4.64,4.35,4.23,4.06,4.27,4.05
20230706,5.32,5.47,5.46,5.54,5.44,4.99,4.68,4.37,4.22,4.05,4.23,4.01
20230705,5.28,5.38,5.44,5.52,5.4,4.94,4.59,4.25,4.11,3.95,4.17,3.95
20230703,5.27,5.4,5.44,5.53,5.43,4.94,4.56,4.19,4.03,3.86,4.08,3.87
20230630,5.24,5.39,5.43,5.47,5.4,4.87,4.49,4.13,3.97,3.81,4.06,3.85
20230629,5.25,5.4,5.46,5.5,5.41,4.87,4.49,4.14,3.99,3.85,4.11,3.92
20230628,5.17,5.32,5.44,5.47,5.32,4.71,4.32,3.97,3.83,3.71,4.0,3.81
20230627,5.17,5.31,5.44,5.46,5.33,4.74,4.38,4.02,3.9,3.77,4.03,3.84
20230626,5.17,5.31,5.5,5.45,5.27,4.65,4.3,3.96,3.85,3.72,4.01,3.83
20230623,5.17,5.3,5.41,5.41,5.25,4.71,4.32,3.99,3.88,3.74,4.01,3.82
20230622,5.18,5.31,5.4,5.41,5.29,4.77,4.37,4.03,3.92,3.8,4.06,3.88
20230621,5.16,5.27,5.4,5.41,5.25,4.68,4.29,3.95,3.84,3.72,3.99,3.81
20230620,5.17,5.26,5.39,5.41,5.24,4.68,4.29,3.96,3.85,3.74,4.01,3.83
20230616,5.18,5.27,5.34,5.35,5.24,4.7,4.32,3.99,3.88,3.77,4.05,3.86
20230615,5.18,5.25,5.33,5.33,5.21,4.62,4.23,3.91,3.82,3.72,4.02,3.85
20230614,5.18,5.25,5.36,5.36,5.27,4.74,4.37,4.06,3.95,3.83,4.09,3.9
20230613,5.19,5.24,5.36,5.36,5.26,4.67,4.3,4.01,3.94,3.84,4.12,3.94
20230612,5.24,5.31,5.4,5.38,5.18,4.55,4.16,3.89,3.82,3.73,4.04,3.87
20230609,5.25,5.32,5.37,5.39,5.17,4.59,4.23,3.92,3.84,3.75,4.05,3.89
20230608,5.25,5.29,5.38,5.39,5.12,4.52,4.17,3.87,3.8,3.73,4.05,3.89
20230607,5.07,5.26,5.42,5.43,5.16,4.56,4.21,3.93,3.88,3.79,4.12,3.95
20230606,5.15,5.26,5.44,5.44,5.2,4.51,4.15,3.85,3.78,3.7,4.02,3.87
20230605,5.25,5.35,5.46,5.46,5.17,4.46,4.1,3.82,3.77,3.69,4.03,3.89
20230602,5.28,5.39,5.5,5.5,5.22,4.5,4.13,3.84,3.78,3.69,4.03,3.88
20230601,5.3,5.39,5.5,5.44,5.11,4.33,3.98,3.7,3.66,3.61,3.98,3.84
20230531,5.28,5.37,5.52,5.46,5.18,4.4,4.04,3.74,3.69,3.64,4.01,3.85
20230530,5.31,5.31,5.55,5.52,5.22,4.46,4.1,3.81,3.75,3.69,4.06,3.9
20230526,6.02,5.47,5.34,5.44,5.25,4.54,4.23,3.92,3.86,3.8,4.13,3.96
20230525,5.95,5.44,5.38,5.46,5.24,4.5,4.21,3.9,3.86,3.83,4.16,4.01
20230524,5.73,5.22,5.37,5.42,5.12,4.31,4.04,3.75,3.76,3.73,4.1,3.97
20230523,5.67,5.26,5.34,5.39,5.06,4.26,3.99,3.76,3.73,3.7,4.08,3.96
20230522,5.69,5.35,5.4,5.43,5.07,4.29,3.98,3.77,3.74,3.72,4.09,3.97
20230519,5.62,5.27,5.29,5.36,5.02,4.28,3.98,3.76,3.74,3.7,4.07,3.95
20230518,5.59,5.22,5.31,5.38,5.02,4.24,3.94,3.69,3.67,3.65,4.02,3.91
20230517,5.5,5.06,5.26,5.3,4.92,4.12,3.8,3.58,3.58,3.57,3.96,3.88
20230516,5.58,4.98,5.23,5.26,4.88,4.06,3.74,3.52,3.53,3.54,3.96,3.87
20230515,5.64,4.97,5.21,5.24,4.73,3.99,3.67,3.46,3.48,3.5,3.92,3.84
20230512,5.79,4.87,5.25,5.16,4.75,3.98,3.65,3.45,3.45,3.46,3.87,3.78
20230511,5.81,4.82,5.2,5.14,4.7,3.89,3.56,3.36,3.37,3.39,3.82,3.73
20230510,5.5,4.99,5.24,5.13,4.7,3.9,3.55,3.37,3.4,3.43,3.88,3.8
20230509,5.56,5.16,5.29,5.18,4.81,4.01,3.67,3.51,3.51,3.53,3.94,3.85
20230508,5.51,5.17,5.31,5.14,4.79,4.0,3.7,3.49,3.5,3.52,3.92,3.84
20230505,5.59,5.23,5.26,5.13,4.73,3.92,3.63,3.41,3.41,3.44,3.85,3.76
20230504,5.76,5.24,5.26,5.04,4.59,3.75,3.47,3.29,3.32,3.37,3.8,3.73
20230503,4.7,5.33,5.26,5.08,4.7,3.89,3.58,3.37,3.37,3.38,3.79,3.7
20230502,4.56,5.33,5.24,5.06,4.74,3.97,3.67,3.46,3.44,3.44,3.82,3.72
20230501,4.49,5.17,5.27,5.14,4.86,4.14,3.85,3.64,3.62,3.59,3.95,3.84
20230428,4.35,5.14,5.1,5.06,4.8,4.04,3.75,3.51,3.49,3.44,3.8,3.67
20230427,4.27,5.13,5.18,5.05,4.78,4.07,3.82,3.6,3.57,3.53,3.88,3.76
20230426,3.91,5.07,5.16,5.0,4.64,3.9,3.65,3.46,3.45,3.43,3.81,3.7
20230425,4.11,5.05,5.12,4.98,4.6,3.86,3.62,3.43,3.42,3.4,3.77,3.65
20230424,3.54,5.09,5.2,5.06,4.76,4.12,3.84,3.6,3.56,3.52,3.85,3.73
20230421,3.36,4.98,5.14,5.07,4.78,4.17,3.89,3.66,3.62,3.57,3.9,3.78
20230420,3.4,5.04,5.12,5.06,4.77,4.14,3.87,3.63,3.59,3.54,3.87,3.75
20230419,3.95,5.03,5.16,5.1,4.84,4.24,3.97,3.71,3.66,3.6,3.9,3.79
20230418,3.89,5.04,5.2,5.09,4.81,4.19,3.92,3.69,3.63,3.58,3.91,3.79
20230417,4.09,5.04,5.21,5.07,4.8,4.18,3.92,3.69,3.64,3.6,3.92,3.81
20230414,4.29,4.98,5.14,5.03,4.77,4.08,3.83,3.6,3.56,3.52,3.85,3.74
20230413,4.08,4.96,5.1,4.95,4.66,3.96,3.7,3.51,3.48,3.45,3.8,3.69
20230412,4.27,4.89,5.02,4.98,4.64,3.95,3.68,3.46,3.43,3.41,3.75,3.64
20230411,4.27,4.89,5.04,4.99,4.67,4.03,3.76,3.54,3.48,3.43,3.75,3.62
20230410,4.53,4.89,5.08,4.98,4.65,4.0,3.75,3.52,3.47,3.41,3.74,3.62
20230407,4.56,4.9,4.95,4.95,4.61,3.97,3.72,3.49,3.45,3.39,3.73,3.61
20230406,4.57,4.85,4.91,4.93,4.51,3.82,3.59,3.37,3.34,3.3,3.66,3.54
20230405,4.62,4.77,4.86,4.82,4.43,3.79,3.55,3.36,3.34,3.3,3.67,3.56
20230404,4.66,4.8,4.88,4.8,4.5,3.84,3.6,3.39,3.38,3.35,3.72,3.6
20230403,4.7,4.79,4.9,4.88,4.6,3.97,3.73,3.52,3.48,3.43,3.78,3.64
20230331,4.74,4.79,4.85,4.94,4.64,4.06,3.81,3.6,3.55,3.48,3.81,3.67
20230330,4.74,4.77,4.97,4.92,4.63,4.1,3.87,3.66,3.61,3.55,3.88,3.74
20230329,4.34,4.5,4.8,4.92,4.59,4.08,3.87,3.67,3.62,3.57,3.91,3.78
20230328,4.24,4.39,4.8,4.9,4.55,4.02,3.84,3.63,3.6,3.55,3.9,3.77
20230327,4.22,4.47,4.91,4.86,4.51,3.94,3.79,3.59,3.57,3.53,3.9,3.77
20230324,4.28,4.48,4.74,4.76,4.32,3.76,3.58,3.41,3.4,3.38,3.77,3.64
20230323,4.26,4.48,4.73,4.8,4.38,3.76,3.57,3.39,3.39,3.38,3.78,3.66
20230322,4.16,4.56,4.79,4.95,4.56,3.96,3.76,3.54,3.53,3.48,3.83,3.68
20230321,4.07,4.5,4.78,4.96,4.68,4.17,3.98,3.73,3.68,3.59,3.9,3.73
20230320,4.34,4.56,4.81,4.8,4.34,3.92,3.77,3.56,3.55,3.47,3.83,3.65
20230317,4.31,4.51,4.52,4.71,4.26,3.81,3.68,3.44,3.45,3.39,3.76,3.6
20230316,4.22,4.66,4.74,4.94,4.49,4.14,3.99,3.72,3.67,3.56,3.87,3.71
20230315,4.23,4.56,4.75,4.73,4.19,3.93,3.83,3.59,3.57,3.51,3.82,3.7
20230314,4.47,4.77,4.88,4.93,4.45,4.2,4.05,3.78,3.74,3.64,3.91,3.77
20230313,4.62,4.81,4.87,4.81,4.3,4.03,3.88,3.68,3.65,3.55,3.85,3.7
20230310,4.81,4.91,5.01,5.17,4.9,4.6,4.31,3.96,3.86,3.7,3.9,3.7
20230309,4.83,4.96,5.05,5.32,5.18,4.9,4.56,4.22,4.1,3.93,4.09,3.88
20230308,4.77,4.88,5.06,5.34,5.25,5.05,4.71,4.34,4.19,3.98,4.11,3.88
20230307,4.8,4.88,5.04,5.32,5.22,5.0,4.66,4.31,4.17,3.97,4.11,3.88
20230306,4.75,4.79,4.93,5.22,5.05,4.89,4.61,4.27,4.16,3.98,4.14,3.92
20230303,4.75,4.79,4.91,5.18,5.03,4.86,4.6,4.26,4.15,3.97,4.12,3.9
20230302,4.75,4.8,4.91,5.18,5.04,4.89,4.63,4.32,4.24,4.08,4.24,4.03
20230301,4.67,4.82,4.9,5.2,5.06,4.89,4.61,4.27,4.17,4.01,4.17,3.97
20230228,4.65,4.81,4.88,5.17,5.02,4.81,4.51,4.18,4.07,3.92,4.1,3.93
20230227,4.67,4.83,4.89,5.18,5.03,4.78,4.49,4.17,4.08,3.92,4.11,3.93
20230224,4.68,4.83,4.86,5.06,5.05,4.78,4.52,4.19,4.1,3.95,4.11,3.93
20230223,4.66,4.83,4.84,5.05,5.03,4.66,4.4,4.09,4.02,3.88,4.04,3.88
20230222,4.62,4.81,4.84,5.08,5.07,4.66,4.43,4.13,4.07,3.93,4.09,3.94
20230221,4.63,4.83,4.86,5.07,5.07,4.67,4.44,4.16,4.08,3.95,4.12,3.98
20230217,4.64,4.81,4.84,4.99,5.0,4.6,4.33,4.03,3.95,3.82,4.01,3.88
20230216,4.66,4.8,4.84,4.98,4.99,4.62,4.35,4.06,3.98,3.86,4.05,3.92
20230215,4.64,4.79,4.79,4.97,4.96,4.62,4.35,4.04,3.94,3.81,3.97,3.85
20230214,4.63,4.78,4.8,4.98,4.99,4.6,4.32,4.0,3.9,3.77,3.94,3.81
20230213,4.66,4.78,4.81,4.99,4.91,4.52,4.22,3.93,3.84,3.72,3.92,3.79
20230210,4.66,4.77,4.79,4.89,4.89,4.5,4.19,3.93,3.86,3.74,3.96,3.83
20230209,4.66,4.77,4.77,4.9,4.88,4.48,4.15,3.87,3.79,3.67,3.9,3.75
20230208,4.64,4.69,4.72,4.88,4.87,4.45,4.08,3.82,3.75,3.63,3.86,3.7
20230207,4.62,4.68,4.71,4.89,4.88,4.47,4.11,3.85,3.78,3.67,3.87,3.72
20230206,4.61,4.67,4.71,4.89,4.85,4.44,4.1,3.81,3.73,3.63,3.82,3.67
20230203,4.61,4.67,4.7,4.82,4.79,4.3,3.96,3.67,3.61,3.53,3.77,3.63
20230202,4.62,4.65,4.66,4.76,4.64,4.09,3.75,3.49,3.44,3.4,3.67,3.55
20230201,4.59,4.63,4.66,4.79,4.66,4.09,3.75,3.48,3.43,3.39,3.67,3.55
20230131,4.58,4.64,4.7,4.8,4.68,4.21,3.9,3.63,3.59,3.52,3.78,3.65
20230130,4.6,4.64,4.72,4.82,4.71,4.25,3.96,3.68,3.62,3.55,3.79,3.66
20230127,4.61,4.64,4.73,4.81,4.68,4.19,3.9,3.62,3.58,3.52,3.77,3.64
20230126,4.61,4.65,4.71,4.79,4.68,4.17,3.88,3.58,3.54,3.49,3.75,3.62
20230125,4.67,4.65,4.72,4.79,4.67,4.11,3.84,3.54,3.51,3.46,3.74,3.62
20230124,4.7,4.67,4.72,4.84,4.7,4.12,3.86,3.58,3.52,3.46,3.73,3.62
20230123,4.69,4.65,4.73,4.82,4.7,4.21,3.88,3.61,3.56,3.52,3.8,3.69
20230120,4.69,4.64,4.72,4.8,4.68,4.14,3.83,3.56,3.51,3.48,3.77,3.66
20230119,4.69,4.66,4.71,4.79,4.65,4.09,3.76,3.48,3.43,3.39,3.69,3.57
20230118,4.59,4.62,4.69,4.79,4.63,4.06,3.72,3.43,3.4,3.37,3.65,3.54
20230117,4.6,4.63,4.71,4.82,4.67,4.18,3.86,3.6,3.57,3.53,3.81,3.64
20230113,4.58,4.59,4.67,4.77,4.69,4.22,3.88,3.6,3.55,3.49,3.79,3.61
20230112,4.57,4.59,4.66,4.76,4.66,4.12,3.79,3.53,3.48,3.43,3.73,3.56
20230111,4.42,4.62,4.72,4.84,4.73,4.2,3.9,3.66,3.61,3.54,3.84,3.67
20230110,4.41,4.62,4.73,4.85,4.74,4.24,3.94,3.72,3.67,3.61,3.91,3.74
20230109,4.37,4.58,4.7,4.83,4.69,4.19,3.93,3.66,3.6,3.53,3.83,3.66
20230106,4.32,4.55,4.67,4.79,4.71,4.24,3.96,3.69,3.63,3.55,3.84,3.67
20230105,4.3,4.55,4.66,4.81,4.78,4.45,4.18,3.9,3.82,3.71,3.96,3.78
20230104,4.2,4.42,4.55,4.77,4.71,4.36,4.11,3.85,3.79,3.69,3.97,3.81
20230103,4.17,4.42,4.53,4.77,4.72,4.4,4.18,3.94,3.89,3.79,4.06,3.88
20241231,4.4,4.39,4.37,4.24,4.16,4.25,4.27,4.38,4.48,4.58,4.86,4.78
20241230,4.43,4.42,4.37,4.25,4.17,4.24,4.29,4.37,4.46,4.55,4.84,4.77
20241227,4.44,4.43,4.31,4.29,4.2,4.31,4.36,4.45,4.53,4.62,4.89,4.82
20241226,4.45,4.45,4.35,4.31,4.23,4.3,4.35,4.42,4.49,4.58,4.83,4.76
20241224,4.44,4.44,4.4,4.3,4.24,4.29,4.36,4.43,4.52,4.59,4.84,4.76
20241223,4.44,4.44,4.36,4.3,4.26,4.3,4.36,4.44,4.52,4.59,4.85,4.78
20241220,4.43,4.42,4.34,4.29,4.27,4.3,4.32,4.37,4.45,4.52,4.79,4.72
20241219,4.42,4.42,4.35,4.29,4.28,4.32,4.35,4.43,4.51,4.57,4.82,4.74
20241218,4.44,4.43,4.36,4.3,4.3,4.35,4.35,4.4,4.45,4.5,4.74,4.65
20241217,4.46,4.44,4.38,4.3,4.25,4.25,4.22,4.26,4.33,4.4,4.68,4.59
20241216,4.43,4.44,4.37,4.3,4.24,4.25,4.22,4.25,4.32,4.39,4.68,4.6
20241213,4.43,4.43,4.34,4.32,4.24,4.25,4.21,4.25,4.33,4.4,4.69,4.61
20241212,4.43,4.44,4.35,4.31,4.22,4.18,4.14,4.18,4.25,4.32,4.62,4.55
20241211,4.49,4.45,4.38,4.32,4.21,4.15,4.09,4.13,4.2,4.26,4.55,4.48
20241210,4.53,4.48,4.41,4.35,4.22,4.15,4.08,4.09,4.15,4.22,4.49,4.41
20241209,4.56,4.5,4.42,4.34,4.2,4.13,4.09,4.07,4.13,4.2,4.47,4.39
20241206,4.57,4.5,4.42,4.34,4.19,4.1,4.05,4.03,4.09,4.15,4.42,4.34
20241205,4.59,4.53,4.46,4.38,4.23,4.15,4.1,4.07,4.12,4.17,4.43,4.33
20241204,4.65,4.54,4.47,4.38,4.23,4.13,4.09,4.07,4.13,4.19,4.45,4.35
20241203,4.66,4.56,4.49,4.4,4.27,4.17,4.13,4.11,4.17,4.23,4.5,4.4
20241202,4.75,4.63,4.51,4.43,4.3,4.17,4.11,4.08,4.13,4.19,4.46,4.36
20241129,4.76,4.69,4.58,4.42,4.3,4.13,4.1,4.05,4.1,4.18,4.45,4.36
20241127,4.76,4.7,4.6,4.43,4.34,4.19,4.17,4.11,4.17,4.25,4.52,4.44
20241126,4.74,4.67,4.61,4.45,4.37,4.21,4.21,4.17,4.24,4.3,4.56,4.48
20241125,4.74,4.67,4.62,4.46,4.37,4.21,4.21,4.17,4.21,4.27,4.53,4.45
20241122,4.72,4.67,4.63,4.46,4.42,4.37,4.32,4.3,4.35,4.41,4.67,4.6
20241121,4.72,4.67,4.63,4.45,4.39,4.34,4.3,4.3,4.36,4.43,4.68,4.61
20241120,4.68,4.63,4.62,4.44,4.37,4.31,4.26,4.28,4.34,4.41,4.66,4.59
20241119,4.67,4.63,4.62,4.44,4.34,4.27,4.24,4.25,4.32,4.39,4.66,4.57
20241118,4.7,4.65,4.63,4.44,4.33,4.29,4.25,4.28,4.35,4.42,4.7,4.61
20241115,4.7,4.67,4.6,4.44,4.34,4.31,4.27,4.3,4.36,4.43,4.7,4.6
20241114,4.7,4.68,4.61,4.43,4.36,4.34,4.3,4.32,4.38,4.43,4.69,4.58
20241113,4.69,4.67,4.6,4.4,4.31,4.27,4.25,4.3,4.38,4.44,4.73,4.63
20241112,4.7,4.7,4.63,4.45,4.38,4.34,4.29,4.32,4.38,4.43,4.7,4.58
20241108,4.7,4.69,4.63,4.42,4.32,4.26,4.18,4.2,4.25,4.3,4.58,4.47
20241107,4.69,4.69,4.63,4.4,4.28,4.21,4.13,4.17,4.25,4.31,4.62,4.52
20241106,4.68,4.71,4.64,4.41,4.31,4.27,4.2,4.27,4.37,4.42,4.71,4.6
20241105,4.72,4.72,4.64,4.39,4.27,4.19,4.11,4.16,4.22,4.26,4.55,4.44
20241104,4.75,4.74,4.65,4.39,4.25,4.17,4.1,4.17,4.24,4.31,4.6,4.5
20241101,4.75,4.74,4.61,4.42,4.28,4.21,4.18,4.22,4.3,4.37,4.68,4.57
20241031,4.76,4.76,4.64,4.43,4.27,4.16,4.12,4.15,4.21,4.28,4.58,4.47
20241030,4.87,4.77,4.67,4.44,4.28,4.15,4.14,4.14,4.2,4.29,4.6,4.49
20241029,4.88,4.77,4.7,4.45,4.29,4.11,4.08,4.11,4.18,4.28,4.61,4.52
20241028,4.88,4.77,4.7,4.46,4.28,4.12,4.09,4.11,4.19,4.28,4.61,4.53
20241025,4.89,4.79,4.73,4.51,4.29,4.11,4.05,4.07,4.15,4.25,4.58,4.51
20241024,4.87,4.78,4.7,4.48,4.25,4.07,4.02,4.03,4.12,4.21,4.54,4.47
20241023,4.88,4.8,4.73,4.48,4.27,4.07,4.03,4.05,4.14,4.24,4.58,4.51
20241022,4.89,4.81,4.72,4.47,4.24,4.03,3.98,4.0,4.1,4.2,4.55,4.49
20241021,4.92,4.82,4.73,4.47,4.24,4.02,3.95,3.98,4.07,4.19,4.54,4.49
20241018,4.92,4.82,4.73,4.45,4.19,3.95,3.86,3.88,3.97,4.08,4.44,4.38
20241017,4.93,4.83,4.74,4.45,4.21,3.96,3.89,3.9,3.99,4.09,4.44,4.39
20241016,4.91,4.8,4.72,4.42,4.17,3.93,3.84,3.84,3.92,4.02,4.36,4.3
20241015,4.93,4.82,4.73,4.42,4.18,3.95,3.86,3.86,3.93,4.03,4.37,4.32
20241011,4.97,4.82,4.73,4.44,4.18,3.95,3.85,3.88,3.97,4.08,4.44,4.39
20241010,4.98,4.84,4.75,4.45,4.22,3.98,3.88,3.91,3.99,4.09,4.44,4.38
20241009,4.93,4.84,4.75,4.46,4.24,3.99,3.89,3.91,3.97,4.06,4.41,4.34
20241008,4.96,4.85,4.75,4.44,4.21,3.98,3.86,3.86,3.94,4.04,4.38,4.32
20241007,5.0,4.87,4.77,4.45,4.24,3.99,3.89,3.86,3.92,4.03,4.37,4.3
20241004,5.01,4.88,4.73,4.45,4.2,3.93,3.84,3.81,3.88,3.98,4.33,4.26
20241003,4.99,4.85,4.68,4.37,4.02,3.7,3.62,3.62,3.71,3.85,4.24,4.18
20241002,4.92,4.83,4.69,4.36,3.97,3.63,3.54,3.55,3.65,3.79,4.19,4.14
20241001,4.96,4.87,4.71,4.36,3.96,3.61,3.52,3.51,3.6,3.74,4.14,4.08
20240930,4.93,4.87,4.73,4.38,3.98,3.66,3.58,3.58,3.67,3.81,4.19,4.14
20240927,4.9,4.87,4.68,4.35,3.9,3.55,3.49,3.5,3.6,3.75,4.15,4.1
20240926,4.9,4.87,4.68,4.38,3.96,3.6,3.54,3.55,3.65,3.79,4.17,4.12
20240925,4.79,4.78,4.69,4.36,3.89,3.53,3.49,3.52,3.65,3.79,4.18,4.14
20240924,4.78,4.78,4.69,4.36,3.88,3.49,3.44,3.47,3.6,3.74,4.13,4.09
20240923,4.85,4.84,4.72,4.4,3.91,3.57,3.47,3.51,3.62,3.75,4.12,4.09
20240920,4.87,4.88,4.75,4.43,3.92,3.55,3.46,3.48,3.59,3.73,4.1,4.07
20240919,4.89,4.91,4.8,4.46,3.93,3.59,3.47,3.49,3.6,3.73,4.11,4.06
20240918,4.91,4.91,4.84,4.5,3.95,3.61,3.49,3.47,3.58,3.7,4.08,4.03
20240917,5.05,5.05,4.95,4.55,3.99,3.59,3.45,3.44,3.53,3.65,4.02,3.96
20240916,5.11,5.1,4.96,4.55,3.96,3.56,3.42,3.41,3.51,3.63,4.01,3.94
20240913,5.15,5.17,4.97,4.6,4.0,3.57,3.42,3.43,3.53,3.66,4.05,3.98
20240912,5.18,5.22,5.06,4.68,4.09,3.64,3.47,3.47,3.57,3.68,4.07,4.0
20240911,5.21,5.19,5.1,4.72,4.12,3.62,3.45,3.45,3.54,3.65,4.03,3.96
20240910,5.18,5.18,5.06,4.65,4.07,3.59,3.42,3.43,3.53,3.65,4.04,3.97
20240909,5.25,5.25,5.11,4.68,4.12,3.68,3.54,3.49,3.58,3.7,4.08,4.0
20240906,5.28,5.28,5.13,4.69,4.1,3.66,3.54,3.5,3.6,3.72,4.1,4.03
20240905,5.3,5.29,5.15,4.73,4.21,3.75,3.61,3.54,3.63,3.73,4.11,4.02
20240904,5.33,5.28,5.18,4.74,4.23,3.76,3.63,3.56,3.65,3.77,4.14,4.06
20240903,5.38,5.31,5.19,4.8,4.35,3.88,3.73,3.65,3.73,3.84,4.21,4.13
20240830,5.41,5.32,5.21,4.89,4.38,3.91,3.79,3.71,3.8,3.91,4.28,4.2
20240829,5.4,5.33,5.22,4.89,4.38,3.87,3.76,3.66,3.76,3.87,4.24,4.15
20240828,5.47,5.33,5.21,4.87,4.36,3.83,3.72,3.63,3.74,3.84,4.22,4.13
20240827,5.49,5.33,5.23,4.89,4.34,3.83,3.72,3.66,3.73,3.83,4.21,4.13
20240826,5.49,5.34,5.24,4.91,4.38,3.91,3.74,3.66,3.72,3.82,4.19,4.11
20240823,5.51,5.35,5.25,4.92,4.36,3.9,3.73,3.65,3.71,3.81,4.18,4.1
20240822,5.51,5.35,5.28,4.96,4.43,3.99,3.82,3.72,3.77,3.86,4.21,4.13
20240821,5.45,5.33,5.26,4.92,4.36,3.92,3.74,3.64,3.69,3.79,4.15,4.06
20240820,5.48,5.36,5.29,4.97,4.43,3.99,3.8,3.7,3.73,3.82,4.19,4.07
20240819,5.51,5.39,5.31,5.0,4.48,4.06,3.86,3.75,3.78,3.86,4.23,4.11
20240816,5.53,5.4,5.33,5.02,4.49,4.06,3.87,3.77,3.81,3.89,4.26,4.15
20240815,5.53,5.4,5.34,5.04,4.52,4.08,3.9,3.79,3.83,3.92,4.28,4.18
20240814,5.49,5.39,5.32,5.0,4.42,3.94,3.76,3.67,3.72,3.83,4.22,4.12
20240813,5.48,5.39,5.32,4.97,4.4,3.93,3.75,3.68,3.74,3.85,4.25,4.16
20240812,5.53,5.4,5.33,5.02,4.47,4.01,3.82,3.75,3.8,3.9,4.3,4.19
20240809,5.54,5.4,5.33,5.02,4.5,4.05,3.86,3.8,3.85,3.94,4.33,4.23
20240808,5.55,5.42,5.34,5.01,4.48,4.04,3.86,3.83,3.89,3.99,4.38,4.28
20240807,5.5,5.43,5.34,4.99,4.45,4.0,3.81,3.79,3.85,3.96,4.35,4.26
20240806,5.5,5.43,5.34,5.0,4.46,3.99,3.76,3.73,3.79,3.9,4.28,4.18
20240805,5.52,5.43,5.35,4.91,4.34,3.89,3.71,3.62,3.66,3.78,4.16,4.06
20240802,5.54,5.43,5.29,4.88,4.33,3.88,3.7,3.62,3.68,3.8,4.19,4.11
20240801,5.55,5.46,5.37,5.08,4.62,4.16,3.96,3.84,3.89,3.99,4.35,4.27
20240731,5.49,5.51,5.41,5.14,4.73,4.29,4.1,3.97,4.0,4.09,4.44,4.35
20240730,5.5,5.5,5.4,5.16,4.78,4.35,4.16,4.03,4.06,4.15,4.5,4.4
20240729,5.5,5.51,5.41,5.18,4.79,4.36,4.19,4.05,4.08,4.17,4.51,4.42
20240726,5.49,5.51,5.38,5.18,4.79,4.36,4.2,4.06,4.1,4.2,4.53,4.45
20240725,5.49,5.52,5.39,5.19,4.83,4.41,4.26,4.13,4.18,4.27,4.59,4.5
20240724,5.5,5.5,5.4,5.19,4.82,4.37,4.24,4.12,4.2,4.28,4.62,4.54
20240723,5.49,5.51,5.41,5.22,4.85,4.4,4.26,4.15,4.18,4.25,4.56,4.48
20240722,5.49,5.51,5.43,5.24,4.88,4.5,4.29,4.17,4.2,4.26,4.57,4.48
20240719,5.48,5.52,5.43,5.24,4.87,4.49,4.28,4.16,4.18,4.25,4.55,4.45
20240718,5.48,5.52,5.43,5.23,4.86,4.46,4.24,4.11,4.14,4.2,4.51,4.41
20240717,5.47,5.5,5.43,5.23,4.85,4.42,4.19,4.07,4.09,4.16,4.46,4.37
20240716,5.48,5.5,5.43,5.23,4.85,4.43,4.21,4.09,4.11,4.17,4.48,4.38
20240715,5.48,5.51,5.43,5.23,4.85,4.44,4.23,4.13,4.16,4.23,4.56,4.46
20240712,5.47,5.52,5.43,5.23,4.87,4.45,4.22,4.1,4.13,4.18,4.5,4.39
20240711,5.48,5.53,5.44,5.25,4.91,4.5,4.26,4.13,4.15,4.2,4.51,4.41
20240710,5.46,5.5,5.46,5.33,5.01,4.62,4.38,4.24,4.24,4.28,4.58,4.47
20240709,5.45,5.51,5.46,5.34,5.02,4.62,4.37,4.24,4.25,4.3,4.59,4.49
20240708,5.48,5.53,5.46,5.33,4.99,4.62,4.4,4.23,4.23,4.28,4.57,4.46
20240705,5.48,5.53,5.46,5.34,4.98,4.6,4.39,4.22,4.23,4.28,4.57,4.47
20240703,5.49,5.54,5.47,5.36,5.04,4.71,4.48,4.33,4.33,4.36,4.64,4.53
20240702,5.48,5.47,5.47,5.36,5.07,4.74,4.54,4.39,4.4,4.43,4.71,4.6
20240701,5.48,5.48,5.47,5.37,5.1,4.77,4.58,4.44,4.45,4.48,4.76,4.64
20240628,5.47,5.47,5.48,5.33,5.09,4.71,4.52,4.33,4.33,4.36,4.61,4.51
20240627,5.48,5.46,5.49,5.35,5.1,4.7,4.49,4.29,4.27,4.29,4.53,4.43
20240626,5.44,5.46,5.5,5.36,5.13,4.71,4.53,4.32,4.32,4.32,4.55,4.45
20240625,5.43,5.46,5.49,5.37,5.1,4.65,4.45,4.25,4.23,4.23,4.46,4.36
20240624,5.42,5.46,5.5,5.37,5.1,4.71,4.46,4.27,4.25,4.25,4.48,4.38
20240621,5.42,5.46,5.49,5.36,5.1,4.7,4.45,4.26,4.25,4.25,4.49,4.39
20240620,5.42,5.46,5.5,5.37,5.1,4.7,4.45,4.26,4.25,4.25,4.49,4.39
20240618,5.4,5.46,5.5,5.37,5.09,4.69,4.43,4.24,4.22,4.22,4.47,4.36
20240617,5.45,5.47,5.52,5.39,5.11,4.75,4.5,4.3,4.28,4.28,4.52,4.4
20240614,5.47,5.47,5.51,5.36,5.07,4.67,4.41,4.22,4.2,4.2,4.46,4.34
20240613,5.47,5.47,5.51,5.36,5.07,4.68,4.42,4.24,4.23,4.24,4.5,4.4
20240612,5.47,5.47,5.51,5.38,5.13,4.75,4.48,4.32,4.31,4.31,4.56,4.47
20240611,5.46,5.47,5.52,5.39,5.17,4.81,4.57,4.41,4.4,4.39,4.62,4.53
20240610,5.47,5.48,5.52,5.4,5.16,4.87,4.62,4.48,4.47,4.47,4.68,4.59
20240607,5.47,5.47,5.52,5.4,5.17,4.87,4.65,4.46,4.45,4.43,4.64,4.55
20240606,5.48,5.47,5.51,5.36,5.08,4.72,4.49,4.29,4.28,4.28,4.51,4.43
20240605,5.48,5.48,5.51,5.37,5.08,4.72,4.5,4.31,4.29,4.29,4.52,4.44
20240604,5.48,5.48,5.52,5.38,5.11,4.77,4.55,4.35,4.33,4.33,4.56,4.48
20240603,5.49,5.49,5.52,5.39,5.14,4.82,4.62,4.42,4.41,4.41,4.63,4.55
20240531,5.48,5.48,5.46,5.42,5.18,4.89,4.69,4.52,4.52,4.51,4.73,4.65
20240530,5.48,5.48,5.46,5.42,5.19,4.92,4.74,4.57,4.57,4.55,4.76,4.69
20240529,5.5,5.48,5.46,5.43,5.22,4.96,4.79,4.63,4.63,4.61,4.82,4.74
20240528,5.5,5.48,5.46,5.43,5.21,4.94,4.75,4.56,4.56,4.54,4.74,4.66
20240524,5.56,5.53,5.46,5.44,5.21,4.93,4.71,4.53,4.49,4.46,4.65,4.57
20240523,5.51,5.48,5.46,5.44,5.2,4.91,4.71,4.52,4.5,4.47,4.67,4.58
20240522,5.49,5.48,5.45,5.43,5.16,4.86,4.64,4.47,4.44,4.43,4.63,4.55
20240521,5.5,5.47,5.45,5.42,5.14,4.82,4.61,4.43,4.42,4.41,4.65,4.55
20240520,5.5,5.47,5.45,5.43,5.15,4.82,4.62,4.46,4.44,4.44,4.68,4.58
20240517,5.5,5.47,5.46,5.41,5.14,4.83,4.6,4.44,4.43,4.42,4.66,4.56
20240516,5.51,5.47,5.45,5.41,5.13,4.78,4.58,4.4,4.39,4.38,4.62,4.52
20240515,5.49,5.46,5.45,5.4,5.1,4.73,4.51,4.35,4.35,4.36,4.61,4.52
20240514,5.5,5.47,5.44,5.43,5.16,4.81,4.62,4.46,4.45,4.45,4.69,4.59
20240513,5.5,5.47,5.45,5.43,5.16,4.85,4.66,4.5,4.49,4.48,4.72,4.63
20240510,5.51,5.47,5.47,5.43,5.17,4.87,4.65,4.52,4.51,4.5,4.74,4.64
20240509,5.51,5.48,5.46,5.41,5.12,4.8,4.6,4.47,4.46,4.45,4.7,4.6
20240508,5.51,5.47,5.45,5.41,5.13,4.84,4.63,4.5,4.49,4.48,4.73,4.64
20240507,5.51,5.48,5.45,5.41,5.13,4.82,4.6,4.48,4.47,4.47,4.7,4.61
20240506,5.51,5.48,5.45,5.42,5.12,4.82,4.64,4.48,4.48,4.49,4.73,4.64
20240503,5.51,5.48,5.45,5.41,5.12,4.81,4.63,4.48,4.49,4.5,4.75,4.66
20240502,5.51,5.47,5.46,5.42,5.16,4.87,4.71,4.57,4.57,4.58,4.82,4.72
20240501,5.47,5.5,5.46,5.43,5.21,4.96,4.79,4.64,4.64,4.63,4.85,4.74
20240430,5.48,5.51,5.46,5.44,5.25,5.04,4.87,4.72,4.71,4.69,4.9,4.79
20240429,5.48,5.51,5.45,5.43,5.2,4.97,4.8,4.65,4.64,4.63,4.86,4.75
20240426,5.48,5.51,5.46,5.4,5.21,4.96,4.84,4.68,4.68,4.67,4.89,4.78
20240425,5.48,5.51,5.47,5.41,5.21,4.96,4.85,4.7,4.71,4.7,4.93,4.82
20240424,5.49,5.5,5.46,5.4,5.17,4.89,4.78,4.64,4.66,4.65,4.88,4.78
20240423,5.49,5.5,5.45,5.39,5.14,4.86,4.76,4.63,4.62,4.61,4.84,4.73
20240422,5.49,5.5,5.42,5.39,5.16,4.97,4.81,4.66,4.65,4.62,4.84,4.72
20240419,5.49,5.51,5.45,5.39,5.17,4.97,4.81,4.66,4.65,4.62,4.83,4.72
20240418,5.49,5.52,5.46,5.39,5.18,4.98,4.83,4.68,4.67,4.64,4.85,4.74
20240417,5.49,5.49,5.45,5.38,5.16,4.93,4.77,4.62,4.61,4.59,4.81,4.71
20240416,5.49,5.51,5.45,5.39,5.18,4.97,4.83,4.69,4.69,4.67,4.88,4.77
20240415,5.49,5.51,5.45,5.38,5.16,4.93,4.78,4.65,4.65,4.63,4.85,4.74
20240412,5.48,5.5,5.45,5.36,5.13,4.88,4.7,4.54,4.53,4.5,4.73,4.61
20240411,5.48,5.51,5.45,5.38,5.17,4.93,4.77,4.61,4.6,4.56,4.77,4.65
20240410,5.49,5.5,5.45,5.4,5.19,4.97,4.77,4.61,4.59,4.55,4.76,4.64
20240409,5.48,5.49,5.43,5.34,5.03,4.74,4.52,4.37,4.38,4.36,4.6,4.5
20240408,5.48,5.49,5.43,5.35,5.07,4.78,4.6,4.43,4.43,4.42,4.65,4.55
20240405,5.47,5.5,5.43,5.34,5.05,4.73,4.54,4.38,4.39,4.39,4.65,4.54
20240404,5.47,5.49,5.41,5.32,5.0,4.65,4.46,4.3,4.31,4.31,4.57,4.47
20240403,5.47,5.44,5.42,5.33,5.03,4.68,4.48,4.34,4.36,4.36,4.61,4.51
20240402,5.49,5.45,5.42,5.34,5.05,4.7,4.51,4.35,4.37,4.36,4.61,4.51
20240401,5.49,5.47,5.44,5.36,5.06,4.72,4.51,4.34,4.33,4.33,4.58,4.47
20240328,5.49,5.48,5.46,5.38,5.03,4.59,4.4,4.21,4.2,4.2,4.45,4.34
20240327,5.5,5.47,5.45,5.36,4.99,4.54,4.36,4.18,4.18,4.2,4.45,4.36
20240326,5.5,5.47,5.46,5.36,5.0,4.56,4.38,4.22,4.23,4.24,4.49,4.4
20240325,5.51,5.48,5.46,5.36,5.0,4.54,4.39,4.23,4.25,4.25,4.51,4.42
20240322,5.51,5.47,5.46,5.34,4.98,4.59,4.36,4.2,4.22,4.22,4.47,4.39
20240321,5.51,5.48,5.48,5.36,5.01,4.62,4.42,4.26,4.28,4.27,4.53,4.44
20240320,5.5,5.47,5.47,5.36,5.01,4.59,4.41,4.25,4.28,4.27,4.53,4.45
20240319,5.52,5.48,5.48,5.39,5.06,4.68,4.47,4.31,4.31,4.3,4.54,4.44
20240318,5.52,5.48,5.48,5.39,5.06,4.73,4.52,4.36,4.35,4.34,4.57,4.46
20240315,5.52,5.48,5.48,5.38,5.05,4.72,4.51,4.33,4.33,4.31,4.55,4.43
20240314,5.52,5.48,5.48,5.38,5.04,4.68,4.46,4.29,4.3,4.29,4.54,4.44
20240313,5.52,5.47,5.48,5.37,5.01,4.61,4.37,4.19,4.2,4.19,4.45,4.35
20240312,5.52,5.48,5.48,5.37,5.0,4.58,4.33,4.15,4.16,4.16,4.42,4.31
20240311,5.5,5.47,5.48,5.35,4.95,4.51,4.26,4.08,4.09,4.1,4.36,4.26
20240308,5.51,5.48,5.46,5.34,4.92,4.48,4.25,4.06,4.08,4.09,4.36,4.26
20240307,5.51,5.48,5.47,5.34,4.93,4.5,4.28,4.07,4.09,4.09,4.35,4.25
20240306,5.5,5.47,5.47,5.35,4.95,4.55,4.32,4.12,4.12,4.11,4.36,4.24
20240305,5.5,5.47,5.47,5.35,4.94,4.54,4.32,4.13,4.15,4.13,4.39,4.27
20240304,5.51,5.49,5.48,5.37,4.98,4.61,4.39,4.21,4.23,4.22,4.48,4.36
20240301,5.54,5.49,5.42,5.27,4.94,4.54,4.32,4.17,4.2,4.19,4.46,4.33
20240229,5.53,5.5,5.45,5.3,5.01,4.64,4.43,4.26,4.28,4.25,4.51,4.38
20240228,5.5,5.51,5.45,5.31,5.0,4.64,4.44,4.26,4.28,4.27,4.53,4.4
20240227,5.5,5.52,5.45,5.33,5.03,4.7,4.5,4.32,4.34,4.31,4.57,4.44
20240226,5.5,5.52,5.47,5.34,5.03,4.69,4.48,4.29,4.32,4.28,4.53,4.4
20240223,5.49,5.51,5.46,5.32,5.0,4.67,4.45,4.28,4.28,4.26,4.51,4.37
20240222,5.49,5.51,5.45,5.32,5.02,4.69,4.49,4.33,4.35,4.33,4.58,4.47
20240221,5.5,5.5,5.44,5.32,4.98,4.64,4.43,4.3,4.33,4.32,4.59,4.49
20240220,5.49,5.49,5.44,5.32,4.97,4.59,4.38,4.25,4.28,4.27,4.56,4.44
20240216,5.48,5.51,5.44,5.31,4.98,4.64,4.43,4.29,4.31,4.3,4.58,4.45
20240215,5.49,5.51,5.43,5.3,4.93,4.56,4.36,4.22,4.25,4.24,4.54,4.42
20240214,5.48,5.51,5.43,5.31,4.94,4.56,4.38,4.25,4.27,4.27,4.57,4.45
20240213,5.48,5.52,5.45,5.32,4.99,4.64,4.44,4.31,4.33,4.31,4.59,4.46
20240212,5.49,5.51,5.43,5.27,4.87,4.46,4.25,4.13,4.16,4.17,4.48,4.37
20240209,5.49,5.51,5.44,5.26,4.86,4.48,4.25,4.14,4.17,4.17,4.48,4.37
20240208,5.49,5.51,5.44,5.24,4.83,4.46,4.22,4.12,4.15,4.15,4.47,4.36
20240207,5.47,5.49,5.43,5.23,4.83,4.41,4.16,4.06,4.09,4.09,4.41,4.31
20240206,5.48,5.5,5.44,5.23,4.82,4.39,4.14,4.03,4.07,4.09,4.39,4.29
20240205,5.49,5.5,5.42,5.25,4.87,4.46,4.27,4.13,4.16,4.17,4.46,4.35
20240202,5.49,5.51,5.43,5.22,4.81,4.36,4.14,3.99,4.02,4.03,4.33,4.22
20240201,5.49,5.51,5.42,5.15,4.68,4.2,3.96,3.8,3.83,3.87,4.21,4.1
20240131,5.53,5.46,5.42,5.18,4.73,4.27,4.05,3.91,3.95,3.99,4.34,4.22
20240130,5.53,5.47,5.42,5.19,4.8,4.36,4.14,4.0,4.03,4.06,4.4,4.28
20240129,5.53,5.46,5.42,5.19,4.76,4.29,4.1,3.97,4.02,4.08,4.42,4.31
20240126,5.54,5.45,5.44,5.19,4.78,4.34,4.15,4.04,4.1,4.15,4.49,4.38
20240125,5.54,5.48,5.44,5.19,4.76,4.28,4.12,4.01,4.07,4.14,4.49,4.38
20240124,5.52,5.44,5.44,5.22,4.83,4.34,4.19,4.06,4.14,4.18,4.52,4.41
20240123,5.53,5.46,5.45,5.21,4.81,4.31,4.16,4.06,4.11,4.14,4.48,4.38
20240122,5.53,5.47,5.46,5.22,4.83,4.37,4.14,4.03,4.07,4.11,4.44,4.32
20240119,5.54,5.47,5.45,5.21,4.84,4.39,4.18,4.08,4.12,4.15,4.47,4.36
20240118,5.53,5.48,5.45,5.2,4.8,4.34,4.13,4.04,4.1,4.14,4.48,4.37
20240117,5.54,5.47,5.47,5.2,4.8,4.34,4.12,4.02,4.07,4.1,4.42,4.31
20240116,5.54,5.47,5.45,5.18,4.7,4.22,4.02,3.95,4.01,4.07,4.43,4.3
20240112,5.55,5.47,5.45,5.16,4.65,4.14,3.92,3.84,3.91,3.96,4.32,4.2
20240111,5.54,5.47,5.46,5.22,4.75,4.26,4.02,3.9,3.95,3.98,4.32,4.18
20240110,5.53,5.46,5.46,5.23,4.82,4.37,4.1,3.99,4.01,4.04,4.35,4.2
20240109,5.53,5.46,5.47,5.24,4.82,4.36,4.09,3.97,4.0,4.02,4.33,4.18
20240108,5.54,5.48,5.49,5.24,4.82,4.36,4.11,3.97,3.99,4.01,4.33,4.17
20240105,5.54,5.48,5.47,5.24,4.84,4.4,4.17,4.02,4.04,4.05,4.37,4.21
20240104,5.56,5.48,5.48,5.25,4.85,4.38,4.14,3.97,3.99,3.99,4.3,4.13
20240103,5.54,5.54,5.48,5.25,4.81,4.33,4.07,3.9,3.92,3.91,4.21,4.05
20240102,5.55,5.54,5.46,5.24,4.8,4.33,4.09,3.93,3.95,3.95,4.25,4.08
20251231,3.74,3.67,3.67,3.59,3.48,3.47,3.55,3.73,3.94,4.18,4.79,4.84
20251230,3.65,3.65,3.65,3.59,3.47,3.45,3.5,3.68,3.89,4.14,4.76,4.81
20251229,3.69,3.7,3.68,3.59,3.48,3.45,3.51,3.67,3.88,4.12,4.75,4.8
20251226,3.7,3.72,3.64,3.58,3.49,3.46,3.54,3.68,3.89,4.14,4.76,4.81
20251224,3.72,3.74,3.69,3.59,3.5,3.47,3.56,3.7,3.91,4.15,4.75,4.79
20251223,3.71,3.7,3.65,3.59,3.52,3.48,3.58,3.72,3.94,4.18,4.78,4.83
20251222,3.72,3.71,3.64,3.6,3.53,3.44,3.56,3.71,3.93,4.17,4.78,4.84
20251219,3.71,3.72,3.62,3.6,3.51,3.48,3.53,3.7,3.91,4.16,4.77,4.82
20251218,3.71,3.72,3.62,3.58,3.49,3.46,3.5,3.66,3.87,4.12,4.74,4.8
20251217,3.73,3.73,3.64,3.59,3.51,3.49,3.53,3.7,3.91,4.16,4.78,4.83
20251216,3.76,3.73,3.64,3.6,3.51,3.48,3.52,3.69,3.9,4.15,4.77,4.82
20251215,3.77,3.75,3.65,3.6,3.52,3.51,3.56,3.73,3.94,4.18,4.8,4.84
20251212,3.76,3.75,3.63,3.58,3.54,3.52,3.58,3.75,3.95,4.19,4.82,4.85
20251211,3.77,3.76,3.66,3.62,3.56,3.52,3.55,3.72,3.91,4.14,4.75,4.79
20251210,3.79,3.75,3.69,3.66,3.58,3.54,3.56,3.72,3.92,4.13,4.74,4.78
20251209,3.81,3.78,3.73,3.7,3.63,3.61,3.62,3.78,3.96,4.18,4.77,4.8
20251208,3.82,3.78,3.73,3.69,3.61,3.57,3.59,3.75,3.94,4.17,4.78,4.81
20251205,3.82,3.77,3.71,3.68,3.61,3.56,3.59,3.72,3.9,4.14,4.75,4.79
20251204,3.83,3.78,3.71,3.69,3.6,3.52,3.55,3.68,3.87,4.11,4.72,4.76
20251203,3.83,3.78,3.72,3.68,3.57,3.49,3.5,3.62,3.82,4.06,4.68,4.73
20251202,3.9,3.83,3.77,3.72,3.59,3.51,3.54,3.66,3.85,4.09,4.7,4.74
20251201,3.98,3.92,3.81,3.75,3.62,3.54,3.55,3.67,3.86,4.09,4.71,4.74
20251128,4.05,3.99,3.88,3.74,3.61,3.47,3.49,3.59,3.78,4.02,4.62,4.67
20251126,4.06,4.0,3.92,3.76,3.61,3.45,3.47,3.56,3.75,4.0,4.6,4.64
20251125,4.04,3.97,3.9,3.75,3.6,3.43,3.46,3.55,3.77,4.01,4.62,4.67
20251124,4.03,3.99,3.91,3.76,3.61,3.46,3.49,3.61,3.8,4.04,4.64,4.68
20251121,4.03,4.0,3.9,3.75,3.62,3.51,3.5,3.62,3.82,4.06,4.67,4.71
20251120,4.04,4.02,3.94,3.79,3.65,3.55,3.56,3.68,3.87,4.1,4.68,4.73
20251119,4.01,4.0,3.95,3.8,3.68,3.58,3.59,3.71,3.9,4.13,4.71,4.75
20251118,4.02,3.99,3.94,3.79,3.67,3.58,3.58,3.7,3.89,4.12,4.72,4.74
20251117,4.04,4.01,3.97,3.81,3.69,3.6,3.6,3.72,3.9,4.13,4.71,4.73
20251114,4.04,4.01,3.95,3.8,3.7,3.62,3.61,3.74,3.92,4.14,4.73,4.74
20251113,4.05,4.0,3.96,3.8,3.68,3.58,3.57,3.71,3.89,4.11,4.69,4.7
20251112,4.03,3.98,3.95,3.78,3.65,3.56,3.55,3.68,3.86,4.08,4.65,4.67
20251110,4.04,4.0,3.95,3.79,3.66,3.58,3.56,3.72,3.9,4.13,4.69,4.71
20251107,4.01,3.98,3.92,3.76,3.63,3.55,3.57,3.67,3.87,4.11,4.68,4.7
20251106,4.02,3.98,3.93,3.76,3.65,3.57,3.58,3.69,3.87,4.11,4.67,4.69
20251105,4.0,4.0,3.96,3.79,3.71,3.63,3.65,3.76,3.95,4.17,4.72,4.74
20251104,4.02,4.01,3.96,3.78,3.67,3.58,3.59,3.69,3.88,4.1,4.65,4.67
20251103,4.06,4.05,3.98,3.8,3.7,3.6,3.61,3.72,3.9,4.13,4.67,4.69
20251031,4.06,4.04,3.89,3.79,3.7,3.6,3.6,3.71,3.89,4.11,4.65,4.67
20251030,4.05,4.04,3.92,3.79,3.7,3.61,3.61,3.72,3.9,4.11,4.64,4.65
20251029,4.03,3.99,3.93,3.79,3.7,3.59,3.6,3.7,3.87,4.08,4.59,4.61
20251028,4.07,3.97,3.89,3.72,3.59,3.47,3.5,3.6,3.77,3.99,4.53,4.55
20251027,4.09,4.0,3.89,3.73,3.59,3.48,3.5,3.61,3.79,4.01,4.55,4.57
20251024,4.11,4.02,3.93,3.76,3.58,3.48,3.49,3.61,3.79,4.02,4.56,4.59
20251023,4.12,4.05,3.95,3.78,3.59,3.48,3.49,3.61,3.79,4.01,4.55,4.58
20251022,4.11,4.04,3.96,3.78,3.55,3.45,3.44,3.56,3.74,3.97,4.52,4.54
20251021,4.12,4.05,3.96,3.78,3.56,3.45,3.46,3.56,3.74,3.98,4.53,4.55
20251020,4.15,4.05,3.97,3.78,3.55,3.46,3.47,3.58,3.77,4.0,4.56,4.58
20251017,4.18,4.08,4.0,3.79,3.56,3.46,3.47,3.59,3.78,4.02,4.58,4.6
20251016,4.2,4.1,4.02,3.79,3.54,3.41,3.42,3.55,3.74,3.99,4.56,4.58
20251015,4.2,4.09,4.03,3.82,3.61,3.5,3.51,3.63,3.82,4.05,4.61,4.64
20251014,4.19,4.08,4.02,3.8,3.58,3.48,3.47,3.6,3.79,4.03,4.59,4.62
20251010,4.19,4.1,4.02,3.81,3.6,3.52,3.52,3.65,3.83,4.05,4.6,4.63
20251009,4.2,4.11,4.03,3.83,3.66,3.6,3.59,3.74,3.92,4.14,4.7,4.72
20251008,4.2,4.09,4.01,3.82,3.66,3.58,3.58,3.72,3.91,4.13,4.69,4.72
20251007,4.2,4.1,4.01,3.81,3.65,3.57,3.56,3.71,3.9,4.14,4.7,4.73
20251006,4.22,4.11,4.02,3.81,3.66,3.6,3.63,3.75,3.95,4.18,4.73,4.76
20251003,4.24,4.11,4.03,3.82,3.64,3.58,3.59,3.72,3.9,4.13,4.69,4.71
20251002,4.23,4.11,4.02,3.81,3.62,3.55,3.56,3.67,3.86,4.1,4.66,4.69
20251001,4.17,4.12,4.01,3.8,3.62,3.55,3.56,3.68,3.88,4.12,4.69,4.72
20250930,4.2,4.15,4.02,3.83,3.68,3.6,3.61,3.74,3.93,4.16,4.71,4.73
20250929,4.22,4.16,4.04,3.84,3.65,3.63,3.63,3.74,3.92,4.15,4.69,4.71
20250926,4.22,4.17,4.02,3.83,3.67,3.63,3.66,3.76,3.96,4.2,4.74,4.77
20250925,4.24,4.18,4.04,3.85,3.68,3.64,3.66,3.75,3.94,4.18,4.73,4.75
20250924,4.18,4.13,4.02,3.82,3.63,3.57,3.6,3.7,3.91,4.16,4.73,4.76
20250923,4.16,4.12,4.0,3.81,3.61,3.53,3.57,3.68,3.87,4.12,4.7,4.73
20250922,4.17,4.13,4.0,3.81,3.61,3.61,3.59,3.71,3.9,4.15,4.73,4.77
20250919,4.19,4.14,4.03,3.81,3.6,3.57,3.56,3.68,3.88,4.14,4.71,4.75
20250918,4.2,4.14,4.03,3.81,3.61,3.57,3.55,3.67,3.86,4.11,4.68,4.72
20250917,4.17,4.11,4.02,3.8,3.6,3.52,3.51,3.62,3.81,4.06,4.62,4.66
20250916,4.2,4.15,4.04,3.81,3.62,3.51,3.47,3.59,3.78,4.04,4.61,4.65
20250915,4.22,4.17,4.06,3.81,3.64,3.54,3.5,3.61,3.79,4.05,4.63,4.66
20250912,4.24,4.2,4.08,3.83,3.66,3.56,3.52,3.63,3.81,4.06,4.65,4.68
20250911,4.22,4.18,4.08,3.82,3.63,3.52,3.47,3.59,3.76,4.01,4.61,4.65
20250910,4.23,4.2,4.09,3.83,3.66,3.54,3.47,3.59,3.78,4.04,4.65,4.69
20250909,4.25,4.22,4.1,3.85,3.68,3.54,3.48,3.61,3.81,4.08,4.68,4.72
20250908,4.26,4.21,4.1,3.84,3.64,3.49,3.47,3.57,3.77,4.05,4.65,4.69
20250905,4.29,4.24,4.07,3.85,3.65,3.51,3.48,3.59,3.8,4.1,4.72,4.78
20250904,4.33,4.28,4.16,3.94,3.76,3.59,3.55,3.65,3.87,4.17,4.81,4.86
20250903,4.35,4.26,4.18,3.96,3.77,3.61,3.58,3.69,3.92,4.22,4.85,4.9
20250902,4.4,4.29,4.2,3.99,3.82,3.66,3.63,3.74,3.98,4.28,4.92,4.97
20250829,4.41,4.3,4.23,4.01,3.83,3.59,3.58,3.68,3.92,4.23,4.86,4.92
20250828,4.42,4.31,4.26,4.04,3.85,3.62,3.6,3.69,3.92,4.22,4.83,4.88
20250827,4.42,4.3,4.26,4.04,3.83,3.59,3.59,3.69,3.95,4.24,4.87,4.91
20250826,4.42,4.34,4.28,4.06,3.85,3.61,3.63,3.75,3.98,4.26,4.86,4.9
20250825,4.45,4.35,4.29,4.08,3.88,3.73,3.68,3.8,4.01,4.28,4.86,4.89
20250822,4.47,4.36,4.27,4.08,3.87,3.68,3.64,3.76,3.98,4.26,4.84,4.88
20250821,4.49,4.39,4.32,4.14,3.95,3.79,3.75,3.86,4.07,4.33,4.89,4.92
20250820,4.45,4.35,4.3,4.11,3.9,3.74,3.69,3.81,4.02,4.29,4.86,4.89
20250819,4.46,4.35,4.3,4.11,3.91,3.75,3.7,3.82,4.04,4.3,4.89,4.9
20250818,4.47,4.35,4.33,4.13,3.93,3.77,3.73,3.86,4.07,4.34,4.92,4.94
20250815,4.48,4.35,4.3,4.12,3.93,3.75,3.73,3.85,4.07,4.33,4.91,4.92
20250814,4.48,4.36,4.3,4.12,3.91,3.74,3.7,3.82,4.03,4.29,4.86,4.88
20250813,4.44,4.32,4.29,4.09,3.86,3.67,3.64,3.77,3.98,4.24,4.81,4.83
20250812,4.44,4.35,4.33,4.12,3.9,3.72,3.69,3.83,4.03,4.29,4.87,4.88
20250811,4.46,4.38,4.34,4.15,3.93,3.76,3.71,3.83,4.03,4.27,4.83,4.84
20250808,4.48,4.39,4.32,4.15,3.93,3.76,3.7,3.84,4.03,4.27,4.84,4.85
20250807,4.49,4.41,4.32,4.15,3.92,3.72,3.66,3.79,3.99,4.23,4.81,4.81
20250806,4.48,4.4,4.32,4.15,3.9,3.69,3.63,3.77,3.97,4.22,4.8,4.81
20250805,4.49,4.41,4.34,4.16,3.92,3.72,3.63,3.77,3.97,4.22,4.77,4.78
20250804,4.48,4.43,4.35,4.15,3.82,3.69,3.66,3.75,3.95,4.22,4.78,4.8
20250801,4.49,4.44,4.35,4.16,3.87,3.69,3.67,3.77,3.97,4.23,4.79,4.81
20250731,4.49,4.46,4.41,4.31,4.1,3.94,3.89,3.96,4.14,4.37,4.89,4.89
20250730,4.41,4.45,4.41,4.31,4.12,3.94,3.89,3.96,4.15,4.38,4.9,4.89
20250729,4.4,4.45,4.4,4.28,4.07,3.86,3.82,3.9,4.1,4.34,4.86,4.86
20250728,4.4,4.45,4.4,4.3,4.09,3.91,3.87,3.96,4.18,4.42,4.95,4.96
20250725,4.37,4.46,4.42,4.31,4.09,3.91,3.86,3.95,4.15,4.4,4.92,4.92
20250724,4.37,4.46,4.42,4.32,4.1,3.91,3.87,3.98,4.18,4.43,4.95,4.96
20250723,4.37,4.45,4.41,4.31,4.08,3.88,3.84,3.94,4.15,4.4,4.93,4.95
20250722,4.37,4.45,4.41,4.3,4.05,3.83,3.77,3.88,4.09,4.35,4.9,4.9
20250721,4.35,4.46,4.41,4.3,4.06,3.85,3.81,3.91,4.13,4.38,4.93,4.94
20250718,4.35,4.46,4.4,4.3,4.08,3.88,3.84,3.96,4.18,4.44,4.99,5.0
20250717,4.36,4.47,4.41,4.31,4.1,3.91,3.89,4.01,4.22,4.47,5.01,5.01
20250716,4.36,4.45,4.41,4.31,4.08,3.88,3.86,3.99,4.21,4.46,5.01,5.01
20250715,4.36,4.46,4.42,4.33,4.12,3.95,3.93,4.05,4.26,4.5,5.02,5.01
20250714,4.37,4.46,4.42,4.31,4.08,3.9,3.86,3.98,4.19,4.43,4.97,4.97
20250711,4.37,4.47,4.41,4.31,4.09,3.9,3.86,3.99,4.19,4.43,4.96,4.96
20250710,4.36,4.47,4.42,4.31,4.07,3.86,3.82,3.93,4.12,4.35,4.87,4.86
20250709,4.36,4.45,4.42,4.31,4.07,3.86,3.8,3.92,4.11,4.34,4.87,4.87
20250708,4.36,4.46,4.42,4.34,4.11,3.9,3.86,3.99,4.18,4.42,4.95,4.94
20250707,4.37,4.45,4.42,4.33,4.08,3.9,3.85,3.96,4.16,4.4,4.93,4.92
20250703,4.35,4.5,4.42,4.34,4.07,3.88,3.84,3.94,4.12,4.35,4.87,4.86
20250702,4.33,4.43,4.41,4.28,3.99,3.78,3.77,3.87,4.06,4.3,4.84,4.82
20250701,4.32,4.42,4.4,4.29,3.98,3.78,3.75,3.84,4.03,4.26,4.79,4.78
20250630,4.28,4.45,4.41,4.29,3.96,3.72,3.68,3.79,3.98,4.24,4.79,4.78
20250627,4.19,4.49,4.39,4.26,3.97,3.73,3.72,3.83,4.03,4.29,4.85,4.85
20250626,4.11,4.49,4.39,4.26,3.96,3.7,3.68,3.79,4.0,4.26,4.81,4.81
20250625,4.21,4.43,4.38,4.26,3.99,3.74,3.74,3.83,4.05,4.29,4.83,4.83
20250624,4.21,4.44,4.38,4.27,3.99,3.75,3.75,3.86,4.06,4.3,4.83,4.83
20250623,4.2,4.52,4.38,4.28,4.0,3.84,3.8,3.91,4.1,4.34,4.87,4.87
20250620,4.2,4.55,4.39,4.29,4.07,3.9,3.86,3.96,4.16,4.38,4.9,4.89
20250618,4.2,4.58,4.42,4.33,4.1,3.94,3.89,3.98,4.17,4.38,4.89,4.88
20250617,4.23,4.46,4.42,4.31,4.1,3.94,3.9,3.99,4.17,4.39,4.89,4.88
20250616,4.24,4.47,4.43,4.32,4.1,3.97,3.93,4.04,4.23,4.46,4.97,4.96
20250613,4.23,4.48,4.45,4.3,4.09,3.96,3.9,4.02,4.2,4.41,4.93,4.9
20250612,4.18,4.49,4.46,4.29,4.06,3.9,3.85,3.97,4.15,4.36,4.86,4.84
20250611,4.3,4.39,4.45,4.31,4.08,3.94,3.89,4.02,4.21,4.41,4.93,4.91
20250610,4.29,4.37,4.45,4.32,4.12,4.01,3.95,4.08,4.27,4.47,4.96,4.93
20250609,4.29,4.36,4.44,4.32,4.13,4.01,3.99,4.09,4.28,4.49,4.98,4.95
20250606,4.28,4.35,4.43,4.31,4.14,4.04,4.02,4.13,4.31,4.51,4.99,4.97
20250605,4.26,4.35,4.44,4.29,4.08,3.92,3.9,3.99,4.18,4.4,4.9,4.88
20250604,4.32,4.35,4.44,4.29,4.06,3.87,3.84,3.93,4.14,4.37,4.9,4.89
20250603,4.33,4.35,4.43,4.31,4.12,3.96,3.93,4.04,4.23,4.46,5.0,4.98
20250602,4.33,4.36,4.44,4.31,4.12,3.94,3.91,4.01,4.22,4.46,5.0,4.99
20250530,4.33,4.35,4.36,4.36,4.11,3.89,3.87,3.96,4.18,4.41,4.93,4.92
20250529,4.34,4.35,4.36,4.36,4.13,3.92,3.91,4.0,4.2,4.43,4.94,4.92
20250528,4.35,4.35,4.35,4.36,4.16,3.96,3.95,4.05,4.27,4.47,4.99,4.97
20250527,4.35,4.35,4.35,4.35,4.14,3.92,3.93,4.04,4.22,4.43,4.95,4.94
20250523,4.36,4.35,4.36,4.35,4.15,4.0,3.96,4.08,4.29,4.51,5.03,5.04
20250522,4.37,4.35,4.37,4.34,4.13,4.0,3.99,4.11,4.32,4.54,5.05,5.05
20250521,4.35,4.34,4.36,4.33,4.13,4.0,4.0,4.15,4.37,4.58,5.08,5.08
20250520,4.36,4.34,4.38,4.32,4.12,3.97,3.95,4.07,4.27,4.48,4.99,4.96
20250519,4.37,4.35,4.39,4.32,4.12,3.97,3.95,4.07,4.26,4.46,4.95,4.92
20250516,4.37,4.34,4.37,4.3,4.13,3.98,3.95,4.06,4.24,4.43,4.92,4.89
20250515,4.37,4.35,4.38,4.29,4.1,3.96,3.95,4.07,4.25,4.45,4.93,4.91
20250514,4.39,4.36,4.41,4.3,4.14,4.05,4.05,4.17,4.35,4.53,5.0,4.97
20250513,4.39,4.35,4.41,4.29,4.11,4.02,4.0,4.12,4.3,4.49,4.97,4.94
20250512,4.38,4.36,4.42,4.29,4.11,3.98,3.97,4.09,4.27,4.45,4.92,4.89
20250509,4.37,4.34,4.34,4.28,4.05,3.88,3.85,4.0,4.18,4.37,4.86,4.83
20250508,4.37,4.35,4.34,4.28,4.05,3.9,3.85,4.0,4.18,4.37,4.86,4.83
20250507,4.37,4.33,4.34,4.27,4.0,3.78,3.72,3.87,4.06,4.26,4.78,4.77
20250506,4.37,4.33,4.33,4.25,3.98,3.78,3.73,3.9,4.1,4.3,4.82,4.81
20250505,4.38,4.34,4.33,4.27,4.02,3.83,3.78,3.95,4.14,4.36,4.84,4.83
20250502,4.38,4.34,4.33,4.26,4.0,3.83,3.82,3.92,4.11,4.33,4.81,4.79
20250501,4.38,4.34,4.31,4.22,3.92,3.7,3.69,3.81,4.02,4.25,4.75,4.74
20250430,4.35,4.36,4.31,4.19,3.85,3.6,3.58,3.72,3.93,4.17,4.68,4.66
20250429,4.35,4.36,4.31,4.2,3.89,3.65,3.65,3.77,3.96,4.19,4.66,4.64
20250428,4.35,4.37,4.32,4.22,3.92,3.67,3.67,3.81,4.01,4.23,4.71,4.69
20250425,4.34,4.36,4.32,4.22,3.95,3.74,3.76,3.88,4.06,4.29,4.75,4.74
20250424,4.34,4.37,4.32,4.22,3.97,3.77,3.8,3.91,4.11,4.32,4.79,4.77
20250423,4.33,4.34,4.33,4.22,4.01,3.81,3.87,4.0,4.2,4.4,4.86,4.83
20250422,4.33,4.35,4.33,4.21,3.98,3.76,3.82,3.98,4.19,4.41,4.9,4.88
20250421,4.35,4.37,4.34,4.21,3.95,3.75,3.77,3.97,4.19,4.42,4.94,4.91
20250417,4.36,4.38,4.34,4.22,3.99,3.81,3.82,3.95,4.13,4.34,4.82,4.8
20250416,4.35,4.35,4.33,4.2,3.96,3.77,3.77,3.91,4.08,4.29,4.77,4.74
20250415,4.35,4.36,4.33,4.21,3.99,3.84,3.85,3.98,4.15,4.35,4.82,4.79
20250414,4.34,4.37,4.33,4.21,3.99,3.84,3.87,4.02,4.2,4.38,4.84,4.8
20250411,4.37,4.38,4.34,4.21,4.04,3.96,3.98,4.15,4.32,4.48,4.91,4.85
20250410,4.36,4.39,4.34,4.17,3.97,3.84,3.85,4.04,4.21,4.4,4.9,4.86
20250409,4.36,4.37,4.35,4.23,4.03,3.91,3.91,4.06,4.2,4.34,4.78,4.72
20250408,4.36,4.37,4.31,4.14,3.83,3.71,3.71,3.88,4.05,4.26,4.76,4.71
20250407,4.36,4.36,4.29,4.14,3.86,3.73,3.72,3.82,3.97,4.15,4.61,4.58
20250404,4.36,4.36,4.28,4.14,3.86,3.68,3.66,3.72,3.84,4.01,4.44,4.41
20250403,4.36,4.38,4.31,4.2,3.92,3.71,3.68,3.75,3.88,4.06,4.51,4.49
20250402,4.38,4.34,4.32,4.24,4.04,3.91,3.89,3.95,4.07,4.2,4.58,4.54
20250401,4.38,4.35,4.32,4.23,4.01,3.87,3.85,3.91,4.03,4.17,4.56,4.52
20250331,4.38,4.35,4.32,4.23,4.03,3.89,3.89,3.96,4.09,4.23,4.62,4.59
20250328,4.38,4.35,4.33,4.26,4.04,3.89,3.91,3.98,4.11,4.27,4.65,4.64
20250327,4.37,4.36,4.33,4.27,4.1,3.97,4.0,4.09,4.23,4.38,4.75,4.73
20250326,4.36,4.33,4.33,4.26,4.1,3.98,4.01,4.08,4.22,4.35,4.71,4.69
20250325,4.36,4.33,4.33,4.26,4.09,3.96,3.98,4.07,4.19,4.31,4.67,4.65
20250324,4.35,4.34,4.33,4.27,4.11,4.04,4.01,4.09,4.22,4.34,4.68,4.66
20250321,4.36,4.33,4.33,4.26,4.04,3.94,3.92,4.0,4.12,4.25,4.6,4.59
20250320,4.36,4.34,4.33,4.27,4.06,3.95,3.93,4.01,4.12,4.24,4.57,4.55
20250319,4.37,4.32,4.33,4.29,4.1,3.99,3.95,4.03,4.14,4.25,4.58,4.56
20250318,4.37,4.33,4.34,4.29,4.13,4.04,4.01,4.07,4.18,4.29,4.61,4.58
20250317,4.37,4.33,4.34,4.29,4.11,4.06,4.03,4.11,4.21,4.31,4.64,4.6
20250314,4.37,4.33,4.33,4.29,4.09,4.02,4.0,4.09,4.2,4.31,4.65,4.62
20250313,4.37,4.34,4.34,4.27,4.03,3.94,3.93,4.02,4.15,4.27,4.63,4.59
20250312,4.36,4.34,4.35,4.27,4.07,4.01,3.98,4.09,4.2,4.32,4.67,4.63
20250311,4.37,4.33,4.34,4.26,4.03,3.94,3.92,4.03,4.16,4.28,4.63,4.59
20250310,4.37,4.34,4.33,4.25,3.98,3.89,3.91,3.98,4.1,4.22,4.58,4.54
20250307,4.38,4.33,4.34,4.29,4.05,3.99,4.01,4.09,4.21,4.32,4.66,4.62
20250306,4.38,4.34,4.34,4.27,4.02,3.96,3.98,4.06,4.18,4.29,4.63,4.58
20250305,4.38,4.36,4.35,4.3,4.06,3.99,4.01,4.08,4.18,4.28,4.61,4.57
20250304,4.39,4.37,4.34,4.28,4.04,3.96,3.94,4.01,4.11,4.22,4.56,4.53
20250303,4.38,4.37,4.35,4.31,4.06,3.96,3.93,3.97,4.06,4.16,4.49,4.45
20250228,4.38,4.38,4.32,4.25,4.08,3.99,3.99,4.03,4.14,4.24,4.55,4.51
20250227,4.38,4.38,4.32,4.28,4.13,4.07,4.05,4.09,4.19,4.29,4.59,4.56
20250226,4.35,4.37,4.31,4.28,4.12,4.05,4.04,4.06,4.16,4.25,4.55,4.51
20250225,4.34,4.37,4.3,4.28,4.12,4.07,4.08,4.12,4.21,4.3,4.59,4.55
20250224,4.36,4.37,4.31,4.3,4.15,4.13,4.17,4.23,4.32,4.4,4.69,4.66
20250221,4.36,4.38,4.32,4.3,4.15,4.19,4.19,4.26,4.35,4.42,4.69,4.67
20250220,4.37,4.38,4.33,4.33,4.2,4.28,4.27,4.34,4.43,4.5,4.77,4.74
20250219,4.38,4.38,4.34,4.34,4.22,4.28,4.3,4.37,4.46,4.53,4.79,4.76
20250218,4.38,4.38,4.34,4.34,4.24,4.29,4.33,4.4,4.48,4.55,4.83,4.77
20250214,4.37,4.38,4.34,4.32,4.23,4.26,4.26,4.33,4.41,4.47,4.75,4.69
20250213,4.37,4.39,4.34,4.33,4.27,4.31,4.31,4.39,4.46,4.52,4.79,4.72
20250212,4.38,4.39,4.35,4.33,4.3,4.36,4.37,4.48,4.56,4.62,4.9,4.83
20250211,4.38,4.4,4.35,4.31,4.25,4.29,4.28,4.37,4.45,4.54,4.8,4.75
20250210,4.38,4.4,4.35,4.31,4.24,4.28,4.3,4.34,4.42,4.51,4.76,4.71
20250207,4.37,4.38,4.35,4.3,4.25,4.29,4.31,4.34,4.42,4.49,4.75,4.69
20250206,4.37,4.38,4.34,4.28,4.19,4.21,4.23,4.28,4.36,4.45,4.7,4.65
20250205,4.35,4.37,4.33,4.27,4.17,4.17,4.19,4.24,4.33,4.43,4.69,4.64
20250204,4.36,4.38,4.33,4.27,4.18,4.21,4.25,4.31,4.42,4.52,4.81,4.75
20250203,4.37,4.38,4.34,4.28,4.2,4.26,4.28,4.35,4.45,4.54,4.82,4.77
20250131,4.37,4.37,4.31,4.28,4.17,4.22,4.27,4.36,4.47,4.58,4.88,4.83
20250130,4.37,4.38,4.3,4.27,4.16,4.18,4.24,4.31,4.41,4.52,4.81,4.76
20250129,4.43,4.34,4.31,4.27,4.17,4.21,4.27,4.35,4.44,4.55,4.85,4.79
20250128,4.44,4.35,4.31,4.26,4.14,4.19,4.25,4.33,4.43,4.55,4.84,4.78
20250127,4.44,4.36,4.32,4.25,4.13,4.17,4.24,4.32,4.43,4.53,4.82,4.76
20250124,4.45,4.36,4.35,4.25,4.17,4.27,4.33,4.43,4.53,4.63,4.91,4.85
20250123,4.45,4.36,4.36,4.27,4.18,4.29,4.35,4.45,4.55,4.65,4.92,4.87
20250122,4.42,4.35,4.36,4.28,4.2,4.29,4.34,4.43,4.51,4.6,4.89,4.82
20250121,4.42,4.35,4.36,4.28,4.21,4.29,4.33,4.4,4.49,4.57,4.87,4.8
20250117,4.43,4.35,4.34,4.28,4.21,4.27,4.33,4.42,4.52,4.61,4.91,4.84
20250116,4.43,4.36,4.34,4.26,4.18,4.23,4.29,4.39,4.5,4.61,4.91,4.84
20250115,4.4,4.34,4.35,4.26,4.19,4.27,4.34,4.45,4.55,4.66,4.95,4.88
20250114,4.42,4.35,4.36,4.29,4.22,4.37,4.46,4.59,4.7,4.78,5.06,4.98
20250113,4.42,4.36,4.37,4.3,4.24,4.4,4.49,4.61,4.71,4.79,5.05,4.97
20250110,4.42,4.35,4.36,4.27,4.25,4.4,4.46,4.59,4.7,4.77,5.04,4.96
20250109,4.44,4.36,4.35,4.24,4.16,4.27,4.31,4.46,4.57,4.68,4.98,4.92
20250108,4.41,4.34,4.35,4.25,4.19,4.28,4.31,4.45,4.56,4.67,4.97,4.91
20250107,4.42,4.35,4.35,4.24,4.19,4.3,4.33,4.46,4.57,4.67,4.97,4.91
20250106,4.43,4.36,4.35,4.24,4.17,4.28,4.3,4.42,4.52,4.62,4.91,4.85
20250103,4.44,4.35,4.34,4.25,4.18,4.28,4.32,4.41,4.51,4.6,4.88,4.82
20250102,4.45,4.36,4.36,4.25,4.17,4.25,4.29,4.38,4.47,4.57,4.86,4.79
20260622,3.66,3.77,3.85,3.98,4.04,4.24,4.25,4.29,4.39,4.51,4.97,4.95
20260618,3.69,3.74,3.83,3.92,4.0,4.19,4.19,4.23,4.34,4.46,4.91,4.9
20260617,3.68,3.74,3.83,3.91,3.98,4.2,4.23,4.27,4.37,4.49,4.95,4.93
20260616,3.67,3.71,3.79,3.81,3.84,4.05,4.08,4.16,4.28,4.43,4.92,4.93
20260615,3.69,3.71,3.79,3.81,3.84,4.07,4.1,4.18,4.32,4.47,4.97,4.97
20260612,3.69,3.7,3.78,3.82,3.86,4.09,4.12,4.21,4.34,4.48,4.98,4.97
20260611,3.69,3.7,3.78,3.81,3.85,4.05,4.09,4.18,4.31,4.45,4.96,4.95
20260610,3.69,3.72,3.79,3.82,3.9,4.13,4.17,4.27,4.4,4.55,5.04,5.03
20260609,3.69,3.71,3.79,3.82,3.9,4.13,4.16,4.26,4.39,4.53,5.02,5.01
20260608,3.7,3.71,3.8,3.83,3.85,4.15,4.21,4.29,4.42,4.56,5.05,5.03
20260605,3.71,3.71,3.78,3.81,3.88,4.17,4.22,4.29,4.41,4.55,5.03,5.01
20260604,3.71,3.7,3.78,3.78,3.82,4.05,4.1,4.18,4.32,4.47,4.98,4.97
20260603,3.71,3.72,3.78,3.78,3.84,4.08,4.14,4.21,4.34,4.49,5.0,4.99
20260602,3.72,3.73,3.77,3.78,3.82,4.05,4.09,4.17,4.31,4.46,4.97,4.97
20260601,3.72,3.73,3.78,3.79,3.83,4.05,4.09,4.18,4.32,4.47,4.99,4.99
20260529,3.72,3.71,3.69,3.78,3.79,3.98,4.06,4.13,4.27,4.45,4.98,4.99
20260528,3.72,3.71,3.69,3.79,3.8,3.99,4.07,4.15,4.29,4.45,4.98,4.98
20260527,3.72,3.69,3.68,3.79,3.8,4.0,4.09,4.17,4.32,4.48,5.01,5.01
20260526,3.72,3.69,3.68,3.8,3.82,4.01,4.1,4.19,4.33,4.5,5.03,5.03
20260522,3.72,3.69,3.68,3.79,3.86,4.13,4.18,4.27,4.41,4.56,5.06,5.07
20260521,3.72,3.69,3.68,3.78,3.83,4.08,4.13,4.25,4.41,4.57,5.09,5.1
20260520,3.65,3.65,3.65,3.75,3.79,4.04,4.11,4.22,4.39,4.57,5.1,5.11
20260519,3.66,3.66,3.67,3.77,3.83,4.13,4.2,4.32,4.5,4.67,5.19,5.18
20260518,3.69,3.68,3.68,3.77,3.81,4.07,4.14,4.27,4.43,4.61,5.14,5.14
20260515,3.71,3.69,3.69,3.77,3.82,4.09,4.14,4.26,4.43,4.59,5.14,5.12
20260514,3.72,3.7,3.69,3.76,3.79,4.0,4.04,4.13,4.29,4.47,5.01,5.02
20260513,3.71,3.7,3.69,3.77,3.79,3.98,4.0,4.12,4.28,4.46,5.03,5.03
20260512,3.71,3.69,3.7,3.77,3.8,4.0,4.01,4.12,4.29,4.46,5.02,5.03
20260511,3.71,3.69,3.7,3.77,3.79,3.95,3.96,4.07,4.24,4.42,4.97,4.98
20260508,3.71,3.68,3.69,3.74,3.75,3.9,3.92,4.02,4.19,4.38,4.93,4.95
20260507,3.72,3.69,3.69,3.74,3.76,3.92,3.94,4.04,4.22,4.41,4.96,4.97
20260506,3.7,3.69,3.69,3.74,3.73,3.87,3.89,3.99,4.17,4.36,4.92,4.94
20260505,3.7,3.7,3.69,3.75,3.77,3.93,3.97,4.08,4.25,4.43,4.98,4.98
20260504,3.71,3.7,3.7,3.76,3.78,3.95,3.98,4.08,4.26,4.45,5.01,5.02
20260501,3.71,3.7,3.68,3.71,3.73,3.88,3.91,4.02,4.2,4.39,4.96,4.97
20260430,3.72,3.71,3.68,3.71,3.72,3.88,3.91,4.02,4.2,4.4,4.97,4.98
20260429,3.68,3.72,3.68,3.73,3.75,3.92,3.94,4.05,4.23,4.42,4.97,4.98
20260428,3.68,3.72,3.68,3.72,3.71,3.84,3.86,3.97,4.16,4.36,4.92,4.94
20260427,3.7,3.72,3.68,3.72,3.69,3.78,3.83,3.94,4.14,4.35,4.92,4.94
20260424,3.69,3.71,3.69,3.71,3.67,3.78,3.8,3.92,4.1,4.31,4.88,4.91
20260423,3.69,3.72,3.69,3.72,3.7,3.83,3.84,3.96,4.13,4.34,4.9,4.92
20260422,3.68,3.7,3.69,3.72,3.69,3.79,3.81,3.91,4.1,4.3,4.87,4.9
20260421,3.67,3.71,3.69,3.73,3.69,3.78,3.8,3.91,4.09,4.3,4.87,4.89
20260420,3.69,3.72,3.71,3.72,3.65,3.72,3.73,3.86,4.04,4.26,4.85,4.88
20260417,3.69,3.73,3.7,3.69,3.64,3.71,3.72,3.84,4.04,4.26,4.85,4.88
20260416,3.69,3.73,3.7,3.71,3.69,3.78,3.8,3.91,4.1,4.32,4.9,4.93
20260415,3.72,3.74,3.71,3.72,3.7,3.76,3.79,3.9,4.08,4.29,4.87,4.89
20260414,3.71,3.72,3.71,3.73,3.71,3.76,3.76,3.87,4.06,4.26,4.84,4.87
20260413,3.69,3.71,3.71,3.74,3.7,3.78,3.79,3.92,4.1,4.3,4.88,4.9
20260410,3.67,3.7,3.69,3.72,3.7,3.81,3.8,3.94,4.12,4.31,4.89,4.91
20260409,3.66,3.69,3.68,3.71,3.68,3.78,3.77,3.91,4.1,4.29,4.88,4.9
20260408,3.67,3.71,3.69,3.73,3.69,3.79,3.78,3.92,4.1,4.29,4.87,4.89
20260407,3.68,3.72,3.71,3.73,3.68,3.81,3.82,3.95,4.13,4.33,4.9,4.9
20260406,3.72,3.74,3.72,3.74,3.72,3.84,3.88,3.98,4.16,4.34,4.89,4.89
20260403,3.71,3.73,3.71,3.73,3.72,3.84,3.88,3.99,4.17,4.35,4.91,4.91
20260402,3.72,3.73,3.7,3.72,3.68,3.79,3.82,3.94,4.12,4.31,4.88,4.88
20260401,3.74,3.71,3.7,3.72,3.68,3.81,3.84,3.97,4.15,4.33,4.91,4.91
20260331,3.74,3.72,3.7,3.72,3.68,3.79,3.81,3.92,4.11,4.3,4.88,4.88
20260330,3.74,3.71,3.71,3.73,3.71,3.82,3.85,3.97,4.16,4.35,4.92,4.91
20260327,3.74,3.72,3.73,3.75,3.77,3.88,3.94,4.06,4.25,4.44,4.99,4.98
20260326,3.74,3.73,3.73,3.77,3.83,3.96,4.0,4.08,4.25,4.42,4.96,4.93
20260325,3.73,3.72,3.73,3.76,3.77,3.84,3.88,3.96,4.15,4.33,4.9,4.89
20260324,3.74,3.72,3.74,3.78,3.81,3.9,3.93,4.03,4.21,4.39,4.95,4.94
20260323,3.73,3.72,3.74,3.77,3.76,3.83,3.85,3.95,4.15,4.34,4.93,4.91
20260320,3.73,3.72,3.74,3.79,3.8,3.88,3.9,4.01,4.2,4.39,4.97,4.96
20260319,3.73,3.72,3.73,3.76,3.73,3.79,3.79,3.88,4.06,4.25,4.82,4.83
20260318,3.73,3.72,3.73,3.74,3.68,3.76,3.76,3.87,4.05,4.26,4.84,4.88
20260317,3.74,3.72,3.72,3.71,3.63,3.68,3.68,3.79,3.98,4.2,4.81,4.85
20260316,3.75,3.72,3.72,3.72,3.64,3.68,3.69,3.8,4.0,4.23,4.83,4.86
20260313,3.75,3.71,3.72,3.7,3.66,3.73,3.74,3.87,4.07,4.28,4.89,4.9
20260312,3.76,3.72,3.72,3.7,3.66,3.76,3.75,3.88,4.06,4.27,4.86,4.88
20260311,3.75,3.7,3.71,3.68,3.6,3.64,3.64,3.79,3.98,4.21,4.82,4.86
20260310,3.75,3.71,3.71,3.68,3.56,3.57,3.58,3.73,3.93,4.15,4.74,4.78
20260309,3.75,3.72,3.71,3.68,3.56,3.56,3.58,3.71,3.9,4.12,4.7,4.72
20260306,3.75,3.72,3.69,3.66,3.55,3.56,3.59,3.72,3.93,4.15,4.74,4.77
20260305,3.75,3.72,3.7,3.68,3.59,3.57,3.59,3.72,3.92,4.13,4.71,4.74
20260304,3.75,3.75,3.71,3.68,3.58,3.54,3.55,3.67,3.87,4.09,4.67,4.72
20260303,3.75,3.74,3.71,3.68,3.55,3.51,3.5,3.63,3.83,4.06,4.65,4.7
20260302,3.74,3.74,3.72,3.68,3.54,3.47,3.49,3.62,3.82,4.05,4.64,4.7
20260227,3.74,3.73,3.67,3.6,3.48,3.38,3.39,3.51,3.72,3.97,4.57,4.64
20260226,3.74,3.75,3.68,3.61,3.52,3.42,3.46,3.57,3.78,4.02,4.6,4.67
20260225,3.71,3.73,3.69,3.62,3.53,3.45,3.49,3.61,3.82,4.05,4.63,4.7
20260224,3.72,3.73,3.69,3.62,3.52,3.43,3.47,3.61,3.81,4.04,4.63,4.7
20260223,3.72,3.74,3.69,3.62,3.5,3.43,3.45,3.59,3.79,4.03,4.63,4.7
20260220,3.72,3.74,3.69,3.61,3.51,3.48,3.5,3.65,3.85,4.08,4.66,4.72
20260219,3.72,3.75,3.69,3.6,3.5,3.47,3.5,3.65,3.85,4.08,4.64,4.7
20260218,3.71,3.73,3.7,3.6,3.49,3.47,3.5,3.66,3.86,4.09,4.65,4.71
20260217,3.72,3.73,3.69,3.59,3.48,3.43,3.47,3.63,3.82,4.05,4.63,4.68
20260213,3.72,3.73,3.68,3.59,3.42,3.4,3.43,3.61,3.81,4.04,4.64,4.69
20260212,3.72,3.74,3.7,3.58,3.45,3.47,3.49,3.67,3.87,4.09,4.68,4.72
20260211,3.71,3.73,3.7,3.6,3.47,3.52,3.55,3.75,3.96,4.18,4.76,4.82
20260210,3.72,3.74,3.69,3.58,3.4,3.45,3.5,3.7,3.92,4.16,4.73,4.78
20260209,3.72,3.73,3.69,3.59,3.43,3.48,3.56,3.75,3.97,4.22,4.79,4.85
20260206,3.72,3.74,3.68,3.59,3.45,3.5,3.57,3.76,3.98,4.22,4.8,4.85
20260205,3.72,3.74,3.67,3.58,3.44,3.47,3.55,3.74,3.97,4.21,4.79,4.85
20260204,3.72,3.74,3.69,3.62,3.49,3.57,3.64,3.83,4.05,4.29,4.86,4.91
20260203,3.72,3.74,3.69,3.62,3.49,3.57,3.64,3.83,4.04,4.28,4.85,4.9
20260202,3.72,3.74,3.69,3.62,3.49,3.57,3.64,3.83,4.05,4.29,4.85,4.9
20260130,3.72,3.75,3.67,3.61,3.48,3.52,3.6,3.79,4.01,4.26,4.82,4.87
20260129,3.72,3.75,3.67,3.62,3.5,3.53,3.63,3.8,4.01,4.24,4.8,4.85
20260128,3.76,3.71,3.68,3.63,3.52,3.56,3.66,3.83,4.05,4.26,4.81,4.85
20260127,3.77,3.7,3.67,3.61,3.5,3.53,3.65,3.81,4.03,4.24,4.79,4.83
20260126,3.77,3.7,3.67,3.62,3.52,3.56,3.66,3.82,4.02,4.22,4.75,4.8
20260123,3.78,3.72,3.7,3.61,3.53,3.6,3.67,3.84,4.03,4.24,4.78,4.82
20260122,3.79,3.72,3.71,3.61,3.53,3.61,3.68,3.85,4.05,4.26,4.79,4.84
20260121,3.75,3.7,3.7,3.62,3.53,3.6,3.66,3.83,4.04,4.26,4.82,4.87
20260120,3.75,3.69,3.7,3.61,3.53,3.6,3.68,3.86,4.08,4.3,4.87,4.91
20260116,3.75,3.68,3.67,3.6,3.55,3.59,3.67,3.82,4.02,4.24,4.79,4.83
20260115,3.75,3.69,3.68,3.6,3.54,3.56,3.62,3.77,3.96,4.17,4.74,4.79
20260114,3.72,3.66,3.67,3.58,3.5,3.51,3.56,3.72,3.92,4.15,4.73,4.79
20260113,3.72,3.66,3.67,3.59,3.51,3.53,3.57,3.75,3.95,4.18,4.77,4.83
20260112,3.71,3.64,3.67,3.58,3.53,3.54,3.59,3.77,3.97,4.19,4.78,4.83
20260109,3.7,3.63,3.62,3.57,3.52,3.54,3.59,3.75,3.95,4.18,4.76,4.82
20260108,3.7,3.63,3.62,3.56,3.48,3.49,3.56,3.74,3.95,4.19,4.79,4.85
20260107,3.7,3.6,3.62,3.56,3.48,3.47,3.53,3.7,3.91,4.15,4.76,4.82
20260106,3.7,3.61,3.63,3.56,3.48,3.47,3.54,3.72,3.93,4.18,4.8,4.86
20260105,3.71,3.64,3.64,3.57,3.47,3.46,3.53,3.71,3.92,4.17,4.79,4.85
20260102,3.72,3.66,3.65,3.58,3.47,3.47,3.55,3.74,3.95,4.19,4.81,4.86
